Match_ID,Season,Match_Date,Home_Team,Away_Team,Venue_City,Home_Formation,Away_Formation,Home_Indian_Player_Rating_Avg,Home_Foreign_Player_Rating_Avg,Away_Indian_Player_Rating_Avg,Away_Foreign_Player_Rating_Avg,Home_Squad_Market_Value_Cr,Home_Foreign_Player_Market_Value_Cr,Away_Squad_Market_Value_Cr,Away_Foreign_Player_Market_Value_Cr,Home_Foreign_Clearances_Tackles,Home_Indian_Clearances_Tackles,Away_Foreign_Clearances_Tackles,Away_Indian_Clearances_Tackles,Home_Foreign_Big_Chances_Created,Home_Indian_Big_Chances_Created,Away_Foreign_Big_Chances_Created,Away_Indian_Big_Chances_Created,Home_Foreign_Big_Chances_Missed,Home_Indian_Big_Chances_Missed,Away_Foreign_Big_Chances_Missed,Away_Indian_Big_Chances_Missed,Home_Foreign_Interception_Rate,Home_Indian_Interception_Rate,Away_Foreign_Interception_Rate,Away_Indian_Interception_Rate,Home_Injury_Count,Away_Injury_Count,Weather_Condition,Pitch_Condition,Match_Condition,Home_Fatigue_Index,Away_Fatigue_Index,Home_Team_Chemistry_Score,Away_Team_Chemistry_Score,H2H_Home_Wins_Last5,H2H_Away_Wins_Last5,Referee_Strictness_Index,Home_Recent_Form_Pts,Away_Recent_Form_Pts,Home_Set_Piece_Conversion_Pct,Away_Set_Piece_Conversion_Pct,Key_Player_Missing_Side,Home_Foreign_Player_Ratio,Away_Foreign_Player_Ratio,Market_Value_Difference,Market_Value_Ratio,Foreign_Market_Value_Difference,Indian_Market_Value_Difference,Indian_Rating_Difference,Foreign_Rating_Difference,Overall_Rating_Difference,Fatigue_Difference,Chemistry_Difference,Form_Difference,H2H_Wins_Difference,Set_Piece_Conversion_Diff,Foreign_Player_Ratio_Diff,Injury_Count_Diff,Clearance_Tackle_Foreign_Diff,Clearance_Tackle_Indian_Diff,Big_Chance_Created_Foreign_Diff,Big_Chance_Created_Indian_Diff,Big_Chance_Missed_Foreign_Diff,Big_Chance_Missed_Indian_Diff,Interception_Rate_Foreign_Diff,Interception_Rate_Indian_Diff,Home_Historical_Win_Rate,Away_Historical_Win_Rate,Historical_Win_Rate_Diff,Home_Venue_Win_Rate,Away_Venue_Win_Rate,Home_Rolling_Goal_Diff,Away_Rolling_Goal_Diff,Rolling_Goal_Diff_Differential,H2H_Prior_Home_Win_Rate,H2H_Prior_Draw_Rate,H2H_Prior_Away_Win_Rate,Home_Days_Rest,Away_Days_Rest,Days_Rest_Diff,Match_Result
ISL00001,2015-16,2015-10-02,ATK Mohun Bagan,Kerala Blasters,Kolkata,4-4-2,3-5-2,6.72,7.49,7.71,6.96,42.2,19.8,64.0,44.4,8,11,9,11,5,2,3,1,5,2,4,2,36.9,43.7,34.5,35.6,0,2,Overcast,Good,Night,1.8,1.8,7.92,7.29,0,0,4.9,0,0,12.3,20.3,,0.33,0.36,-21.799999999999997,0.6593748969726724,-24.599999999999998,2.8000000000000007,-0.9900000000000002,0.5300000000000002,-0.22999999999999954,0.0,0.6299999999999999,0,0,-8.0,-0.02999999999999997,-2,-1,0,2,1,1,0,2.3999999999999986,8.100000000000001,0.35,0.35,0.0,0.4,0.3,0.0,0.0,0.0,0.4,0.28,0.32,7,7,0,Draw
ISL00002,2015-16,2015-10-07,Kerala Blasters,FC Goa,Kochi,3-4-3,3-5-2,6.48,6.29,6.27,6.42,46.6,30.1,52.0,23.6,11,15,8,11,0,2,2,1,0,4,3,1,27.4,31.7,16.9,20.2,2,1,Humid,Good,Night,8.6,6.2,8.07,6.42,0,0,3.8,1,0,13.1,23.2,,0.43,0.48,-5.399999999999999,0.8961536738166012,6.5,-11.899999999999999,0.21000000000000085,-0.1299999999999999,0.040000000000000036,2.3999999999999995,1.6500000000000004,1,0,-10.1,-0.04999999999999999,1,3,4,-2,1,-3,3,10.5,11.5,0.0,0.35,-0.35,0.4,0.3,0.0,0.0,0.0,0.4,0.28,0.32,5,7,-2,Away_Win
ISL00003,2015-16,2015-10-07,Odisha FC,East Bengal FC,Bhubaneswar,4-2-3-1,4-3-3,6.62,5.51,7.01,6.86,41.5,23.2,50.4,23.3,4,9,13,17,0,2,0,0,1,2,0,0,42.7,47.0,43.7,20.0,1,1,Rainy,Good,Night,9.7,9.6,6.8,6.98,0,0,3.7,0,0,12.1,5.9,,0.42,0.4,-8.899999999999999,0.8234125350371954,-0.10000000000000142,-8.799999999999997,-0.3899999999999997,-1.3500000000000005,-0.870000000000001,0.09999999999999964,-0.1800000000000006,0,0,6.199999999999999,0.019999999999999962,0,-9,-8,0,2,1,2,-1.0,27.0,0.35,0.35,0.0,0.4,0.3,0.0,0.0,0.0,0.4,0.28,0.32,7,7,0,Away_Win
ISL00004,2015-16,2015-10-08,Punjab FC,Jamshedpur FC,Mohali,5-3-2,3-5-2,6.61,7.59,6.06,7.24,60.7,38.3,25.7,14.7,11,16,9,18,1,1,2,1,2,3,2,1,29.6,50.3,18.7,53.5,0,3,Overcast,Average,Night,3.5,7.3,7.22,7.74,0,0,1.8,0,0,9.0,27.5,Away,0.42,0.3,35.0,2.3618667852658426,23.599999999999998,11.400000000000006,0.5500000000000007,0.34999999999999964,0.4499999999999993,-3.8,-0.5200000000000005,0,0,-18.5,0.12,-3,2,-2,-1,0,0,2,10.900000000000002,-3.200000000000003,0.35,0.35,0.0,0.4,0.3,0.0,0.0,0.0,0.4,0.28,0.32,7,7,0,Away_Win
ISL00005,2015-16,2015-10-09,Odisha FC,NorthEast United FC,Bhubaneswar,4-3-3,4-3-3,7.23,7.38,6.76,6.59,26.8,18.6,39.6,23.6,13,15,6,19,2,0,2,1,2,1,2,1,47.4,31.1,38.3,22.9,0,3,Overcast,Good,Night,1.0,6.2,8.03,8.27,0,0,7.7,0,0,22.4,22.6,,0.37,0.36,-12.8,0.6767675058667914,-5.0,-7.800000000000001,0.47000000000000064,0.79,0.6299999999999999,-5.2,-0.2400000000000002,0,0,-0.20000000000000284,0.010000000000000009,-3,7,-4,0,-1,0,0,9.100000000000001,8.200000000000003,0.0,0.35,-0.35,0.0,0.3,-2.0,0.0,-2.0,0.4,0.28,0.32,2,7,-5,Home_Win
ISL00006,2015-16,2015-10-12,ATK Mohun Bagan,Mumbai City FC,Kolkata,4-3-3,3-4-3,7.32,6.38,6.6,6.82,37.2,21.7,66.2,29.9,7,14,9,15,4,0,1,3,5,0,1,4,35.7,23.3,52.4,53.6,1,3,Humid,Good,Night,4.2,2.5,7.49,8.52,0,0,1.1,1,0,7.9,6.2,Home,0.31,0.47,-29.0,0.5619334498589955,-8.2,-20.8,0.7200000000000006,-0.4400000000000004,0.13999999999999968,1.7000000000000002,-1.0299999999999994,1,0,1.7000000000000002,-0.15999999999999998,-2,-2,-1,3,-3,4,-4,-16.699999999999996,-30.3,0.0,0.35,-0.35,0.0,0.3,0.0,0.0,0.0,0.4,0.28,0.32,10,7,3,Home_Win
ISL00007,2015-16,2015-10-12,Odisha FC,FC Goa,Bhubaneswar,4-4-2,4-2-3-1,6.92,7.63,6.52,6.73,40.7,23.4,56.4,28.0,12,8,16,10,1,1,2,0,1,1,3,0,27.5,51.9,23.8,51.3,3,0,Overcast,Good,Night,7.5,8.1,8.74,6.97,0,0,4.3,3,3,24.4,13.5,,0.49,0.47,-15.699999999999996,0.7216310777249862,-4.600000000000001,-11.099999999999994,0.40000000000000036,0.8999999999999995,0.6500000000000004,-0.5999999999999996,1.7700000000000005,0,0,10.899999999999999,0.020000000000000018,3,-4,-2,-1,1,-2,1,3.6999999999999993,0.6000000000000014,0.5,1.0,-0.5,0.5,1.0,0.0,1.0,-1.0,0.4,0.28,0.32,3,5,-2,Draw
ISL00008,2015-16,2015-10-18,Hyderabad FC,Jamshedpur FC,Hyderabad,3-5-2,5-3-2,7.32,7.79,6.51,6.7,61.3,28.7,20.6,9.7,14,14,8,12,1,0,3,1,2,0,4,2,44.6,19.2,37.0,52.3,1,1,Clear,Good,Night,4.7,0.6,8.88,8.53,0,0,6.3,0,3,29.1,14.4,,0.36,0.47,40.699999999999996,2.975726710812276,19.0,21.699999999999992,0.8100000000000005,1.0899999999999999,0.9499999999999993,4.1000000000000005,0.3500000000000014,-3,0,14.700000000000001,-0.10999999999999999,0,6,2,-2,-1,-2,-2,7.600000000000001,-33.099999999999994,0.35,1.0,-0.65,0.4,1.0,0.0,1.0,-1.0,0.4,0.28,0.32,7,10,-3,Home_Win
ISL00009,2015-16,2015-10-19,Mumbai City FC,East Bengal FC,Mumbai,5-3-2,3-5-2,6.14,7.3,6.75,7.27,48.3,25.0,15.6,8.0,4,8,8,11,1,1,3,0,2,4,4,0,39.9,21.7,22.7,23.6,0,0,Rainy,Poor,Day,8.6,8.1,5.92,8.82,0,0,9.5,0,3,26.2,11.2,,0.39,0.33,32.699999999999996,3.0961518614411143,17.0,15.699999999999998,-0.6100000000000003,0.03000000000000025,-0.29000000000000004,0.5,-2.9000000000000004,-3,0,15.0,0.06,0,-4,-3,-2,1,-2,4,17.2,-1.9000000000000021,0.0,1.0,-1.0,0.4,1.0,-1.0,2.0,-3.0,0.4,0.28,0.32,7,12,-5,Draw
ISL00010,2015-16,2015-10-21,Odisha FC,Bengaluru FC,Bhubaneswar,4-2-3-1,4-4-2,5.94,7.03,6.75,6.44,50.9,29.3,54.0,26.8,11,7,10,11,0,1,4,1,1,1,5,2,25.2,35.6,44.9,54.2,2,0,Rainy,Average,Night,0.4,1.7,6.65,6.02,0,0,1.8,4,0,8.0,16.5,Both,0.34,0.37,-3.1000000000000014,0.9425924180384411,2.5,-5.600000000000001,-0.8099999999999996,0.5899999999999999,-0.11000000000000032,-1.2999999999999998,0.6300000000000008,4,0,-8.5,-0.02999999999999997,2,1,-4,-4,0,-4,-1,-19.7,-18.6,0.3333,0.35,-0.016699999999999993,0.3333,0.3,0.0,0.0,0.0,0.4,0.28,0.32,9,7,2,Draw
ISL00011,2015-16,2015-10-21,Bengaluru FC,Jamshedpur FC,Bengaluru,4-4-2,3-4-3,7.35,7.73,7.19,6.58,45.0,27.9,73.5,35.4,8,9,10,18,1,4,0,1,1,5,0,1,19.6,21.3,16.1,54.9,2,0,Rainy,Average,Night,3.6,6.5,8.22,4.7,0,0,9.9,1,3,20.1,10.9,Away,0.32,0.33,-28.5,0.6122448146605695,-7.5,-21.0,0.15999999999999925,1.1500000000000004,0.6550000000000002,-2.9,3.5200000000000005,-2,0,9.200000000000001,-0.010000000000000009,2,-2,-9,1,3,1,4,3.5,-33.599999999999994,0.0,0.5,-0.5,0.4,0.5,0.0,0.0,0.0,0.4,0.28,0.32,1,3,-2,Home_Win
ISL00012,2015-16,2015-10-23,Jamshedpur FC,FC Goa,Jamshedpur,4-3-3,4-3-3,6.56,6.74,7.26,7.76,54.3,35.3,36.3,17.5,6,7,4,16,2,2,1,2,3,2,2,4,49.2,50.5,38.4,19.6,1,3,Rainy,Good,Night,7.3,9.4,9.92,7.59,0,0,8.6,3,4,8.5,24.9,Home,0.34,0.33,18.0,1.49586735651037,17.799999999999997,0.20000000000000284,-0.7000000000000002,-1.0199999999999996,-0.8599999999999994,-2.1000000000000005,2.33,-1,0,-16.4,0.010000000000000009,-2,2,-9,1,0,1,-2,10.800000000000004,30.9,0.3333,0.5,-0.16670000000000001,0.4,0.5,-0.33,0.5,-0.8300000000000001,0.4,0.28,0.32,2,11,-9,Away_Win
ISL00013,2015-16,2015-10-24,Jamshedpur FC,Punjab FC,Jamshedpur,4-4-2,5-3-2,6.53,6.84,6.47,7.68,56.7,30.9,61.6,33.4,8,16,9,19,0,0,1,1,0,1,1,3,35.0,18.0,50.2,34.1,1,1,Rainy,Average,Night,9.1,5.8,8.21,5.93,1,0,9.5,3,0,8.8,19.7,,0.4,0.42,-4.899999999999999,0.9204543960301305,-2.5,-2.3999999999999986,0.0600000000000005,-0.8399999999999999,-0.3899999999999988,3.3,2.280000000000001,3,1,-10.899999999999999,-0.019999999999999962,0,-1,-3,-1,-1,-1,-2,-15.200000000000003,-16.1,0.25,0.0,0.25,0.0,0.3,-0.75,-1.0,0.25,1.0,0.0,0.0,1,16,-15,Away_Win
ISL00014,2015-16,2015-10-24,Mumbai City FC,NorthEast United FC,Mumbai,3-5-2,4-3-3,6.01,7.58,6.71,7.75,22.9,10.7,32.8,15.8,6,14,12,17,3,0,0,2,3,0,0,3,22.2,49.1,39.2,33.4,1,1,Clear,Average,Night,10.0,5.0,7.62,6.19,0,0,7.7,1,0,10.2,27.5,,0.34,0.34,-9.899999999999999,0.6981705188504516,-5.100000000000001,-4.799999999999997,-0.7000000000000002,-0.16999999999999993,-0.4350000000000005,5.0,1.4299999999999997,1,0,-17.3,0.0,0,-6,-3,3,-2,3,-3,-17.000000000000004,15.700000000000003,0.0,0.0,0.0,0.0,0.0,-0.5,-2.0,1.5,0.4,0.28,0.32,5,15,-10,Away_Win
ISL00015,2015-16,2015-10-25,FC Goa,Mumbai City FC,Goa,4-4-2,3-4-3,6.17,6.89,6.66,7.59,33.7,17.6,47.8,30.8,7,11,14,17,3,1,2,0,4,2,3,0,34.3,38.3,53.7,25.4,1,0,Overcast,Good,Night,2.9,9.0,7.3,7.39,0,0,4.8,7,1,27.3,25.4,Home,0.37,0.35,-14.099999999999994,0.7050207730082065,-13.2,-0.899999999999995,-0.4900000000000002,-0.7000000000000002,-0.5950000000000006,-6.1,-0.08999999999999986,6,0,1.9000000000000021,0.020000000000000018,1,-7,-6,1,1,1,2,-19.400000000000006,12.899999999999999,0.6667,0.0,0.6667,0.4,0.0,1.0,-0.67,1.67,0.4,0.28,0.32,2,1,1,Draw
ISL00016,2015-16,2015-10-26,Jamshedpur FC,Bengaluru FC,Jamshedpur,4-3-3,3-4-3,7.74,6.5,7.11,7.01,54.7,37.1,49.6,27.3,8,10,12,7,2,1,4,0,2,1,6,3,27.1,35.4,54.6,27.5,0,0,Overcast,Average,Night,7.4,0.8,4.16,5.28,0,1,4.5,3,4,12.2,13.9,Both,0.44,0.36,5.100000000000001,1.1028223583019439,9.8,-4.699999999999999,0.6299999999999999,-0.5099999999999998,0.05999999999999961,6.6000000000000005,-1.12,-1,-1,-1.700000000000001,0.08000000000000002,0,-4,3,-2,1,-4,-2,-27.5,7.899999999999999,0.2,0.5,-0.3,0.0,0.0,-1.8,0.5,-2.3,0.0,0.0,1.0,2,5,-3,Draw
ISL00017,2015-16,2015-10-27,Bengaluru FC,Chennaiyin FC,Bengaluru,5-3-2,5-3-2,6.88,7.37,6.67,7.78,44.0,22.1,39.4,18.9,8,15,10,18,2,0,0,3,6,0,1,4,19.0,46.7,29.5,39.7,1,1,Overcast,Good,Night,1.2,0.8,8.06,5.75,0,0,7.5,5,0,6.6,12.9,Both,0.41,0.46,4.600000000000001,1.1167509855961966,3.200000000000003,1.3999999999999986,0.20999999999999996,-0.41000000000000014,-0.09999999999999964,0.3999999999999999,2.3100000000000005,5,0,-6.300000000000001,-0.050000000000000044,0,-2,-3,2,-3,5,-4,-10.5,7.0,0.3333,0.35,-0.016699999999999993,1.0,0.3,0.33,0.0,0.33,0.4,0.28,0.32,1,7,-6,Home_Win
ISL00018,2015-16,2015-10-27,Jamshedpur FC,Kerala Blasters,Jamshedpur,3-4-3,3-5-2,6.3,8.49,6.4,7.8,64.5,36.3,26.2,16.1,8,15,6,5,1,0,2,1,1,1,2,3,17.8,20.1,46.0,32.7,0,0,Overcast,Good,Night,1.9,7.8,7.09,6.4,0,0,9.7,1,1,27.1,28.2,Both,0.5,0.33,38.3,2.4618311214385034,20.199999999999996,18.100000000000005,-0.10000000000000053,0.6900000000000004,0.29499999999999993,-5.9,0.6899999999999995,0,0,-1.0999999999999979,0.16999999999999998,0,2,10,-1,-1,-1,-2,-28.2,-12.600000000000001,0.1667,0.0,0.1667,0.0,0.0,-1.5,-0.5,-1.0,0.4,0.28,0.32,1,20,-19,Home_Win
ISL00019,2015-16,2015-10-29,East Bengal FC,NorthEast United FC,Kolkata,4-2-3-1,5-3-2,6.58,7.45,7.47,7.59,51.1,34.9,57.8,37.4,6,14,7,12,3,1,1,2,3,2,1,3,22.9,23.5,50.4,54.3,2,2,Overcast,Good,Day,8.3,1.3,8.4,8.45,0,0,2.4,4,3,25.4,25.8,,0.4,0.3,-6.699999999999996,0.8840828920271814,-2.5,-4.199999999999996,-0.8899999999999997,-0.13999999999999968,-0.5149999999999988,7.000000000000001,-0.049999999999998934,1,0,-0.40000000000000213,0.10000000000000003,0,-1,2,2,-1,2,-1,-27.5,-30.799999999999997,0.5,0.5,0.0,0.4,0.5,1.0,-0.5,1.5,0.4,0.28,0.32,10,5,5,Away_Win
ISL00020,2015-16,2015-11-01,Kerala Blasters,Mumbai City FC,Kochi,3-5-2,4-4-2,7.45,6.08,6.56,6.36,42.9,19.6,52.8,28.5,11,14,13,8,3,1,3,0,4,1,3,0,38.6,38.3,52.6,54.7,0,0,Humid,Good,Day,6.8,6.5,8.18,6.73,0,0,9.5,1,2,15.5,21.0,,0.38,0.35,-9.899999999999999,0.8124998461174534,-8.899999999999999,-1.0,0.8900000000000006,-0.28000000000000025,0.3050000000000006,0.2999999999999998,1.4499999999999993,-1,0,-5.5,0.030000000000000027,0,-2,6,0,1,1,1,-14.0,-16.400000000000006,0.0,0.0,0.0,0.0,0.0,-1.0,-0.5,-0.5,0.4,0.28,0.32,5,7,-2,Home_Win
ISL00021,2015-16,2015-11-05,ATK Mohun Bagan,Mumbai City FC,Kolkata,3-4-3,3-4-3,6.5,7.71,6.14,7.32,50.7,30.4,44.7,20.2,11,6,12,10,2,0,2,2,4,1,2,2,22.5,28.9,35.8,29.9,0,0,Clear,Average,Night,9.9,1.4,6.31,9.88,1,0,7.3,4,2,19.0,5.2,,0.37,0.4,6.0,1.134227934177196,10.2,-4.199999999999999,0.3600000000000003,0.3899999999999997,0.375,8.5,-3.570000000000001,2,1,13.8,-0.030000000000000027,0,-1,-4,0,-2,2,-1,-13.299999999999997,-1.0,0.5,0.0,0.5,0.5,0.0,0.5,-1.0,1.5,1.0,0.0,0.0,24,4,20,Away_Win
ISL00022,2015-16,2015-11-09,ATK Mohun Bagan,NorthEast United FC,Kolkata,4-4-2,5-3-2,6.48,7.47,7.48,8.88,43.8,30.1,33.8,20.7,11,17,10,7,0,1,1,5,0,2,2,5,17.8,43.7,46.6,51.2,3,1,Humid,Average,Day,0.3,2.6,7.9,8.31,0,0,7.5,4,6,23.6,15.6,,0.37,0.37,10.0,1.2958576047758565,9.400000000000002,0.5999999999999979,-1.0,-1.410000000000001,-1.205,-2.3000000000000003,-0.41000000000000014,-2,0,8.000000000000002,0.0,2,1,10,-1,-4,-2,-3,-28.8,-7.5,0.3333,0.6667,-0.3334,0.3333,0.6667,0.0,0.0,0.0,0.4,0.28,0.32,4,11,-7,Away_Win
ISL00023,2015-16,2015-11-10,Hyderabad FC,Kerala Blasters,Hyderabad,5-3-2,4-3-3,6.5,6.17,6.54,8.0,55.2,28.0,40.8,26.1,6,16,11,8,1,0,3,0,1,0,5,1,18.4,32.7,21.4,23.3,0,2,Overcast,Good,Night,8.4,8.1,6.58,8.24,0,0,2.9,3,4,7.8,11.7,,0.31,0.41,14.400000000000006,1.35294084486744,1.8999999999999986,12.500000000000007,-0.040000000000000036,-1.83,-0.9349999999999996,0.3000000000000007,-1.6600000000000001,-1,0,-3.8999999999999995,-0.09999999999999998,-2,-5,8,-2,0,-4,-1,-3.0,9.400000000000002,1.0,0.25,0.75,1.0,0.0,1.0,0.0,1.0,0.4,0.28,0.32,23,9,14,Home_Win
ISL00024,2015-16,2015-11-11,Hyderabad FC,Odisha FC,Hyderabad,4-3-3,4-4-2,7.02,8.54,6.77,7.22,57.6,33.8,58.3,39.2,6,10,6,13,1,1,0,0,3,1,1,0,27.8,31.2,49.7,51.8,0,1,Clear,Good,Night,6.5,1.1,8.42,8.21,0,0,8.0,6,5,19.2,23.5,,0.48,0.38,-0.6999999999999957,0.9879929694694736,-5.400000000000006,4.70000000000001,0.25,1.3199999999999994,0.7850000000000001,5.4,0.20999999999999908,1,0,-4.300000000000001,0.09999999999999998,-1,0,-3,1,1,2,1,-21.900000000000002,-20.599999999999998,1.0,0.25,0.75,1.0,0.3,1.0,0.0,1.0,0.4,0.28,0.32,1,21,-20,Draw
ISL00025,2015-16,2015-11-11,NorthEast United FC,Odisha FC,Guwahati,4-2-3-1,4-2-3-1,6.97,7.16,6.76,6.65,41.6,28.2,24.7,15.5,7,7,8,14,1,0,2,0,2,3,2,0,49.3,29.5,41.1,20.0,0,1,Clear,Good,Day,5.4,3.1,6.88,8.82,0,1,3.5,9,6,15.3,8.0,,0.34,0.44,16.900000000000002,1.6842098444494558,12.7,4.200000000000003,0.20999999999999996,0.5099999999999998,0.35999999999999943,2.3000000000000003,-1.9400000000000004,3,-1,7.300000000000001,-0.09999999999999998,-1,-1,-7,-1,0,0,3,8.199999999999996,9.5,0.75,0.2,0.55,0.4,0.0,0.25,0.0,0.25,0.0,0.0,1.0,2,1,1,Draw
ISL00026,2015-16,2015-11-13,East Bengal FC,Mumbai City FC,Kolkata,4-4-2,4-2-3-1,6.96,7.98,5.79,7.29,45.0,21.7,50.0,30.0,11,11,6,15,1,2,1,0,2,2,1,1,18.8,51.5,32.6,17.0,1,3,Rainy,Good,Day,1.0,7.2,6.07,5.05,0,0,1.7,4,5,7.1,27.4,Home,0.34,0.36,-5.0,0.899999820000036,-8.3,3.3000000000000007,1.17,0.6900000000000004,0.9300000000000006,-6.2,1.0200000000000005,-1,0,-20.299999999999997,-0.019999999999999962,-2,5,-4,0,2,1,1,-13.8,34.5,0.3333,0.1667,0.1666,0.0,0.25,0.33,-0.67,1.0,0.0,1.0,0.0,15,8,7,Home_Win
ISL00027,2015-16,2015-11-19,Mumbai City FC,Kerala Blasters,Mumbai,4-3-3,4-3-3,6.89,8.49,7.04,7.22,41.3,24.0,46.6,25.0,13,19,8,10,0,4,3,2,0,5,5,2,22.5,53.9,45.6,21.6,2,1,Overcast,Average,Day,3.6,0.9,6.82,7.1,0,1,3.7,4,4,14.9,16.2,,0.42,0.4,-5.300000000000004,0.8862659042347844,-1.0,-4.300000000000004,-0.15000000000000036,1.2700000000000005,0.5599999999999996,2.7,-0.27999999999999936,0,-1,-1.299999999999999,0.019999999999999962,1,5,9,-3,2,-5,3,-23.1,32.3,0.1429,0.2,-0.05710000000000001,0.0,0.0,-0.71,-0.2,-0.51,0.0,0.0,1.0,6,9,-3,Home_Win
ISL00028,2015-16,2015-11-20,Bengaluru FC,Chennaiyin FC,Bengaluru,4-2-3-1,4-3-3,7.16,8.02,7.53,6.97,62.9,40.1,46.8,23.9,7,11,10,7,5,3,2,1,5,4,3,1,45.1,44.5,49.1,44.5,1,0,Clear,Good,Night,1.2,3.0,6.6,7.36,1,0,1.6,8,0,17.7,29.9,,0.46,0.42,16.1,1.3440168068340157,16.200000000000003,-0.10000000000000142,-0.3700000000000001,1.0499999999999998,0.33999999999999986,-1.8,-0.7600000000000007,8,1,-12.2,0.040000000000000036,1,-3,4,3,2,2,3,-4.0,0.0,0.5,0.0,0.5,1.0,0.0,1.0,-3.0,4.0,1.0,0.0,0.0,24,24,0,Draw
ISL00029,2015-16,2015-11-23,Jamshedpur FC,Mumbai City FC,Jamshedpur,4-4-2,3-4-3,6.7,7.08,6.24,6.83,34.4,21.2,42.9,20.0,9,14,11,12,2,1,1,1,3,2,2,2,22.8,15.8,43.9,31.7,1,4,Clear,Good,Day,3.2,6.9,9.05,5.08,0,0,8.6,4,7,6.0,27.5,Both,0.39,0.43,-8.5,0.8018646149499732,1.1999999999999993,-9.7,0.45999999999999996,0.25,0.3550000000000004,-3.7,3.9700000000000006,-3,0,-21.5,-0.03999999999999998,-3,-2,2,1,0,1,0,-21.099999999999998,-15.899999999999999,0.2857,0.25,0.03570000000000001,0.25,0.2,-1.0,-0.25,-0.75,0.4,0.28,0.32,27,4,23,Home_Win
ISL00030,2015-16,2015-11-25,Kerala Blasters,Bengaluru FC,Kochi,4-2-3-1,4-2-3-1,6.5,7.27,6.24,7.49,59.7,33.8,38.0,24.9,9,17,10,14,1,1,1,0,1,1,1,0,34.4,31.3,16.9,39.8,2,3,Overcast,Good,Night,8.1,6.6,7.05,6.56,0,0,9.4,3,9,10.6,14.3,,0.39,0.39,21.700000000000003,1.571052218144153,8.899999999999999,12.800000000000004,0.2599999999999998,-0.22000000000000064,0.019999999999999574,1.5,0.4900000000000002,-6,0,-3.700000000000001,0.0,-1,-1,3,0,1,0,1,17.5,-8.499999999999996,0.1667,0.4,-0.23330000000000004,0.5,0.0,-0.67,0.8,-1.4700000000000002,0.4,0.28,0.32,6,5,1,Home_Win
ISL00031,2015-16,2015-11-25,Odisha FC,ATK Mohun Bagan,Bhubaneswar,4-3-3,4-2-3-1,6.55,7.26,5.96,7.53,62.4,31.3,38.8,22.9,6,14,8,11,2,1,1,2,3,1,1,3,42.5,51.5,29.3,37.1,2,1,Clear,Good,Night,7.5,2.0,5.67,6.85,0,0,3.9,7,4,8.7,12.6,Both,0.48,0.5,23.6,1.6082470081837608,8.400000000000002,15.2,0.5899999999999999,-0.27000000000000046,0.15999999999999925,5.5,-1.1799999999999997,3,0,-3.9000000000000004,-0.020000000000000018,1,-2,3,1,-1,2,-2,13.2,14.399999999999999,0.1667,0.25,-0.08330000000000001,0.25,0.3,0.0,-0.25,0.25,0.4,0.28,0.32,14,16,-2,Away_Win
ISL00032,2015-16,2015-11-26,Chennaiyin FC,Hyderabad FC,Chennai,3-5-2,4-2-3-1,6.73,8.01,7.18,6.49,67.2,38.5,59.7,31.2,8,17,13,20,1,1,3,0,1,2,5,0,34.1,52.7,18.7,29.1,0,2,Overcast,Average,Night,5.7,5.9,7.7,6.41,0,0,4.0,1,7,5.7,5.6,,0.47,0.35,7.5,1.1256279521561219,7.300000000000001,0.1999999999999993,-0.4499999999999993,1.5199999999999996,0.5350000000000001,-0.20000000000000018,1.29,-6,0,0.10000000000000053,0.12,-2,-5,-3,-2,1,-4,2,15.400000000000002,23.6,0.0,0.6667,-0.6667,0.4,0.3,-1.5,0.67,-2.17,0.4,0.28,0.32,6,15,-9,Draw
ISL00033,2015-16,2015-11-26,Chennaiyin FC,Kerala Blasters,Chennai,4-4-2,5-3-2,6.79,7.16,6.12,6.04,32.7,17.8,48.0,23.1,11,12,7,13,4,0,2,0,4,0,2,2,48.6,18.8,23.2,27.4,2,1,Clear,Average,Day,7.3,9.8,7.1,7.95,0,0,2.8,2,6,19.1,16.6,Home,0.49,0.42,-15.299999999999997,0.6812498580729462,-5.300000000000001,-9.999999999999996,0.6699999999999999,1.12,0.8949999999999996,-2.500000000000001,-0.8500000000000005,-4,0,2.5,0.07,1,4,-1,2,0,2,-2,25.400000000000002,-8.599999999999998,0.0,0.2857,-0.2857,0.0,0.0,-1.0,-0.29,-0.71,0.4,0.28,0.32,1,1,0,Home_Win
ISL00034,2015-16,2015-11-27,ATK Mohun Bagan,Punjab FC,Kolkata,5-3-2,4-2-3-1,7.77,7.29,6.65,6.92,26.2,14.9,55.6,29.0,12,15,13,8,1,4,0,2,1,4,1,5,24.1,50.0,43.5,19.6,1,0,Humid,Average,Day,6.6,8.2,6.91,8.57,0,0,9.7,7,3,10.1,18.1,,0.36,0.46,-29.400000000000002,0.471222936830407,-14.1,-15.300000000000002,1.1199999999999992,0.3700000000000001,0.7449999999999992,-1.5999999999999996,-1.6600000000000001,4,0,-8.000000000000002,-0.10000000000000003,1,-1,7,1,2,0,-1,-19.4,30.4,0.4,0.5,-0.09999999999999998,0.25,1.0,0.2,2.5,-2.3,0.4,0.28,0.32,2,30,-28,Home_Win
ISL00035,2015-16,2015-11-28,Jamshedpur FC,Mumbai City FC,Jamshedpur,4-3-3,4-4-2,6.73,5.83,6.44,7.88,44.7,24.2,33.0,21.1,15,10,9,10,2,0,2,2,2,2,2,2,45.1,44.3,25.3,26.8,2,0,Clear,Good,Night,1.4,3.5,6.39,8.94,1,0,6.9,7,6,20.5,13.8,,0.47,0.39,11.700000000000003,1.3545450440772593,3.099999999999998,8.600000000000005,0.29000000000000004,-2.05,-0.8799999999999999,-2.1,-2.55,1,1,6.699999999999999,0.07999999999999996,2,6,0,0,-2,0,0,19.8,17.499999999999996,0.375,0.2222,0.1528,0.4,0.1667,-0.5,-0.56,0.06000000000000005,1.0,0.0,0.0,5,5,0,Home_Win
ISL00036,2015-16,2015-11-29,Kerala Blasters,Odisha FC,Kochi,4-4-2,5-3-2,7.05,6.84,7.25,7.22,48.8,32.2,55.7,28.1,9,16,14,7,1,1,4,0,2,1,6,2,43.0,28.5,51.4,29.1,0,1,Humid,Poor,Night,7.0,5.4,6.37,6.73,0,0,1.1,6,4,16.7,12.5,,0.42,0.36,-6.900000000000006,0.8761219252922934,4.100000000000001,-11.000000000000007,-0.20000000000000018,-0.3799999999999999,-0.28999999999999915,1.5999999999999996,-0.3600000000000003,2,0,4.199999999999999,0.06,-1,-5,9,-3,1,-4,-1,-8.399999999999999,-0.6000000000000014,0.25,0.1429,0.1071,0.6667,0.0,-0.38,-0.29,-0.09000000000000002,0.4,0.28,0.32,3,4,-1,Home_Win
ISL00037,2015-16,2015-11-29,ATK Mohun Bagan,FC Goa,Kolkata,4-4-2,4-2-3-1,7.27,6.52,6.82,6.95,16.2,10.4,50.1,23.2,10,12,12,11,0,1,1,1,0,2,2,1,48.4,22.3,47.1,53.2,2,1,Rainy,Poor,Night,2.5,3.6,7.17,6.27,0,0,2.3,9,8,11.9,29.3,Away,0.37,0.4,-33.900000000000006,0.32335322887161094,-12.799999999999999,-21.1,0.4499999999999993,-0.4300000000000006,0.009999999999999787,-1.1,0.9000000000000004,1,0,-17.4,-0.030000000000000027,1,-2,1,-1,0,-2,1,1.2999999999999972,-30.900000000000002,0.5,0.5,0.0,0.4,0.6667,0.33,0.75,-0.42,0.4,0.28,0.32,2,30,-28,Away_Win
ISL00038,2015-16,2015-12-02,Kerala Blasters,East Bengal FC,Kochi,3-4-3,3-5-2,6.41,6.27,5.69,7.6,42.8,22.6,54.3,29.6,8,11,5,14,1,0,1,3,1,0,1,4,35.8,17.2,22.5,45.0,1,2,Humid,Good,Day,6.4,0.5,8.84,8.93,0,0,2.0,6,7,14.6,16.4,,0.37,0.32,-11.5,0.7882134828336127,-7.0,-4.5,0.7199999999999998,-1.33,-0.3049999999999997,5.9,-0.08999999999999986,-1,0,-1.799999999999999,0.04999999999999999,-1,3,-3,0,-3,0,-4,13.299999999999997,-27.8,0.3333,0.5,-0.16670000000000001,0.75,0.5,-0.22,0.5,-0.72,0.4,0.28,0.32,3,19,-16,Home_Win
ISL00039,2015-16,2015-12-02,Bengaluru FC,East Bengal FC,Bengaluru,3-4-3,3-5-2,6.35,6.53,6.14,6.94,62.2,36.9,51.3,27.4,7,7,9,14,3,0,1,1,3,0,3,1,42.9,34.5,41.1,26.3,3,1,Overcast,Good,Night,6.0,7.1,7.59,5.82,0,0,2.5,8,7,15.8,8.6,,0.48,0.37,10.900000000000006,1.2124753971782851,9.5,1.4000000000000057,0.20999999999999996,-0.41000000000000014,-0.10000000000000053,-1.0999999999999996,1.7699999999999996,1,0,7.200000000000001,0.10999999999999999,2,-2,-7,2,-1,0,-1,1.7999999999999972,8.2,0.3333,0.4,-0.06670000000000004,0.6667,0.3333,0.33,0.0,0.33,0.4,0.28,0.32,7,1,6,Draw
ISL00040,2015-16,2015-12-07,Mumbai City FC,ATK Mohun Bagan,Mumbai,4-2-3-1,5-3-2,6.62,7.52,6.6,7.8,49.4,25.6,43.7,27.3,8,14,11,11,0,2,1,3,0,3,1,6,20.1,18.0,34.3,26.7,1,1,Clear,Average,Night,5.5,5.4,7.54,7.77,1,1,5.0,6,6,12.6,11.5,,0.34,0.31,5.699999999999996,1.1304345239280265,-1.6999999999999993,7.399999999999995,0.020000000000000462,-0.28000000000000025,-0.129999999999999,0.09999999999999964,-0.22999999999999954,0,0,1.0999999999999996,0.030000000000000027,0,-3,3,-1,-1,-1,-3,-14.199999999999996,-8.7,0.2,0.4286,-0.22859999999999997,0.3333,1.0,-0.6,0.14,-0.74,0.5,0.0,0.5,9,8,1,Away_Win
ISL00041,2015-16,2015-12-08,Kerala Blasters,Jamshedpur FC,Kochi,3-5-2,4-3-3,8.68,7.73,6.93,7.07,48.4,27.3,51.3,30.2,5,18,9,5,1,2,5,4,1,3,5,5,34.4,30.9,51.9,44.8,2,0,Rainy,Good,Night,8.5,4.4,7.77,7.71,0,1,6.6,9,10,28.2,5.5,Away,0.4,0.44,-2.8999999999999986,0.9434696016628457,-2.8999999999999986,0.0,1.75,0.6600000000000001,1.205,4.1,0.05999999999999961,-1,-1,22.7,-0.03999999999999998,2,-4,13,-4,-2,-4,-2,-17.5,-13.899999999999999,0.4,0.4444,-0.044399999999999995,0.8,0.3333,0.0,-0.33,0.33,0.0,0.0,1.0,6,10,-4,Home_Win
ISL00042,2015-16,2015-12-09,Kerala Blasters,NorthEast United FC,Kochi,3-5-2,4-3-3,6.93,7.1,6.31,7.5,56.3,30.3,25.7,14.6,7,10,12,11,2,2,0,1,2,2,0,2,24.5,16.7,26.2,29.8,0,0,Overcast,Good,Night,8.0,9.3,6.08,8.0,0,0,3.9,12,10,16.9,10.7,Away,0.43,0.5,30.599999999999998,2.190660626202091,15.700000000000001,14.899999999999997,0.6200000000000001,-0.40000000000000036,0.11000000000000032,-1.3000000000000007,-1.92,2,0,6.199999999999999,-0.07,0,-5,-1,2,1,2,0,-1.6999999999999993,-13.100000000000001,0.4545,0.6,-0.14549999999999996,0.8333,0.75,0.1,0.2,-0.1,0.4,0.28,0.32,1,28,-27,Draw
ISL00043,2015-16,2015-12-10,Punjab FC,Chennaiyin FC,Mohali,5-3-2,3-4-3,6.28,6.71,6.62,6.29,35.2,21.6,39.3,27.3,5,13,8,17,1,2,2,0,1,2,2,0,24.2,51.2,49.7,33.1,3,2,Clear,Good,Day,6.9,4.9,8.05,8.88,0,0,7.3,3,5,5.1,9.2,,0.44,0.43,-4.099999999999994,0.8956740723475644,-5.699999999999999,1.600000000000005,-0.33999999999999986,0.41999999999999993,0.040000000000000036,2.0,-0.8300000000000001,-2,0,-4.1,0.010000000000000009,1,-3,-4,-1,2,-1,2,-25.500000000000004,18.1,0.3333,0.25,0.08329999999999999,0.0,0.0,1.33,-0.5,1.83,0.4,0.28,0.32,13,14,-1,Home_Win
ISL00044,2015-16,2015-12-11,Jamshedpur FC,Chennaiyin FC,Jamshedpur,3-4-3,4-4-2,6.49,6.96,6.2,5.56,42.7,23.2,74.0,48.9,10,13,10,12,1,1,0,3,2,1,0,5,50.1,46.0,27.7,15.9,0,2,Humid,Good,Day,6.8,3.1,7.94,7.86,0,0,5.7,10,5,29.4,8.1,,0.3,0.45,-31.299999999999997,0.5770269490504123,-25.7,-5.599999999999998,0.29000000000000004,1.4000000000000004,0.8449999999999998,3.6999999999999997,0.08000000000000007,5,0,21.299999999999997,-0.15000000000000002,-2,0,1,1,-2,2,-4,22.400000000000002,30.1,0.4,0.2,0.2,0.5,0.0,-0.4,-1.2,0.7999999999999999,0.4,0.28,0.32,3,1,2,Home_Win
ISL00045,2015-16,2015-12-11,Mumbai City FC,Jamshedpur FC,Mumbai,4-3-3,3-5-2,6.83,6.98,6.41,6.7,37.8,21.3,49.1,23.7,9,10,5,14,3,1,0,1,3,2,0,1,51.1,23.0,54.6,15.3,2,2,Rainy,Good,Night,6.7,2.6,5.81,7.77,0,2,3.6,3,12,16.7,27.3,,0.44,0.31,-11.300000000000004,0.7698572770148111,-2.3999999999999986,-8.900000000000006,0.41999999999999993,0.28000000000000025,0.35000000000000053,4.1,-1.96,-9,-2,-10.600000000000001,0.13,0,4,-4,3,0,3,1,-3.5,7.699999999999999,0.1818,0.4545,-0.27270000000000005,0.25,0.25,-0.6,-0.4,-0.19999999999999996,0.0,0.0,1.0,4,1,3,Draw
ISL00046,2015-16,2015-12-11,Punjab FC,NorthEast United FC,Mohali,4-3-3,3-4-3,6.4,7.36,6.81,6.72,50.9,32.1,66.7,34.2,7,14,2,10,3,2,1,1,4,2,1,2,30.6,26.9,37.8,36.0,0,2,Rainy,Good,Night,5.7,7.7,6.77,6.62,0,0,1.1,6,11,13.9,28.2,,0.35,0.43,-15.800000000000004,0.7631183263690664,-2.1000000000000014,-13.700000000000003,-0.40999999999999925,0.6400000000000006,0.1150000000000011,-2.0,0.14999999999999947,-5,0,-14.299999999999999,-0.08000000000000002,-2,5,4,2,1,3,0,-7.199999999999996,-9.100000000000001,0.5,0.5,0.0,0.5,0.6,2.0,0.17,1.83,0.4,0.28,0.32,1,2,-1,Draw
ISL00047,2015-16,2015-12-14,Chennaiyin FC,ATK Mohun Bagan,Chennai,4-4-2,3-4-3,6.69,6.18,7.99,7.43,76.6,42.4,35.3,19.6,10,8,5,17,0,1,2,2,1,1,4,4,41.6,24.5,38.8,47.4,2,2,Overcast,Average,Day,4.8,5.0,8.15,7.49,0,0,2.7,5,9,13.3,26.4,Away,0.34,0.31,41.3,2.169971056665423,22.799999999999997,18.5,-1.2999999999999998,-1.25,-1.2749999999999995,-0.20000000000000018,0.6600000000000001,-4,0,-13.099999999999998,0.030000000000000027,0,5,-9,-2,-1,-3,-3,2.8000000000000043,-22.9,0.1667,0.5,-0.33330000000000004,0.5,1.0,-1.17,0.25,-1.42,0.4,0.28,0.32,3,7,-4,Away_Win
ISL00048,2015-16,2015-12-15,ATK Mohun Bagan,Punjab FC,Kolkata,3-5-2,4-3-3,6.11,7.5,7.08,6.06,36.9,25.0,59.3,27.7,10,9,7,22,1,0,2,0,1,0,2,0,19.9,37.6,36.1,41.9,1,2,Rainy,Poor,Day,9.8,7.5,5.82,8.75,1,0,6.9,12,7,7.0,18.6,,0.44,0.33,-22.4,0.6222595915245208,-2.6999999999999993,-19.7,-0.9699999999999998,1.4400000000000004,0.23499999999999943,2.3000000000000007,-2.9299999999999997,5,1,-11.600000000000001,0.10999999999999999,-1,3,-13,-1,0,-1,0,-16.200000000000003,-4.299999999999997,0.5556,0.4,0.15559999999999996,0.3333,0.5,0.44,1.6,-1.1600000000000001,1.0,0.0,0.0,1,4,-3,Home_Win
ISL00049,2015-16,2015-12-23,Hyderabad FC,Jamshedpur FC,Hyderabad,3-4-3,4-2-3-1,6.83,7.1,6.4,7.52,50.1,24.8,50.9,32.6,6,14,10,11,1,1,4,0,3,1,5,0,53.0,49.6,35.9,41.2,1,0,Clear,Average,Day,8.7,1.6,6.37,5.66,1,0,8.8,8,10,21.8,24.9,,0.35,0.42,-0.7999999999999972,0.9842827142863037,-7.800000000000001,7.0000000000000036,0.4299999999999997,-0.41999999999999993,0.004999999999999893,7.1,0.71,-2,1,-3.099999999999998,-0.07,1,-4,3,-3,1,-2,1,17.1,8.399999999999999,0.5,0.4167,0.08329999999999999,0.6667,0.2,0.5,-0.3,0.8,1.0,0.0,0.0,27,12,15,Home_Win
ISL00050,2015-16,2015-12-26,Punjab FC,Bengaluru FC,Mohali,5-3-2,4-4-2,7.82,6.44,5.8,6.6,37.0,23.5,24.0,15.4,9,13,9,9,1,1,3,1,2,1,3,1,43.0,44.8,48.9,50.6,0,3,Rainy,Good,Night,0.8,9.5,6.85,6.34,0,0,6.4,7,6,20.6,21.2,,0.35,0.3,13.0,1.5416660243058233,8.1,4.9,2.0200000000000005,-0.15999999999999925,0.9300000000000015,-8.7,0.5099999999999998,1,0,-0.5999999999999979,0.04999999999999999,-3,0,4,-2,0,-1,0,-5.899999999999999,-5.800000000000004,0.3333,0.2857,0.047599999999999976,0.3333,0.0,1.0,0.29,0.71,0.4,0.28,0.32,11,24,-13,Draw
ISL00051,2015-16,2015-12-27,Bengaluru FC,Odisha FC,Bengaluru,4-3-3,4-4-2,6.75,8.04,7.57,7.58,33.3,18.5,49.3,25.8,11,16,14,11,2,0,3,1,2,0,4,1,38.2,23.7,23.4,45.9,0,0,Rainy,Average,Night,2.1,2.7,7.68,9.05,0,0,6.5,6,3,21.8,7.0,,0.49,0.47,-16.0,0.6754562524429507,-7.300000000000001,-8.7,-0.8200000000000003,0.4599999999999991,-0.1800000000000006,-0.6000000000000001,-1.370000000000001,3,0,14.8,0.020000000000000018,0,-3,5,-1,-1,-2,-1,14.800000000000004,-22.2,0.25,0.125,0.125,0.5,0.0,0.25,-0.38,0.63,0.0,1.0,0.0,1,28,-27,Home_Win
ISL00052,2015-16,2015-12-28,ATK Mohun Bagan,NorthEast United FC,Kolkata,4-3-3,3-4-3,7.0,7.44,7.38,6.9,37.7,21.0,32.0,21.6,11,14,7,16,2,0,3,4,2,0,4,5,34.3,21.5,30.5,27.1,1,1,Humid,Good,Day,8.3,7.9,6.01,7.66,0,1,9.6,12,9,13.2,13.9,,0.4,0.49,5.700000000000003,1.1781246318360525,-0.6000000000000014,6.300000000000004,-0.3799999999999999,0.54,0.08000000000000007,0.40000000000000036,-1.6500000000000004,3,-1,-0.7000000000000011,-0.08999999999999997,0,4,-2,-1,-4,-2,-5,3.799999999999997,-5.600000000000001,0.6,0.4286,0.1714,0.4286,0.5,0.6,0.14,0.45999999999999996,0.0,0.0,1.0,13,17,-4,Draw
ISL00053,2015-16,2015-12-30,NorthEast United FC,Jamshedpur FC,Guwahati,4-2-3-1,5-3-2,5.88,6.25,7.16,7.01,37.9,23.1,36.2,21.3,10,18,12,15,0,1,1,2,0,1,3,2,15.2,17.1,33.9,38.3,3,1,Humid,Good,Day,7.0,7.0,6.16,7.0,0,0,4.7,7,7,26.8,20.8,Away,0.41,0.32,1.6999999999999957,1.0469610367510946,1.8000000000000007,-0.10000000000000497,-1.2800000000000002,-0.7599999999999998,-1.0200000000000005,0.0,-0.8399999999999999,0,0,6.0,0.08999999999999997,2,-2,3,-1,-1,-3,-1,-18.7,-21.199999999999996,0.375,0.3846,-0.009599999999999997,0.0,0.1667,0.12,-0.4,0.52,0.4,0.28,0.32,2,7,-5,Draw
ISL00054,2015-16,2015-12-31,Kerala Blasters,Bengaluru FC,Kochi,4-3-3,4-2-3-1,6.76,7.84,6.53,7.07,45.7,26.5,55.2,27.9,14,14,7,17,1,0,2,1,1,1,3,2,33.6,25.7,35.0,31.1,1,1,Clear,Good,Night,3.8,8.0,4.3,4.75,1,0,3.0,10,6,13.8,14.3,,0.31,0.37,-9.5,0.8278984007430433,-1.3999999999999986,-8.100000000000001,0.22999999999999954,0.7699999999999996,0.4999999999999991,-4.2,-0.4500000000000002,4,1,-0.5,-0.06,0,7,-3,-1,-1,-2,-1,-1.3999999999999986,-5.400000000000002,0.4167,0.3333,0.08340000000000003,0.7143,0.0,0.2,0.33,-0.13,1.0,0.0,0.0,22,4,18,Home_Win
ISL00055,2015-16,2016-01-01,NorthEast United FC,Odisha FC,Guwahati,3-4-3,3-4-3,6.39,7.61,6.71,6.28,45.4,25.1,47.7,28.9,5,13,6,17,0,2,0,1,0,2,1,1,26.4,44.4,37.1,47.1,2,1,Humid,Average,Night,6.9,2.6,6.42,7.21,0,1,3.9,5,2,11.7,9.8,,0.44,0.34,-2.3000000000000043,0.9517817711149326,-3.799999999999997,1.499999999999993,-0.3200000000000003,1.33,0.5049999999999999,4.300000000000001,-0.79,3,-1,1.8999999999999986,0.09999999999999998,1,-1,-4,0,1,-1,1,-10.700000000000003,-2.700000000000003,0.3333,0.1111,0.22219999999999998,0.0,0.0,0.11,-0.44,0.55,0.0,0.5,0.5,2,5,-3,Away_Win
ISL00056,2015-16,2016-01-02,Punjab FC,Mumbai City FC,Mohali,4-2-3-1,4-4-2,7.17,6.49,6.65,7.08,43.4,19.5,49.0,30.3,11,12,5,18,4,1,1,1,5,3,1,1,38.4,55.0,38.9,24.6,1,0,Overcast,Good,Night,0.1,7.6,8.72,8.6,0,0,1.4,5,4,25.9,20.5,,0.41,0.42,-5.600000000000001,0.885714104956305,-10.8,5.199999999999999,0.5199999999999996,-0.5899999999999999,-0.03500000000000014,-7.5,0.120000000000001,1,0,5.399999999999999,-0.010000000000000009,1,6,-6,3,0,4,2,-0.5,30.4,0.2857,0.1667,0.11900000000000002,0.25,0.1429,0.86,-0.6,1.46,0.4,0.28,0.32,7,22,-15,Home_Win
ISL00057,2015-16,2016-01-03,Hyderabad FC,NorthEast United FC,Hyderabad,3-5-2,4-3-3,6.11,7.33,6.68,8.15,63.9,30.2,39.4,24.8,16,11,10,10,3,2,0,4,4,2,0,5,42.4,42.5,54.2,20.0,0,1,Humid,Good,Night,6.1,8.8,6.82,7.4,0,0,2.9,11,4,26.6,27.2,,0.34,0.45,24.5,1.6218269995362944,5.399999999999999,19.100000000000005,-0.5699999999999994,-0.8200000000000003,-0.6949999999999994,-2.700000000000001,-0.5800000000000001,7,0,-0.5999999999999979,-0.10999999999999999,-1,6,1,3,-2,4,-3,-11.800000000000004,22.5,0.6,0.3,0.3,0.75,0.4286,0.8,-0.1,0.9,0.4,0.28,0.32,11,2,9,Draw
ISL00058,2015-16,2016-01-05,Kerala Blasters,Odisha FC,Kochi,3-5-2,3-5-2,6.91,7.46,6.47,6.85,33.9,21.3,44.6,30.9,9,14,10,10,0,0,0,1,0,1,0,1,44.4,51.4,54.8,49.7,1,1,Clear,Average,Night,5.8,5.1,5.98,7.42,1,0,3.5,13,4,17.2,7.1,Both,0.39,0.36,-10.700000000000003,0.7600895156749964,-9.599999999999998,-1.100000000000005,0.4400000000000004,0.6100000000000003,0.5250000000000004,0.7000000000000002,-1.4399999999999995,9,1,10.1,0.030000000000000027,0,-1,4,0,-1,0,0,-10.399999999999999,1.6999999999999957,0.4615,0.2,0.2615,0.75,0.2,0.7,-0.2,0.8999999999999999,1.0,0.0,0.0,5,4,1,Draw
ISL00059,2015-16,2016-01-06,Chennaiyin FC,NorthEast United FC,Chennai,3-4-3,5-3-2,6.54,7.33,6.69,7.14,50.3,29.2,40.8,27.7,11,14,7,12,1,1,3,2,1,2,3,4,43.1,36.5,22.2,16.5,1,0,Overcast,Good,Night,5.6,8.5,5.8,6.36,0,0,7.1,4,4,10.5,10.5,,0.47,0.35,9.5,1.2328428350875404,1.5,8.0,-0.15000000000000036,0.1900000000000004,0.020000000000000462,-2.9000000000000004,-0.5600000000000005,0,0,0.0,0.12,1,4,2,-2,-1,-2,-2,20.900000000000002,20.0,0.1429,0.2727,-0.1298,0.3333,0.375,-1.29,0.1,-1.3900000000000001,0.4,0.28,0.32,23,3,20,Away_Win
ISL00060,2015-16,2016-01-06,Jamshedpur FC,NorthEast United FC,Jamshedpur,4-4-2,4-4-2,7.83,6.93,6.97,7.07,39.9,24.9,38.2,21.1,9,10,12,13,2,2,2,0,3,2,4,1,34.5,42.9,42.1,46.9,1,0,Rainy,Average,Night,3.8,8.0,7.4,8.71,0,0,2.1,5,6,24.3,10.9,,0.44,0.41,1.6999999999999957,1.0445023443711139,3.799999999999997,-2.1000000000000014,0.8600000000000003,-0.14000000000000057,0.3600000000000003,-4.2,-1.3100000000000005,-1,0,13.4,0.030000000000000027,1,-3,-3,0,2,-1,1,-7.600000000000001,-4.0,0.3571,0.3333,0.023799999999999988,0.5714,0.4444,-0.2,0.2,-0.4,0.0,1.0,0.0,7,1,6,Home_Win
ISL00061,2015-16,2016-01-06,Chennaiyin FC,ATK Mohun Bagan,Chennai,4-4-2,5-3-2,6.11,7.15,5.01,6.99,25.4,17.5,59.5,33.2,11,14,6,15,3,0,2,1,3,1,2,2,30.7,29.8,29.2,19.6,4,0,Overcast,Average,Night,0.1,2.1,7.93,5.86,0,1,4.6,3,10,27.1,27.4,,0.48,0.36,-34.1,0.42689068455618745,-15.700000000000003,-18.4,1.1000000000000005,0.16000000000000014,0.6300000000000008,-2.0,2.0699999999999994,-7,-1,-0.29999999999999716,0.12,4,5,-1,1,-1,1,-1,1.5,10.2,0.125,0.5455,-0.4205,0.25,1.0,-1.38,0.6,-1.98,0.0,0.0,1.0,1,9,-8,Home_Win
ISL00062,2015-16,2016-01-16,NorthEast United FC,Odisha FC,Guwahati,5-3-2,5-3-2,6.39,7.35,8.05,6.05,52.0,32.3,44.2,20.1,11,14,12,15,2,1,1,0,2,2,2,1,34.1,17.4,16.2,25.2,1,0,Clear,Poor,Night,6.9,4.6,7.54,7.67,0,2,3.3,5,4,19.4,14.0,,0.46,0.46,7.799999999999997,1.176470322065538,12.199999999999996,-4.399999999999999,-1.660000000000001,1.2999999999999998,-0.1800000000000015,2.3000000000000007,-0.1299999999999999,1,-2,5.399999999999999,0.0,1,-1,-1,1,1,0,1,17.900000000000002,-7.800000000000001,0.3077,0.1818,0.12589999999999998,0.0,0.1667,-0.1,0.0,-0.1,0.0,0.3333,0.6667,10,11,-1,Away_Win
ISL00063,2015-16,2016-01-17,FC Goa,Kerala Blasters,Goa,3-5-2,4-4-2,6.6,7.36,7.52,6.28,36.5,16.9,41.5,23.0,14,17,7,10,3,1,3,0,4,2,3,0,23.9,36.4,42.5,21.1,1,1,Overcast,Good,Night,4.0,1.8,6.06,7.38,1,0,1.4,11,11,15.5,9.2,,0.48,0.41,-5.0,0.879517860357142,-6.100000000000001,1.1000000000000014,-0.9199999999999999,1.08,0.08000000000000007,2.2,-1.3200000000000003,0,1,6.300000000000001,0.07,0,7,7,0,1,1,2,-18.6,15.299999999999997,0.6,0.4286,0.1714,0.0,0.0,0.8,0.4,0.4,1.0,0.0,0.0,30,12,18,Away_Win
ISL00064,2015-16,2016-01-17,Jamshedpur FC,East Bengal FC,Jamshedpur,3-4-3,3-4-3,7.44,6.66,7.02,6.32,51.9,27.4,50.4,24.9,8,12,12,11,0,1,3,1,2,2,4,1,20.2,15.9,50.2,39.1,1,0,Humid,Good,Night,4.2,7.6,4.76,5.99,0,0,1.1,8,5,21.5,20.1,,0.33,0.35,1.5,1.029761700444107,2.5,-1.0,0.4200000000000008,0.33999999999999986,0.3800000000000008,-3.3999999999999995,-1.2300000000000004,3,0,1.3999999999999986,-0.019999999999999962,1,-4,1,-3,0,-2,1,-30.000000000000004,-23.200000000000003,0.4,0.3333,0.06670000000000004,0.625,0.25,0.6,0.0,0.6,0.4,0.28,0.32,11,30,-19,Away_Win
ISL00065,2015-16,2016-01-23,Mumbai City FC,East Bengal FC,Mumbai,3-5-2,5-3-2,6.64,6.75,7.19,7.48,38.4,23.0,21.2,10.2,11,11,20,10,3,1,2,0,3,2,4,0,26.3,20.1,47.1,34.6,1,0,Rainy,Average,Night,7.5,0.5,6.27,3.51,0,1,4.0,1,7,14.9,18.2,,0.33,0.41,17.2,1.8113199003208018,12.8,4.399999999999999,-0.5500000000000007,-0.7300000000000004,-0.6400000000000006,7.0,2.76,-6,-1,-3.299999999999999,-0.07999999999999996,1,-9,1,1,1,-1,2,-20.8,-14.5,0.1538,0.4286,-0.2748,0.2,0.4,-0.9,0.29,-1.19,0.0,0.5,0.5,21,6,15,Home_Win
ISL00066,2015-16,2016-01-25,Mumbai City FC,Chennaiyin FC,Mumbai,5-3-2,3-5-2,7.47,7.73,6.93,6.93,23.1,11.8,29.2,19.1,6,16,11,9,2,2,2,1,2,3,2,1,18.0,44.5,39.5,23.2,1,2,Overcast,Average,Night,9.3,6.9,9.12,7.27,0,0,8.0,4,3,5.4,25.5,,0.31,0.48,-6.099999999999998,0.7910956194878016,-7.300000000000001,1.2000000000000028,0.54,0.8000000000000007,0.6699999999999999,2.4000000000000004,1.8499999999999996,1,0,-20.1,-0.16999999999999998,-1,-5,7,0,1,0,2,-21.5,21.3,0.2143,0.2222,-0.007900000000000018,0.3333,0.0,-0.7,-1.0,0.30000000000000004,0.4,0.28,0.32,2,19,-17,Home_Win
ISL00067,2015-16,2016-01-26,Punjab FC,Chennaiyin FC,Mohali,5-3-2,4-3-3,6.64,7.97,5.48,6.77,34.6,23.9,47.6,21.7,8,14,8,10,3,2,7,1,3,4,8,3,24.8,37.3,36.2,34.7,0,2,Humid,Average,Day,5.0,0.7,7.09,7.24,1,0,4.1,8,3,27.9,15.2,,0.33,0.44,-13.0,0.7268906035944109,2.1999999999999993,-15.2,1.1599999999999993,1.2000000000000002,1.1799999999999997,4.3,-0.15000000000000036,5,1,12.7,-0.10999999999999999,-2,0,4,-4,1,-5,1,-11.400000000000002,2.5999999999999943,0.375,0.2,0.175,0.4,0.0,1.25,-1.0,2.25,1.0,0.0,0.0,24,1,23,Away_Win
ISL00068,2015-16,2016-01-27,Odisha FC,East Bengal FC,Bhubaneswar,3-4-3,4-3-3,6.88,7.15,7.13,6.58,45.4,31.2,19.2,9.3,9,18,14,12,1,0,2,3,1,0,4,4,54.5,33.2,23.9,47.0,1,0,Rainy,Average,Night,0.9,3.1,8.05,6.96,0,1,5.8,7,7,26.8,29.9,,0.42,0.46,26.2,2.3645821017801554,21.9,4.300000000000001,-0.25,0.5700000000000003,0.16000000000000014,-2.2,1.0900000000000007,0,-1,-3.099999999999998,-0.040000000000000036,1,-5,6,-1,-3,-3,-4,30.6,-13.799999999999997,0.25,0.375,-0.125,0.2,0.3333,-0.1,0.0,-0.1,0.0,0.0,1.0,11,4,7,Draw
ISL00069,2015-16,2016-02-07,ATK Mohun Bagan,Chennaiyin FC,Kolkata,3-5-2,4-3-3,7.09,7.1,6.45,6.44,55.0,36.4,56.0,34.5,11,8,6,8,2,2,2,3,4,2,4,4,54.1,17.0,49.4,51.1,4,1,Overcast,Average,Day,1.9,7.0,5.15,4.57,1,1,9.2,10,6,5.5,12.9,Home,0.31,0.45,-1.0,0.9821426817602353,1.8999999999999986,-2.8999999999999986,0.6399999999999997,0.6599999999999993,0.6499999999999995,-5.1,0.5800000000000001,4,0,-7.4,-0.14,3,5,0,0,-1,0,-2,4.700000000000003,-34.1,0.5,0.2727,0.2273,0.375,0.1667,0.3,-0.4,0.7,0.5,0.0,0.5,30,12,18,Home_Win
ISL00070,2015-16,2016-02-14,FC Goa,East Bengal FC,Goa,3-5-2,4-2-3-1,6.36,8.4,7.51,7.23,57.3,32.6,58.3,34.5,11,15,13,12,1,1,5,1,2,1,5,2,41.4,53.2,47.6,21.2,1,2,Overcast,Poor,Day,3.0,1.4,6.32,6.73,0,0,6.4,8,5,7.0,28.5,,0.45,0.42,-1.0,0.9828471727534867,-1.8999999999999986,0.8999999999999986,-1.1499999999999995,1.17,0.010000000000000675,1.6,-0.41000000000000014,3,0,-21.5,0.030000000000000027,-1,-2,3,-4,0,-3,-1,-6.200000000000003,32.0,0.5,0.3333,0.16670000000000001,0.0,0.2857,0.17,0.0,0.17,0.4,0.28,0.32,28,18,10,Away_Win
ISL00071,2015-16,2016-02-15,Kerala Blasters,Jamshedpur FC,Kochi,4-2-3-1,3-4-3,7.05,6.03,7.44,7.25,61.6,40.7,50.3,28.0,14,10,8,15,3,0,1,1,4,1,2,3,49.7,21.0,28.1,55.0,2,3,Humid,Good,Night,6.3,5.7,8.32,8.68,1,1,5.7,11,5,10.7,21.7,,0.32,0.39,11.300000000000004,1.2246518440055976,12.700000000000003,-1.3999999999999986,-0.39000000000000057,-1.2199999999999998,-0.8050000000000006,0.5999999999999996,-0.35999999999999943,6,0,-11.0,-0.07,-1,6,-5,2,-1,2,-2,21.6,-34.0,0.4667,0.375,0.0917,0.6667,0.1429,0.8,0.4,0.4,0.5,0.0,0.5,29,29,0,Draw
ISL00072,2015-16,2016-02-17,Chennaiyin FC,Jamshedpur FC,Chennai,3-4-3,3-4-3,7.29,6.12,6.87,7.29,46.6,22.5,41.0,26.7,11,16,12,17,2,1,1,3,3,2,1,5,20.1,31.2,47.8,26.4,1,0,Rainy,Average,Night,6.7,6.4,5.79,6.64,0,1,4.7,6,5,5.6,13.4,,0.34,0.32,5.600000000000001,1.1365850886377833,-4.199999999999999,9.8,0.41999999999999993,-1.17,-0.375,0.2999999999999998,-0.8499999999999996,1,-1,-7.800000000000001,0.020000000000000018,1,-1,-1,1,-2,2,-3,-27.699999999999996,4.800000000000001,0.25,0.3529,-0.10289999999999999,0.4,0.125,-0.5,0.2,-0.7,0.0,0.0,1.0,10,2,8,Home_Win
ISL00073,2015-16,2016-02-17,Kerala Blasters,East Bengal FC,Kochi,3-5-2,4-3-3,6.1,6.98,8.04,6.0,32.4,17.1,63.0,32.1,8,14,9,13,1,0,3,1,2,1,3,1,26.0,50.2,22.1,28.8,0,1,Humid,Poor,Night,5.7,2.1,9.23,8.45,1,0,6.1,9,8,11.5,22.4,,0.41,0.46,-30.6,0.5142856326530741,-15.0,-15.600000000000001,-1.9399999999999995,0.9800000000000004,-0.47999999999999954,3.6,0.7800000000000011,1,1,-10.899999999999999,-0.050000000000000044,-1,-1,1,-2,-1,-1,0,3.8999999999999986,21.400000000000002,0.4375,0.4,0.03749999999999998,0.6,0.375,1.1,0.1,1.0,1.0,0.0,0.0,2,3,-1,Home_Win
ISL00074,2015-16,2016-02-19,ATK Mohun Bagan,Kerala Blasters,Kolkata,4-2-3-1,5-3-2,5.7,6.17,7.92,6.66,47.4,26.8,27.1,13.6,13,11,6,11,0,2,3,0,1,3,3,0,22.0,54.0,15.8,37.5,0,2,Clear,Good,Night,6.5,6.7,7.11,6.87,0,0,6.1,10,11,21.6,22.0,,0.49,0.5,20.299999999999997,1.7490768453590975,13.200000000000001,7.099999999999996,-2.2199999999999998,-0.4900000000000002,-1.3549999999999995,-0.20000000000000018,0.2400000000000002,-1,0,-0.3999999999999986,-0.010000000000000009,-2,7,0,-3,2,-2,3,6.199999999999999,16.5,0.5385,0.4706,0.06789999999999996,0.4444,0.1667,0.5,1.1,-0.6000000000000001,0.0,1.0,0.0,12,2,10,Draw
ISL00075,2015-16,2016-02-20,East Bengal FC,FC Goa,Kolkata,4-3-3,3-4-3,6.85,7.9,6.38,6.2,31.1,19.8,44.7,25.9,11,20,6,9,0,1,4,1,1,1,4,2,48.5,47.7,27.0,35.1,0,0,Overcast,Average,Night,3.2,8.1,6.13,6.55,1,0,8.7,7,7,26.4,24.1,,0.33,0.44,-13.600000000000001,0.695749285067274,-6.099999999999998,-7.5000000000000036,0.46999999999999975,1.7000000000000002,1.085,-4.8999999999999995,-0.41999999999999993,0,1,2.299999999999997,-0.10999999999999999,0,5,11,-4,0,-3,-1,21.5,12.600000000000001,0.3636,0.4286,-0.065,0.5,0.75,-0.3,0.0,-0.3,1.0,0.0,0.0,3,6,-3,Home_Win
ISL00076,2015-16,2016-02-21,Kerala Blasters,Bengaluru FC,Kochi,3-4-3,3-4-3,7.16,6.97,6.24,7.14,47.2,27.0,28.4,13.5,6,12,11,19,2,1,4,0,2,1,5,1,25.7,44.6,18.1,43.7,0,1,Clear,Good,Night,7.8,3.9,7.95,7.51,2,0,4.3,9,5,13.9,13.6,Away,0.4,0.39,18.800000000000004,1.6619712457847728,13.5,5.300000000000004,0.9199999999999999,-0.16999999999999993,0.375,3.9,0.4400000000000004,4,2,0.3000000000000007,0.010000000000000009,-1,-5,-7,-2,1,-3,0,7.599999999999998,0.8999999999999986,0.4444,0.3,0.14440000000000003,0.6364,0.0,1.2,0.0,1.2,1.0,0.0,0.0,2,30,-28,Home_Win
ISL00077,2015-16,2016-02-25,Mumbai City FC,Odisha FC,Mumbai,4-3-3,4-3-3,6.69,5.79,6.91,7.96,27.3,13.2,38.0,23.6,12,14,8,8,2,0,2,0,2,0,2,0,41.4,37.3,27.5,52.5,0,1,Overcast,Good,Night,0.5,1.9,7.39,6.87,0,0,8.2,7,8,13.5,16.1,,0.44,0.4,-10.7,0.7184208635734569,-10.400000000000002,-0.29999999999999716,-0.21999999999999975,-2.17,-1.1950000000000003,-1.4,0.5199999999999996,-1,0,-2.6000000000000014,0.03999999999999998,-1,4,6,0,0,0,0,13.899999999999999,-15.200000000000003,0.2667,0.2308,0.03589999999999999,0.4286,0.2857,-0.3,-0.1,-0.19999999999999998,0.4,0.28,0.32,30,29,1,Away_Win
ISL00078,2015-16,2016-02-28,Kerala Blasters,Mumbai City FC,Kochi,4-2-3-1,4-3-3,6.16,6.55,6.5,6.87,48.5,26.0,34.3,23.5,14,13,10,15,0,2,1,0,0,2,2,1,44.1,47.7,42.1,19.4,0,1,Overcast,Good,Night,8.2,5.4,7.38,7.7,1,1,2.5,11,7,26.3,5.3,,0.4,0.45,14.200000000000003,1.413993756853132,2.5,11.700000000000003,-0.33999999999999986,-0.3200000000000003,-0.33000000000000007,2.799999999999999,-0.3200000000000003,4,0,21.0,-0.04999999999999999,-1,4,-2,-1,2,-2,1,2.0,28.300000000000004,0.4737,0.25,0.2237,0.6667,0.125,1.3,-0.5,1.8,0.5,0.0,0.5,7,3,4,Home_Win
ISL00079,2015-16,2016-02-29,Jamshedpur FC,FC Goa,Jamshedpur,3-5-2,4-2-3-1,6.46,7.82,5.91,6.87,41.0,21.8,48.3,31.5,8,9,7,10,3,2,0,0,6,3,1,0,27.0,49.4,27.2,54.7,1,1,Overcast,Good,Night,6.4,3.6,8.03,7.36,0,1,8.3,5,4,14.6,8.3,Away,0.34,0.35,-7.299999999999997,0.8488611078962509,-9.7,2.400000000000002,0.5499999999999998,0.9500000000000002,0.75,2.8000000000000003,0.669999999999999,1,-1,6.299999999999999,-0.009999999999999953,0,1,-1,3,2,5,3,-0.1999999999999993,-5.300000000000004,0.3333,0.375,-0.041700000000000015,0.5556,0.6,-0.3,-0.25,-0.04999999999999999,0.0,0.0,1.0,12,9,3,Away_Win
ISL00080,2015-16,2016-03-03,Jamshedpur FC,Hyderabad FC,Jamshedpur,4-3-3,3-4-3,6.32,7.7,6.87,8.03,74.0,38.9,39.4,26.4,4,11,11,14,2,0,0,0,2,0,2,0,39.9,52.0,26.2,41.4,1,1,Overcast,Average,Night,3.4,9.5,6.49,7.74,0,2,8.9,4,9,6.2,11.4,,0.39,0.35,34.6,1.8781721121390578,12.5,22.1,-0.5499999999999998,-0.3299999999999992,-0.4399999999999995,-6.1,-1.25,-5,-2,-5.2,0.040000000000000036,0,-7,-3,2,0,0,0,13.7,10.600000000000001,0.3158,0.5,-0.18419999999999997,0.5,0.0,-0.5,0.67,-1.17,0.0,0.0,1.0,3,30,-27,Home_Win
ISL00081,2015-16,2016-03-03,Kerala Blasters,East Bengal FC,Kochi,3-5-2,5-3-2,6.09,7.21,7.53,7.38,36.4,17.9,63.2,29.6,12,22,11,10,2,1,2,0,2,2,3,0,31.4,37.6,19.1,27.9,3,1,Overcast,Good,Night,9.0,1.2,7.79,8.21,2,0,6.4,11,7,14.8,16.8,,0.47,0.37,-26.800000000000004,0.575949275957393,-11.700000000000003,-15.100000000000001,-1.4400000000000004,-0.16999999999999993,-0.8049999999999997,7.8,-0.4200000000000008,4,2,-2.0,0.09999999999999998,2,1,12,0,1,-1,2,12.299999999999997,9.700000000000003,0.5,0.4167,0.08329999999999999,0.6923,0.3333,1.5,-0.1,1.6,1.0,0.0,0.0,4,12,-8,Away_Win
ISL00082,2015-16,2016-03-04,Chennaiyin FC,Hyderabad FC,Chennai,4-4-2,3-4-3,8.3,5.87,7.01,6.25,46.1,25.5,38.7,21.5,10,14,11,7,2,0,4,0,3,1,7,1,22.4,20.7,45.9,31.2,0,1,Rainy,Average,Night,4.4,2.8,7.61,4.63,0,0,9.4,9,6,28.1,17.6,,0.37,0.45,7.399999999999999,1.1912141624769605,4.0,3.3999999999999986,1.290000000000001,-0.3799999999999999,0.45500000000000096,1.6000000000000005,2.9800000000000004,3,0,10.5,-0.08000000000000002,-1,-1,7,-2,0,-4,0,-23.5,-10.5,0.3077,0.4286,-0.12090000000000001,0.5,0.0,-0.3,0.43,-0.73,0.0,1.0,0.0,16,1,15,Away_Win
ISL00083,2015-16,2016-03-07,NorthEast United FC,Punjab FC,Guwahati,5-3-2,4-4-2,6.67,6.79,5.85,7.06,38.4,21.6,65.2,44.1,6,16,5,10,1,1,1,1,1,2,1,1,22.1,32.1,39.1,34.9,1,0,Humid,Average,Night,3.7,1.0,9.21,8.92,0,0,3.6,4,5,20.8,16.4,,0.4,0.45,-26.800000000000004,0.588956964883901,-22.5,-4.300000000000004,0.8200000000000003,-0.2699999999999996,0.27500000000000036,2.7,0.2900000000000009,-1,0,4.400000000000002,-0.04999999999999999,1,1,6,0,0,0,1,-17.0,-2.799999999999997,0.2857,0.3333,-0.047599999999999976,0.0,0.3333,-0.3,0.78,-1.08,0.0,1.0,0.0,30,30,0,Draw
ISL00084,2015-16,2016-03-09,Odisha FC,Bengaluru FC,Bhubaneswar,3-4-3,4-3-3,6.01,7.04,6.65,6.4,43.7,28.1,41.5,27.4,12,19,8,12,2,2,2,2,2,3,2,2,49.3,27.9,41.4,42.5,2,0,Clear,Good,Night,0.3,4.5,6.57,7.1,0,1,1.8,11,5,18.5,27.8,,0.38,0.47,2.200000000000003,1.0530117944549893,0.7000000000000028,1.5,-0.6400000000000006,0.6399999999999997,0.0,-4.2,-0.5299999999999994,6,-1,-9.3,-0.08999999999999997,2,4,7,0,0,0,1,7.899999999999999,-14.600000000000001,0.2857,0.2727,0.013000000000000012,0.1667,0.0,0.0,-0.2,0.2,0.0,0.5,0.5,13,17,-4,Away_Win
ISL00085,2015-16,2016-03-11,NorthEast United FC,Jamshedpur FC,Guwahati,4-2-3-1,4-2-3-1,6.14,6.57,7.88,6.66,64.9,42.1,42.1,25.2,11,17,4,12,2,0,8,0,4,1,8,2,44.7,22.2,16.9,51.2,2,2,Clear,Good,Night,5.0,9.1,7.0,7.74,0,1,8.2,5,4,26.6,16.4,,0.4,0.38,22.800000000000004,1.5415673297939834,16.900000000000002,5.900000000000002,-1.7400000000000002,-0.08999999999999986,-0.9149999999999991,-4.1,-0.7400000000000002,1,-1,10.200000000000003,0.020000000000000018,0,7,5,-6,0,-4,-1,27.800000000000004,-29.000000000000004,0.2667,0.35,-0.08329999999999999,0.0,0.1111,-0.3,-0.3,0.0,0.0,0.5,0.5,4,8,-4,Draw
ISL00086,2015-16,2016-03-11,Odisha FC,Punjab FC,Bhubaneswar,5-3-2,3-4-3,7.02,8.51,6.37,6.85,44.2,25.7,49.7,30.5,10,14,14,14,0,0,3,1,0,1,3,3,38.0,27.0,41.5,20.2,1,1,Clear,Good,Night,8.9,8.9,7.32,8.32,0,0,9.3,8,5,29.1,17.7,Away,0.39,0.36,-5.5,0.8893358371557671,-4.800000000000001,-0.6999999999999993,0.6499999999999995,1.6600000000000001,1.1550000000000002,0.0,-1.0,3,0,11.400000000000002,0.030000000000000027,0,-4,0,-3,-1,-3,-2,-3.5,6.800000000000001,0.2667,0.3,-0.033299999999999996,0.1429,0.25,-0.4,0.7,-1.1,0.4,0.28,0.32,2,4,-2,Draw
ISL00087,2015-16,2016-03-12,FC Goa,Odisha FC,Goa,4-2-3-1,4-4-2,7.34,8.29,8.17,6.39,41.0,23.2,75.1,38.8,9,10,11,18,1,2,2,1,1,3,3,1,15.7,54.2,46.3,43.7,0,2,Rainy,Average,Day,9.9,6.1,6.95,8.54,0,0,2.5,6,8,14.6,13.7,,0.39,0.46,-34.099999999999994,0.5459386756406557,-15.599999999999998,-18.499999999999996,-0.8300000000000001,1.8999999999999995,0.5350000000000001,3.8000000000000007,-1.589999999999999,-2,0,0.9000000000000004,-0.07,-2,-2,-8,-1,1,-2,2,-30.599999999999998,10.5,0.4444,0.25,0.19440000000000002,0.0,0.375,-0.11,-0.4,0.29000000000000004,0.0,1.0,0.0,12,1,11,Home_Win
ISL00088,2015-16,2016-03-12,Odisha FC,Punjab FC,Bhubaneswar,5-3-2,3-4-3,6.49,6.28,6.15,5.89,43.8,28.2,37.8,19.5,10,9,7,12,0,1,3,1,1,2,3,1,45.1,45.9,19.3,52.3,2,2,Humid,Average,Night,6.8,7.2,5.84,6.07,0,0,7.1,5,6,6.6,19.9,,0.45,0.34,6.0,1.1587298521878697,8.7,-2.6999999999999993,0.33999999999999986,0.39000000000000057,0.3650000000000002,-0.40000000000000036,-0.23000000000000043,-1,0,-13.299999999999999,0.10999999999999999,0,3,-3,-3,0,-2,1,25.8,-6.399999999999999,0.2353,0.2727,-0.03739999999999999,0.125,0.2,-0.3,0.8,-1.1,0.0,1.0,0.0,1,1,0,Away_Win
ISL00089,2015-16,2016-03-14,Chennaiyin FC,Odisha FC,Chennai,4-2-3-1,4-4-2,6.74,7.83,6.15,6.64,57.4,38.6,37.9,17.7,10,13,7,10,2,0,2,0,3,1,3,0,47.3,25.3,20.2,22.3,2,1,Overcast,Average,Night,6.6,6.1,8.08,7.51,0,0,3.5,6,4,16.9,13.3,,0.42,0.48,19.5,1.5145114737436745,20.900000000000002,-1.4000000000000021,0.5899999999999999,1.1900000000000004,0.8900000000000006,0.5,0.5700000000000003,2,0,3.599999999999998,-0.06,1,3,3,0,0,0,1,27.099999999999998,3.0,0.2857,0.2222,0.0635,0.4286,0.3333,-0.5,-0.3,-0.2,0.4,0.28,0.32,10,2,8,Home_Win
ISL00090,2015-16,2016-03-15,East Bengal FC,Odisha FC,Kolkata,3-4-3,4-3-3,7.43,6.52,6.75,7.63,49.3,30.5,50.1,33.8,11,15,8,15,0,2,1,2,0,2,2,4,38.1,26.2,18.8,37.4,0,0,Overcast,Average,Night,0.5,2.6,8.33,6.51,1,0,4.5,10,1,28.6,20.3,Away,0.47,0.44,-0.8000000000000043,0.9840317397142234,-3.299999999999997,2.499999999999993,0.6799999999999997,-1.1100000000000003,-0.21499999999999986,-2.1,1.8200000000000003,9,1,8.3,0.02999999999999997,0,3,0,-1,0,-2,-2,19.3,-11.2,0.4615,0.2105,0.251,0.6667,0.3,0.1,-0.5,0.6,0.5,0.5,0.0,12,1,11,Away_Win
ISL00091,2015-16,2016-03-18,FC Goa,Jamshedpur FC,Goa,4-4-2,4-2-3-1,6.6,7.77,7.56,6.51,56.0,36.4,35.9,18.7,8,3,7,12,3,0,2,0,4,0,2,2,54.3,19.7,39.2,22.0,1,3,Clear,Average,Night,4.6,0.8,6.55,8.19,2,0,3.2,6,5,15.5,26.0,,0.48,0.35,20.1,1.559888144877954,17.7,2.400000000000002,-0.96,1.2599999999999998,0.14999999999999947,3.8,-1.6399999999999997,1,2,-10.5,0.13,-2,1,-9,1,0,2,-2,15.099999999999994,-2.3000000000000007,0.5,0.3333,0.16670000000000001,0.25,0.1,0.0,-0.4,0.4,1.0,0.0,0.0,6,7,-1,Home_Win
ISL00092,2015-16,2016-03-20,Odisha FC,Bengaluru FC,Bhubaneswar,4-2-3-1,4-3-3,7.11,6.47,7.18,6.58,40.9,28.0,49.6,34.6,8,14,11,12,2,2,2,2,2,3,4,3,16.8,16.8,37.1,30.7,3,0,Clear,Average,Night,8.1,5.8,6.03,8.55,0,2,7.3,4,7,25.9,6.4,,0.45,0.47,-8.700000000000003,0.8245966079442322,-6.600000000000001,-2.1000000000000014,-0.0699999999999994,-0.11000000000000032,-0.08999999999999986,2.3,-2.5200000000000005,-3,-2,19.5,-0.019999999999999962,3,-3,2,0,0,-2,0,-20.3,-13.899999999999999,0.25,0.3333,-0.08329999999999999,0.1111,0.1429,-0.6,0.1,-0.7,0.0,0.3333,0.6667,5,11,-6,Home_Win
ISL00093,2015-16,2016-03-22,NorthEast United FC,Kerala Blasters,Guwahati,4-2-3-1,3-5-2,6.62,7.28,6.35,7.07,50.9,23.4,46.8,21.1,6,6,5,23,0,0,0,0,0,0,0,0,47.3,39.0,33.0,27.6,1,1,Rainy,Good,Night,1.4,1.0,7.46,8.63,0,0,2.3,5,10,8.3,21.1,Home,0.34,0.32,4.100000000000001,1.0876066052122637,2.299999999999997,1.8000000000000043,0.27000000000000046,0.20999999999999996,0.2400000000000002,0.3999999999999999,-1.1700000000000008,-5,0,-12.8,0.020000000000000018,0,1,-17,0,0,0,0,14.299999999999997,11.399999999999999,0.25,0.4762,-0.2262,0.0,0.1429,-0.3,1.3,-1.6,0.0,1.0,0.0,11,19,-8,Away_Win
ISL00094,2015-16,2016-03-23,Odisha FC,Chennaiyin FC,Bhubaneswar,4-2-3-1,3-5-2,6.62,6.5,7.02,6.78,52.9,35.4,32.2,20.9,7,15,4,11,2,0,2,2,2,0,2,2,39.6,46.7,35.3,29.8,1,0,Clear,Average,Night,9.1,2.7,9.06,6.18,0,1,7.0,6,9,29.1,27.9,,0.4,0.46,20.699999999999996,1.6428566326532192,14.5,6.199999999999996,-0.39999999999999947,-0.28000000000000025,-0.33999999999999986,6.3999999999999995,2.880000000000001,-3,-1,1.2000000000000028,-0.06,1,3,4,0,-2,0,-2,4.300000000000004,16.900000000000002,0.2857,0.3333,-0.047599999999999976,0.2,0.1429,-0.5,0.2,-0.7,0.0,0.0,1.0,3,9,-6,Away_Win
ISL00095,2015-16,2016-03-24,Punjab FC,Jamshedpur FC,Mohali,4-4-2,3-5-2,6.89,6.93,7.57,7.35,60.7,31.5,42.4,24.7,13,17,6,22,0,0,3,1,0,1,6,4,24.3,23.0,45.2,33.4,2,0,Humid,Good,Night,0.9,0.2,8.12,6.59,1,1,2.9,8,4,23.4,13.0,,0.4,0.33,18.300000000000004,1.4316034359425858,6.800000000000001,11.500000000000004,-0.6800000000000006,-0.41999999999999993,-0.5499999999999998,0.7,1.5299999999999994,4,0,10.399999999999999,0.07,2,7,-5,-3,-1,-6,-3,-20.900000000000002,-10.399999999999999,0.3333,0.3182,0.015100000000000002,0.3333,0.0909,0.3,-0.5,0.8,0.5,0.0,0.5,12,6,6,Home_Win
ISL00096,2015-16,2016-03-25,East Bengal FC,ATK Mohun Bagan,Kolkata,4-4-2,4-3-3,6.57,6.96,8.38,7.0,28.5,16.2,48.4,22.3,6,8,6,17,3,1,2,1,4,1,4,1,28.5,50.2,21.4,30.4,2,2,Humid,Good,Night,3.8,1.0,6.79,5.91,0,0,8.0,9,8,10.5,9.1,Away,0.38,0.49,-19.9,0.588842853544865,-6.100000000000001,-13.799999999999997,-1.8100000000000005,-0.040000000000000036,-0.9249999999999998,2.8,0.8799999999999999,1,0,1.4000000000000004,-0.10999999999999999,0,0,-9,1,0,0,0,7.100000000000001,19.800000000000004,0.4286,0.5,-0.07140000000000002,0.5,0.75,-0.1,0.6,-0.7,0.4,0.28,0.32,10,30,-20,Home_Win
ISL00097,2015-16,2016-03-27,FC Goa,Bengaluru FC,Goa,4-3-3,4-3-3,6.68,7.41,7.56,7.18,39.4,25.6,33.1,20.4,3,15,13,9,2,2,2,3,2,4,3,5,21.1,17.6,17.8,36.7,2,2,Overcast,Good,Night,4.8,9.0,5.27,6.27,0,0,8.2,9,6,26.3,12.2,,0.49,0.31,6.299999999999997,1.1903319666670793,5.200000000000003,1.0999999999999943,-0.8799999999999999,0.23000000000000043,-0.3249999999999993,-4.2,-1.0,3,0,14.100000000000001,0.18,0,-10,6,0,-1,-1,-1,3.3000000000000007,-19.1,0.5455,0.3077,0.2378,0.4,0.125,0.0,0.0,0.0,0.4,0.28,0.32,9,7,2,Away_Win
ISL00098,2015-16,2016-03-28,FC Goa,Kerala Blasters,Goa,4-2-3-1,3-4-3,7.37,6.63,6.82,6.28,53.4,33.6,51.2,32.0,7,15,9,15,2,3,2,4,3,5,2,4,54.7,41.6,28.5,34.4,2,1,Rainy,Good,Day,5.5,5.5,7.59,6.8,1,1,8.7,9,10,26.4,7.5,Home,0.32,0.35,2.1999999999999957,1.0429685462952056,1.6000000000000014,0.5999999999999943,0.5499999999999998,0.34999999999999964,0.4499999999999993,0.0,0.79,-1,0,18.9,-0.02999999999999997,1,-2,0,0,-1,1,1,26.200000000000003,7.200000000000003,0.5,0.5,0.0,0.3333,0.25,-0.1,1.5,-1.6,0.5,0.0,0.5,1,6,-5,Draw
ISL00099,2015-16,2016-03-28,Bengaluru FC,FC Goa,Bengaluru,5-3-2,3-4-3,6.49,5.96,6.57,7.07,43.4,21.1,70.8,44.2,5,11,9,13,1,0,1,1,1,0,1,1,47.0,44.8,38.6,39.4,1,2,Clear,Average,Night,2.4,4.6,9.2,6.11,1,0,7.4,6,10,5.5,15.5,Home,0.46,0.37,-27.4,0.6129942637013751,-23.1,-4.299999999999997,-0.08000000000000007,-1.1100000000000003,-0.5950000000000006,-2.1999999999999997,3.089999999999999,-4,1,-10.0,0.09000000000000002,-1,-4,-2,0,-1,0,-1,8.399999999999999,5.399999999999999,0.3571,0.4615,-0.10440000000000005,0.6,0.6667,-0.2,-0.3,0.09999999999999998,1.0,0.0,0.0,1,1,0,Draw
ISL00100,2015-16,2016-03-29,Bengaluru FC,Chennaiyin FC,Bengaluru,4-4-2,5-3-2,7.76,6.98,6.27,7.21,52.1,32.0,43.1,26.9,12,16,5,23,3,0,3,0,5,1,4,1,45.3,30.2,43.1,20.1,1,2,Clear,Good,Day,5.1,4.9,8.68,7.64,1,0,6.2,7,9,18.5,6.3,Away,0.31,0.34,9.0,1.2088164248685789,5.100000000000001,3.8999999999999986,1.4900000000000002,-0.22999999999999954,0.6299999999999999,0.1999999999999993,1.04,-2,1,12.2,-0.030000000000000027,-1,7,-7,0,0,1,0,2.1999999999999957,10.099999999999998,0.3333,0.375,-0.041700000000000015,0.5,0.25,-0.2,0.5,-0.7,0.5,0.5,0.0,1,6,-5,Away_Win
ISL00101,2015-16,2016-04-01,FC Goa,East Bengal FC,Goa,4-2-3-1,4-2-3-1,7.17,6.65,6.55,7.37,35.4,16.5,59.5,36.9,8,12,7,6,5,0,0,1,5,1,0,1,30.7,44.1,51.3,36.5,2,0,Humid,Good,Night,8.4,2.1,7.73,7.24,0,2,4.6,8,9,28.0,21.3,,0.32,0.49,-24.1,0.5949578832003557,-20.4,-3.700000000000003,0.6200000000000001,-0.7199999999999998,-0.04999999999999982,6.300000000000001,0.4900000000000002,-1,-2,6.699999999999999,-0.16999999999999998,2,1,6,5,-1,5,0,-20.599999999999998,7.600000000000001,0.4286,0.4667,-0.03810000000000002,0.2857,0.4,-0.3,0.3,-0.6,0.0,0.0,1.0,4,7,-3,Away_Win
ISL00102,2015-16,2016-04-04,Punjab FC,East Bengal FC,Mohali,4-3-3,4-4-2,7.02,7.16,6.26,7.62,54.7,29.5,31.3,20.1,9,13,6,8,1,1,4,1,1,3,4,1,41.5,22.5,26.4,15.9,2,1,Rainy,Good,Day,3.4,0.2,7.44,8.32,0,0,6.6,8,12,21.6,25.9,Away,0.34,0.32,23.400000000000002,1.7476032755261102,9.399999999999999,14.000000000000004,0.7599999999999998,-0.45999999999999996,0.15000000000000036,3.1999999999999997,-0.8799999999999999,-4,0,-4.299999999999997,0.020000000000000018,1,3,5,-3,0,-3,2,15.100000000000001,6.6,0.3846,0.5,-0.1154,0.4286,0.4545,0.8,0.4,0.4,0.4,0.28,0.32,11,3,8,Away_Win
ISL00103,2015-16,2016-04-04,FC Goa,Mumbai City FC,Goa,5-3-2,4-4-2,7.48,8.33,6.97,6.54,33.5,21.9,46.7,25.5,13,13,13,9,5,2,6,1,6,2,7,1,22.7,39.3,51.6,29.6,2,2,Rainy,Average,Night,3.6,0.8,7.34,5.95,0,0,1.5,5,6,5.9,22.9,,0.41,0.4,-13.200000000000003,0.7173446001403425,-3.6000000000000014,-9.600000000000001,0.5100000000000007,1.79,1.1500000000000004,2.8,1.3899999999999997,-1,0,-17.0,0.009999999999999953,0,0,4,-1,1,-1,1,-28.900000000000002,9.699999999999996,0.4,0.2353,0.1647,0.25,0.1111,-0.5,-0.8,0.30000000000000004,0.0,1.0,0.0,3,30,-27,Away_Win
ISL00104,2015-16,2016-04-06,East Bengal FC,NorthEast United FC,Kolkata,4-4-2,5-3-2,7.43,7.11,6.04,7.39,56.9,31.7,51.1,35.2,7,13,15,13,3,2,1,2,3,2,1,3,37.6,40.4,36.6,39.6,1,0,Rainy,Good,Night,7.4,8.3,6.77,7.86,0,1,1.3,12,2,11.2,16.5,,0.43,0.41,5.799999999999997,1.1135027175141452,-3.5000000000000036,9.3,1.3899999999999997,-0.27999999999999936,0.5549999999999997,-0.9000000000000004,-1.0900000000000007,10,-1,-5.300000000000001,0.020000000000000018,1,-8,0,2,0,2,-1,1.0,0.7999999999999972,0.5294,0.2353,0.2941,0.6,0.4,0.5,-0.5,1.0,0.0,0.0,1.0,2,15,-13,Home_Win
ISL00105,2015-16,2016-04-07,Odisha FC,Hyderabad FC,Bhubaneswar,4-4-2,4-2-3-1,7.42,7.3,7.69,6.5,46.6,28.0,46.0,26.3,10,14,8,8,3,0,1,3,5,0,1,3,32.6,27.9,26.2,36.8,0,0,Rainy,Good,Night,7.2,0.3,5.72,8.15,0,0,9.7,6,8,17.1,6.6,,0.41,0.47,0.6000000000000014,1.0130432580340742,1.6999999999999993,-1.0999999999999979,-0.27000000000000046,0.7999999999999998,0.2649999999999988,6.9,-2.4300000000000006,-2,0,10.500000000000002,-0.06,0,2,6,2,-3,4,-3,6.400000000000002,-8.899999999999999,0.2727,0.5,-0.2273,0.1818,0.3333,-0.8,0.5,-1.3,0.0,1.0,0.0,15,30,-15,Home_Win
ISL00106,2015-16,2016-04-07,Hyderabad FC,Bengaluru FC,Hyderabad,4-2-3-1,4-3-3,6.76,7.51,6.39,6.94,44.8,28.3,46.8,24.2,10,10,8,13,1,1,3,1,1,2,5,1,46.7,25.6,27.2,36.1,2,3,Rainy,Good,Night,2.3,8.5,7.12,6.47,0,0,2.9,7,7,24.8,9.7,,0.31,0.5,-2.0,0.9572647527212066,4.100000000000001,-6.100000000000001,0.3700000000000001,0.5699999999999994,0.46999999999999975,-6.2,0.6500000000000004,0,0,15.100000000000001,-0.19,-1,2,-3,-2,0,-4,1,19.500000000000004,-10.5,0.4444,0.3125,0.13190000000000002,0.6,0.2222,0.11,-0.2,0.31,0.4,0.28,0.32,1,9,-8,Away_Win
ISL00107,2015-16,2016-04-12,Jamshedpur FC,Hyderabad FC,Jamshedpur,4-2-3-1,4-2-3-1,6.12,7.29,6.04,6.85,33.1,21.7,51.6,36.0,9,10,6,19,1,0,1,0,2,2,1,1,30.1,54.0,43.3,21.6,1,1,Rainy,Good,Day,0.8,8.8,9.16,7.26,1,2,9.3,4,4,11.8,14.3,,0.41,0.48,-18.5,0.641472743900631,-14.3,-4.199999999999999,0.08000000000000007,0.4400000000000004,0.2599999999999998,-8.0,1.9000000000000004,0,-1,-2.5,-0.07,0,3,-9,0,0,1,1,-13.199999999999996,32.4,0.3043,0.4,-0.09570000000000001,0.5455,0.25,-0.7,0.0,-0.7,0.3333,0.0,0.6667,19,5,14,Home_Win
ISL00108,2015-16,2016-04-13,Kerala Blasters,Mumbai City FC,Kochi,3-5-2,4-2-3-1,7.0,6.86,5.27,7.89,47.0,30.1,50.3,26.1,6,12,6,9,1,1,2,1,3,1,3,1,49.6,18.9,25.2,51.4,2,1,Humid,Good,Night,6.7,5.2,6.43,5.32,2,1,9.2,10,9,19.7,7.1,Home,0.39,0.45,-3.299999999999997,0.9343934524068683,4.0,-7.299999999999997,1.7300000000000004,-1.0299999999999994,0.34999999999999964,1.5,1.1099999999999994,1,1,12.6,-0.06,1,0,3,-1,0,0,0,24.400000000000002,-32.5,0.4783,0.2778,0.2005,0.6429,0.2,1.2,-1.0,2.2,0.6667,0.0,0.3333,16,9,7,Home_Win
ISL00109,2015-16,2016-04-14,FC Goa,Punjab FC,Goa,3-4-3,4-2-3-1,6.04,6.63,6.85,6.72,52.9,23.9,57.3,32.1,9,15,9,16,1,2,4,1,1,3,5,2,17.3,36.0,16.1,31.1,2,1,Rainy,Good,Night,2.9,5.7,7.72,6.18,0,0,3.7,2,8,16.5,25.4,,0.49,0.41,-4.399999999999999,0.9232110081656181,-8.200000000000003,3.8000000000000043,-0.8099999999999996,-0.08999999999999986,-0.4500000000000002,-2.8000000000000003,1.54,-6,0,-8.899999999999999,0.08000000000000002,1,0,-1,-3,1,-4,1,1.1999999999999993,4.899999999999999,0.375,0.3571,0.017900000000000027,0.2222,0.3333,-0.3,0.1,-0.4,0.4,0.28,0.32,10,10,0,Home_Win
ISL00110,2015-16,2016-04-15,NorthEast United FC,Bengaluru FC,Guwahati,4-2-3-1,4-3-3,6.93,7.22,6.79,6.79,47.6,26.4,50.7,31.7,8,10,7,9,2,1,0,2,2,1,1,4,17.6,33.3,15.8,18.8,1,0,Rainy,Average,Night,4.5,8.4,4.9,5.79,0,0,2.4,2,7,9.1,12.1,Home,0.46,0.48,-3.1000000000000014,0.9388558306004278,-5.300000000000001,2.1999999999999993,0.13999999999999968,0.4299999999999997,0.28499999999999925,-3.9000000000000004,-0.8899999999999997,-5,0,-3.0,-0.019999999999999962,1,1,1,2,-1,1,-3,1.8000000000000007,14.499999999999996,0.2222,0.3529,-0.13069999999999998,0.0,0.3,-0.7,-0.1,-0.6,0.4,0.28,0.32,9,8,1,Away_Win
ISL00111,2016-17,2016-10-03,East Bengal FC,ATK Mohun Bagan,Kolkata,4-3-3,4-3-3,6.62,6.81,7.75,6.35,31.5,17.8,31.8,20.7,12,7,11,14,0,1,4,4,0,2,4,5,29.7,32.2,34.0,31.8,0,3,Rainy,Poor,Night,5.2,9.8,6.92,6.37,1,0,2.9,12,5,21.9,15.1,,0.49,0.32,-0.3000000000000007,0.990565726237193,-2.8999999999999986,2.599999999999998,-1.13,0.45999999999999996,-0.33499999999999996,-4.6000000000000005,0.5499999999999998,7,1,6.799999999999999,0.16999999999999998,-3,1,-7,-4,-3,-4,-3,-4.300000000000001,0.40000000000000213,0.5556,0.4667,0.08889999999999998,0.6667,0.6,0.9,0.2,0.7,1.0,0.0,0.0,30,30,0,Home_Win
ISL00112,2016-17,2016-10-04,Kerala Blasters,Mumbai City FC,Kochi,5-3-2,4-2-3-1,7.16,7.22,6.37,7.65,40.1,18.6,29.0,15.3,6,16,8,14,1,2,3,0,3,4,3,1,25.8,19.3,15.9,39.6,0,1,Humid,Average,Night,7.7,2.1,6.66,6.54,3,1,9.5,10,6,28.3,10.2,Home,0.37,0.33,11.100000000000001,1.3827581438765022,3.3000000000000007,7.800000000000001,0.79,-0.4300000000000006,0.17999999999999972,5.6,0.1200000000000001,4,2,18.1,0.03999999999999998,-1,-2,2,-2,2,0,3,9.9,-20.3,0.5,0.2632,0.2368,0.6667,0.1818,1.3,-0.8,2.1,0.75,0.0,0.25,30,30,0,Away_Win
ISL00113,2016-17,2016-10-04,Odisha FC,Hyderabad FC,Bhubaneswar,4-2-3-1,3-5-2,6.87,8.12,6.14,7.69,61.8,36.2,37.5,17.2,4,12,7,22,1,1,1,0,1,2,2,3,30.3,39.6,15.2,54.6,1,2,Overcast,Good,Night,7.7,5.0,6.67,8.15,1,0,8.8,9,3,21.8,6.2,,0.41,0.45,24.299999999999997,1.6479995605334503,19.000000000000004,5.299999999999994,0.7300000000000004,0.4299999999999988,0.5799999999999992,2.7,-1.4800000000000004,6,1,15.600000000000001,-0.040000000000000036,-1,-3,-10,0,1,-1,-1,15.100000000000001,-15.0,0.3043,0.3636,-0.059299999999999964,0.25,0.2,-0.5,-0.2,-0.3,0.5,0.5,0.0,30,30,0,Draw
ISL00114,2016-17,2016-10-05,FC Goa,ATK Mohun Bagan,Goa,5-3-2,3-4-3,5.97,6.81,7.31,6.47,14.6,8.8,42.3,25.1,16,17,7,10,4,2,2,0,4,3,2,1,17.8,38.9,35.8,26.8,4,1,Clear,Average,Night,1.9,8.3,6.83,6.18,1,0,4.4,5,4,18.3,5.0,Both,0.35,0.34,-27.699999999999996,0.3451535827060088,-16.3,-11.399999999999997,-1.3399999999999999,0.33999999999999986,-0.5,-6.4,0.6500000000000004,1,1,13.3,0.009999999999999953,3,9,7,2,2,2,2,-17.999999999999996,12.099999999999998,0.4118,0.4375,-0.0257,0.3,0.5,0.0,-0.1,0.1,1.0,0.0,0.0,30,2,28,Home_Win
ISL00115,2016-17,2016-10-12,Kerala Blasters,East Bengal FC,Kochi,4-3-3,3-5-2,7.43,7.08,7.27,6.47,44.7,29.4,37.5,22.4,10,11,8,11,2,0,0,1,2,1,1,2,40.9,54.6,41.6,19.7,4,1,Clear,Average,Night,6.0,0.3,7.9,5.54,2,1,2.6,7,15,14.1,15.8,,0.42,0.31,7.200000000000003,1.191999682133418,7.0,0.20000000000000284,0.16000000000000014,0.6100000000000003,0.3850000000000007,5.7,2.3600000000000003,-8,1,-1.700000000000001,0.10999999999999999,3,2,0,2,-1,1,-1,-0.7000000000000028,34.900000000000006,0.48,0.5789,-0.09889999999999999,0.625,0.5,0.8,1.1,-0.30000000000000004,0.6667,0.0,0.3333,8,9,-1,Away_Win
ISL00116,2016-17,2016-10-14,Bengaluru FC,Jamshedpur FC,Bengaluru,4-4-2,4-3-3,7.38,7.35,6.93,6.34,40.5,27.8,55.8,35.3,9,10,5,10,1,1,0,0,3,1,2,2,43.0,30.7,49.5,31.5,1,3,Clear,Average,Night,5.3,8.8,7.05,6.39,1,0,1.6,10,7,12.0,13.1,,0.49,0.36,-15.299999999999997,0.7258063215400857,-7.4999999999999964,-7.800000000000001,0.4500000000000002,1.0099999999999998,0.7300000000000004,-3.500000000000001,0.6600000000000001,3,1,-1.0999999999999996,0.13,-2,4,0,1,1,1,-1,-6.5,-0.8000000000000007,0.3889,0.3333,0.05560000000000004,0.4286,0.0833,0.0,-0.6,0.6,0.5,0.5,0.0,30,30,0,Away_Win
ISL00117,2016-17,2016-10-14,Punjab FC,FC Goa,Mohali,4-2-3-1,3-5-2,7.2,6.15,6.81,7.93,39.6,19.1,36.3,18.7,7,10,7,13,2,3,3,2,3,4,4,2,43.8,53.6,24.3,33.4,2,2,Clear,Good,Night,4.9,5.0,7.87,7.54,0,1,5.9,7,7,8.3,24.2,,0.49,0.49,3.3000000000000043,1.0909087903832533,0.40000000000000213,2.900000000000002,0.39000000000000057,-1.7799999999999994,-0.6949999999999985,-0.09999999999999964,0.33000000000000007,0,-1,-15.899999999999999,0.0,0,0,-3,-1,1,-1,2,19.499999999999996,20.200000000000003,0.3333,0.4444,-0.11110000000000003,0.375,0.5714,-0.1,0.3,-0.4,0.0,0.0,1.0,30,9,21,Draw
ISL00118,2016-17,2016-10-17,Punjab FC,Chennaiyin FC,Mohali,3-4-3,4-2-3-1,7.94,7.15,6.18,7.61,49.8,25.3,49.7,32.6,7,16,9,13,0,2,2,0,0,2,3,2,45.6,32.2,23.3,49.3,2,1,Clear,Poor,Night,5.5,0.5,6.49,5.05,1,1,2.7,7,12,21.7,5.0,,0.46,0.32,0.09999999999999432,1.002011870822561,-7.300000000000001,7.399999999999995,1.7600000000000007,-0.45999999999999996,0.6500000000000004,5.0,1.4400000000000004,-5,0,16.7,0.14,1,-2,3,-2,2,-3,0,22.3,-17.099999999999994,0.3125,0.4118,-0.0993,0.3333,0.3333,0.1,0.9,-0.8,0.5,0.0,0.5,3,30,-27,Away_Win
ISL00119,2016-17,2016-10-19,Chennaiyin FC,East Bengal FC,Chennai,5-3-2,3-4-3,6.67,6.56,7.0,6.11,38.9,23.9,56.6,36.4,12,20,10,11,2,1,3,2,3,3,4,2,48.9,41.2,45.4,37.7,0,2,Humid,Good,Night,3.6,0.7,6.19,6.12,0,0,9.5,12,15,11.1,18.3,,0.4,0.44,-17.700000000000003,0.6872790305160723,-12.5,-5.200000000000003,-0.33000000000000007,0.4499999999999993,0.0600000000000005,2.9000000000000004,0.07000000000000028,-3,0,-7.200000000000001,-0.03999999999999998,-2,2,9,-1,-1,-1,1,3.5,3.5,0.4444,0.6,-0.15559999999999996,0.5,0.5385,1.2,1.1,0.09999999999999987,0.4,0.28,0.32,2,7,-5,Draw
ISL00120,2016-17,2016-10-22,Jamshedpur FC,Kerala Blasters,Jamshedpur,3-4-3,4-3-3,7.22,8.25,5.5,7.06,59.3,28.6,43.5,28.9,9,17,8,8,3,2,1,1,3,2,1,3,39.0,47.4,26.9,27.5,1,3,Rainy,Good,Day,6.0,1.2,4.19,7.06,1,1,4.6,7,7,19.7,7.2,Away,0.39,0.33,15.799999999999997,1.3632180774211315,-0.29999999999999716,16.099999999999994,1.7199999999999998,1.1900000000000004,1.455,4.8,-2.869999999999999,0,0,12.5,0.06,-2,1,9,2,1,2,-1,12.100000000000001,19.9,0.36,0.4615,-0.10150000000000003,0.5833,0.2222,-0.7,0.7,-1.4,0.3333,0.3333,0.3333,8,10,-2,Home_Win
ISL00121,2016-17,2016-10-24,Mumbai City FC,ATK Mohun Bagan,Mumbai,4-3-3,3-5-2,7.18,6.56,7.74,6.56,15.5,7.8,35.5,22.7,8,13,13,9,2,2,0,1,3,4,0,1,36.4,48.9,40.4,47.6,1,1,Rainy,Good,Night,4.6,1.9,6.69,6.81,1,2,3.0,6,4,12.0,8.2,,0.43,0.32,-20.0,0.4366195953184238,-14.899999999999999,-5.1000000000000005,-0.5600000000000005,0.0,-0.28000000000000114,2.6999999999999997,-0.11999999999999922,2,-1,3.8000000000000007,0.10999999999999999,0,-5,4,2,1,3,3,-4.0,1.2999999999999972,0.3,0.4118,-0.11180000000000001,0.375,0.4286,-0.5,-0.1,-0.4,0.3333,0.0,0.6667,20,19,1,Away_Win
ISL00122,2016-17,2016-10-26,Hyderabad FC,Chennaiyin FC,Hyderabad,3-4-3,4-2-3-1,6.57,6.99,5.06,8.1,34.2,20.3,51.1,31.6,10,13,8,6,5,1,1,1,6,2,2,1,42.0,47.5,44.4,27.3,2,1,Rainy,Poor,Night,5.7,8.6,6.9,6.52,1,0,7.0,4,13,18.6,25.8,,0.33,0.33,-16.9,0.6692757985761647,-11.3,-5.599999999999998,1.5100000000000007,-1.1099999999999994,0.20000000000000018,-2.8999999999999995,0.3800000000000008,-9,1,-7.199999999999999,0.0,1,2,7,4,0,4,1,-2.3999999999999986,20.2,0.3333,0.4211,-0.08779999999999999,0.5,0.4,-0.3,1.0,-1.3,0.5,0.5,0.0,22,7,15,Home_Win
ISL00123,2016-17,2016-10-27,Hyderabad FC,Punjab FC,Hyderabad,4-4-2,5-3-2,6.82,6.67,7.29,7.42,55.3,27.2,43.5,25.6,8,17,5,14,2,0,1,1,2,1,2,1,31.1,21.6,23.2,54.2,2,1,Clear,Average,Night,5.1,5.3,7.72,7.72,0,0,7.0,4,4,7.8,23.0,Away,0.4,0.48,11.799999999999997,1.2712640755714768,1.5999999999999979,10.2,-0.46999999999999975,-0.75,-0.6100000000000003,-0.20000000000000018,0.0,0,0,-15.2,-0.07999999999999996,1,3,3,1,-1,0,0,7.900000000000002,-32.6,0.3846,0.2941,0.09050000000000002,0.5714,0.2857,-0.1,0.0,-0.1,0.4,0.28,0.32,1,10,-9,Draw
ISL00124,2016-17,2016-10-30,Punjab FC,NorthEast United FC,Mohali,5-3-2,3-5-2,6.07,7.38,6.1,6.43,37.4,24.1,33.7,22.4,12,12,6,10,1,0,5,2,2,0,7,3,48.0,54.7,40.6,34.5,2,1,Clear,Good,Day,7.4,9.7,6.34,8.32,0,0,6.1,2,2,8.9,22.3,,0.4,0.43,3.6999999999999957,1.1097919555513482,1.7000000000000028,1.999999999999993,-0.02999999999999936,0.9500000000000002,0.45999999999999996,-2.299999999999999,-1.9800000000000004,0,0,-13.4,-0.02999999999999997,1,6,2,-4,-2,-5,-3,7.399999999999999,20.200000000000003,0.2778,0.2105,0.0673,0.3,0.3636,-0.4,-0.8,0.4,0.0,1.0,0.0,3,30,-27,Home_Win
ISL00125,2016-17,2016-10-31,East Bengal FC,FC Goa,Kolkata,5-3-2,4-4-2,7.72,6.29,6.28,7.93,57.2,38.0,40.6,20.6,7,11,8,17,3,1,2,0,4,1,3,0,24.5,33.5,20.7,43.5,3,1,Rainy,Good,Night,7.5,9.6,8.03,7.06,3,0,6.5,13,7,17.1,7.3,,0.45,0.45,16.6,1.408866648062402,17.4,-0.7999999999999972,1.4399999999999995,-1.6399999999999997,-0.10000000000000053,-2.0999999999999996,0.9699999999999998,6,3,9.8,0.0,2,-1,-6,1,1,1,1,3.8000000000000007,-10.0,0.5714,0.4211,0.15030000000000004,0.7143,0.5,1.3,0.2,1.1,1.0,0.0,0.0,12,17,-5,Draw
ISL00126,2016-17,2016-10-31,Bengaluru FC,Hyderabad FC,Bengaluru,5-3-2,3-4-3,6.73,8.09,8.32,7.52,47.7,21.9,52.5,32.4,8,14,9,9,2,0,0,0,2,0,0,0,41.9,51.3,17.6,35.7,0,1,Overcast,Average,Night,7.4,3.0,5.68,9.81,1,0,2.5,7,5,23.5,12.6,Away,0.43,0.33,-4.799999999999997,0.9085712555102371,-10.5,5.700000000000003,-1.5899999999999999,0.5700000000000003,-0.5099999999999998,4.4,-4.130000000000001,2,1,10.9,0.09999999999999998,-1,-1,5,2,0,2,0,24.299999999999997,15.599999999999994,0.3684,0.3571,0.011300000000000032,0.375,0.1667,-0.2,-0.1,-0.1,1.0,0.0,0.0,17,4,13,Draw
ISL00127,2016-17,2016-11-02,Bengaluru FC,FC Goa,Bengaluru,4-2-3-1,3-4-3,5.94,7.87,7.32,6.81,37.6,21.9,36.4,23.6,7,14,5,10,6,1,2,2,9,2,2,2,53.6,26.5,19.9,31.2,0,2,Overcast,Good,Day,0.2,2.2,6.59,5.22,1,0,5.6,7,8,11.3,28.5,Both,0.48,0.41,1.2000000000000028,1.032966749184959,-1.7000000000000028,2.9000000000000057,-1.38,1.0600000000000005,-0.15999999999999925,-2.0,1.37,-1,1,-17.2,0.07,-2,2,4,4,-1,7,0,33.7,-4.699999999999999,0.35,0.4,-0.050000000000000044,0.3333,0.4444,0.1,0.1,0.0,0.5,0.5,0.0,2,2,0,Draw
ISL00128,2016-17,2016-11-02,Hyderabad FC,NorthEast United FC,Hyderabad,4-2-3-1,3-5-2,7.41,6.34,5.98,7.15,56.7,36.8,69.7,44.9,10,9,13,14,1,1,0,2,1,1,1,4,20.2,48.6,26.6,28.6,1,0,Rainy,Good,Night,0.5,4.6,7.7,8.18,0,0,1.9,6,1,25.6,10.3,,0.38,0.36,-13.0,0.8134862534453008,-8.100000000000001,-4.899999999999999,1.4299999999999997,-0.8100000000000005,0.3099999999999996,-4.1,-0.47999999999999954,5,0,15.3,0.020000000000000018,1,-3,-5,1,-1,0,-3,-6.400000000000002,20.0,0.3333,0.2,0.13329999999999997,0.5,0.3333,-0.3,-0.9,0.6000000000000001,0.0,1.0,0.0,2,3,-1,Away_Win
ISL00129,2016-17,2016-11-15,Bengaluru FC,NorthEast United FC,Bengaluru,4-2-3-1,3-4-3,7.14,7.5,6.53,7.32,50.9,35.3,49.7,24.0,11,14,11,16,2,1,1,2,2,1,1,2,20.1,16.7,39.5,50.6,2,0,Overcast,Poor,Night,1.2,5.1,6.51,4.84,1,0,5.3,8,3,14.1,21.0,,0.48,0.33,1.1999999999999957,1.024144663149967,11.299999999999997,-10.100000000000001,0.6099999999999994,0.17999999999999972,0.3949999999999996,-3.8999999999999995,1.67,5,1,-6.9,0.14999999999999997,2,0,-2,1,-1,1,-1,-19.4,-33.900000000000006,0.3333,0.2381,0.09519999999999998,0.3,0.3846,0.3,-0.8,1.1,1.0,0.0,0.0,13,13,0,Away_Win
ISL00130,2016-17,2016-11-17,Odisha FC,Jamshedpur FC,Bhubaneswar,4-4-2,4-2-3-1,7.41,6.74,6.43,6.48,53.4,27.7,62.4,33.0,7,18,9,15,2,1,0,2,2,1,1,4,34.1,39.3,54.1,23.1,2,2,Clear,Poor,Day,2.7,3.1,6.62,6.58,0,0,2.9,10,9,16.4,27.7,,0.32,0.44,-9.0,0.8557690936267478,-5.300000000000001,-3.6999999999999993,0.9800000000000004,0.2599999999999998,0.6200000000000001,-0.3999999999999999,0.040000000000000036,1,0,-11.3,-0.12,0,-2,3,2,-1,1,-3,-20.0,16.199999999999996,0.2917,0.3846,-0.09289999999999998,0.2308,0.1538,-0.6,-0.2,-0.39999999999999997,0.4,0.28,0.32,30,26,4,Away_Win
ISL00131,2016-17,2016-11-17,NorthEast United FC,Mumbai City FC,Guwahati,4-2-3-1,5-3-2,7.88,7.28,6.45,7.68,52.5,25.8,25.1,17.1,9,16,9,15,2,1,1,0,2,1,2,0,51.3,48.6,31.7,38.4,0,1,Clear,Average,Night,6.3,2.6,5.76,4.51,1,0,5.0,6,6,19.3,15.9,,0.38,0.45,27.4,2.091632632815684,8.7,18.7,1.4299999999999997,-0.39999999999999947,0.5150000000000006,3.6999999999999997,1.25,0,1,3.4000000000000004,-0.07,-1,0,1,1,1,0,1,19.599999999999998,10.200000000000003,0.2727,0.2857,-0.013000000000000012,0.0,0.25,-0.8,-0.5,-0.30000000000000004,1.0,0.0,0.0,2,24,-22,Draw
ISL00132,2016-17,2016-11-18,Jamshedpur FC,Hyderabad FC,Jamshedpur,4-2-3-1,4-4-2,6.4,6.56,7.29,7.17,29.6,19.8,55.6,35.8,5,20,6,14,2,2,1,0,2,2,2,1,28.3,24.3,15.9,21.2,0,1,Humid,Good,Day,0.0,1.3,5.28,7.89,2,2,6.5,12,6,29.3,14.3,,0.44,0.31,-26.0,0.5323740049687041,-15.999999999999996,-10.000000000000004,-0.8899999999999997,-0.6100000000000003,-0.75,-1.3,-2.6099999999999994,6,0,15.0,0.13,-1,-1,6,1,2,0,1,12.4,3.1000000000000014,0.4074,0.3125,0.09489999999999998,0.6154,0.1429,-0.1,-0.4,0.30000000000000004,0.5,0.0,0.5,1,16,-15,Home_Win
ISL00133,2016-17,2016-11-19,FC Goa,Hyderabad FC,Goa,3-4-3,4-2-3-1,6.44,7.12,7.24,7.64,41.1,27.8,25.4,12.4,7,15,10,15,3,0,2,0,3,3,2,0,44.6,48.9,54.3,23.1,0,1,Clear,Good,Night,6.8,2.9,5.75,6.16,0,0,2.7,9,5,15.2,28.4,,0.38,0.43,15.700000000000003,1.6181095991694494,15.4,0.3000000000000025,-0.7999999999999998,-0.5199999999999996,-0.6599999999999993,3.9,-0.41000000000000014,4,0,-13.2,-0.04999999999999999,-1,-3,0,1,0,1,3,-9.699999999999996,25.799999999999997,0.381,0.2941,0.08690000000000003,0.3636,0.125,0.0,-0.4,0.4,0.4,0.28,0.32,17,1,16,Draw
ISL00134,2016-17,2016-11-19,Jamshedpur FC,Bengaluru FC,Jamshedpur,3-5-2,4-2-3-1,6.91,8.19,7.06,7.42,59.7,29.8,50.7,28.9,15,12,10,10,5,2,2,1,7,3,2,2,39.2,18.4,43.7,16.8,1,1,Overcast,Good,Night,6.7,2.2,6.06,7.96,1,1,8.2,15,5,28.0,29.5,,0.3,0.42,9.0,1.1775145606480155,0.9000000000000021,8.099999999999998,-0.14999999999999947,0.7699999999999996,0.3099999999999996,4.5,-1.9000000000000004,10,0,-1.5,-0.12,0,5,2,3,1,5,1,-4.5,1.5999999999999979,0.4286,0.3182,0.1104,0.6429,0.3636,0.2,-0.3,0.5,0.3333,0.3333,0.3333,1,4,-3,Away_Win
ISL00135,2016-17,2016-11-19,East Bengal FC,FC Goa,Kolkata,4-3-3,3-4-3,7.45,6.97,6.84,7.39,51.6,28.9,55.5,36.2,10,11,8,17,0,1,5,0,1,1,6,1,25.9,22.6,44.2,23.6,0,0,Humid,Poor,Night,2.0,1.8,5.78,5.92,3,0,5.6,11,7,16.9,11.8,,0.31,0.42,-3.8999999999999986,0.9297295622108896,-7.300000000000004,3.4000000000000057,0.6100000000000003,-0.41999999999999993,0.09499999999999975,0.19999999999999996,-0.13999999999999968,4,3,5.099999999999998,-0.10999999999999999,0,2,-6,-5,1,-5,0,-18.300000000000004,-1.0,0.5455,0.3636,0.1819,0.625,0.4,1.1,0.1,1.0,0.75,0.25,0.0,19,1,18,Away_Win
ISL00136,2016-17,2016-11-25,ATK Mohun Bagan,Jamshedpur FC,Kolkata,4-2-3-1,4-4-2,6.5,7.73,5.09,6.91,63.5,40.0,51.2,34.0,8,14,7,13,1,0,0,3,3,0,0,5,32.2,34.4,40.3,25.7,0,0,Humid,Good,Night,4.4,4.0,8.52,7.62,0,0,4.5,4,12,9.3,10.7,Both,0.42,0.38,12.299999999999997,1.2402341327667707,6.0,6.299999999999997,1.4100000000000001,0.8200000000000003,1.1150000000000002,0.40000000000000036,0.8999999999999995,-8,0,-1.3999999999999986,0.03999999999999998,0,1,1,1,-3,3,-5,-8.099999999999994,8.7,0.4444,0.4138,0.030600000000000016,0.4,0.2143,-0.1,0.2,-0.30000000000000004,0.4,0.28,0.32,30,6,24,Away_Win
ISL00137,2016-17,2016-11-26,Mumbai City FC,Hyderabad FC,Mumbai,4-4-2,3-4-3,6.34,6.64,6.56,7.33,29.3,19.4,40.2,23.3,10,14,9,11,1,3,2,2,1,4,2,2,19.8,28.3,27.1,49.5,1,0,Humid,Poor,Night,2.1,6.5,6.95,5.51,0,0,7.2,7,3,19.1,26.5,,0.32,0.46,-10.900000000000002,0.7288555400856864,-3.900000000000002,-7.0,-0.21999999999999975,-0.6900000000000004,-0.45500000000000007,-4.4,1.4400000000000004,4,0,-7.399999999999999,-0.14,1,1,3,-1,1,-1,2,-7.300000000000001,-21.2,0.2727,0.2778,-0.005099999999999993,0.3333,0.1111,-0.5,-0.5,0.0,0.4,0.28,0.32,9,7,2,Away_Win
ISL00138,2016-17,2016-11-28,Punjab FC,Chennaiyin FC,Mohali,5-3-2,3-4-3,6.77,7.11,6.89,6.79,33.9,16.7,23.9,11.4,13,14,7,8,1,2,1,0,2,2,2,0,17.5,35.9,31.8,25.1,0,1,Rainy,Good,Day,7.3,0.0,6.17,7.93,1,2,3.6,5,10,9.6,21.3,,0.44,0.44,10.0,1.4184094483642475,5.299999999999999,4.700000000000001,-0.1200000000000001,0.3200000000000003,0.09999999999999964,7.3,-1.7599999999999998,-5,-1,-11.700000000000001,0.0,-1,6,6,0,2,0,2,-14.3,10.799999999999997,0.3158,0.4,-0.0842,0.3636,0.3636,0.2,0.9,-0.7,0.3333,0.0,0.6667,29,30,-1,Away_Win
ISL00139,2016-17,2016-11-29,Hyderabad FC,Punjab FC,Hyderabad,4-3-3,4-2-3-1,7.09,6.87,7.03,7.27,53.9,33.2,44.5,22.5,5,11,11,13,2,1,0,1,3,1,2,1,49.5,29.7,31.3,43.9,3,0,Humid,Good,Night,3.9,3.9,8.24,5.8,0,0,8.7,5,5,6.7,21.9,,0.33,0.37,9.399999999999999,1.2112356828683857,10.700000000000003,-1.3000000000000043,0.05999999999999961,-0.39999999999999947,-0.16999999999999993,0.0,2.4400000000000004,0,0,-15.2,-0.03999999999999998,3,-6,-2,2,0,1,0,18.2,-14.2,0.3158,0.3,0.015800000000000036,0.4444,0.25,-0.1,-0.1,0.0,0.0,1.0,0.0,3,1,2,Away_Win
ISL00140,2016-17,2016-12-01,FC Goa,Jamshedpur FC,Goa,3-4-3,4-3-3,6.81,7.13,6.64,7.51,39.9,26.0,56.7,25.9,9,16,4,5,2,1,3,0,4,1,5,0,35.2,32.7,44.7,40.2,1,0,Clear,Poor,Night,4.1,2.9,5.64,7.65,3,0,5.1,7,12,20.2,20.1,,0.47,0.39,-16.800000000000004,0.7037035795937249,0.10000000000000142,-16.900000000000006,0.16999999999999993,-0.3799999999999999,-0.10499999999999954,1.1999999999999997,-2.0100000000000007,-5,3,0.09999999999999787,0.07999999999999996,1,5,11,-1,1,-1,1,-9.5,-7.5,0.3913,0.4333,-0.04200000000000004,0.3333,0.2667,0.4,0.2,0.2,1.0,0.0,0.0,12,6,6,Draw
ISL00141,2016-17,2016-12-01,Odisha FC,NorthEast United FC,Bhubaneswar,5-3-2,3-5-2,6.54,7.37,6.35,6.41,46.3,27.2,49.6,24.4,4,12,7,15,1,0,1,1,2,0,1,1,20.8,38.0,38.6,53.6,1,1,Clear,Good,Day,2.2,1.9,5.59,9.25,3,0,3.4,7,7,5.3,18.0,,0.42,0.49,-3.3000000000000043,0.9334675537363801,2.8000000000000007,-6.100000000000005,0.1900000000000004,0.96,0.5750000000000002,0.30000000000000027,-3.66,0,3,-12.7,-0.07,0,-3,-3,0,-1,1,-1,-17.8,-15.600000000000001,0.28,0.2609,0.019100000000000006,0.2143,0.4286,-0.3,-0.6,0.3,0.75,0.25,0.0,14,14,0,Draw
ISL00142,2016-17,2016-12-02,Chennaiyin FC,FC Goa,Chennai,5-3-2,3-4-3,7.88,6.72,6.74,7.71,87.3,42.9,30.1,14.0,4,5,7,14,3,1,4,1,3,2,4,1,54.4,50.3,40.0,53.4,0,0,Overcast,Poor,Night,9.6,8.5,7.54,6.14,0,0,2.9,10,7,17.3,5.5,Away,0.43,0.4,57.199999999999996,2.9003312623484176,28.9,28.299999999999997,1.1399999999999997,-0.9900000000000002,0.07500000000000018,1.0999999999999996,1.4000000000000004,3,0,11.8,0.02999999999999997,0,-3,-9,-1,0,-1,1,14.399999999999999,-3.1000000000000014,0.4286,0.375,0.05359999999999998,0.4444,0.4545,0.9,0.4,0.5,0.4,0.28,0.32,4,1,3,Away_Win
ISL00143,2016-17,2016-12-04,Hyderabad FC,Jamshedpur FC,Hyderabad,4-2-3-1,3-5-2,6.72,7.02,5.78,6.93,58.8,27.0,42.0,26.3,10,18,8,19,2,0,3,2,2,0,3,2,26.8,54.0,41.5,31.5,2,2,Rainy,Good,Night,3.6,5.8,6.62,6.23,2,3,9.9,4,10,8.2,6.8,,0.48,0.36,16.799999999999997,1.3999996666667458,0.6999999999999993,16.099999999999998,0.9399999999999995,0.08999999999999986,0.5149999999999988,-2.1999999999999997,0.3899999999999997,-6,-1,1.3999999999999995,0.12,0,2,-1,-1,-2,-1,-2,-14.7,22.5,0.3,0.4194,-0.1194,0.4,0.25,-0.1,0.2,-0.30000000000000004,0.4,0.0,0.6,5,3,2,Draw
ISL00144,2016-17,2016-12-04,Jamshedpur FC,Odisha FC,Jamshedpur,4-2-3-1,3-5-2,7.5,7.91,6.81,7.29,57.0,29.7,63.7,39.8,9,11,13,12,1,0,2,1,1,0,2,2,40.5,43.2,20.3,49.7,1,1,Humid,Good,Night,6.7,0.0,4.66,6.67,1,0,4.4,8,5,10.4,19.6,Both,0.39,0.31,-6.700000000000003,0.8948193257740461,-10.099999999999998,3.399999999999995,0.6900000000000004,0.6200000000000001,0.6550000000000002,6.7,-2.01,3,1,-9.200000000000001,0.08000000000000002,0,-4,-1,-1,-1,-1,-2,20.2,-6.5,0.4062,0.2692,0.137,0.6,0.3636,0.3,-0.3,0.6,1.0,0.0,0.0,1,3,-2,Draw
ISL00145,2016-17,2016-12-09,Kerala Blasters,FC Goa,Kochi,4-2-3-1,4-3-3,6.95,6.73,6.5,7.73,64.2,41.9,36.6,20.5,5,18,18,11,2,0,1,1,2,0,2,3,41.5,46.4,42.4,31.2,2,1,Overcast,Average,Day,8.6,9.3,7.29,7.92,1,1,8.0,4,9,28.3,11.1,,0.42,0.35,27.6,1.7540978813940213,21.4,6.200000000000003,0.4500000000000002,-1.0,-0.27500000000000036,-0.7000000000000011,-0.6299999999999999,-5,0,17.200000000000003,0.07,1,-13,7,1,-1,0,-3,-0.8999999999999986,15.2,0.4444,0.4,0.044399999999999995,0.5882,0.5,0.2,0.6,-0.39999999999999997,0.3333,0.3333,0.3333,30,7,23,Draw
ISL00146,2016-17,2016-12-10,Punjab FC,Hyderabad FC,Mohali,3-4-3,4-2-3-1,7.12,6.74,6.14,5.98,42.4,19.6,29.8,20.0,9,11,5,10,1,1,2,0,2,1,3,1,27.2,23.6,53.6,17.9,1,4,Overcast,Good,Day,6.3,3.4,7.07,7.81,1,0,5.5,7,5,19.5,12.2,Both,0.37,0.32,12.599999999999998,1.4228183144904984,-0.3999999999999986,12.999999999999996,0.9800000000000004,0.7599999999999998,0.8699999999999992,2.9,-0.7399999999999993,2,1,7.300000000000001,0.04999999999999999,-3,4,1,-1,1,-1,0,-26.400000000000002,5.700000000000003,0.3333,0.2857,0.047599999999999976,0.3333,0.2,0.0,0.0,0.0,0.5,0.5,0.0,11,6,5,Draw
ISL00147,2016-17,2016-12-10,East Bengal FC,Bengaluru FC,Kolkata,4-2-3-1,4-4-2,5.64,7.11,7.17,7.22,60.7,27.4,44.1,21.5,10,15,8,21,3,1,1,2,3,2,2,3,27.7,37.6,38.2,21.6,3,0,Humid,Good,Day,2.0,9.2,6.78,7.49,0,0,4.5,8,5,17.6,16.6,,0.35,0.4,16.6,1.37641692144741,5.899999999999999,10.700000000000003,-1.5300000000000002,-0.10999999999999943,-0.8200000000000003,-7.199999999999999,-0.71,3,0,1.0,-0.050000000000000044,3,2,-6,2,-1,1,-1,-10.500000000000004,16.0,0.5217,0.3478,0.17390000000000005,0.5556,0.4167,0.7,-0.1,0.7999999999999999,0.0,1.0,0.0,21,21,0,Draw
ISL00148,2016-17,2016-12-10,FC Goa,NorthEast United FC,Goa,4-4-2,4-2-3-1,6.53,6.76,7.18,7.22,46.2,25.0,75.1,37.4,12,14,6,9,0,1,0,1,2,1,0,2,40.1,27.3,20.2,48.3,1,1,Clear,Good,Night,9.9,9.4,9.09,9.51,0,0,9.1,9,8,14.8,29.0,,0.38,0.42,-28.89999999999999,0.6151796784048364,-12.399999999999999,-16.499999999999993,-0.6499999999999995,-0.45999999999999996,-0.5549999999999997,0.5,-0.41999999999999993,1,0,-14.2,-0.03999999999999998,0,6,5,0,0,2,-1,19.900000000000002,-20.999999999999996,0.3846,0.25,0.1346,0.3077,0.4,0.7,-0.5,1.2,0.4,0.28,0.32,1,9,-8,Draw
ISL00149,2016-17,2016-12-11,Hyderabad FC,ATK Mohun Bagan,Hyderabad,3-4-3,4-3-3,6.38,7.28,7.63,7.09,44.1,20.5,33.8,20.4,10,7,8,18,2,0,3,1,3,0,3,1,49.1,43.3,28.9,36.6,3,0,Overcast,Good,Night,9.5,8.1,6.73,7.86,0,0,9.5,6,3,16.1,20.0,Away,0.4,0.49,10.300000000000004,1.3047333417948692,0.10000000000000142,10.200000000000003,-1.25,0.1900000000000004,-0.5299999999999994,1.4000000000000004,-1.13,3,0,-3.8999999999999986,-0.08999999999999997,3,2,-11,-1,-1,0,-1,20.200000000000003,6.699999999999996,0.2727,0.4211,-0.14839999999999998,0.3636,0.5,0.0,-0.4,0.4,0.4,0.28,0.32,1,16,-15,Away_Win
ISL00150,2016-17,2016-12-12,Bengaluru FC,Mumbai City FC,Bengaluru,4-2-3-1,3-5-2,7.44,7.06,7.94,7.09,55.4,27.0,28.3,16.5,10,15,13,13,0,0,1,3,0,0,2,4,29.4,54.0,42.3,32.5,1,1,Rainy,Poor,Night,3.0,7.7,6.72,5.62,0,0,2.5,6,4,24.4,8.2,,0.39,0.4,27.099999999999998,1.957596481414671,10.5,16.599999999999998,-0.5,-0.03000000000000025,-0.26500000000000057,-4.7,1.0999999999999996,2,0,16.2,-0.010000000000000009,0,-3,2,-1,-3,-2,-4,-12.899999999999999,21.5,0.3333,0.2609,0.07239999999999996,0.2727,0.2308,-0.2,-0.2,0.0,0.4,0.28,0.32,2,16,-14,Home_Win
ISL00151,2016-17,2016-12-12,Odisha FC,East Bengal FC,Bhubaneswar,4-4-2,3-5-2,6.44,6.65,7.11,6.32,35.2,16.0,60.9,29.3,9,14,6,14,2,1,1,3,2,1,1,3,51.8,41.9,26.0,21.7,1,0,Overcast,Poor,Day,8.1,3.7,5.85,8.57,1,1,2.9,6,6,27.1,20.4,Both,0.39,0.34,-25.699999999999996,0.5779966210186173,-13.3,-12.399999999999995,-0.6699999999999999,0.33000000000000007,-0.16999999999999993,4.3999999999999995,-2.7200000000000006,0,0,6.700000000000003,0.04999999999999999,1,3,0,1,-2,1,-2,25.799999999999997,20.2,0.2593,0.5,-0.24070000000000003,0.2,0.5,-0.2,0.8,-1.0,0.3333,0.3333,0.3333,8,2,6,Home_Win
ISL00152,2016-17,2016-12-14,East Bengal FC,Hyderabad FC,Kolkata,5-3-2,4-4-2,7.04,7.59,6.16,7.69,42.2,24.5,53.1,35.9,12,12,11,11,0,2,3,1,0,3,3,2,20.2,35.8,18.4,38.0,1,2,Clear,Poor,Night,4.6,5.5,4.94,7.94,0,0,4.4,3,5,5.2,5.2,,0.39,0.4,-10.899999999999999,0.7947267806540903,-11.399999999999999,0.5,0.8799999999999999,-0.10000000000000053,0.3899999999999988,-0.9000000000000004,-3.0,-2,0,0.0,-0.010000000000000009,-1,1,1,-3,1,-3,1,1.8000000000000007,-2.200000000000003,0.48,0.2609,0.21909999999999996,0.5,0.1818,0.5,-0.4,0.9,0.4,0.28,0.32,2,3,-1,Away_Win
ISL00153,2016-17,2016-12-15,East Bengal FC,Chennaiyin FC,Kolkata,4-3-3,3-4-3,6.23,6.61,7.12,6.95,40.4,25.2,39.4,23.9,4,18,15,12,1,2,1,3,1,3,1,3,28.8,38.3,20.9,54.0,0,2,Clear,Good,Night,3.2,4.5,4.21,5.79,0,0,2.7,2,7,26.5,11.4,,0.38,0.47,1.0,1.025380450411053,1.3000000000000007,-0.3000000000000007,-0.8899999999999997,-0.33999999999999986,-0.6150000000000002,-1.2999999999999998,-1.58,-5,0,15.1,-0.08999999999999997,-2,-11,6,0,-1,0,0,7.900000000000002,-15.700000000000003,0.4615,0.4091,0.0524,0.4545,0.4167,0.3,0.9,-0.6000000000000001,0.0,1.0,0.0,1,13,-12,Draw
ISL00154,2016-17,2016-12-15,Mumbai City FC,East Bengal FC,Mumbai,3-4-3,4-4-2,6.69,8.14,6.87,7.55,46.2,25.7,37.0,22.3,9,11,7,13,1,3,4,1,1,4,4,2,49.1,24.2,45.2,54.7,0,1,Overcast,Good,Night,1.6,5.4,4.31,6.04,1,1,7.3,4,2,20.6,9.7,,0.39,0.44,9.200000000000003,1.2486483111761322,3.3999999999999986,5.800000000000004,-0.17999999999999972,0.5900000000000007,0.20500000000000096,-3.8000000000000003,-1.7300000000000004,2,0,10.900000000000002,-0.04999999999999999,-1,2,-2,-3,2,-3,2,3.8999999999999986,-30.500000000000004,0.25,0.4444,-0.19440000000000002,0.3,0.4667,-0.7,0.0,-0.7,0.3333,0.3333,0.3333,3,1,2,Away_Win
ISL00155,2016-17,2016-12-17,Chennaiyin FC,ATK Mohun Bagan,Chennai,4-4-2,3-5-2,6.99,7.23,6.52,5.74,52.6,25.4,58.8,31.9,2,11,12,9,4,0,2,3,5,1,3,5,15.2,16.8,53.3,46.7,3,0,Clear,Good,Night,0.6,0.5,5.17,5.16,1,2,7.5,5,6,23.6,6.3,,0.34,0.35,-6.199999999999996,0.8945576709935934,-6.5,0.30000000000000426,0.47000000000000064,1.4900000000000002,0.9800000000000004,0.09999999999999998,0.009999999999999787,-1,-1,17.3,-0.009999999999999953,3,-10,2,2,-3,2,-4,-38.099999999999994,-29.900000000000002,0.3913,0.45,-0.05870000000000003,0.4,0.5556,0.7,-0.4,1.1,0.3333,0.0,0.6667,2,6,-4,Home_Win
ISL00156,2016-17,2016-12-18,NorthEast United FC,Odisha FC,Guwahati,4-3-3,4-3-3,6.9,6.59,7.16,6.65,43.8,23.3,62.4,37.5,10,12,6,12,1,0,1,1,1,0,2,1,25.5,51.2,29.8,48.1,1,2,Overcast,Average,Night,3.9,1.6,6.21,6.23,0,3,7.0,9,6,12.2,10.0,,0.49,0.3,-18.6,0.7019229644354223,-14.2,-4.400000000000002,-0.2599999999999998,-0.0600000000000005,-0.16000000000000014,2.3,-0.020000000000000462,3,-3,2.1999999999999993,0.19,-1,4,0,0,-1,-1,-1,-4.300000000000001,3.1000000000000014,0.24,0.2857,-0.04570000000000002,0.0,0.3333,-0.5,0.0,-0.5,0.0,0.4,0.6,8,6,2,Draw
ISL00157,2016-17,2016-12-18,Bengaluru FC,Punjab FC,Bengaluru,4-3-3,4-4-2,6.13,7.46,6.86,7.11,35.8,21.4,46.2,21.6,12,19,8,13,3,4,2,3,3,4,2,3,38.0,41.7,39.2,36.7,0,1,Overcast,Average,Night,5.5,4.5,4.52,5.8,0,0,4.4,8,8,25.9,29.2,,0.39,0.38,-10.400000000000006,0.7748916071663187,-0.20000000000000284,-10.200000000000003,-0.7300000000000004,0.34999999999999964,-0.1900000000000004,1.0,-1.2800000000000002,0,0,-3.3000000000000007,0.010000000000000009,-1,4,6,1,1,1,1,-1.2000000000000028,5.0,0.36,0.3182,0.041800000000000004,0.3333,0.3333,0.1,-0.1,0.2,0.0,1.0,0.0,6,8,-2,Home_Win
ISL00158,2016-17,2016-12-20,Kerala Blasters,Hyderabad FC,Kochi,5-3-2,4-3-3,6.48,6.98,7.79,7.52,54.7,37.5,64.3,33.8,12,12,7,19,1,1,3,2,1,2,4,2,26.1,49.1,27.3,26.4,0,1,Humid,Good,Night,0.1,0.3,8.08,7.53,0,1,3.4,4,5,22.2,24.8,,0.36,0.31,-9.599999999999994,0.8506997121773388,3.700000000000003,-13.299999999999997,-1.3099999999999996,-0.5399999999999991,-0.9249999999999989,-0.19999999999999998,0.5499999999999998,-1,-1,-2.6000000000000014,0.04999999999999999,-1,5,-7,-2,-1,-3,0,-1.1999999999999993,22.700000000000003,0.4286,0.2917,0.13689999999999997,0.5556,0.25,0.2,-0.3,0.5,0.0,0.0,1.0,11,6,5,Draw
ISL00159,2016-17,2016-12-24,Chennaiyin FC,Hyderabad FC,Chennai,3-5-2,3-4-3,6.88,6.47,7.88,6.89,41.6,29.0,52.7,32.1,9,12,15,16,2,0,1,0,5,0,1,1,45.8,28.9,17.5,54.2,4,0,Clear,Good,Night,8.3,2.5,9.26,7.96,0,2,5.1,7,6,14.1,13.8,Away,0.43,0.45,-11.100000000000001,0.7893736642554716,-3.1000000000000014,-8.0,-1.0,-0.41999999999999993,-0.71,5.800000000000001,1.2999999999999998,1,-2,0.29999999999999893,-0.020000000000000018,4,-6,-4,1,0,4,-1,28.299999999999997,-25.300000000000004,0.4167,0.28,0.1367,0.4545,0.2308,0.9,-0.3,1.2,0.0,0.3333,0.6667,7,4,3,Away_Win
ISL00160,2016-17,2016-12-27,Hyderabad FC,Chennaiyin FC,Hyderabad,3-4-3,5-3-2,6.61,7.19,5.7,6.6,36.8,18.8,35.4,21.2,5,12,8,8,0,1,2,1,0,1,3,1,25.8,21.7,45.8,47.7,0,1,Humid,Average,Night,5.5,4.2,7.23,4.63,3,0,9.4,8,7,6.4,21.8,,0.48,0.46,1.3999999999999986,1.0395477289413193,-2.3999999999999986,3.799999999999997,0.9100000000000001,0.5900000000000007,0.75,1.2999999999999998,2.6000000000000005,1,3,-15.4,0.019999999999999962,-1,-3,4,-2,0,-3,0,-19.999999999999996,-26.000000000000004,0.3077,0.4,-0.09230000000000005,0.3333,0.3846,-0.1,0.5,-0.6,0.75,0.25,0.0,3,3,0,Draw
ISL00161,2016-17,2016-12-27,NorthEast United FC,FC Goa,Guwahati,3-5-2,3-4-3,6.5,7.27,7.39,7.49,72.7,32.9,43.6,25.4,10,14,9,10,1,1,3,2,1,1,4,2,15.7,47.5,15.4,51.6,4,0,Overcast,Good,Night,0.0,3.0,5.95,6.92,0,0,7.1,7,9,26.9,23.7,,0.49,0.31,29.1,1.6674308102222912,7.5,21.6,-0.8899999999999997,-0.22000000000000064,-0.5549999999999997,-3.0,-0.9699999999999998,-2,0,3.1999999999999993,0.18,4,1,4,-2,-1,-3,-1,0.29999999999999893,-4.100000000000001,0.2308,0.3704,-0.1396,0.0,0.4615,-0.5,0.5,-1.0,0.0,1.0,0.0,9,17,-8,Away_Win
ISL00162,2016-17,2016-12-28,Hyderabad FC,Chennaiyin FC,Hyderabad,4-3-3,4-2-3-1,6.77,7.18,7.09,7.8,25.1,16.5,52.0,24.1,5,10,5,16,1,2,0,4,2,2,1,4,50.3,20.4,54.6,20.8,2,0,Overcast,Average,Night,0.3,8.2,6.68,4.68,3,0,5.2,8,5,25.5,8.1,,0.47,0.48,-26.9,0.48269221486688174,-7.600000000000001,-19.299999999999997,-0.3200000000000003,-0.6200000000000001,-0.47000000000000064,-7.8999999999999995,2.0,3,3,17.4,-0.010000000000000009,2,0,-6,1,-2,1,-2,-4.300000000000004,-0.40000000000000213,0.2963,0.3846,-0.08829999999999999,0.3077,0.3571,0.0,0.3,-0.3,0.6,0.4,0.0,1,1,0,Home_Win
ISL00163,2016-17,2016-12-30,Odisha FC,FC Goa,Bhubaneswar,3-5-2,5-3-2,7.5,6.35,7.57,6.91,52.2,35.6,34.1,18.1,6,9,11,14,1,1,2,1,1,1,3,1,37.5,42.4,54.6,49.6,1,0,Rainy,Poor,Night,5.6,7.6,7.17,5.4,0,1,1.0,6,9,23.9,29.6,Both,0.46,0.39,18.1,1.5307913399438884,17.5,0.6000000000000014,-0.07000000000000028,-0.5600000000000005,-0.3150000000000004,-2.0,1.7699999999999996,-3,-1,-5.700000000000003,0.07,1,-5,-5,-1,0,-2,0,-17.1,-7.200000000000003,0.2759,0.3929,-0.11700000000000005,0.25,0.5,0.3,0.5,-0.2,0.0,0.5,0.5,12,3,9,Home_Win
ISL00164,2016-17,2017-01-01,Chennaiyin FC,ATK Mohun Bagan,Chennai,3-4-3,4-2-3-1,6.16,7.28,6.99,7.9,23.9,13.5,33.7,23.5,13,9,5,17,2,2,3,1,2,4,3,2,50.4,22.6,53.5,42.6,0,3,Rainy,Good,Night,7.0,2.2,7.97,7.1,2,2,3.9,5,6,9.2,11.6,,0.31,0.44,-9.800000000000004,0.7091986026116904,-10.0,0.19999999999999574,-0.8300000000000001,-0.6200000000000001,-0.7249999999999996,4.8,0.8700000000000001,-1,0,-2.4000000000000004,-0.13,-3,8,-8,-1,1,-1,2,-3.1000000000000014,-20.0,0.3704,0.4286,-0.058199999999999974,0.4167,0.5,0.0,-0.5,0.5,0.5,0.0,0.5,4,15,-11,Home_Win
ISL00165,2016-17,2017-01-03,East Bengal FC,ATK Mohun Bagan,Kolkata,5-3-2,3-4-3,6.5,7.0,7.23,7.87,51.8,33.3,46.2,31.7,10,16,5,16,3,3,2,0,4,3,3,1,35.3,47.8,25.1,33.4,2,0,Overcast,Good,Day,2.8,0.5,8.8,6.55,2,0,3.1,5,6,10.8,27.5,Away,0.47,0.41,5.599999999999994,1.1212118785255671,1.5999999999999979,3.9999999999999964,-0.7300000000000004,-0.8700000000000001,-0.8000000000000007,2.3,2.250000000000001,-1,2,-16.7,0.06,2,5,0,1,3,1,2,10.199999999999996,14.399999999999999,0.4643,0.4091,0.05519999999999997,0.4167,0.4545,-0.1,-0.4,0.30000000000000004,1.0,0.0,0.0,19,2,17,Home_Win
ISL00166,2016-17,2017-01-11,Chennaiyin FC,Kerala Blasters,Chennai,5-3-2,3-5-2,6.85,6.45,6.09,6.85,39.1,26.1,38.5,25.2,10,14,8,18,2,0,1,2,2,1,3,3,16.2,50.9,36.7,16.2,0,2,Humid,Poor,Night,1.2,5.7,7.56,7.13,1,0,6.6,7,2,12.9,18.5,,0.32,0.44,0.6000000000000014,1.0155841517963242,0.9000000000000021,-0.3000000000000007,0.7599999999999998,-0.39999999999999947,0.1800000000000006,-4.5,0.4299999999999997,5,1,-5.6,-0.12,-2,2,-4,1,-2,-1,-2,-20.500000000000004,34.7,0.3929,0.4138,-0.020899999999999974,0.4615,0.2,0.0,0.0,0.0,1.0,0.0,0.0,10,22,-12,Home_Win
ISL00167,2016-17,2017-01-12,FC Goa,Chennaiyin FC,Goa,3-4-3,3-4-3,7.5,7.36,6.9,5.66,36.9,22.2,39.2,18.3,9,10,5,14,1,1,3,1,3,1,4,1,29.2,32.2,52.2,44.4,1,1,Humid,Average,Night,9.2,4.8,4.75,8.33,1,0,4.2,8,7,15.8,15.2,,0.37,0.49,-2.3000000000000043,0.941326290477987,3.8999999999999986,-6.200000000000003,0.5999999999999996,1.7000000000000002,1.1499999999999995,4.3999999999999995,-3.58,1,1,0.6000000000000014,-0.12,0,4,-4,-2,0,-1,0,-23.000000000000004,-12.199999999999996,0.3793,0.4138,-0.034499999999999975,0.2857,0.3333,0.4,0.2,0.2,1.0,0.0,0.0,13,1,12,Home_Win
ISL00168,2016-17,2017-01-13,East Bengal FC,Punjab FC,Kolkata,4-4-2,3-5-2,6.73,6.55,7.16,6.13,49.2,32.9,37.4,17.5,9,18,7,9,3,1,1,2,4,4,2,2,54.3,16.3,19.9,50.9,1,3,Overcast,Good,Night,0.9,6.9,6.12,7.56,1,0,3.3,7,7,15.4,13.8,,0.47,0.33,11.800000000000004,1.3155076696503558,15.399999999999999,-3.5999999999999943,-0.4299999999999997,0.41999999999999993,-0.004999999999999005,-6.0,-1.4399999999999995,0,1,1.5999999999999996,0.13999999999999996,-2,2,9,2,-1,2,2,34.4,-34.599999999999994,0.4828,0.3043,0.1785,0.4615,0.3,-0.2,-0.7,0.49999999999999994,1.0,0.0,0.0,10,26,-16,Away_Win
ISL00169,2016-17,2017-01-17,NorthEast United FC,Bengaluru FC,Guwahati,4-4-2,3-5-2,6.64,8.36,7.16,6.72,45.8,20.9,45.4,22.8,5,19,8,19,2,1,0,1,2,3,0,1,37.2,31.4,34.6,27.5,2,0,Rainy,Good,Night,2.8,1.6,9.02,6.43,1,1,6.3,4,10,20.3,8.8,Home,0.46,0.46,0.3999999999999986,1.0088103504823016,-1.9000000000000021,2.3000000000000007,-0.5200000000000005,1.6399999999999997,0.5600000000000005,1.1999999999999997,2.59,-6,0,11.5,0.0,2,-3,0,2,0,2,2,2.6000000000000014,3.8999999999999986,0.2222,0.3846,-0.1624,0.0,0.3846,-0.4,0.5,-0.9,0.5,0.0,0.5,21,30,-9,Draw
ISL00170,2016-17,2017-01-21,Bengaluru FC,Kerala Blasters,Bengaluru,4-3-3,5-3-2,6.79,7.0,7.6,6.68,28.8,14.9,45.2,29.7,9,16,11,14,2,0,1,1,2,0,2,1,50.6,22.6,39.5,27.7,1,2,Rainy,Poor,Day,3.7,4.2,6.52,8.4,0,3,5.7,11,2,19.3,26.3,,0.46,0.33,-16.400000000000002,0.6371680006265484,-14.799999999999999,-1.6000000000000032,-0.8099999999999996,0.3200000000000003,-0.2450000000000001,-0.5,-1.8800000000000008,9,-3,-7.0,0.13,-1,-2,2,1,-1,0,-1,11.100000000000001,-5.099999999999998,0.3704,0.4,-0.029600000000000015,0.3846,0.1818,0.4,-0.6,1.0,0.0,0.0,1.0,4,10,-6,Home_Win
ISL00171,2016-17,2017-01-23,Chennaiyin FC,Bengaluru FC,Chennai,3-5-2,4-2-3-1,7.48,6.91,7.62,7.58,10.0,5.2,33.0,16.5,4,15,5,15,0,1,2,0,0,1,2,0,20.1,32.8,22.6,27.2,0,1,Rainy,Good,Night,4.4,6.5,8.13,9.86,1,1,5.9,7,11,23.5,22.6,Home,0.41,0.44,-23.0,0.30303021120296625,-11.3,-11.7,-0.13999999999999968,-0.6699999999999999,-0.40499999999999936,-2.0999999999999996,-1.7299999999999986,-4,0,0.8999999999999986,-0.030000000000000027,-1,-1,0,-2,1,-2,1,-2.5,5.599999999999998,0.4,0.3929,0.007099999999999995,0.5,0.3571,0.3,0.5,-0.2,0.3333,0.3333,0.3333,11,2,9,Draw
ISL00172,2016-17,2017-01-25,NorthEast United FC,Mumbai City FC,Guwahati,4-2-3-1,4-4-2,7.08,7.55,6.73,8.16,59.7,28.7,39.3,19.9,6,9,8,11,4,1,3,1,6,1,5,1,37.7,27.1,48.6,23.0,2,2,Humid,Good,Night,8.2,4.1,7.97,6.98,1,0,6.0,4,1,18.2,13.0,Home,0.32,0.48,20.400000000000006,1.5190835829303861,8.8,11.600000000000005,0.34999999999999964,-0.6100000000000003,-0.13000000000000078,4.1,0.9899999999999993,3,1,5.199999999999999,-0.15999999999999998,0,-2,-2,1,0,1,0,-10.899999999999999,4.100000000000001,0.2143,0.24,-0.0257,0.0,0.2143,-0.2,-0.9,0.7,0.5,0.5,0.0,8,30,-22,Away_Win
ISL00173,2016-17,2017-01-29,Kerala Blasters,East Bengal FC,Kochi,3-4-3,3-4-3,6.05,7.34,6.73,8.04,40.8,27.6,35.0,18.0,11,4,13,10,0,2,1,0,0,3,1,1,48.3,47.5,48.5,18.6,2,1,Overcast,Average,Night,0.7,8.9,8.07,7.53,2,2,8.4,2,7,26.1,19.2,Both,0.38,0.49,5.799999999999997,1.1657139526531561,9.600000000000001,-3.8000000000000043,-0.6800000000000006,-0.6999999999999993,-0.6899999999999995,-8.200000000000001,0.54,-5,0,6.900000000000002,-0.10999999999999999,1,-2,-6,-1,2,-1,2,-0.20000000000000284,28.9,0.3871,0.4667,-0.0796,0.5263,0.5,-0.7,-0.4,-0.29999999999999993,0.5,0.0,0.5,8,16,-8,Draw
ISL00174,2016-17,2017-01-30,Jamshedpur FC,NorthEast United FC,Jamshedpur,4-4-2,4-2-3-1,6.24,7.23,6.7,8.16,42.9,19.6,31.3,19.8,3,10,3,11,4,3,1,3,5,4,1,4,29.2,18.8,44.5,51.4,1,1,Clear,Good,Night,5.9,6.3,6.44,9.45,1,0,2.0,6,3,18.9,12.2,,0.49,0.45,11.599999999999998,1.370606590860514,-0.1999999999999993,11.799999999999997,-0.45999999999999996,-0.9299999999999997,-0.6949999999999994,-0.39999999999999947,-3.009999999999999,3,1,6.699999999999999,0.03999999999999998,0,0,-1,3,0,4,0,-15.3,-32.599999999999994,0.3939,0.2069,0.18699999999999997,0.5625,0.375,0.7,-0.2,0.8999999999999999,0.3333,0.6667,0.0,30,5,25,Home_Win
ISL00175,2016-17,2017-01-30,Mumbai City FC,Hyderabad FC,Mumbai,3-5-2,3-4-3,5.99,6.91,6.78,8.25,29.1,18.0,68.8,40.0,5,14,8,18,0,1,4,0,0,1,5,0,41.9,24.2,34.2,15.6,0,1,Rainy,Average,Night,7.5,3.4,7.91,6.88,0,1,4.7,4,11,22.6,10.7,,0.46,0.43,-39.699999999999996,0.4229650548015909,-22.0,-17.699999999999996,-0.79,-1.3399999999999999,-1.0650000000000004,4.1,1.0300000000000002,-7,-1,11.900000000000002,0.030000000000000027,-1,-3,-4,-4,1,-5,1,7.699999999999996,8.6,0.2692,0.3214,-0.052200000000000024,0.2727,0.2857,-0.7,0.1,-0.7999999999999999,0.0,0.0,1.0,5,30,-25,Away_Win
ISL00176,2016-17,2017-01-31,East Bengal FC,NorthEast United FC,Kolkata,4-4-2,3-4-3,5.93,7.39,7.63,7.86,53.5,25.0,52.7,35.1,8,15,10,14,2,0,2,3,3,0,2,4,28.7,35.9,19.0,38.5,2,1,Humid,Poor,Night,0.6,9.5,9.04,7.47,1,1,5.6,8,2,5.6,28.1,,0.47,0.4,0.7999999999999972,1.0151800730208589,-10.100000000000001,10.899999999999999,-1.7000000000000002,-0.47000000000000064,-1.085,-8.9,1.5699999999999994,6,0,-22.5,0.06999999999999995,1,-2,1,0,-3,1,-4,9.7,-2.6000000000000014,0.4516,0.2,0.2516,0.4286,0.3529,-0.4,0.0,-0.4,0.5,0.0,0.5,2,1,1,Draw
ISL00177,2016-17,2017-01-31,FC Goa,Jamshedpur FC,Goa,3-5-2,5-3-2,7.78,6.74,6.69,7.86,66.7,36.0,50.7,23.8,6,16,8,11,2,1,3,2,3,2,3,3,25.1,33.3,38.1,34.4,1,1,Humid,Good,Night,9.3,3.7,6.7,6.77,3,0,6.4,8,9,17.8,22.4,,0.31,0.36,16.0,1.3155815945598432,12.2,3.8000000000000007,1.0899999999999999,-1.12,-0.015000000000000568,5.6000000000000005,-0.0699999999999994,-1,3,-4.599999999999998,-0.04999999999999999,0,-2,5,-1,-1,0,-1,-13.0,-1.1000000000000014,0.4,0.4118,-0.011799999999999977,0.3333,0.2353,0.5,0.7,-0.19999999999999996,0.75,0.25,0.0,19,1,18,Draw
ISL00178,2016-17,2017-02-01,East Bengal FC,Hyderabad FC,Kolkata,3-4-3,3-5-2,7.75,6.63,7.22,6.93,59.3,32.9,57.3,26.5,11,11,14,10,1,2,1,2,1,2,2,3,49.0,29.2,50.3,43.8,2,2,Overcast,Good,Night,9.0,2.0,7.25,8.82,0,1,3.8,8,11,13.0,13.5,,0.44,0.31,2.0,1.0349038333501164,6.399999999999999,-4.399999999999999,0.5300000000000002,-0.2999999999999998,0.11500000000000021,7.0,-1.5700000000000003,-3,-1,-0.5,0.13,0,-3,1,0,0,-1,-1,-1.2999999999999972,-14.599999999999998,0.4375,0.3448,0.0927,0.4,0.3333,-0.4,0.1,-0.5,0.0,0.0,1.0,1,2,-1,Home_Win
ISL00179,2016-17,2017-02-03,ATK Mohun Bagan,Punjab FC,Kolkata,3-5-2,4-2-3-1,7.74,7.06,7.52,6.89,55.8,27.6,47.5,31.4,9,21,9,12,1,4,2,1,3,6,2,2,18.7,22.4,24.1,39.8,0,1,Clear,Good,Night,1.4,5.9,7.53,6.61,2,0,9.5,3,7,21.0,26.9,,0.44,0.37,8.299999999999997,1.1747365947922956,-3.799999999999997,12.099999999999994,0.22000000000000064,0.16999999999999993,0.19500000000000028,-4.5,0.9199999999999999,-4,2,-5.899999999999999,0.07,-1,0,9,-1,3,1,4,-5.400000000000002,-17.4,0.3913,0.3333,0.057999999999999996,0.3636,0.3636,-0.6,-0.3,-0.3,1.0,0.0,0.0,30,21,9,Away_Win
ISL00180,2016-17,2017-02-03,Jamshedpur FC,Bengaluru FC,Jamshedpur,4-2-3-1,4-2-3-1,6.32,6.91,6.92,7.27,48.8,28.3,43.3,20.7,11,15,10,9,1,4,2,0,3,4,3,1,52.7,20.1,55.0,42.3,1,0,Rainy,Average,Day,9.1,3.7,6.55,6.92,1,2,5.8,7,11,15.2,11.8,,0.33,0.46,5.5,1.1270205249375231,7.600000000000001,-2.1000000000000014,-0.5999999999999996,-0.35999999999999943,-0.47999999999999954,5.3999999999999995,-0.3700000000000001,-4,-1,3.3999999999999986,-0.13,1,1,6,-1,4,0,3,-2.299999999999997,-22.199999999999996,0.4,0.3793,0.020699999999999996,0.5882,0.3333,0.6,0.6,0.0,0.25,0.25,0.5,3,11,-8,Draw
ISL00181,2016-17,2017-02-03,Punjab FC,Jamshedpur FC,Mohali,4-2-3-1,5-3-2,6.1,6.38,6.94,7.48,41.4,24.2,53.2,33.4,7,16,14,11,1,2,2,2,1,3,3,2,29.3,31.0,34.3,41.2,0,2,Humid,Good,Night,8.6,8.5,6.15,7.08,2,1,4.3,10,7,15.4,25.8,Away,0.36,0.49,-11.800000000000004,0.7781953424444844,-9.2,-2.600000000000005,-0.8400000000000007,-1.1000000000000005,-0.9700000000000006,0.09999999999999964,-0.9299999999999997,3,1,-10.4,-0.13,-2,-7,5,-1,0,-2,1,-4.9999999999999964,-10.200000000000003,0.36,0.3889,-0.028900000000000037,0.3077,0.2222,0.0,0.3,-0.3,0.6667,0.0,0.3333,1,1,0,Away_Win
ISL00182,2016-17,2017-02-03,East Bengal FC,Mumbai City FC,Kolkata,4-2-3-1,5-3-2,5.57,8.01,5.86,7.32,47.9,25.4,45.5,27.4,8,17,5,7,0,0,1,2,0,0,1,2,26.9,38.4,37.9,31.3,0,0,Overcast,Poor,Night,3.8,1.4,7.08,8.16,2,1,1.4,8,3,25.9,11.2,Away,0.39,0.43,2.3999999999999986,1.052747021374281,-2.0,4.399999999999999,-0.29000000000000004,0.6899999999999995,0.20000000000000018,2.4,-1.08,5,1,14.7,-0.03999999999999998,0,3,10,-1,-2,-1,-2,-11.0,7.099999999999998,0.4545,0.2593,0.19520000000000004,0.4375,0.2667,0.1,-0.4,0.5,0.5,0.25,0.25,2,4,-2,Home_Win
ISL00183,2016-17,2017-02-10,Chennaiyin FC,ATK Mohun Bagan,Chennai,3-4-3,3-5-2,8.03,7.42,6.98,6.47,52.5,33.3,43.6,21.9,4,12,11,17,2,1,1,3,4,2,2,3,32.8,48.0,49.2,41.4,0,0,Humid,Average,Night,5.6,1.1,7.26,6.49,3,2,3.5,7,3,20.1,25.4,,0.45,0.35,8.899999999999999,1.204128164190788,11.399999999999999,-2.5,1.049999999999999,0.9500000000000002,1.0,4.5,0.7699999999999996,4,1,-5.299999999999997,0.10000000000000003,0,-7,-5,1,-2,2,-1,-16.400000000000006,6.600000000000001,0.3871,0.375,0.0121,0.4667,0.4167,0.0,-0.7,0.7,0.6,0.0,0.4,18,7,11,Home_Win
ISL00184,2016-17,2017-02-12,Kerala Blasters,NorthEast United FC,Kochi,4-4-2,3-4-3,7.28,7.4,7.61,5.85,37.1,18.2,46.6,24.0,8,16,12,14,2,0,4,0,2,1,4,1,54.0,52.5,18.7,40.1,1,0,Rainy,Poor,Night,9.5,3.1,7.69,5.81,1,0,8.5,3,2,5.7,25.8,,0.33,0.48,-9.5,0.7961371682109081,-5.800000000000001,-3.6999999999999993,-0.33000000000000007,1.5500000000000007,0.6099999999999994,6.4,1.8800000000000008,1,1,-20.1,-0.14999999999999997,1,-4,2,-2,0,-2,0,35.3,12.399999999999999,0.375,0.1935,0.1815,0.5,0.3333,-0.9,-0.1,-0.8,0.5,0.5,0.0,14,12,2,Draw
ISL00185,2016-17,2017-02-13,East Bengal FC,NorthEast United FC,Kolkata,4-4-2,4-2-3-1,6.42,7.59,6.72,8.08,41.0,20.4,26.5,16.8,6,10,12,13,0,2,0,0,1,3,1,0,38.8,31.3,44.1,21.4,0,2,Rainy,Average,Night,6.9,2.8,6.78,6.27,1,1,8.4,8,3,29.7,15.2,,0.3,0.33,14.5,1.5471692274833104,3.599999999999998,10.900000000000002,-0.2999999999999998,-0.4900000000000002,-0.39500000000000046,4.1000000000000005,0.5100000000000007,5,0,14.5,-0.030000000000000027,-2,-6,-3,0,2,0,3,-5.300000000000004,9.900000000000002,0.4706,0.1875,0.2831,0.4706,0.3158,0.2,-0.3,0.5,0.3333,0.3333,0.3333,10,1,9,Home_Win
ISL00186,2016-17,2017-02-14,Mumbai City FC,Hyderabad FC,Mumbai,4-4-2,3-4-3,7.61,7.56,6.8,7.23,48.5,26.1,49.8,22.7,4,16,5,10,4,0,2,0,6,0,4,0,44.5,39.4,51.6,36.7,0,1,Humid,Good,Night,8.3,9.0,4.81,6.66,0,2,8.8,3,10,9.4,20.5,,0.3,0.38,-1.2999999999999972,0.9738953867679946,3.400000000000002,-4.699999999999999,0.8100000000000005,0.3299999999999992,0.5699999999999994,-0.6999999999999993,-1.8500000000000005,-7,-2,-11.1,-0.08000000000000002,-1,-1,6,2,0,2,0,-7.100000000000001,2.6999999999999957,0.25,0.3333,-0.08329999999999999,0.25,0.3125,-0.6,0.0,-0.6,0.0,0.0,1.0,11,13,-2,Draw
ISL00187,2016-17,2017-02-15,FC Goa,ATK Mohun Bagan,Goa,4-4-2,3-5-2,6.98,7.93,6.56,8.32,68.9,37.5,43.4,29.9,16,14,6,13,2,0,1,1,2,0,2,2,39.9,45.8,38.8,26.9,0,2,Humid,Good,Night,6.8,3.4,6.31,8.46,2,0,9.0,8,0,9.0,13.5,Both,0.37,0.31,25.500000000000007,1.5875572378900373,7.600000000000001,17.900000000000006,0.4200000000000008,-0.39000000000000057,0.015000000000000568,3.4,-2.1500000000000012,8,2,-4.5,0.06,-2,10,1,1,-1,0,-2,1.1000000000000014,18.9,0.3871,0.36,0.027100000000000013,0.3125,0.3846,0.5,-0.6,1.1,1.0,0.0,0.0,15,5,10,Draw
ISL00188,2016-17,2017-02-18,FC Goa,Kerala Blasters,Goa,4-4-2,5-3-2,8.01,7.25,6.96,6.19,38.6,19.4,42.7,19.7,6,13,8,10,0,1,3,4,0,2,3,5,52.0,16.2,23.8,18.0,1,0,Humid,Poor,Night,5.0,1.0,8.26,6.01,1,1,5.0,8,3,7.2,12.2,,0.46,0.33,-4.100000000000001,0.9039810529318376,-0.3000000000000007,-3.8000000000000007,1.0499999999999998,1.0599999999999996,1.0549999999999997,4.0,2.25,5,0,-4.999999999999999,0.13,1,-2,3,-3,-3,-3,-3,28.2,-1.8000000000000007,0.375,0.3636,0.011400000000000021,0.2941,0.1667,0.5,-0.9,1.4,0.25,0.5,0.25,3,6,-3,Home_Win
ISL00189,2016-17,2017-02-19,Kerala Blasters,NorthEast United FC,Kochi,4-3-3,5-3-2,7.04,7.05,7.77,6.54,23.3,15.8,52.4,25.7,7,18,4,13,5,2,2,2,6,3,2,2,22.9,28.4,17.3,15.1,1,2,Clear,Good,Night,4.0,9.9,7.42,6.69,1,0,7.5,2,2,11.7,7.5,,0.37,0.38,-29.099999999999998,0.44465640369152604,-9.899999999999999,-19.2,-0.7299999999999995,0.5099999999999998,-0.10999999999999943,-5.9,0.7299999999999995,0,1,4.199999999999999,-0.010000000000000009,-1,3,5,3,0,4,1,5.599999999999998,13.299999999999999,0.3529,0.1818,0.1711,0.4762,0.3,-1.4,-0.4,-0.9999999999999999,0.3333,0.6667,0.0,1,6,-5,Away_Win
ISL00190,2016-17,2017-02-19,Bengaluru FC,Punjab FC,Bengaluru,5-3-2,3-5-2,6.81,7.07,7.19,7.14,43.4,28.5,59.1,36.1,13,9,5,12,0,1,4,1,0,2,5,2,43.0,48.2,48.9,51.1,0,3,Humid,Average,Night,3.3,4.6,5.43,5.82,1,0,4.1,9,7,8.7,20.9,,0.49,0.5,-15.700000000000003,0.7343484375044944,-7.600000000000001,-8.100000000000001,-0.3800000000000008,-0.0699999999999994,-0.22500000000000053,-1.2999999999999998,-0.39000000000000057,2,1,-12.2,-0.010000000000000009,-3,8,-3,-4,0,-5,0,-5.899999999999999,-2.8999999999999986,0.3667,0.3462,0.020500000000000018,0.4286,0.4167,0.6,-0.2,0.8,0.5,0.5,0.0,16,16,0,Draw
ISL00191,2016-17,2017-02-20,ATK Mohun Bagan,Bengaluru FC,Kolkata,4-4-2,3-5-2,6.2,7.36,7.19,6.82,28.9,13.8,61.6,29.5,11,17,5,11,0,1,0,1,1,2,1,2,32.1,37.4,51.1,21.9,3,0,Humid,Good,Night,5.7,2.5,7.04,9.34,0,0,3.3,1,7,6.3,5.3,,0.3,0.3,-32.7,0.46915576799419345,-15.7,-17.000000000000004,-0.9900000000000002,0.54,-0.22500000000000053,3.2,-2.3,-6,0,1.0,0.0,3,6,6,0,0,0,0,-19.0,15.5,0.3462,0.3548,-0.008599999999999997,0.3333,0.3125,-0.4,0.6,-1.0,0.4,0.28,0.32,5,1,4,Away_Win
ISL00192,2016-17,2017-02-20,ATK Mohun Bagan,Bengaluru FC,Kolkata,3-5-2,4-4-2,6.56,7.16,5.83,6.23,49.3,26.7,35.4,24.8,4,13,14,17,2,1,0,1,2,1,0,1,35.9,32.7,41.3,50.8,2,2,Humid,Good,Night,3.4,9.4,8.29,8.67,0,1,7.9,1,9,28.0,18.3,Home,0.32,0.42,13.899999999999999,1.3926549738262783,1.8999999999999986,12.0,0.7299999999999995,0.9299999999999997,0.8299999999999992,-6.0,-0.3800000000000008,-8,-1,9.7,-0.09999999999999998,0,-10,-4,2,0,2,0,-5.399999999999999,-18.099999999999994,0.3333,0.375,-0.041700000000000015,0.3077,0.3529,-0.4,0.9,-1.3,0.0,0.0,1.0,1,1,0,Home_Win
ISL00193,2016-17,2017-02-24,Jamshedpur FC,Mumbai City FC,Jamshedpur,3-4-3,4-4-2,6.88,7.77,5.9,6.91,61.0,31.0,56.7,31.7,12,10,7,8,0,1,3,3,0,3,3,3,53.1,42.3,29.0,51.1,1,0,Overcast,Average,Night,0.0,7.2,7.44,6.65,2,0,3.7,9,4,19.0,14.9,,0.43,0.31,4.299999999999997,1.0758375527623363,-0.6999999999999993,4.9999999999999964,0.9799999999999995,0.8599999999999994,0.919999999999999,-7.2,0.79,5,2,4.1,0.12,1,5,2,-3,-2,-3,0,24.1,-8.800000000000004,0.4054,0.2414,0.16399999999999998,0.5556,0.25,0.4,-0.5,0.9,0.6667,0.3333,0.0,21,10,11,Away_Win
ISL00194,2016-17,2017-02-25,NorthEast United FC,Jamshedpur FC,Guwahati,5-3-2,4-4-2,6.16,6.63,6.87,6.88,31.7,17.8,51.4,24.0,7,18,6,10,5,2,1,3,6,3,3,4,24.8,20.2,24.9,21.5,1,1,Overcast,Good,Day,1.3,2.4,6.31,6.39,0,2,3.5,5,8,18.7,23.0,,0.5,0.33,-19.7,0.6167313975230744,-6.199999999999999,-13.5,-0.71,-0.25,-0.4800000000000004,-1.0999999999999999,-0.08000000000000007,-3,-2,-4.300000000000001,0.16999999999999998,0,1,8,4,-1,3,-1,-0.09999999999999787,-1.3000000000000007,0.2059,0.3947,-0.1888,0.0,0.2632,-0.3,0.2,-0.5,0.0,0.5,0.5,6,1,5,Away_Win
ISL00195,2016-17,2017-02-26,FC Goa,ATK Mohun Bagan,Goa,3-4-3,3-4-3,6.7,7.76,6.01,7.02,42.5,22.1,46.9,23.0,5,10,7,10,1,5,1,1,1,5,2,1,45.5,38.3,44.9,16.6,3,3,Rainy,Average,Day,8.5,2.1,8.84,6.21,2,0,8.5,8,4,9.4,6.8,,0.38,0.42,-4.399999999999999,0.906183175653907,-0.8999999999999986,-3.5,0.6900000000000004,0.7400000000000002,0.7150000000000007,6.4,2.63,4,2,2.6000000000000005,-0.03999999999999998,0,-2,0,0,4,-1,4,0.6000000000000014,21.699999999999996,0.3939,0.3571,0.0368,0.3333,0.3571,0.6,-0.4,1.0,0.6667,0.3333,0.0,8,6,2,Home_Win
ISL00196,2016-17,2017-02-28,ATK Mohun Bagan,Punjab FC,Kolkata,4-2-3-1,4-2-3-1,6.95,6.85,6.83,7.37,62.7,36.1,38.8,22.7,10,14,8,15,3,2,2,0,3,3,3,2,44.0,15.5,53.4,42.7,0,0,Overcast,Average,Night,2.9,6.3,7.17,9.4,2,1,5.9,4,7,11.8,11.1,,0.33,0.47,23.900000000000006,1.6159789649538752,13.400000000000002,10.500000000000004,0.1200000000000001,-0.5200000000000005,-0.1999999999999993,-3.4,-2.2300000000000004,-3,1,0.7000000000000011,-0.13999999999999996,0,2,-1,1,2,0,1,-9.399999999999999,-27.200000000000003,0.3448,0.3333,0.01150000000000001,0.3571,0.3846,-0.4,-0.1,-0.30000000000000004,0.6667,0.0,0.3333,2,9,-7,Home_Win
ISL00197,2016-17,2017-03-02,Hyderabad FC,Punjab FC,Hyderabad,4-4-2,4-4-2,7.63,7.38,6.86,6.51,51.2,34.8,70.9,47.3,15,10,4,7,1,0,3,1,2,0,5,2,31.7,32.8,33.9,24.1,0,0,Rainy,Good,Night,1.3,2.5,6.54,6.41,0,1,2.2,8,7,21.8,19.9,,0.36,0.3,-19.700000000000003,0.7221437627441801,-12.5,-7.200000000000003,0.7699999999999996,0.8700000000000001,0.8199999999999994,-1.2,0.1299999999999999,1,-1,1.9000000000000021,0.06,0,11,3,-2,-1,-3,-2,-2.1999999999999993,8.699999999999996,0.3226,0.3214,0.0011999999999999789,0.3571,0.3571,0.0,-0.2,0.2,0.0,0.6667,0.3333,16,2,14,Away_Win
ISL00198,2016-17,2017-03-02,Mumbai City FC,Bengaluru FC,Mumbai,3-5-2,5-3-2,7.18,6.8,5.68,6.83,49.9,27.2,57.2,29.4,15,18,7,17,2,1,3,1,3,1,5,2,42.0,15.3,18.4,16.6,1,0,Rainy,Good,Day,7.6,0.7,5.59,4.81,0,1,3.1,7,6,20.4,17.7,,0.5,0.5,-7.300000000000004,0.8723774698640786,-2.1999999999999993,-5.100000000000005,1.5,-0.03000000000000025,0.7350000000000003,6.8999999999999995,0.7800000000000002,1,-1,2.6999999999999993,0.0,1,8,1,-1,0,-2,-1,23.6,-1.3000000000000007,0.2667,0.3636,-0.09689999999999999,0.2308,0.3333,-0.6,0.7,-1.2999999999999998,0.0,0.0,1.0,6,10,-4,Home_Win
ISL00199,2016-17,2017-03-11,FC Goa,Jamshedpur FC,Goa,3-5-2,4-2-3-1,7.21,7.22,7.71,7.35,60.7,37.2,52.3,28.8,7,17,10,15,2,0,2,1,3,0,2,2,28.6,33.1,48.9,23.1,3,1,Overcast,Good,Day,7.8,3.7,4.79,6.86,3,0,6.5,11,8,8.0,28.1,,0.32,0.49,8.400000000000006,1.1606116327702423,8.400000000000002,3.552713678800501e-15,-0.5,-0.1299999999999999,-0.3149999999999995,4.1,-2.0700000000000003,3,3,-20.1,-0.16999999999999998,2,-3,2,0,-1,1,-2,-20.299999999999997,10.0,0.4118,0.4103,0.0015000000000000013,0.3684,0.3,0.7,0.6,0.09999999999999998,0.6,0.4,0.0,13,14,-1,Away_Win
ISL00200,2016-17,2017-03-13,Punjab FC,Mumbai City FC,Mohali,3-4-3,3-4-3,6.6,7.37,6.76,7.26,32.2,19.3,52.1,30.9,10,11,12,12,1,0,4,1,2,0,7,2,37.7,54.6,47.9,44.7,1,1,Humid,Good,Day,6.1,9.9,6.26,6.1,1,0,2.7,7,7,17.5,24.8,,0.33,0.43,-19.9,0.6180421078613997,-11.599999999999998,-8.3,-0.16000000000000014,0.11000000000000032,-0.025000000000000355,-3.8000000000000007,0.16000000000000014,0,1,-7.300000000000001,-0.09999999999999998,0,-2,-1,-3,-1,-5,-2,-10.199999999999996,9.899999999999999,0.3448,0.2903,0.05449999999999999,0.2857,0.2941,-0.4,-0.4,0.0,1.0,0.0,0.0,11,11,0,Draw
ISL00201,2016-17,2017-03-15,Kerala Blasters,Odisha FC,Kochi,3-5-2,4-2-3-1,6.65,7.24,7.89,6.92,52.6,33.6,45.3,27.8,8,10,10,19,2,0,1,1,2,0,2,1,51.2,28.3,33.3,20.1,1,0,Overcast,Good,Night,7.6,4.5,10.0,7.48,1,0,7.0,2,9,26.8,25.7,,0.37,0.42,7.300000000000004,1.1611476465457735,5.800000000000001,1.5000000000000036,-1.2399999999999993,0.3200000000000003,-0.4599999999999991,3.0999999999999996,2.5199999999999996,-7,1,1.1000000000000014,-0.04999999999999999,1,-2,-9,1,-1,0,-1,17.900000000000006,8.2,0.3429,0.3,0.042899999999999994,0.4545,0.3077,-1.3,0.3,-1.6,0.5,0.5,0.0,24,30,-6,Away_Win
ISL00202,2016-17,2017-03-19,Mumbai City FC,NorthEast United FC,Mumbai,4-2-3-1,3-5-2,6.68,6.76,6.38,7.33,58.4,27.2,43.4,27.4,10,8,13,10,1,0,1,0,1,0,3,0,38.1,54.9,42.7,51.5,0,0,Rainy,Good,Night,5.1,10.0,7.25,5.69,1,1,8.9,8,5,24.5,5.4,,0.46,0.36,15.0,1.3456218097645598,-0.1999999999999993,15.2,0.2999999999999998,-0.5700000000000003,-0.13500000000000068,-4.9,1.5599999999999996,3,0,19.1,0.10000000000000003,0,-3,-2,0,0,-2,0,-4.600000000000001,3.3999999999999986,0.2812,0.2,0.0812,0.2857,0.3333,-0.4,-0.6,0.19999999999999996,0.3333,0.3333,0.3333,6,22,-16,Draw
ISL00203,2016-17,2017-03-26,Bengaluru FC,East Bengal FC,Bengaluru,4-2-3-1,4-4-2,6.71,7.51,6.41,6.76,52.1,33.1,34.7,18.4,6,14,10,14,0,2,2,0,1,2,2,1,35.8,32.7,50.5,18.9,0,3,Clear,Average,Night,8.4,8.1,6.54,5.56,0,0,9.8,5,11,21.6,28.9,Away,0.34,0.47,17.4,1.5014404894984177,14.700000000000003,2.6999999999999957,0.2999999999999998,0.75,0.5249999999999995,0.3000000000000007,0.9800000000000004,-6,0,-7.299999999999997,-0.12999999999999995,-3,-4,0,-2,2,-1,1,-14.700000000000003,13.800000000000004,0.3529,0.4857,-0.13280000000000003,0.4,0.4706,0.6,0.4,0.19999999999999996,0.0,1.0,0.0,24,30,-6,Draw
ISL00204,2016-17,2017-03-26,Mumbai City FC,Odisha FC,Mumbai,4-4-2,3-4-3,6.64,8.07,7.37,7.66,49.4,33.9,31.6,17.1,11,17,7,12,4,0,3,0,4,0,3,2,24.9,32.7,20.1,15.9,0,2,Rainy,Good,Night,6.8,6.4,6.95,7.26,0,1,8.0,9,11,11.2,22.0,Home,0.48,0.38,17.799999999999997,1.563290644528277,16.799999999999997,1.0,-0.7300000000000004,0.41000000000000014,-0.16000000000000014,0.39999999999999947,-0.3099999999999996,-2,-1,-10.8,0.09999999999999998,-2,4,5,1,0,1,-2,4.799999999999997,16.800000000000004,0.2727,0.3226,-0.0499,0.2667,0.3571,-0.3,0.3,-0.6,0.0,0.0,1.0,7,11,-4,Home_Win
ISL00205,2016-17,2017-03-27,Jamshedpur FC,ATK Mohun Bagan,Jamshedpur,5-3-2,5-3-2,6.55,8.42,6.18,6.91,51.5,30.9,50.7,33.9,6,15,9,14,1,0,0,0,2,0,2,1,41.9,51.7,51.0,34.9,1,0,Rainy,Average,Day,1.6,6.3,6.69,7.78,1,0,9.5,10,7,10.0,12.7,,0.35,0.37,0.7999999999999972,1.0157788923513031,-3.0,3.799999999999997,0.3700000000000001,1.5099999999999998,0.9399999999999995,-4.699999999999999,-1.0899999999999999,3,1,-2.6999999999999993,-0.020000000000000018,1,-3,1,1,0,0,-1,-9.100000000000001,16.800000000000004,0.425,0.3667,0.05829999999999996,0.5263,0.3333,0.6,-0.5,1.1,1.0,0.0,0.0,16,27,-11,Home_Win
ISL00206,2016-17,2017-03-28,Odisha FC,NorthEast United FC,Bhubaneswar,3-4-3,4-2-3-1,6.29,7.01,6.56,6.61,57.2,29.9,54.4,36.8,10,12,8,17,1,2,0,0,2,2,0,0,44.4,31.5,30.2,36.7,0,2,Clear,Good,Day,2.1,5.2,8.01,7.26,2,0,2.6,10,5,22.1,15.7,Both,0.42,0.45,2.8000000000000043,1.051470394950295,-6.899999999999999,9.700000000000003,-0.2699999999999996,0.39999999999999947,0.06500000000000039,-3.1,0.75,5,2,6.400000000000002,-0.030000000000000027,-2,2,-5,1,2,2,2,14.2,-5.200000000000003,0.3125,0.1944,0.11810000000000001,0.2941,0.3182,0.4,-0.6,1.0,0.5,0.5,0.0,2,9,-7,Home_Win
ISL00207,2016-17,2017-03-29,FC Goa,Chennaiyin FC,Goa,3-5-2,4-4-2,5.79,7.39,5.94,7.18,47.9,29.6,55.6,30.8,7,11,6,14,1,0,0,1,2,1,0,2,25.4,51.0,36.4,45.0,1,1,Humid,Poor,Day,0.9,7.5,9.14,6.47,2,0,1.3,8,10,8.4,9.3,,0.31,0.43,-7.700000000000003,0.8615106364189502,-1.1999999999999993,-6.5000000000000036,-0.15000000000000036,0.20999999999999996,0.02999999999999936,-6.6,2.670000000000001,-2,2,-0.9000000000000004,-0.12,0,1,-3,1,-1,2,-1,-11.0,6.0,0.4,0.4062,-0.006199999999999983,0.35,0.3125,0.5,0.2,0.3,1.0,0.0,0.0,18,30,-12,Home_Win
ISL00208,2016-17,2017-03-29,Hyderabad FC,Kerala Blasters,Hyderabad,4-4-2,3-5-2,7.06,6.65,6.13,8.6,39.2,24.6,53.4,37.3,10,6,7,8,2,0,2,1,2,0,3,1,34.2,32.6,33.5,45.9,0,0,Rainy,Good,Night,0.0,1.0,5.07,7.57,1,0,2.3,7,2,18.8,8.6,,0.42,0.49,-14.199999999999996,0.7340822595351574,-12.699999999999996,-1.5,0.9299999999999997,-1.9499999999999993,-0.5099999999999998,-1.0,-2.5,5,1,10.200000000000001,-0.07,0,3,-2,0,-1,-1,-1,0.7000000000000028,-13.299999999999997,0.3125,0.3333,-0.020799999999999985,0.3333,0.1538,-0.1,-1.3,1.2,0.5,0.5,0.0,27,14,13,Away_Win
ISL00209,2016-17,2017-03-31,Chennaiyin FC,FC Goa,Chennai,4-3-3,4-2-3-1,8.15,6.71,6.13,7.12,51.9,31.9,51.4,25.4,9,21,5,10,2,0,0,1,2,0,0,1,48.2,15.2,38.2,18.2,1,0,Clear,Average,Day,5.8,6.7,4.04,7.77,0,3,4.3,7,10,6.9,29.0,,0.39,0.42,0.5,1.0097274300141186,6.5,-6.0,2.0200000000000005,-0.41000000000000014,0.8049999999999997,-0.9000000000000004,-3.7299999999999995,-3,-3,-22.1,-0.02999999999999997,1,4,11,2,-1,2,-1,10.0,-3.0,0.3939,0.4167,-0.022800000000000042,0.5,0.4667,0.0,0.7,-0.7,0.0,0.0,1.0,2,2,0,Away_Win
ISL00210,2016-17,2017-04-01,East Bengal FC,Chennaiyin FC,Kolkata,4-4-2,4-3-3,7.04,7.5,6.73,5.95,33.4,16.3,55.8,36.6,15,14,10,21,3,0,2,0,4,0,3,1,38.1,54.5,35.5,41.2,2,2,Rainy,Good,Night,6.6,7.2,3.71,6.2,0,0,2.5,11,4,12.1,12.1,Home,0.43,0.3,-22.4,0.5985662009737991,-20.3,-2.099999999999998,0.3099999999999996,1.5499999999999998,0.9299999999999997,-0.6000000000000005,-2.49,7,0,0.0,0.13,0,5,-7,1,0,1,-1,2.6000000000000014,13.299999999999997,0.4722,0.3824,0.08979999999999999,0.5,0.2941,0.5,-0.2,0.7,0.0,1.0,0.0,6,1,5,Home_Win
ISL00211,2016-17,2017-04-03,Chennaiyin FC,NorthEast United FC,Chennai,3-5-2,4-4-2,6.34,7.13,5.99,7.51,41.9,29.1,39.8,27.0,11,13,7,10,1,2,1,0,1,3,1,0,18.7,22.1,53.2,33.9,2,0,Humid,Good,Night,3.8,9.4,6.96,7.92,0,1,4.3,4,4,6.1,29.4,Away,0.3,0.49,2.1000000000000014,1.0527635545820213,2.1000000000000014,0.0,0.34999999999999964,-0.3799999999999999,-0.015000000000000568,-5.6000000000000005,-0.96,0,-1,-23.299999999999997,-0.19,2,4,3,0,2,0,3,-34.5,-11.799999999999997,0.3714,0.1892,0.1822,0.4706,0.3043,-0.2,-0.7,0.49999999999999994,0.0,0.0,1.0,2,6,-4,Away_Win
ISL00212,2016-17,2017-04-03,FC Goa,East Bengal FC,Goa,4-2-3-1,4-4-2,6.88,6.95,7.51,6.46,50.8,35.0,49.1,29.0,13,15,8,15,2,1,3,0,3,1,4,1,24.8,15.7,51.3,41.9,2,2,Humid,Good,Night,5.9,2.7,7.05,8.04,1,3,3.6,12,13,9.9,29.3,Home,0.37,0.42,1.6999999999999957,1.03462300720509,6.0,-4.300000000000004,-0.6299999999999999,0.4900000000000002,-0.0699999999999994,3.2,-0.9899999999999993,-1,-2,-19.4,-0.04999999999999999,0,5,0,-1,1,-1,0,-26.499999999999996,-26.2,0.4324,0.4865,-0.05409999999999998,0.381,0.4444,0.8,0.6,0.20000000000000007,0.2,0.2,0.6,3,2,1,Home_Win
ISL00213,2016-17,2017-04-04,ATK Mohun Bagan,Mumbai City FC,Kolkata,3-4-3,5-3-2,7.74,6.79,6.44,6.57,45.7,25.4,68.8,42.9,7,14,11,13,2,0,0,2,3,0,1,3,31.7,17.2,49.3,22.0,1,2,Humid,Average,Night,6.5,0.4,5.15,7.1,3,1,1.9,6,11,5.6,9.3,,0.41,0.44,-23.099999999999994,0.6642440894994056,-17.5,-5.599999999999994,1.2999999999999998,0.21999999999999975,0.7599999999999998,6.1,-1.9499999999999993,-5,2,-3.700000000000001,-0.030000000000000027,-1,-4,1,2,-2,2,-3,-17.599999999999998,-4.800000000000001,0.3548,0.2941,0.06070000000000003,0.4,0.2778,-0.8,0.1,-0.9,0.75,0.0,0.25,8,9,-1,Away_Win
ISL00214,2016-17,2017-04-08,Hyderabad FC,NorthEast United FC,Hyderabad,4-3-3,3-5-2,6.12,7.74,8.17,6.92,37.2,22.3,43.4,20.2,8,17,6,8,3,0,3,0,4,2,3,1,41.5,49.3,49.3,45.2,0,2,Rainy,Good,Night,4.3,3.9,6.33,6.47,0,1,7.6,4,7,23.9,15.5,Home,0.36,0.39,-6.199999999999996,0.8571426596445485,2.1000000000000014,-8.299999999999997,-2.05,0.8200000000000003,-0.6150000000000002,0.3999999999999999,-0.13999999999999968,-3,-1,8.399999999999999,-0.030000000000000027,-2,2,9,0,0,1,1,-7.799999999999997,4.099999999999994,0.303,0.2105,0.0925,0.3125,0.3333,0.0,-0.5,0.5,0.0,0.5,0.5,10,5,5,Draw
ISL00215,2016-17,2017-04-09,FC Goa,Punjab FC,Goa,4-4-2,4-4-2,7.08,6.5,5.66,7.01,56.1,25.8,39.3,26.0,9,14,3,12,2,0,2,2,2,0,2,2,42.7,26.5,38.5,47.8,1,0,Humid,Average,Night,0.5,4.3,5.27,7.58,1,0,3.1,12,5,22.3,29.4,,0.49,0.35,16.800000000000004,1.4274805528039307,-0.1999999999999993,17.000000000000004,1.42,-0.5099999999999998,0.45500000000000007,-3.8,-2.3100000000000005,7,1,-7.099999999999998,0.14,1,6,2,0,-2,0,-2,4.200000000000003,-21.299999999999997,0.4474,0.3333,0.11410000000000003,0.4091,0.4,0.8,-0.1,0.9,0.5,0.5,0.0,6,27,-21,Draw
ISL00216,2016-17,2017-04-09,FC Goa,ATK Mohun Bagan,Goa,3-4-3,4-4-2,6.92,6.52,6.49,8.04,54.0,37.6,50.0,31.0,10,16,10,8,3,0,6,0,3,0,8,2,19.1,37.5,26.7,43.9,1,2,Rainy,Poor,Day,6.2,2.4,4.67,7.68,3,0,8.9,10,6,15.1,12.3,,0.35,0.41,4.0,1.079999784000043,6.600000000000001,-2.6000000000000014,0.4299999999999997,-1.5199999999999996,-0.5449999999999999,3.8000000000000003,-3.01,4,3,2.799999999999999,-0.06,-1,0,8,-3,0,-5,-2,-7.599999999999998,-6.399999999999999,0.4359,0.3438,0.09210000000000002,0.3913,0.3125,0.9,-0.8,1.7000000000000002,0.75,0.25,0.0,1,5,-4,Away_Win
ISL00217,2016-17,2017-04-11,Odisha FC,Hyderabad FC,Bhubaneswar,5-3-2,4-2-3-1,6.75,6.76,6.23,7.78,45.4,29.7,63.5,37.8,6,14,11,13,3,4,1,2,3,4,2,2,35.6,47.2,44.4,46.3,1,1,Overcast,Good,Night,8.3,0.4,6.37,8.32,1,0,6.1,10,2,15.9,18.5,,0.34,0.39,-18.1,0.7149605173290523,-8.099999999999998,-10.000000000000004,0.5199999999999996,-1.0200000000000005,-0.2500000000000009,7.9,-1.9500000000000002,8,1,-2.5999999999999996,-0.04999999999999999,0,-5,1,2,2,1,2,-8.799999999999997,0.9000000000000057,0.3333,0.2941,0.03920000000000001,0.3333,0.2941,0.3,-0.1,0.4,0.3333,0.6667,0.0,14,3,11,Draw
ISL00218,2016-17,2017-04-13,Jamshedpur FC,Mumbai City FC,Jamshedpur,3-5-2,4-2-3-1,6.37,7.22,6.03,6.73,44.7,27.2,30.5,18.2,9,14,13,10,4,2,1,0,5,3,1,1,28.1,25.4,49.2,27.7,1,1,Clear,Good,Night,8.8,1.8,8.71,6.03,2,1,9.6,12,11,27.0,23.9,,0.49,0.34,14.200000000000003,1.4655732899759706,9.0,5.200000000000003,0.33999999999999986,0.4899999999999993,0.41499999999999915,7.000000000000001,2.6800000000000006,1,1,3.1000000000000014,0.14999999999999997,0,-4,4,3,2,4,2,-21.1,-2.3000000000000007,0.439,0.3143,0.12469999999999998,0.55,0.3158,1.0,0.3,0.7,0.5,0.25,0.25,17,9,8,Home_Win
ISL00219,2016-17,2017-04-13,East Bengal FC,FC Goa,Kolkata,4-2-3-1,5-3-2,5.57,6.69,7.88,7.35,54.2,34.7,46.5,22.8,6,9,7,16,2,0,1,2,3,1,1,4,16.8,18.0,40.8,23.9,3,2,Rainy,Average,Night,2.7,4.5,6.78,5.98,2,2,9.3,10,10,7.4,14.3,,0.44,0.35,7.700000000000003,1.1655911471846996,11.900000000000002,-4.199999999999999,-2.3099999999999996,-0.6599999999999993,-1.4849999999999994,-1.7999999999999998,0.7999999999999998,0,0,-6.9,0.09000000000000002,1,-1,-7,1,-2,2,-3,-23.999999999999996,-5.899999999999999,0.4737,0.425,0.04870000000000002,0.5263,0.5,0.4,0.7,-0.29999999999999993,0.5,0.1667,0.3333,10,4,6,Home_Win
ISL00220,2016-17,2017-04-14,Odisha FC,FC Goa,Bhubaneswar,4-4-2,4-4-2,5.66,6.96,7.0,7.59,66.0,32.8,58.4,38.7,9,16,12,13,1,0,1,0,1,0,1,0,26.7,47.7,25.6,35.1,0,1,Humid,Good,Night,8.1,2.2,7.2,6.49,1,1,2.7,10,7,24.0,7.3,,0.4,0.31,7.600000000000001,1.1301367927847956,-5.900000000000006,13.500000000000007,-1.3399999999999999,-0.6299999999999999,-0.9849999999999994,5.8999999999999995,0.71,3,0,16.7,0.09000000000000002,-1,-3,3,0,0,0,0,1.0999999999999979,12.600000000000001,0.3235,0.4146,-0.09110000000000001,0.3158,0.4706,0.3,0.6,-0.3,0.3333,0.3333,0.3333,3,1,2,Home_Win
ISL00221,2017-18,2017-10-02,Mumbai City FC,Hyderabad FC,Mumbai,4-2-3-1,3-4-3,7.42,7.89,5.52,7.02,28.1,14.8,40.4,23.5,7,8,11,17,2,3,3,3,2,5,4,3,27.1,51.8,18.7,25.1,0,1,Rainy,Poor,Night,2.3,4.2,6.99,8.17,0,2,3.9,8,3,8.3,17.2,Home,0.45,0.32,-12.299999999999997,0.6955443822909945,-8.7,-3.599999999999998,1.9000000000000004,0.8700000000000001,1.3849999999999998,-1.9000000000000004,-1.1799999999999997,5,-2,-8.899999999999999,0.13,-1,-4,-9,-1,0,-2,2,8.400000000000002,26.699999999999996,0.3056,0.2857,0.019899999999999973,0.3125,0.2778,-0.1,-0.1,0.0,0.0,0.3333,0.6667,30,30,0,Home_Win
ISL00222,2017-18,2017-10-05,FC Goa,ATK Mohun Bagan,Goa,3-5-2,5-3-2,7.35,7.73,6.75,6.05,39.5,20.2,41.9,25.2,9,6,10,14,0,0,0,2,1,1,0,2,49.5,30.2,15.2,28.7,2,2,Clear,Good,Night,9.4,8.5,6.4,7.05,3,1,8.1,4,6,9.5,19.3,,0.5,0.36,-2.3999999999999986,0.9427205387301817,-5.0,2.6000000000000014,0.5999999999999996,1.6800000000000006,1.1399999999999997,0.9000000000000004,-0.6499999999999995,-2,2,-9.8,0.14,0,-1,-8,0,-2,1,-1,34.3,1.5,0.4048,0.3636,0.041200000000000014,0.375,0.3529,0.5,-0.6,1.1,0.6,0.2,0.2,30,30,0,Home_Win
ISL00223,2017-18,2017-10-06,Hyderabad FC,ATK Mohun Bagan,Hyderabad,4-4-2,3-5-2,6.44,6.33,6.13,6.6,52.1,31.2,40.4,19.9,10,15,8,9,4,0,2,0,5,0,2,0,26.3,52.8,22.9,39.5,2,2,Rainy,Good,Day,7.3,2.1,6.75,6.75,0,1,3.2,2,6,10.9,9.8,,0.41,0.37,11.700000000000003,1.2896036411872176,11.3,0.40000000000000213,0.3100000000000005,-0.2699999999999996,0.019999999999999574,5.199999999999999,0.0,-4,-1,1.0999999999999996,0.03999999999999998,0,2,6,2,0,3,0,3.400000000000002,13.299999999999997,0.2778,0.3529,-0.0751,0.2941,0.3333,-0.3,-0.6,0.3,0.0,0.0,1.0,4,1,3,Draw
ISL00224,2017-18,2017-10-11,Mumbai City FC,FC Goa,Mumbai,5-3-2,5-3-2,6.96,6.19,6.39,6.69,40.5,19.2,33.9,20.6,5,12,2,15,1,0,1,3,1,0,2,3,28.6,28.0,40.6,23.8,1,0,Overcast,Good,Day,4.9,6.5,6.36,6.92,1,0,3.2,10,4,29.3,14.9,,0.42,0.35,6.600000000000001,1.194689913070822,-1.4000000000000021,8.000000000000004,0.5700000000000003,-0.5,0.03500000000000014,-1.5999999999999996,-0.5599999999999996,6,1,14.4,0.07,1,3,-3,0,-3,-1,-3,-12.0,4.199999999999999,0.3243,0.4186,-0.09430000000000005,0.3529,0.4444,0.1,0.2,-0.1,0.5,0.5,0.0,9,6,3,Home_Win
ISL00225,2017-18,2017-10-19,Jamshedpur FC,ATK Mohun Bagan,Jamshedpur,4-2-3-1,5-3-2,6.32,6.47,6.14,7.31,52.1,35.1,57.8,29.5,7,16,5,10,0,2,5,3,1,2,5,3,24.1,22.4,19.4,48.0,0,1,Humid,Good,Day,7.8,3.1,7.73,8.01,2,0,4.6,12,4,6.7,17.9,,0.37,0.43,-5.699999999999996,0.9013839270962064,5.600000000000001,-11.299999999999997,0.1800000000000006,-0.8399999999999999,-0.33000000000000007,4.699999999999999,-0.27999999999999936,8,2,-11.2,-0.06,-1,2,6,-5,-1,-4,-1,4.700000000000003,-25.6,0.4524,0.3429,0.10950000000000004,0.5714,0.3158,1.3,-0.5,1.8,1.0,0.0,0.0,30,13,17,Home_Win
ISL00226,2017-18,2017-10-20,Hyderabad FC,Jamshedpur FC,Hyderabad,4-3-3,4-4-2,6.13,6.05,7.48,7.13,47.5,26.9,51.7,33.1,8,9,10,17,0,5,2,0,1,5,3,0,15.4,36.6,34.3,18.4,2,0,Overcast,Good,Day,2.8,0.9,5.82,6.2,1,3,9.3,3,15,7.0,15.7,,0.41,0.48,-4.200000000000003,0.9187619112646206,-6.200000000000003,2.0,-1.3500000000000005,-1.08,-1.2149999999999999,1.9,-0.3799999999999999,-12,-2,-8.7,-0.07,2,-2,-8,-2,5,-2,5,-18.9,18.200000000000003,0.2703,0.4651,-0.19480000000000003,0.2778,0.3333,-0.3,1.4,-1.7,0.3333,0.1667,0.5,14,1,13,Home_Win
ISL00227,2017-18,2017-10-20,NorthEast United FC,Mumbai City FC,Guwahati,5-3-2,3-4-3,7.03,7.67,6.58,7.58,43.2,24.2,14.7,6.7,11,13,8,15,4,0,1,0,4,1,3,0,34.3,36.8,54.1,23.8,1,0,Humid,Good,Night,6.5,4.9,6.94,8.73,1,1,5.5,5,12,29.5,25.8,,0.48,0.35,28.500000000000004,2.9387735110384283,17.5,11.000000000000004,0.4500000000000002,0.08999999999999986,0.2699999999999996,1.5999999999999996,-1.79,-7,0,3.6999999999999993,0.13,1,3,-2,3,0,1,1,-19.800000000000004,12.999999999999996,0.2051,0.3421,-0.137,0.0,0.3,-0.4,0.3,-0.7,0.25,0.5,0.25,30,9,21,Home_Win
ISL00228,2017-18,2017-10-20,Punjab FC,Hyderabad FC,Mohali,4-2-3-1,5-3-2,6.92,6.77,6.17,6.39,63.7,30.3,55.7,26.8,7,12,12,17,1,2,0,0,3,3,1,0,27.9,22.4,27.7,48.5,0,3,Humid,Average,Night,9.8,7.7,9.08,7.02,2,0,5.3,6,6,23.9,27.0,,0.49,0.36,8.0,1.1436263655967027,3.5,4.5000000000000036,0.75,0.3799999999999999,0.5650000000000004,2.1000000000000005,2.0600000000000005,0,2,-3.1000000000000014,0.13,-3,-5,-5,1,2,2,3,0.1999999999999993,-26.1,0.3226,0.2895,0.03310000000000002,0.2667,0.2632,-0.2,0.0,-0.2,0.5,0.5,0.0,30,1,29,Home_Win
ISL00229,2017-18,2017-10-21,Chennaiyin FC,Odisha FC,Chennai,4-2-3-1,3-5-2,5.99,6.52,6.09,6.78,42.8,26.6,31.0,15.6,10,20,12,10,4,0,2,4,4,0,3,5,51.1,46.7,26.1,34.7,1,3,Clear,Good,Night,6.6,2.8,8.76,6.91,2,0,4.9,3,10,16.7,22.6,Home,0.36,0.36,11.799999999999997,1.3806447159210593,11.000000000000002,0.7999999999999954,-0.09999999999999964,-0.2600000000000007,-0.1800000000000006,3.8,1.8499999999999996,-7,2,-5.900000000000002,0.0,-2,-2,10,2,-4,1,-5,25.0,12.0,0.3611,0.3429,0.018199999999999994,0.4444,0.3333,-0.4,0.5,-0.9,1.0,0.0,0.0,30,30,0,Away_Win
ISL00230,2017-18,2017-10-23,East Bengal FC,NorthEast United FC,Kolkata,4-4-2,3-5-2,7.13,7.6,5.76,7.0,41.6,27.2,41.6,22.9,2,7,10,16,1,1,3,0,2,1,3,3,34.9,38.1,16.8,21.5,2,1,Clear,Good,Night,9.7,3.0,6.26,5.6,2,1,1.6,10,8,17.2,25.3,,0.32,0.31,0.0,0.9999997596154423,4.300000000000001,-4.300000000000001,1.37,0.5999999999999996,0.9850000000000003,6.699999999999999,0.6600000000000001,2,1,-8.100000000000001,0.010000000000000009,1,-8,-9,-2,1,-1,-2,18.099999999999998,16.6,0.4872,0.225,0.2622,0.55,0.32,0.4,-0.2,0.6000000000000001,0.5,0.25,0.25,30,3,27,Away_Win
ISL00231,2017-18,2017-10-27,Odisha FC,Chennaiyin FC,Bhubaneswar,3-5-2,3-4-3,6.71,7.04,6.91,6.31,45.5,27.6,47.0,31.4,8,15,7,9,1,0,2,1,1,0,3,1,32.5,53.4,24.8,38.3,2,0,Humid,Good,Night,0.4,7.5,7.15,8.56,1,2,8.4,10,0,27.9,12.4,,0.49,0.33,-1.5,0.968084900407468,-3.799999999999997,2.299999999999997,-0.20000000000000018,0.7300000000000004,0.26500000000000057,-7.1,-1.4100000000000001,10,-1,15.499999999999998,0.15999999999999998,2,1,6,-1,-1,-2,-1,7.699999999999999,15.100000000000001,0.3611,0.3514,0.009699999999999986,0.35,0.2778,0.7,-0.5,1.2,0.3333,0.0,0.6667,6,6,0,Away_Win
ISL00232,2017-18,2017-10-28,FC Goa,East Bengal FC,Goa,4-3-3,3-5-2,6.81,7.36,6.21,8.38,41.0,20.9,41.3,18.7,8,8,9,15,1,1,3,0,1,3,6,1,44.6,39.0,20.4,51.4,0,0,Rainy,Good,Day,2.3,4.0,6.58,6.06,2,2,8.0,3,7,23.0,8.2,Both,0.31,0.48,-0.29999999999999716,0.9927358371099668,2.1999999999999993,-2.4999999999999964,0.5999999999999996,-1.0200000000000005,-0.20999999999999996,-1.7000000000000002,0.5200000000000005,-4,0,14.8,-0.16999999999999998,0,-1,-7,-2,1,-5,2,24.200000000000003,-12.399999999999999,0.4091,0.475,-0.06589999999999996,0.4,0.4211,0.0,0.4,-0.4,0.2857,0.1429,0.5714,17,5,12,Draw
ISL00233,2017-18,2017-10-30,Punjab FC,East Bengal FC,Mohali,4-2-3-1,4-3-3,6.12,7.02,6.16,6.59,29.3,18.9,43.2,25.4,8,12,7,19,4,1,2,2,4,3,3,2,19.2,34.3,25.3,40.9,2,5,Clear,Good,Night,4.6,9.9,5.96,7.5,1,1,7.4,8,7,24.0,18.1,,0.48,0.47,-13.900000000000002,0.6782405837406056,-6.5,-7.400000000000002,-0.040000000000000036,0.4299999999999997,0.19500000000000028,-5.300000000000001,-1.54,1,0,5.899999999999999,0.010000000000000009,-3,1,-7,2,-1,1,1,-6.100000000000001,-6.600000000000001,0.3438,0.4634,-0.11959999999999998,0.3125,0.4,0.0,0.4,-0.4,0.5,0.0,0.5,10,2,8,Home_Win
ISL00234,2017-18,2017-10-30,Odisha FC,East Bengal FC,Bhubaneswar,3-5-2,4-3-3,7.61,7.93,6.95,6.3,51.5,25.1,63.7,29.2,12,10,9,12,1,2,3,1,1,2,3,1,51.7,44.3,17.6,25.0,3,3,Clear,Good,Night,3.8,7.7,8.64,5.97,2,1,10.0,10,4,27.4,5.5,,0.47,0.48,-12.200000000000003,0.808477110129182,-4.099999999999998,-8.100000000000001,0.6600000000000001,1.63,1.1449999999999996,-3.9000000000000004,2.670000000000001,6,1,21.9,-0.010000000000000009,0,3,-2,-2,1,-2,1,34.1,19.299999999999997,0.3514,0.4524,-0.10100000000000003,0.3333,0.381,0.5,0.2,0.3,0.5,0.25,0.25,3,1,2,Home_Win
ISL00235,2017-18,2017-10-31,Odisha FC,Jamshedpur FC,Bhubaneswar,3-5-2,4-4-2,6.83,6.93,6.82,6.66,43.2,28.4,39.1,21.3,4,12,8,19,4,2,1,1,5,2,1,2,52.7,52.8,31.9,37.6,1,1,Rainy,Good,Night,7.5,2.2,6.88,7.22,0,1,4.5,10,12,24.2,16.1,,0.37,0.39,4.100000000000001,1.1048590524657154,7.099999999999998,-2.9999999999999964,0.009999999999999787,0.2699999999999996,0.13999999999999968,5.3,-0.33999999999999986,-2,-1,8.099999999999998,-0.020000000000000018,0,-4,-7,3,1,4,0,20.800000000000004,15.199999999999996,0.3684,0.4545,-0.08610000000000001,0.3636,0.3182,0.5,0.9,-0.4,0.0,0.5,0.5,1,11,-10,Home_Win
ISL00236,2017-18,2017-11-03,Kerala Blasters,NorthEast United FC,Kochi,4-2-3-1,4-3-3,6.29,6.01,6.18,8.56,52.3,31.1,68.0,35.7,8,8,9,15,2,0,4,2,3,0,4,3,45.6,22.0,41.7,49.6,1,2,Humid,Poor,Night,4.1,5.0,7.99,9.49,1,1,1.4,4,10,23.0,6.5,Both,0.39,0.47,-15.700000000000003,0.7691175339533037,-4.600000000000001,-11.100000000000001,0.11000000000000032,-2.5500000000000007,-1.2199999999999998,-0.9000000000000004,-1.5,-6,0,16.5,-0.07999999999999996,-1,-1,-7,-2,-2,-1,-3,3.8999999999999986,-27.6,0.3514,0.2439,0.10749999999999998,0.4348,0.3462,-0.9,-0.1,-0.8,0.25,0.5,0.25,30,11,19,Away_Win
ISL00237,2017-18,2017-11-05,Bengaluru FC,Mumbai City FC,Bengaluru,3-5-2,4-4-2,7.11,7.25,8.18,6.62,63.5,33.2,50.7,24.9,5,9,15,14,5,1,3,0,5,1,3,1,48.9,50.0,36.1,51.1,3,1,Clear,Average,Day,4.9,8.9,8.09,5.52,1,1,9.0,5,9,16.6,17.9,,0.37,0.36,12.799999999999997,1.2524652362001505,8.300000000000004,4.499999999999993,-1.0699999999999994,0.6299999999999999,-0.22000000000000064,-4.0,2.5700000000000003,-4,0,-1.2999999999999972,0.010000000000000009,2,-10,-5,2,1,2,0,12.799999999999997,-1.1000000000000014,0.3429,0.3333,0.009599999999999997,0.375,0.2857,0.3,0.2,0.09999999999999998,0.5,0.0,0.5,30,16,14,Away_Win
ISL00238,2017-18,2017-11-07,FC Goa,Bengaluru FC,Goa,5-3-2,4-2-3-1,7.66,7.14,7.45,7.22,41.7,24.1,39.3,22.4,10,11,11,9,3,0,2,2,3,1,4,3,47.9,54.8,29.4,51.5,2,1,Humid,Poor,Night,8.1,6.6,5.79,6.27,0,1,2.2,4,4,14.6,10.1,,0.43,0.5,2.4000000000000057,1.061068432298109,1.7000000000000028,0.7000000000000028,0.20999999999999996,-0.08000000000000007,0.06500000000000039,1.5,-0.47999999999999954,0,-1,4.5,-0.07,1,-1,2,1,-2,-1,-2,18.5,3.299999999999997,0.4,0.3333,0.06670000000000004,0.3846,0.3158,0.1,0.0,0.1,0.0,0.6667,0.3333,10,2,8,Away_Win
ISL00239,2017-18,2017-11-07,Punjab FC,FC Goa,Mohali,4-3-3,3-4-3,7.34,7.23,7.34,6.91,60.9,37.0,43.0,23.0,9,15,7,11,1,2,1,1,2,3,1,2,36.9,26.8,54.8,35.1,1,0,Overcast,Average,Day,9.9,2.4,5.83,7.15,0,1,5.8,11,4,16.0,24.3,,0.4,0.42,17.9,1.4162787404002928,14.0,3.8999999999999986,0.0,0.3200000000000003,0.16000000000000014,7.5,-1.3200000000000003,7,-1,-8.3,-0.019999999999999962,1,2,4,0,1,1,1,-17.9,-8.3,0.3636,0.3913,-0.027700000000000002,0.3529,0.4211,0.4,-0.4,0.8,0.0,0.6667,0.3333,8,1,7,Away_Win
ISL00240,2017-18,2017-11-08,NorthEast United FC,East Bengal FC,Guwahati,3-4-3,4-3-3,6.48,7.04,5.79,6.13,45.1,23.2,29.1,15.0,12,13,7,10,2,0,0,1,3,1,0,2,46.4,45.5,19.4,29.0,1,0,Overcast,Good,Day,5.2,3.4,9.53,6.12,2,2,2.2,13,4,17.7,22.3,,0.43,0.46,16.0,1.5498276461073381,8.2,7.800000000000001,0.6900000000000004,0.9100000000000001,0.7999999999999998,1.8000000000000003,3.4099999999999993,9,0,-4.600000000000001,-0.030000000000000027,1,5,3,2,-1,3,-1,27.0,16.5,0.2619,0.4419,-0.18,0.0667,0.3636,0.1,-0.1,0.2,0.4,0.2,0.4,5,9,-4,Away_Win
ISL00241,2017-18,2017-11-09,Punjab FC,Hyderabad FC,Mohali,4-3-3,5-3-2,7.24,6.93,6.84,7.22,50.5,33.4,49.2,29.7,7,16,15,15,3,2,1,0,3,2,1,0,16.0,31.4,35.1,18.1,1,2,Humid,Poor,Night,9.5,9.2,5.4,6.59,3,0,1.8,8,5,24.8,6.9,,0.31,0.41,1.2999999999999972,1.0264225556051716,3.6999999999999993,-2.400000000000002,0.40000000000000036,-0.29000000000000004,0.055000000000000604,0.3000000000000007,-1.1899999999999995,3,3,17.9,-0.09999999999999998,-1,-8,1,2,2,2,2,-19.1,13.299999999999997,0.3529,0.2821,0.07079999999999997,0.3333,0.25,0.2,-0.3,0.5,0.6,0.4,0.0,2,20,-18,Draw
ISL00242,2017-18,2017-11-13,Hyderabad FC,Kerala Blasters,Hyderabad,3-5-2,3-4-3,6.87,6.77,6.67,6.85,57.6,32.0,43.9,22.4,12,18,12,11,1,1,0,0,1,2,1,1,49.0,33.7,49.6,17.7,0,0,Overcast,Good,Night,3.5,1.4,8.93,4.92,1,1,3.7,5,3,19.3,8.7,,0.46,0.37,13.700000000000003,1.3120725940609126,9.600000000000001,4.100000000000001,0.20000000000000018,-0.08000000000000007,0.0600000000000005,2.1,4.01,2,0,10.600000000000001,0.09000000000000002,0,0,7,1,1,0,1,-0.6000000000000014,16.000000000000004,0.275,0.3421,-0.06709999999999999,0.3158,0.2143,-0.1,-1.1,1.0,0.3333,0.3333,0.3333,4,10,-6,Home_Win
ISL00243,2017-18,2017-11-13,Chennaiyin FC,Odisha FC,Chennai,5-3-2,5-3-2,6.8,6.61,6.87,6.77,37.6,25.3,50.2,34.8,7,17,9,15,1,0,1,0,3,1,1,1,42.4,28.2,24.9,18.0,1,0,Overcast,Good,Night,1.7,9.8,5.08,8.32,3,1,8.6,3,12,17.8,22.7,Both,0.34,0.44,-12.600000000000001,0.7490038348597938,-9.499999999999996,-3.100000000000005,-0.07000000000000028,-0.15999999999999925,-0.11500000000000021,-8.100000000000001,-3.24,-9,2,-4.899999999999999,-0.09999999999999998,1,-2,2,0,0,2,0,17.5,10.2,0.3684,0.3846,-0.016199999999999992,0.4211,0.375,-0.4,0.6,-1.0,0.75,0.0,0.25,17,13,4,Away_Win
ISL00244,2017-18,2017-11-14,Kerala Blasters,FC Goa,Kochi,4-3-3,3-5-2,7.05,6.41,7.24,6.91,44.5,29.3,40.7,20.9,10,11,9,16,1,0,2,2,1,0,5,2,37.6,34.2,38.8,35.8,1,1,Clear,Good,Day,9.5,9.3,6.72,7.67,1,2,1.3,3,7,28.3,18.1,,0.31,0.37,3.799999999999997,1.0933658247258415,8.400000000000002,-4.600000000000005,-0.1900000000000004,-0.5,-0.34499999999999975,0.1999999999999993,-0.9500000000000002,-4,-1,10.2,-0.06,0,1,-5,-1,-2,-4,-2,-1.1999999999999957,-1.5999999999999943,0.3333,0.4043,-0.07100000000000001,0.4167,0.45,-1.4,-0.4,-0.9999999999999999,0.2,0.4,0.4,1,7,-6,Away_Win
ISL00245,2017-18,2017-11-14,NorthEast United FC,Jamshedpur FC,Guwahati,4-4-2,3-4-3,6.37,6.44,6.96,7.56,55.1,26.2,51.9,36.2,9,18,9,9,1,2,4,3,1,2,5,3,41.4,53.1,53.8,39.4,2,2,Clear,Good,Night,5.1,6.1,6.4,6.27,0,3,6.8,10,9,16.7,26.5,,0.37,0.35,3.200000000000003,1.061656828197143,-10.000000000000004,13.200000000000006,-0.5899999999999999,-1.1199999999999992,-0.8549999999999995,-1.0,0.13000000000000078,1,-3,-9.8,0.020000000000000018,0,0,9,-3,-1,-4,-1,-12.399999999999999,13.700000000000003,0.2558,0.4444,-0.1886,0.0625,0.3043,0.1,0.8,-0.7000000000000001,0.0,0.4,0.6,6,14,-8,Home_Win
ISL00246,2017-18,2017-11-15,Bengaluru FC,Chennaiyin FC,Bengaluru,4-2-3-1,5-3-2,6.74,6.52,7.52,7.22,22.9,14.0,51.3,25.2,12,4,12,10,2,1,3,2,3,1,3,2,19.3,44.5,21.2,25.9,1,1,Humid,Good,Night,5.1,2.1,6.26,7.46,1,1,1.7,4,3,12.1,11.1,Away,0.35,0.38,-28.4,0.4463936751669249,-11.2,-17.2,-0.7799999999999994,-0.7000000000000002,-0.7399999999999993,2.9999999999999996,-1.2000000000000002,1,0,1.0,-0.030000000000000027,0,0,-6,-1,-1,0,-1,-1.8999999999999986,18.6,0.3514,0.359,-0.007599999999999996,0.3529,0.3158,0.3,-0.7,1.0,0.25,0.5,0.25,8,2,6,Draw
ISL00247,2017-18,2017-11-19,Mumbai City FC,Kerala Blasters,Mumbai,4-2-3-1,3-5-2,6.09,7.06,7.3,7.04,33.6,17.7,59.1,40.6,8,14,12,16,1,2,1,1,2,3,2,1,53.2,24.5,49.0,24.5,1,2,Clear,Good,Night,9.5,1.6,4.75,7.62,2,3,3.3,9,3,25.0,11.8,,0.31,0.4,-25.5,0.5685278225841247,-22.900000000000002,-2.599999999999998,-1.21,0.019999999999999574,-0.5950000000000006,7.9,-2.87,6,-1,13.2,-0.09000000000000002,-1,-4,-2,0,1,0,2,4.200000000000003,0.0,0.35,0.325,0.024999999999999967,0.3889,0.2,0.2,-1.4,1.5999999999999999,0.4,0.0,0.6,14,5,9,Away_Win
ISL00248,2017-18,2017-11-20,Odisha FC,Jamshedpur FC,Bhubaneswar,3-5-2,4-3-3,6.37,6.59,7.1,7.56,35.5,22.7,61.6,28.7,3,10,4,11,2,2,2,0,2,2,2,4,22.9,43.7,42.2,47.5,1,1,Overcast,Average,Night,5.5,6.4,7.51,6.16,1,1,9.4,12,6,19.7,22.5,Both,0.41,0.47,-26.1,0.5762986077437324,-6.0,-20.100000000000005,-0.7299999999999995,-0.9699999999999998,-0.8499999999999996,-0.9000000000000004,1.3499999999999996,6,0,-2.8000000000000007,-0.06,0,-1,-1,0,2,0,-2,-19.300000000000004,-3.799999999999997,0.4,0.4348,-0.0348,0.3913,0.2917,0.6,0.7,-0.09999999999999998,0.3333,0.3333,0.3333,7,6,1,Draw
ISL00249,2017-18,2017-11-24,NorthEast United FC,Kerala Blasters,Guwahati,4-4-2,3-5-2,7.47,7.38,6.1,7.02,69.2,40.5,46.3,20.9,11,11,11,19,2,0,3,1,2,0,3,1,38.1,17.7,25.6,25.7,3,1,Clear,Good,Night,0.1,8.4,6.61,7.2,2,1,3.1,12,6,11.3,16.7,Away,0.48,0.33,22.900000000000006,1.494600109157644,19.6,3.3000000000000043,1.37,0.3600000000000003,0.8650000000000002,-8.3,-0.5899999999999999,6,1,-5.399999999999999,0.14999999999999997,2,0,-8,-1,-1,-1,-1,12.5,-8.0,0.2727,0.3415,-0.06880000000000003,0.1176,0.25,0.1,-0.8,0.9,0.4,0.4,0.2,10,5,5,Home_Win
ISL00250,2017-18,2017-11-26,East Bengal FC,NorthEast United FC,Kolkata,4-3-3,4-3-3,6.85,8.61,7.02,5.88,38.5,21.7,21.8,10.3,5,14,12,9,0,0,1,1,0,1,2,1,51.1,52.4,49.6,42.0,1,1,Clear,Good,Night,9.9,5.0,6.6,6.87,3,1,8.8,4,12,5.5,22.0,,0.41,0.33,16.7,1.7660542357549378,11.399999999999999,5.300000000000001,-0.16999999999999993,2.7299999999999995,1.2800000000000002,4.9,-0.27000000000000046,-8,2,-16.5,0.07999999999999996,0,-7,5,-1,-1,-2,0,1.5,10.399999999999999,0.4545,0.2889,0.16560000000000002,0.5238,0.3704,-0.1,0.7,-0.7999999999999999,0.5,0.1667,0.3333,18,2,16,Away_Win
ISL00251,2017-18,2017-11-28,Hyderabad FC,Bengaluru FC,Hyderabad,3-4-3,4-2-3-1,7.65,7.21,7.09,7.37,52.1,35.1,40.1,25.1,5,15,8,11,2,2,4,0,3,3,5,0,19.3,39.2,25.6,50.2,0,0,Overcast,Good,Night,7.8,8.9,4.2,6.67,0,1,1.8,8,5,6.4,14.4,,0.39,0.42,12.0,1.2992515463213101,10.0,2.0,0.5600000000000005,-0.16000000000000014,0.1999999999999993,-1.1000000000000005,-2.4699999999999998,3,-1,-8.0,-0.02999999999999997,0,-3,4,-2,2,-2,3,-6.300000000000001,-11.0,0.2927,0.3421,-0.0494,0.35,0.35,0.2,0.1,0.1,0.0,0.5,0.5,15,13,2,Away_Win
ISL00252,2017-18,2017-11-30,Mumbai City FC,ATK Mohun Bagan,Mumbai,3-5-2,4-3-3,6.47,6.2,6.89,6.74,52.6,24.4,34.4,17.5,9,8,8,18,2,1,2,0,3,1,2,0,25.0,23.0,42.6,49.1,1,0,Humid,Good,Night,4.5,8.7,6.07,8.21,2,3,2.8,9,4,9.2,19.4,,0.39,0.43,18.200000000000003,1.5290693229449641,6.899999999999999,11.300000000000004,-0.41999999999999993,-0.54,-0.47999999999999954,-4.199999999999999,-2.1400000000000006,5,-1,-10.2,-0.03999999999999998,1,1,-10,0,1,1,1,-17.6,-26.1,0.3415,0.3333,0.00820000000000004,0.3684,0.3,-0.3,-0.6,0.3,0.4,0.0,0.6,11,30,-19,Home_Win
ISL00253,2017-18,2017-12-02,Punjab FC,FC Goa,Mohali,5-3-2,4-2-3-1,5.67,5.96,5.77,7.33,50.2,29.6,41.7,21.6,13,11,5,13,1,1,0,1,1,2,3,1,15.5,52.4,28.1,28.9,1,2,Clear,Average,Night,4.3,4.6,9.07,6.56,0,2,6.1,8,7,7.4,25.9,Home,0.45,0.39,8.5,1.2038366417657933,8.0,0.5,-0.09999999999999964,-1.37,-0.7350000000000003,-0.2999999999999998,2.5100000000000007,1,-2,-18.5,0.06,-1,8,-2,1,0,-2,1,-12.600000000000001,23.5,0.3429,0.4167,-0.07380000000000003,0.3158,0.4762,0.1,-0.3,0.4,0.0,0.5,0.5,23,18,5,Home_Win
ISL00254,2017-18,2017-12-05,Kerala Blasters,Chennaiyin FC,Kochi,4-4-2,4-4-2,7.36,7.58,6.9,7.68,38.5,20.5,54.4,33.6,10,12,4,19,3,0,1,0,4,1,3,0,44.4,42.3,28.8,32.1,2,0,Humid,Good,Day,9.0,1.8,7.93,7.39,0,2,1.7,3,4,12.1,18.0,,0.47,0.44,-15.899999999999999,0.7077204581396216,-13.100000000000001,-2.799999999999997,0.45999999999999996,-0.09999999999999964,0.1800000000000006,7.2,0.54,-1,-2,-5.9,0.02999999999999997,2,6,-7,2,0,1,1,15.599999999999998,10.199999999999996,0.3333,0.35,-0.016699999999999993,0.4,0.3,-1.1,-0.6,-0.5000000000000001,0.0,0.0,1.0,11,20,-9,Home_Win
ISL00255,2017-18,2017-12-05,FC Goa,Hyderabad FC,Goa,4-4-2,4-4-2,6.41,6.67,7.71,7.52,35.9,16.5,46.4,21.2,9,9,7,15,1,0,1,1,1,1,1,2,24.8,45.8,23.2,22.9,1,1,Overcast,Good,Night,4.3,4.0,4.17,7.54,0,0,7.0,7,7,16.8,24.5,,0.43,0.31,-10.5,0.773706729804584,-4.699999999999999,-5.800000000000001,-1.2999999999999998,-0.8499999999999996,-1.0750000000000002,0.2999999999999998,-3.37,0,0,-7.699999999999999,0.12,0,2,-6,0,-1,0,-1,1.6000000000000014,22.9,0.4082,0.2857,0.1225,0.3704,0.2381,-0.5,0.1,-0.6,0.0,1.0,0.0,3,7,-4,Draw
ISL00256,2017-18,2017-12-14,ATK Mohun Bagan,East Bengal FC,Kolkata,5-3-2,5-3-2,6.41,6.72,5.94,6.59,68.5,43.7,35.5,20.8,6,4,11,8,4,1,2,3,4,2,3,3,45.2,32.7,29.8,21.1,2,1,Humid,Average,Night,8.1,1.6,5.57,6.32,0,3,8.9,4,4,8.3,8.1,Home,0.4,0.36,33.0,1.9295769212459375,22.900000000000002,10.099999999999998,0.46999999999999975,0.1299999999999999,0.29999999999999893,6.5,-0.75,0,-3,0.20000000000000107,0.040000000000000036,1,-5,-4,2,-2,1,-1,15.400000000000002,11.600000000000001,0.3243,0.4444,-0.12010000000000004,0.375,0.3913,-0.8,-0.3,-0.5,0.0,0.0,1.0,14,18,-4,Draw
ISL00257,2017-18,2017-12-14,Chennaiyin FC,Odisha FC,Chennai,4-4-2,5-3-2,7.36,7.52,6.87,6.45,27.8,16.4,46.3,25.5,10,17,12,7,1,1,4,1,2,2,5,3,44.8,38.2,42.3,36.7,2,1,Rainy,Good,Night,6.6,1.6,6.35,6.77,3,2,3.6,4,10,26.3,16.5,,0.3,0.4,-18.499999999999996,0.6004318357598627,-9.100000000000001,-9.399999999999995,0.4900000000000002,1.0699999999999994,0.7799999999999994,5.0,-0.41999999999999993,-6,1,9.8,-0.10000000000000003,1,-2,10,-3,0,-3,-1,2.5,1.5,0.3415,0.3902,-0.048699999999999966,0.4,0.4118,-0.8,0.5,-1.3,0.6,0.0,0.4,9,24,-15,Away_Win
ISL00258,2017-18,2017-12-19,Odisha FC,Bengaluru FC,Bhubaneswar,3-4-3,3-4-3,6.8,6.14,7.18,8.08,33.9,22.8,42.5,20.8,15,8,5,10,2,1,2,2,2,1,3,2,27.9,46.5,47.9,49.2,0,0,Clear,Average,Day,2.2,2.0,6.38,6.57,1,2,3.2,13,8,28.3,23.9,,0.46,0.32,-8.600000000000001,0.7976468711419126,2.0,-10.600000000000001,-0.3799999999999999,-1.9400000000000004,-1.1600000000000001,0.20000000000000018,-0.1900000000000004,5,-1,4.400000000000002,0.14,0,10,-2,0,-1,-1,-1,-20.0,-2.700000000000003,0.4048,0.359,0.04580000000000001,0.375,0.381,0.8,0.3,0.5,0.25,0.25,0.5,5,21,-16,Away_Win
ISL00259,2017-18,2017-12-20,NorthEast United FC,Mumbai City FC,Guwahati,5-3-2,5-3-2,6.33,6.58,6.53,7.45,53.5,32.1,80.1,54.3,10,17,10,17,1,0,1,1,1,1,1,1,43.5,43.3,38.2,25.1,0,2,Clear,Good,Night,2.7,6.7,5.55,7.82,2,1,5.4,12,9,14.5,23.0,,0.48,0.3,-26.599999999999994,0.6679150227322069,-22.199999999999996,-4.399999999999999,-0.20000000000000018,-0.8700000000000001,-0.5350000000000001,-4.0,-2.2700000000000005,3,1,-8.5,0.18,-2,0,0,0,-1,0,0,5.299999999999997,18.199999999999996,0.3043,0.3571,-0.05279999999999996,0.1667,0.3182,0.8,0.0,0.8,0.4,0.4,0.2,24,20,4,Home_Win
ISL00260,2017-18,2017-12-20,Hyderabad FC,ATK Mohun Bagan,Hyderabad,3-4-3,4-2-3-1,6.6,7.23,5.94,8.26,43.8,23.4,43.2,23.3,12,11,16,15,0,1,3,0,0,2,3,1,15.2,24.7,35.1,36.9,2,1,Rainy,Good,Night,8.8,4.6,5.84,7.5,0,1,4.8,5,2,23.8,18.7,,0.38,0.46,0.5999999999999943,1.013888654192441,0.09999999999999787,0.49999999999999645,0.6599999999999993,-1.0299999999999994,-0.1849999999999996,4.200000000000001,-1.6600000000000001,3,-1,5.100000000000001,-0.08000000000000002,1,-4,-4,-3,1,-3,1,-19.900000000000002,-12.2,0.2791,0.3158,-0.03670000000000001,0.3333,0.2857,0.2,-0.9,1.1,0.0,0.5,0.5,15,6,9,Home_Win
ISL00261,2017-18,2017-12-22,ATK Mohun Bagan,NorthEast United FC,Kolkata,4-4-2,3-5-2,6.69,7.39,6.85,6.77,35.8,24.9,46.2,24.2,7,13,12,8,1,2,3,1,1,2,3,1,16.2,39.2,26.7,36.7,0,0,Humid,Average,Night,9.9,7.6,6.1,7.31,0,1,8.8,2,12,21.1,28.7,Home,0.36,0.42,-10.400000000000006,0.7748916071663187,0.6999999999999993,-11.100000000000005,-0.15999999999999925,0.6200000000000001,0.23000000000000043,2.3000000000000007,-1.21,-10,-1,-7.599999999999998,-0.06,0,-5,5,-2,1,-2,1,-10.5,2.5,0.3077,0.3191,-0.011400000000000021,0.3529,0.3929,-0.9,1.3,-2.2,0.0,0.5,0.5,2,2,0,Home_Win
ISL00262,2017-18,2017-12-23,East Bengal FC,Mumbai City FC,Kolkata,5-3-2,3-4-3,6.24,6.28,6.67,6.52,44.4,21.3,53.3,33.2,13,16,12,8,2,1,3,0,2,1,3,1,54.3,42.5,38.5,16.2,3,1,Rainy,Good,Night,5.8,4.4,8.19,6.51,3,1,3.3,4,6,9.9,18.6,,0.42,0.42,-8.899999999999999,0.8330204816096657,-11.900000000000002,3.0000000000000036,-0.4299999999999997,-0.23999999999999932,-0.33499999999999996,1.3999999999999995,1.6799999999999997,-2,2,-8.700000000000001,0.0,2,1,8,-1,1,-1,0,15.799999999999997,26.3,0.4348,0.3488,0.08600000000000002,0.5,0.3043,-0.3,-0.3,0.0,0.6,0.2,0.2,9,3,6,Away_Win
ISL00263,2017-18,2017-12-23,NorthEast United FC,Jamshedpur FC,Guwahati,3-5-2,3-4-3,6.75,7.78,5.98,7.34,36.8,17.0,40.6,27.0,11,9,8,15,1,2,2,0,1,2,3,0,32.0,21.1,38.7,29.8,1,0,Humid,Good,Night,9.5,1.4,8.14,6.6,1,3,1.3,12,4,23.0,12.0,Away,0.44,0.41,-3.8000000000000043,0.9064037176345522,-10.0,6.199999999999996,0.7699999999999996,0.4400000000000004,0.6050000000000004,8.1,1.540000000000001,8,-2,11.0,0.030000000000000027,1,3,-6,-1,2,-2,2,-6.700000000000003,-8.7,0.3125,0.4255,-0.11299999999999999,0.2105,0.28,0.8,0.5,0.30000000000000004,0.1667,0.3333,0.5,1,30,-29,Away_Win
ISL00264,2017-18,2017-12-25,East Bengal FC,Hyderabad FC,Kolkata,3-4-3,4-2-3-1,5.87,7.26,6.89,7.84,51.6,32.7,39.2,19.9,9,10,8,12,0,1,1,0,0,1,1,0,32.8,28.6,46.3,49.5,1,1,Humid,Good,Night,7.9,8.1,6.34,5.41,1,1,6.8,4,8,29.8,20.6,Home,0.31,0.3,12.399999999999999,1.316326194814746,12.800000000000004,-0.4000000000000057,-1.0199999999999996,-0.5800000000000001,-0.8000000000000007,-0.1999999999999993,0.9299999999999997,-4,0,9.2,0.010000000000000009,0,1,-2,-1,1,-1,1,-13.5,-20.9,0.4255,0.2955,0.13,0.4783,0.2273,-0.6,0.3,-0.8999999999999999,0.5,0.0,0.5,2,5,-3,Away_Win
ISL00265,2017-18,2017-12-26,Mumbai City FC,Hyderabad FC,Mumbai,4-4-2,3-5-2,6.12,7.22,6.87,7.24,45.9,24.9,29.7,14.3,7,12,10,9,1,0,3,2,3,0,3,4,41.7,26.2,53.1,48.7,1,0,Humid,Average,Day,7.3,7.5,5.42,6.06,1,2,5.7,9,10,14.0,5.4,,0.41,0.32,16.2,1.545454025099655,10.599999999999998,5.600000000000001,-0.75,-0.020000000000000462,-0.3849999999999998,-0.20000000000000018,-0.6399999999999997,-1,-1,8.6,0.08999999999999997,1,-3,3,-2,-2,0,-4,-11.399999999999999,-22.500000000000004,0.3636,0.3111,0.05249999999999999,0.4,0.2609,-0.2,0.4,-0.6000000000000001,0.25,0.25,0.5,3,1,2,Away_Win
ISL00266,2017-18,2017-12-29,Kerala Blasters,ATK Mohun Bagan,Kochi,3-5-2,3-5-2,6.83,6.4,7.58,7.66,26.6,14.4,41.2,28.4,18,13,10,9,3,1,3,0,4,3,3,0,41.7,49.8,30.3,42.5,1,1,Overcast,Good,Night,9.5,5.8,5.55,6.61,0,0,5.1,6,4,27.0,27.4,Both,0.35,0.34,-14.600000000000001,0.6456309112546331,-13.999999999999998,-0.6000000000000032,-0.75,-1.2599999999999998,-1.005,3.7,-1.0600000000000005,2,0,-0.3999999999999986,0.009999999999999953,0,8,4,0,1,1,3,11.400000000000002,7.299999999999997,0.3488,0.325,0.023799999999999988,0.4231,0.2727,-0.9,-0.7,-0.20000000000000007,0.0,1.0,0.0,24,7,17,Away_Win
ISL00267,2017-18,2017-12-29,Jamshedpur FC,Hyderabad FC,Jamshedpur,3-5-2,4-4-2,7.29,6.93,6.86,6.9,49.1,32.9,32.8,18.3,9,14,16,12,1,3,1,1,1,3,2,3,48.3,19.4,18.7,25.5,0,1,Humid,Good,Day,7.3,2.4,7.87,7.98,3,1,3.6,4,10,14.4,25.4,,0.34,0.32,16.300000000000004,1.4969507631247674,14.599999999999998,1.7000000000000064,0.4299999999999997,0.02999999999999936,0.22999999999999865,4.9,-0.11000000000000032,-6,2,-10.999999999999998,0.020000000000000018,-1,-7,2,0,2,-1,0,29.599999999999998,-6.100000000000001,0.4375,0.3261,0.1114,0.5909,0.2917,0.8,0.6,0.20000000000000007,0.4286,0.1429,0.4286,6,3,3,Draw
ISL00268,2017-18,2017-12-30,ATK Mohun Bagan,East Bengal FC,Kolkata,3-5-2,3-5-2,6.65,7.0,7.41,6.99,73.1,38.9,46.6,27.2,5,14,9,13,2,4,3,1,3,4,4,2,32.2,28.5,17.8,20.4,3,0,Clear,Good,Night,7.9,8.4,8.27,9.58,0,3,6.7,7,4,16.0,22.0,Home,0.32,0.49,26.499999999999993,1.5686691912727055,11.7,14.799999999999994,-0.7599999999999998,0.009999999999999787,-0.375,-0.5,-1.3100000000000005,3,-3,-6.0,-0.16999999999999998,3,-4,1,-1,3,-1,2,14.400000000000002,8.100000000000001,0.3415,0.4167,-0.07519999999999999,0.3889,0.375,-0.2,-0.6,0.39999999999999997,0.0,0.25,0.75,1,5,-4,Home_Win
ISL00269,2017-18,2018-01-01,Odisha FC,Punjab FC,Bhubaneswar,3-4-3,4-2-3-1,7.08,7.1,6.42,7.34,67.3,45.2,57.2,32.3,11,7,6,12,1,2,2,1,3,2,4,2,30.9,35.3,38.7,31.3,2,0,Overcast,Average,Night,0.4,3.6,7.64,8.45,0,1,6.9,10,10,15.9,21.3,,0.31,0.34,10.099999999999994,1.1765732208788073,12.900000000000006,-2.8000000000000114,0.6600000000000001,-0.2400000000000002,0.20999999999999996,-3.2,-0.8099999999999996,0,-1,-5.4,-0.030000000000000027,2,5,-5,-1,1,-1,0,-7.800000000000004,3.9999999999999964,0.3953,0.3611,0.03420000000000001,0.36,0.375,0.3,0.5,-0.2,0.0,0.5,0.5,13,30,-17,Draw
ISL00270,2017-18,2018-01-06,Bengaluru FC,Hyderabad FC,Bengaluru,3-4-3,4-2-3-1,6.8,7.01,7.09,6.85,34.8,21.3,52.3,34.4,2,6,7,15,0,1,3,0,0,1,4,0,20.4,25.3,31.7,26.8,2,0,Rainy,Good,Night,2.2,0.2,6.83,6.28,2,0,8.8,10,11,21.1,10.7,Away,0.33,0.43,-17.5,0.6653918421812921,-13.099999999999998,-4.400000000000002,-0.29000000000000004,0.16000000000000014,-0.06500000000000039,2.0,0.5499999999999998,-1,2,10.400000000000002,-0.09999999999999998,2,-5,-9,-3,1,-4,1,-11.3,-1.5,0.375,0.3191,0.055900000000000005,0.3333,0.28,0.6,0.6,0.0,0.6667,0.3333,0.0,18,8,10,Home_Win
ISL00271,2017-18,2018-01-10,Jamshedpur FC,Chennaiyin FC,Jamshedpur,4-4-2,3-4-3,7.0,8.12,6.72,7.05,20.2,10.8,43.2,24.1,3,16,8,16,0,0,1,1,0,1,1,1,15.7,53.5,23.5,31.4,0,0,Overcast,Average,Day,4.4,3.1,7.32,8.71,1,1,7.9,5,4,23.4,25.4,,0.31,0.31,-23.000000000000004,0.4675924843535915,-13.3,-9.700000000000003,0.28000000000000025,1.0699999999999994,0.6749999999999998,1.3000000000000003,-1.3900000000000006,1,0,-2.0,0.0,0,-5,0,-1,-1,-1,0,-7.800000000000001,22.1,0.4286,0.3333,0.0953,0.5652,0.2857,0.5,-1.1,1.6,0.5,0.0,0.5,12,27,-15,Home_Win
ISL00272,2017-18,2018-01-10,FC Goa,Bengaluru FC,Goa,5-3-2,3-5-2,6.07,7.0,7.3,6.53,26.2,12.2,35.9,22.9,11,15,7,10,2,2,2,0,2,2,4,0,34.9,34.5,18.3,15.6,1,1,Rainy,Good,Day,6.1,8.8,6.86,7.12,0,2,1.4,7,13,29.2,22.6,,0.37,0.33,-9.7,0.7298048106393284,-10.7,1.0,-1.2299999999999995,0.46999999999999975,-0.3799999999999999,-2.700000000000001,-0.2599999999999998,-6,-2,6.599999999999998,0.03999999999999998,0,4,5,0,2,-2,2,16.599999999999998,18.9,0.4,0.3902,0.009800000000000031,0.3571,0.4091,-0.4,0.9,-1.3,0.0,0.5,0.5,30,4,26,Draw
ISL00273,2017-18,2018-01-11,NorthEast United FC,East Bengal FC,Guwahati,3-5-2,3-5-2,6.85,7.17,6.23,6.86,45.9,23.5,59.2,34.4,12,14,3,15,2,1,5,0,2,2,5,0,41.5,50.7,45.8,36.5,1,2,Overcast,Good,Day,8.6,9.1,7.31,7.35,2,2,7.7,9,1,20.8,22.0,,0.46,0.43,-13.300000000000004,0.7753377068686305,-10.899999999999999,-2.4000000000000057,0.6199999999999992,0.3099999999999996,0.46499999999999986,-0.5,-0.040000000000000036,8,0,-1.1999999999999993,0.030000000000000027,-1,9,-1,-3,1,-3,2,-4.299999999999997,14.200000000000003,0.3061,0.4082,-0.10210000000000002,0.2,0.36,0.6,-0.9,1.5,0.4286,0.1429,0.4286,19,12,7,Draw
ISL00274,2017-18,2018-01-12,Odisha FC,Bengaluru FC,Bhubaneswar,3-4-3,4-2-3-1,6.81,7.42,7.31,6.78,47.4,32.8,51.9,24.4,7,11,14,12,3,4,0,2,4,5,2,2,39.0,52.2,29.0,44.2,1,0,Rainy,Good,Night,4.5,3.6,6.78,6.33,1,3,9.1,8,11,5.9,28.8,,0.43,0.49,-4.5,0.9132946217158724,8.399999999999999,-12.899999999999999,-0.5,0.6399999999999997,0.07000000000000028,0.8999999999999999,0.4500000000000002,-3,-2,-22.9,-0.06,1,-7,-1,3,2,2,3,10.0,8.0,0.3864,0.381,0.005400000000000016,0.3462,0.3913,0.3,0.8,-0.5,0.2,0.2,0.6,11,2,9,Draw
ISL00275,2017-18,2018-01-12,Punjab FC,NorthEast United FC,Mohali,5-3-2,4-2-3-1,6.71,6.97,6.42,7.23,45.8,25.3,44.7,25.8,10,10,10,12,1,2,2,0,4,3,3,0,31.0,52.6,30.1,42.4,0,0,Rainy,Good,Night,8.9,9.1,7.5,8.66,1,0,7.7,8,7,21.5,25.7,,0.44,0.41,1.0999999999999943,1.0246082718997152,-0.5,1.5999999999999943,0.29000000000000004,-0.2600000000000007,0.01499999999999968,-0.1999999999999993,-1.1600000000000001,1,1,-4.199999999999999,0.030000000000000027,0,0,-2,-1,2,1,3,0.8999999999999986,10.200000000000003,0.3514,0.3,0.0514,0.35,0.3793,0.5,0.5,0.0,0.3333,0.6667,0.0,11,1,10,Draw
ISL00276,2017-18,2018-01-15,ATK Mohun Bagan,Mumbai City FC,Kolkata,3-4-3,3-4-3,6.91,7.38,7.56,6.89,37.3,18.3,48.3,32.1,4,19,11,17,1,0,1,0,2,1,2,0,22.8,50.2,24.1,53.8,1,0,Overcast,Average,Night,4.7,0.2,6.36,6.21,2,3,8.7,10,6,25.1,21.5,,0.36,0.4,-11.0,0.7722565688909795,-13.8,2.8000000000000007,-0.6499999999999995,0.4900000000000002,-0.08000000000000007,4.5,0.15000000000000036,4,-1,3.6000000000000014,-0.040000000000000036,1,-7,2,0,0,0,1,-1.3000000000000007,-3.5999999999999943,0.3571,0.3556,0.0014999999999999458,0.4211,0.3333,0.1,-0.4,0.5,0.5,0.0,0.5,16,20,-4,Away_Win
ISL00277,2017-18,2018-01-18,Punjab FC,East Bengal FC,Mohali,4-3-3,4-4-2,5.71,6.77,6.55,7.93,36.2,19.0,44.0,25.6,12,15,7,15,1,1,2,1,3,1,3,2,18.9,37.1,25.5,17.4,1,4,Humid,Poor,Day,5.3,9.6,8.01,7.32,2,1,9.7,6,2,12.5,26.5,Away,0.49,0.45,-7.799999999999997,0.8227270857438441,-6.600000000000001,-1.1999999999999957,-0.8399999999999999,-1.1600000000000001,-1.0,-4.3,0.6899999999999995,4,1,-14.0,0.03999999999999998,-3,5,0,-1,0,0,-1,-6.600000000000001,19.700000000000003,0.3421,0.4,-0.05790000000000001,0.3333,0.3462,0.6,-0.8,1.4,0.6667,0.0,0.3333,6,7,-1,Away_Win
ISL00278,2017-18,2018-01-19,East Bengal FC,Hyderabad FC,Kolkata,4-4-2,4-3-3,7.53,7.36,7.34,6.57,54.3,36.6,32.9,18.0,5,11,12,12,2,4,4,3,2,5,4,3,33.0,26.9,46.9,54.9,1,3,Clear,Good,Night,8.3,6.2,6.56,5.7,1,2,5.9,4,10,20.9,19.7,,0.48,0.48,21.4,1.6504554253934876,18.6,2.799999999999997,0.1900000000000004,0.79,0.4900000000000002,2.1000000000000005,0.8599999999999994,-6,-1,1.1999999999999993,0.0,-2,-7,-1,-2,1,-2,2,-13.899999999999999,-28.0,0.4118,0.3125,0.0993,0.4583,0.2692,-0.7,-0.1,-0.6,0.3333,0.0,0.6667,1,13,-12,Home_Win
ISL00279,2017-18,2018-01-20,East Bengal FC,NorthEast United FC,Kolkata,3-5-2,4-2-3-1,7.1,6.0,6.04,7.13,33.8,16.6,10.0,4.6,9,14,9,11,1,1,1,3,2,1,1,3,25.9,27.0,21.3,46.6,3,1,Clear,Good,Night,6.9,3.8,8.62,5.12,2,2,1.3,7,5,18.4,28.1,,0.42,0.49,23.799999999999997,3.37999662000338,12.000000000000002,11.799999999999995,1.0599999999999996,-1.13,-0.03500000000000014,3.1000000000000005,3.499999999999999,2,0,-9.700000000000003,-0.07,2,0,3,0,-2,1,-2,4.599999999999998,-19.6,0.4231,0.2941,0.129,0.48,0.3667,-0.2,0.4,-0.6000000000000001,0.375,0.25,0.375,1,8,-7,Away_Win
ISL00280,2017-18,2018-01-20,East Bengal FC,Hyderabad FC,Kolkata,3-5-2,3-5-2,6.28,5.96,7.12,6.94,12.2,7.9,45.9,28.7,4,16,7,9,0,0,1,0,1,0,1,1,15.7,28.1,41.7,46.3,1,1,Overcast,Average,Night,7.5,1.2,8.39,6.33,2,2,4.2,7,7,14.8,24.8,Home,0.36,0.4,-33.7,0.2657951490642376,-20.799999999999997,-12.9,-0.8399999999999999,-0.9800000000000004,-0.9100000000000001,6.3,2.0600000000000005,0,0,-10.0,-0.040000000000000036,0,-3,7,-1,0,0,-1,-26.000000000000004,-18.199999999999996,0.4151,0.3061,0.10900000000000004,0.4615,0.2593,-0.3,-0.2,-0.09999999999999998,0.5,0.0,0.5,1,1,0,Away_Win
ISL00281,2017-18,2018-01-20,FC Goa,Bengaluru FC,Goa,5-3-2,3-5-2,7.02,6.68,7.32,7.52,62.7,30.3,55.9,30.6,11,11,11,19,1,1,0,2,1,2,1,4,16.7,42.6,44.5,28.4,1,1,Overcast,Average,Night,4.4,7.0,8.31,5.98,0,2,8.0,8,11,23.0,21.4,,0.33,0.35,6.800000000000004,1.121645595412237,-0.3000000000000007,7.1000000000000085,-0.3000000000000007,-0.8399999999999999,-0.5700000000000003,-2.5999999999999996,2.33,-3,-2,1.6000000000000014,-0.019999999999999962,0,0,-8,1,-1,0,-2,-27.8,14.200000000000003,0.3922,0.3721,0.020100000000000007,0.3448,0.375,-0.3,0.9,-1.2,0.0,0.6,0.4,10,8,2,Home_Win
ISL00282,2017-18,2018-01-21,Chennaiyin FC,Kerala Blasters,Chennai,4-4-2,4-4-2,7.03,7.26,6.77,8.01,29.2,20.2,57.3,30.4,12,9,10,7,2,1,1,2,3,2,1,3,22.0,29.3,38.0,35.1,0,3,Humid,Average,Night,4.9,1.1,7.99,5.06,2,1,4.1,1,6,9.1,10.8,,0.32,0.48,-28.099999999999998,0.5095985149042731,-10.2,-17.9,0.2600000000000007,-0.75,-0.2450000000000001,3.8000000000000003,2.9300000000000006,-5,1,-1.700000000000001,-0.15999999999999998,-3,2,2,1,-1,2,-1,-16.0,-5.800000000000001,0.3256,0.3409,-0.01529999999999998,0.381,0.2353,-1.1,-0.6,-0.5000000000000001,0.6667,0.0,0.3333,11,23,-12,Away_Win
ISL00283,2017-18,2018-01-23,Odisha FC,Jamshedpur FC,Bhubaneswar,4-4-2,3-5-2,6.86,7.28,5.61,7.02,51.8,30.2,43.0,23.3,9,11,5,18,0,0,1,0,0,0,1,1,18.5,19.7,25.1,19.8,0,0,Rainy,Good,Day,6.2,0.7,6.24,9.77,1,1,4.8,6,8,5.5,29.6,Home,0.37,0.46,8.799999999999997,1.2046508826393294,6.899999999999999,1.8999999999999986,1.25,0.2600000000000007,0.7550000000000008,5.5,-3.5299999999999994,-2,0,-24.1,-0.09000000000000002,0,4,-7,-1,0,-1,-1,-6.600000000000001,-0.10000000000000142,0.3778,0.44,-0.06219999999999998,0.3333,0.3077,0.2,0.6,-0.39999999999999997,0.25,0.5,0.25,11,13,-2,Draw
ISL00284,2017-18,2018-01-26,Kerala Blasters,FC Goa,Kochi,3-5-2,3-4-3,6.83,7.27,6.64,6.93,32.5,15.0,46.0,25.5,9,12,7,17,4,2,3,0,5,2,4,0,53.8,36.4,32.0,51.1,3,2,Overcast,Good,Day,6.0,4.1,6.05,6.54,1,2,6.0,9,8,23.1,27.6,,0.48,0.4,-13.5,0.7065215855387857,-10.5,-3.0,0.1900000000000004,0.33999999999999986,0.2649999999999997,1.9000000000000004,-0.4900000000000002,1,-1,-4.5,0.07999999999999996,1,2,-5,1,2,1,2,21.799999999999997,-14.700000000000003,0.3556,0.4038,-0.048199999999999965,0.4074,0.4545,-0.4,-0.1,-0.30000000000000004,0.1667,0.3333,0.5,5,6,-1,Away_Win
ISL00285,2017-18,2018-01-26,Bengaluru FC,Mumbai City FC,Bengaluru,4-2-3-1,4-3-3,6.64,6.56,7.49,7.6,29.7,20.3,20.8,11.1,9,20,9,12,4,2,3,1,4,2,4,1,35.3,44.1,21.9,45.7,1,1,Overcast,Good,Day,1.6,7.8,8.04,5.95,1,2,2.0,8,9,26.0,24.4,Both,0.37,0.43,8.899999999999999,1.4278839289019571,9.200000000000001,-0.3000000000000025,-0.8500000000000005,-1.04,-0.9450000000000003,-6.199999999999999,2.089999999999999,-1,-1,1.6000000000000014,-0.06,0,0,8,1,1,0,1,13.399999999999999,-1.6000000000000014,0.3636,0.3696,-0.006000000000000005,0.3684,0.36,0.9,0.1,0.8,0.3333,0.0,0.6667,6,11,-5,Away_Win
ISL00286,2017-18,2018-01-27,East Bengal FC,NorthEast United FC,Kolkata,3-4-3,3-5-2,6.02,6.76,7.29,5.82,48.7,26.3,34.2,17.9,12,15,9,14,1,2,3,0,1,2,3,0,31.1,48.1,19.6,49.0,1,0,Clear,Good,Night,5.7,8.4,8.56,7.73,1,3,1.6,7,5,28.0,7.0,,0.48,0.4,14.5,1.4239761918198268,8.400000000000002,6.099999999999998,-1.2700000000000005,0.9399999999999995,-0.16500000000000004,-2.7,0.8300000000000001,2,-2,21.0,0.07999999999999996,1,3,1,-2,2,-2,2,11.5,-0.8999999999999986,0.4074,0.3077,0.09970000000000001,0.4444,0.3871,-0.6,0.4,-1.0,0.3333,0.2222,0.4444,7,7,0,Home_Win
ISL00287,2017-18,2018-02-04,Chennaiyin FC,Punjab FC,Chennai,4-3-3,3-4-3,6.76,7.36,6.41,7.17,58.3,36.9,33.8,19.1,10,15,10,14,4,1,3,3,4,3,3,4,15.5,27.8,30.5,20.4,1,0,Humid,Good,Night,6.1,9.0,5.4,5.87,3,1,8.5,1,6,23.5,28.3,Home,0.33,0.33,24.5,1.7248515606948045,17.799999999999997,6.700000000000003,0.34999999999999964,0.1900000000000004,0.27000000000000046,-2.9000000000000004,-0.46999999999999975,-5,2,-4.800000000000001,0.0,1,0,1,1,-2,1,-1,-15.0,7.400000000000002,0.3182,0.3333,-0.015100000000000002,0.3636,0.3529,-1.1,0.4,-1.5,0.75,0.0,0.25,14,17,-3,Home_Win
ISL00288,2017-18,2018-02-05,Jamshedpur FC,Kerala Blasters,Jamshedpur,4-4-2,4-3-3,7.64,7.45,7.33,6.78,54.9,31.9,54.6,25.2,6,13,6,10,1,1,1,4,3,1,2,4,48.6,30.3,46.1,19.4,0,1,Humid,Average,Day,0.8,5.7,7.62,6.62,2,1,3.1,9,6,12.1,7.8,,0.43,0.35,0.29999999999999716,1.0054943213380363,6.699999999999999,-6.400000000000002,0.3099999999999996,0.6699999999999999,0.4900000000000002,-4.9,1.0,3,1,4.3,0.08000000000000002,-1,0,3,0,-3,1,-3,2.5,10.900000000000002,0.4314,0.3478,0.08360000000000001,0.5833,0.2778,0.2,-0.4,0.6000000000000001,0.5,0.25,0.25,13,10,3,Home_Win
ISL00289,2017-18,2018-02-06,Hyderabad FC,ATK Mohun Bagan,Hyderabad,3-5-2,5-3-2,6.15,6.37,7.22,5.57,32.9,15.6,61.8,31.3,11,15,3,13,2,0,2,1,2,1,2,1,20.5,51.4,49.5,50.8,2,3,Rainy,Good,Night,4.7,3.5,6.59,8.21,1,1,7.7,7,9,29.8,20.3,,0.39,0.32,-28.9,0.5323623734041467,-15.700000000000001,-13.2,-1.0699999999999994,0.7999999999999998,-0.1349999999999998,1.2000000000000002,-1.620000000000001,-2,0,9.5,0.07,-1,8,2,0,-1,0,0,-29.0,0.6000000000000014,0.32,0.3488,-0.028799999999999992,0.3636,0.3043,0.0,-0.2,0.2,0.3333,0.3333,0.3333,17,22,-5,Home_Win
ISL00290,2017-18,2018-02-08,Jamshedpur FC,Bengaluru FC,Jamshedpur,5-3-2,4-4-2,7.01,7.01,6.46,7.56,44.5,21.2,29.2,16.3,9,13,8,12,2,1,1,2,2,2,2,3,23.4,46.7,17.0,15.1,1,0,Clear,Good,Night,0.2,6.1,4.68,6.34,1,2,8.3,11,5,11.7,27.1,,0.31,0.49,15.3,1.5239720808314792,4.899999999999999,10.400000000000002,0.5499999999999998,-0.5499999999999998,0.0,-5.8999999999999995,-1.6600000000000001,6,-1,-15.400000000000002,-0.18,1,1,1,1,-1,0,-1,6.399999999999999,31.6,0.4423,0.3556,0.0867,0.6,0.36,0.0,0.8,-0.8,0.2,0.4,0.4,3,13,-10,Home_Win
ISL00291,2017-18,2018-02-08,Punjab FC,Hyderabad FC,Mohali,5-3-2,4-2-3-1,6.91,6.91,7.47,6.42,42.3,20.6,46.7,31.3,9,12,11,21,3,2,0,4,4,2,0,4,45.5,45.6,51.2,16.0,0,2,Overcast,Average,Day,5.4,1.8,6.47,8.65,3,0,5.2,5,7,8.7,23.1,Away,0.34,0.45,-4.400000000000006,0.9057813906249698,-10.7,6.299999999999994,-0.5599999999999996,0.4900000000000002,-0.03500000000000014,3.6000000000000005,-2.1800000000000006,-2,3,-14.400000000000002,-0.10999999999999999,-2,-2,-9,3,-2,4,-2,-5.700000000000003,29.6,0.325,0.3333,-0.008299999999999974,0.3182,0.2857,0.3,-0.2,0.5,0.5,0.5,0.0,4,2,2,Away_Win
ISL00292,2017-18,2018-02-12,Mumbai City FC,Bengaluru FC,Mumbai,3-5-2,3-4-3,6.61,7.6,7.54,7.71,46.5,22.8,36.6,20.4,6,14,14,11,1,0,0,2,1,1,0,3,46.6,44.2,28.7,37.1,3,0,Clear,Average,Day,9.3,1.5,6.9,7.58,3,1,7.4,9,2,8.3,21.7,,0.48,0.39,9.899999999999999,1.2704914561498752,2.400000000000002,7.4999999999999964,-0.9299999999999997,-0.11000000000000032,-0.5199999999999996,7.800000000000001,-0.6799999999999997,7,2,-13.399999999999999,0.08999999999999997,3,-8,3,1,-2,1,-2,17.900000000000002,7.100000000000001,0.383,0.3478,0.03520000000000001,0.381,0.3462,0.1,0.8,-0.7000000000000001,0.75,0.0,0.25,17,4,13,Home_Win
ISL00293,2017-18,2018-02-13,East Bengal FC,Jamshedpur FC,Kolkata,3-5-2,4-3-3,5.93,6.9,6.38,6.4,41.6,19.3,34.6,20.4,15,9,9,15,1,0,0,0,2,1,0,1,37.0,27.9,15.6,45.4,0,1,Humid,Good,Day,1.0,4.2,7.02,7.27,1,0,8.3,9,11,26.8,29.3,Home,0.45,0.42,7.0,1.2023117912393666,-1.0999999999999979,8.099999999999998,-0.4500000000000002,0.5,0.024999999999999467,-3.2,-0.25,-2,1,-2.5,0.030000000000000027,-1,6,-6,1,0,2,0,21.4,-17.5,0.4182,0.4528,-0.034599999999999964,0.4643,0.2963,-0.2,0.0,-0.2,1.0,0.0,0.0,17,5,12,Away_Win
ISL00294,2017-18,2018-02-14,Bengaluru FC,Odisha FC,Bengaluru,5-3-2,4-4-2,7.06,8.01,6.1,7.58,40.7,18.8,36.9,24.8,10,13,6,11,3,1,1,0,4,3,1,0,47.7,22.4,49.9,22.1,0,0,Clear,Good,Night,7.6,1.6,5.9,6.73,3,1,7.0,1,6,10.6,11.0,,0.41,0.41,3.8000000000000043,1.102980730899531,-6.0,9.800000000000004,0.96,0.4299999999999997,0.6950000000000003,6.0,-0.8300000000000001,-5,2,-0.40000000000000036,0.0,0,4,2,2,1,3,3,-2.1999999999999957,0.29999999999999716,0.3404,0.3696,-0.029200000000000004,0.35,0.4444,0.4,0.0,0.4,0.5,0.3333,0.1667,2,22,-20,Home_Win
ISL00295,2017-18,2018-02-21,Chennaiyin FC,Bengaluru FC,Chennai,4-3-3,3-5-2,7.48,7.68,6.04,7.18,34.2,23.5,41.9,27.3,4,11,18,16,1,1,2,2,1,3,2,3,39.1,19.6,31.7,39.5,0,0,Humid,Good,Night,6.7,4.6,6.59,6.47,1,1,7.9,3,3,12.6,15.2,,0.36,0.32,-7.699999999999996,0.8162289221410687,-3.8000000000000007,-3.899999999999995,1.4400000000000004,0.5,0.9700000000000006,2.1000000000000005,0.1200000000000001,0,0,-2.5999999999999996,0.03999999999999998,0,-14,-5,-1,-1,-1,0,7.400000000000002,-19.9,0.3333,0.3542,-0.02090000000000003,0.3913,0.3333,-0.9,0.5,-1.4,0.2,0.6,0.2,17,7,10,Home_Win
ISL00296,2017-18,2018-02-22,Jamshedpur FC,Chennaiyin FC,Jamshedpur,4-4-2,3-5-2,8.1,7.0,7.86,6.56,28.3,13.4,43.8,27.5,11,22,9,11,4,1,1,0,5,1,1,2,24.9,33.2,17.4,54.6,0,2,Humid,Average,Night,10.0,6.9,8.37,6.43,2,1,7.2,13,6,24.5,11.0,,0.35,0.36,-15.499999999999996,0.6461185739455311,-14.1,-1.3999999999999968,0.23999999999999932,0.4400000000000004,0.33999999999999986,3.0999999999999996,1.9399999999999995,7,1,13.5,-0.010000000000000009,-2,2,11,3,1,4,-1,7.5,-21.4,0.463,0.3478,0.11520000000000002,0.6154,0.2727,0.5,-0.3,0.8,0.6667,0.0,0.3333,9,1,8,Home_Win
ISL00297,2017-18,2018-02-22,Jamshedpur FC,Chennaiyin FC,Jamshedpur,4-3-3,3-4-3,7.04,7.67,6.52,7.9,56.3,32.5,51.0,30.8,12,17,6,9,1,0,2,0,1,0,3,0,47.8,30.4,28.3,19.5,0,4,Rainy,Good,Night,0.6,2.2,7.18,7.05,3,1,4.4,13,6,24.1,18.1,,0.3,0.45,5.299999999999997,1.1039213521722837,1.6999999999999993,3.599999999999998,0.5200000000000005,-0.23000000000000043,0.14500000000000046,-1.6,0.1299999999999999,7,2,6.0,-0.15000000000000002,-4,6,8,-1,0,-2,0,19.499999999999996,10.899999999999999,0.4727,0.3404,0.13230000000000003,0.6296,0.2609,0.7,-0.2,0.8999999999999999,0.75,0.0,0.25,1,1,0,Draw
ISL00298,2017-18,2018-02-24,Mumbai City FC,Jamshedpur FC,Mumbai,3-4-3,4-3-3,5.93,7.57,7.32,6.51,71.5,34.3,40.4,24.2,6,11,10,14,4,0,6,3,4,0,7,5,16.3,52.9,48.7,36.4,0,1,Humid,Good,Night,7.2,1.4,8.72,6.22,1,3,2.7,12,13,16.2,8.9,,0.41,0.43,31.1,1.769801542128331,10.099999999999998,21.000000000000004,-1.3900000000000006,1.0600000000000005,-0.16500000000000004,5.800000000000001,2.500000000000001,-1,-2,7.299999999999999,-0.020000000000000018,-1,-4,-3,-2,-3,-3,-5,-32.400000000000006,16.5,0.3958,0.4643,-0.0685,0.4091,0.3214,0.1,0.8,-0.7000000000000001,0.2,0.2,0.6,12,2,10,Away_Win
ISL00299,2017-18,2018-02-25,FC Goa,Punjab FC,Goa,3-5-2,5-3-2,6.83,6.48,7.69,6.73,63.4,31.9,60.6,30.2,6,12,11,15,1,2,1,0,1,2,1,1,26.8,29.1,54.7,49.5,1,0,Clear,Average,Night,4.1,5.5,7.74,8.11,2,1,9.2,8,2,25.5,14.4,Away,0.44,0.38,2.799999999999997,1.0462044478210482,1.6999999999999993,1.0999999999999979,-0.8600000000000003,-0.25,-0.5550000000000006,-1.4000000000000004,-0.3699999999999992,6,1,11.1,0.06,1,-5,-3,0,2,0,1,-27.900000000000002,-20.4,0.4151,0.3171,0.09800000000000003,0.3667,0.3333,-0.1,0.2,-0.30000000000000004,0.4,0.4,0.2,30,17,13,Away_Win
ISL00300,2017-18,2018-02-26,ATK Mohun Bagan,Mumbai City FC,Kolkata,4-4-2,3-4-3,6.99,6.51,6.6,7.3,51.1,32.7,53.8,26.0,9,15,12,18,1,0,2,2,1,3,3,2,17.0,17.4,36.5,49.5,1,1,Rainy,Good,Night,7.2,1.6,8.48,8.26,2,3,5.1,9,9,8.4,12.9,,0.36,0.44,-2.6999999999999957,0.9498139498487083,6.700000000000003,-9.399999999999999,0.39000000000000057,-0.79,-0.1999999999999993,5.6,0.22000000000000064,0,-1,-4.5,-0.08000000000000002,0,-3,-3,-1,-2,-2,1,-19.5,-32.1,0.3409,0.3878,-0.0469,0.4,0.3846,-0.2,0.1,-0.30000000000000004,0.4286,0.0,0.5714,20,2,18,Away_Win
ISL00301,2017-18,2018-02-28,FC Goa,Odisha FC,Goa,5-3-2,3-4-3,5.11,6.97,6.63,6.95,51.3,35.1,55.5,25.7,12,13,7,13,3,2,0,0,5,3,2,0,16.2,46.9,52.7,38.2,0,2,Clear,Good,Night,8.3,8.3,8.19,7.43,1,2,5.4,8,3,14.5,25.8,,0.4,0.35,-4.200000000000003,0.9243241577794309,9.400000000000002,-13.600000000000005,-1.5199999999999996,0.019999999999999574,-0.75,0.0,0.7599999999999998,5,-1,-11.3,0.050000000000000044,-2,5,0,3,2,3,3,-36.5,8.699999999999996,0.4074,0.3617,0.04569999999999996,0.3548,0.4211,-0.1,0.1,-0.2,0.25,0.25,0.5,3,14,-11,Draw
ISL00302,2017-18,2018-03-04,East Bengal FC,Jamshedpur FC,Kolkata,3-5-2,3-4-3,7.49,5.34,7.57,7.72,41.5,23.5,30.7,14.5,10,11,7,13,6,2,2,2,6,3,2,2,32.3,40.7,29.2,26.0,1,1,Rainy,Good,Night,7.0,0.5,5.99,5.11,1,1,8.4,6,13,29.2,16.5,,0.46,0.44,10.8,1.3517910906217947,9.0,1.8000000000000007,-0.08000000000000007,-2.38,-1.2299999999999995,6.5,0.8799999999999999,-7,0,12.7,0.020000000000000018,0,3,-2,4,0,4,1,3.099999999999998,14.700000000000003,0.4107,0.4737,-0.063,0.4483,0.3448,-0.3,0.9,-1.2,0.5,0.0,0.5,19,8,11,Draw
ISL00303,2017-18,2018-03-08,East Bengal FC,Odisha FC,Kolkata,3-5-2,4-2-3-1,7.08,7.32,6.51,6.69,36.7,16.6,52.4,31.6,6,20,7,21,2,2,1,0,2,3,1,0,38.1,24.1,53.5,25.4,1,0,Clear,Good,Night,4.3,3.3,5.09,7.29,1,3,6.6,4,4,13.5,22.5,,0.47,0.42,-15.699999999999996,0.7003815457287127,-15.0,-0.6999999999999957,0.5700000000000003,0.6299999999999999,0.6000000000000005,1.0,-2.2,0,-2,-9.0,0.04999999999999999,1,-1,-1,1,2,1,3,-15.399999999999999,-1.2999999999999972,0.4035,0.3542,0.04930000000000001,0.4333,0.4,-0.1,0.0,-0.1,0.2,0.2,0.6,4,8,-4,Home_Win
ISL00304,2017-18,2018-03-09,Bengaluru FC,Hyderabad FC,Bengaluru,4-2-3-1,4-2-3-1,6.72,7.71,7.72,7.61,51.4,36.0,48.9,29.4,6,18,11,12,2,2,2,2,3,3,4,4,21.5,33.4,24.7,24.1,2,3,Overcast,Average,Night,4.0,9.5,8.04,9.35,3,0,8.8,3,9,24.4,20.8,,0.5,0.44,2.5,1.0511245294223865,6.600000000000001,-4.100000000000001,-1.0,0.09999999999999964,-0.4500000000000002,-5.5,-1.3100000000000005,-6,3,3.599999999999998,0.06,-1,-5,6,0,0,-1,-1,-3.1999999999999993,9.299999999999997,0.3469,0.3462,0.0006999999999999784,0.381,0.3103,-0.1,0.1,-0.2,0.75,0.25,0.0,16,29,-13,Home_Win
ISL00305,2017-18,2018-03-10,FC Goa,Bengaluru FC,Goa,3-5-2,3-4-3,6.06,7.67,6.51,6.55,60.8,28.1,46.0,21.1,9,10,9,8,0,0,3,0,1,1,5,2,35.9,18.2,17.5,23.8,0,1,Rainy,Average,Night,5.0,5.4,7.05,8.25,1,1,6.8,8,6,19.4,7.8,Home,0.4,0.37,14.799999999999997,1.3217388431002512,7.0,7.799999999999997,-0.4500000000000002,1.12,0.33500000000000085,-0.40000000000000036,-1.2000000000000002,2,0,11.599999999999998,0.030000000000000027,-1,0,2,-3,0,-4,-1,18.4,-5.600000000000001,0.4,0.36,0.040000000000000036,0.3438,0.3214,-0.1,-0.3,0.19999999999999998,0.1667,0.5,0.3333,10,1,9,Home_Win
ISL00306,2017-18,2018-03-10,NorthEast United FC,Odisha FC,Guwahati,4-3-3,3-5-2,6.29,7.04,7.2,7.47,64.7,35.4,50.9,33.6,11,10,7,19,3,2,1,3,5,2,2,4,43.6,54.7,45.0,39.0,0,2,Clear,Good,Night,9.0,4.3,7.0,6.49,0,3,8.7,5,3,20.9,8.5,,0.43,0.34,13.800000000000004,1.2711195931002763,1.7999999999999972,12.000000000000007,-0.9100000000000001,-0.4299999999999997,-0.6699999999999999,4.7,0.5099999999999998,2,-3,12.399999999999999,0.08999999999999997,-2,4,-9,2,-1,3,-2,-1.3999999999999986,15.700000000000003,0.3019,0.3469,-0.044999999999999984,0.1905,0.381,0.2,-0.3,0.5,0.0,0.4286,0.5714,30,2,28,Home_Win
ISL00307,2017-18,2018-03-12,Hyderabad FC,Mumbai City FC,Hyderabad,3-5-2,4-2-3-1,6.51,6.9,7.73,7.65,58.8,34.4,54.8,30.7,14,18,10,10,2,0,0,0,2,1,0,1,41.2,15.0,19.8,47.6,1,0,Humid,Good,Day,2.9,0.1,8.14,6.48,3,1,2.1,9,12,7.6,27.4,,0.42,0.49,4.0,1.072992504928375,3.6999999999999993,0.3000000000000007,-1.2200000000000006,-0.75,-0.9850000000000003,2.8,1.6600000000000001,-3,2,-19.799999999999997,-0.07,1,4,8,2,0,2,0,21.400000000000002,-32.6,0.3396,0.4,-0.06040000000000001,0.3913,0.4074,0.0,0.2,-0.2,0.6,0.2,0.2,3,14,-11,Draw
ISL00308,2017-18,2018-03-12,ATK Mohun Bagan,Chennaiyin FC,Kolkata,4-2-3-1,5-3-2,7.04,7.03,7.36,6.52,42.3,28.5,42.6,24.9,10,20,9,13,0,1,1,1,1,1,2,1,38.1,26.6,25.9,54.8,1,1,Overcast,Average,Night,9.4,1.1,5.52,8.9,1,4,2.9,6,7,25.7,28.1,,0.43,0.32,-0.30000000000000426,0.992957513390255,3.6000000000000014,-3.9000000000000057,-0.3200000000000003,0.5100000000000007,0.09500000000000064,8.3,-3.380000000000001,-1,-3,-2.400000000000002,0.10999999999999999,0,1,7,-1,0,-1,0,12.200000000000003,-28.199999999999996,0.3333,0.3333,0.0,0.381,0.25,-0.4,-0.4,0.0,0.3333,0.0,0.6667,14,18,-4,Home_Win
ISL00309,2017-18,2018-03-13,Bengaluru FC,NorthEast United FC,Bengaluru,5-3-2,3-4-3,6.89,7.3,6.78,6.49,35.5,23.3,29.1,13.6,9,19,10,11,2,3,5,0,4,3,5,0,33.6,27.4,37.3,18.5,1,1,Rainy,Good,Night,0.5,9.1,8.8,8.17,1,1,6.0,6,8,8.1,9.7,,0.36,0.48,6.399999999999999,1.219930852257439,9.700000000000001,-3.3000000000000025,0.10999999999999943,0.8099999999999996,0.45999999999999996,-8.6,0.6300000000000008,-2,0,-1.5999999999999996,-0.12,0,-1,8,-3,3,-1,3,-3.6999999999999957,8.899999999999999,0.3529,0.3148,0.03809999999999997,0.4091,0.375,-0.8,0.2,-1.0,0.3333,0.3333,0.3333,3,3,0,Home_Win
ISL00310,2017-18,2018-03-14,Bengaluru FC,Hyderabad FC,Bengaluru,5-3-2,4-2-3-1,7.26,7.28,7.58,7.45,32.9,19.8,24.3,16.2,7,8,7,14,5,2,3,0,5,2,3,0,20.0,36.3,35.2,17.7,2,1,Overcast,Good,Day,1.7,0.2,7.37,8.03,4,0,1.4,9,10,15.7,24.1,Away,0.49,0.5,8.599999999999998,1.3539089078564164,3.6000000000000014,4.9999999999999964,-0.3200000000000003,-0.16999999999999993,-0.245000000000001,1.5,-0.6599999999999993,-1,4,-8.400000000000002,-0.010000000000000009,1,0,-6,2,2,2,2,-15.200000000000003,18.599999999999998,0.3654,0.3333,0.03210000000000002,0.4348,0.3,-0.7,-0.1,-0.6,0.8,0.2,0.0,1,2,-1,Draw
ISL00311,2017-18,2018-03-15,Hyderabad FC,ATK Mohun Bagan,Hyderabad,4-4-2,4-2-3-1,6.57,6.95,6.21,7.56,59.8,32.9,44.6,21.0,9,11,10,13,1,3,0,2,2,3,1,4,47.5,52.3,38.3,35.3,1,0,Overcast,Poor,Night,4.0,4.5,8.9,7.14,2,1,1.4,8,6,15.2,15.4,Both,0.49,0.42,15.199999999999996,1.3408068742585482,11.899999999999999,3.299999999999997,0.3600000000000003,-0.6099999999999994,-0.125,-0.5,1.7600000000000007,2,1,-0.20000000000000107,0.07,1,-1,-2,1,1,1,-1,9.200000000000003,17.0,0.3273,0.3478,-0.020500000000000018,0.375,0.2917,-0.2,-0.1,-0.1,0.5,0.25,0.25,1,3,-2,Away_Win
ISL00312,2017-18,2018-03-17,Kerala Blasters,FC Goa,Kochi,3-5-2,4-4-2,7.17,7.11,7.09,7.72,67.6,44.5,59.5,29.9,9,11,7,7,2,0,2,0,2,0,2,0,39.9,48.9,35.0,24.0,3,1,Clear,Poor,Night,5.8,6.8,6.93,8.44,0,3,8.6,6,10,23.4,27.4,,0.36,0.32,8.099999999999994,1.1361342628345774,14.600000000000001,-6.500000000000007,0.08000000000000007,-0.6099999999999994,-0.2649999999999988,-1.0,-1.5099999999999998,-4,-3,-4.0,0.03999999999999998,2,2,4,0,0,0,0,4.899999999999999,24.9,0.3404,0.4107,-0.07030000000000003,0.3929,0.4783,-0.6,0.4,-1.0,0.1429,0.2857,0.5714,30,7,23,Away_Win
ISL00313,2017-18,2018-03-21,FC Goa,East Bengal FC,Goa,3-4-3,4-2-3-1,6.86,6.72,6.86,5.72,47.0,31.4,15.8,8.9,12,10,7,15,2,0,3,1,2,0,3,1,29.3,47.0,43.1,43.6,0,1,Rainy,Good,Night,6.8,9.2,8.31,8.26,2,1,2.1,10,7,17.3,16.4,,0.3,0.39,31.2,2.974681661593885,22.5,8.700000000000001,0.0,1.0,0.5,-2.3999999999999995,0.05000000000000071,3,1,0.9000000000000021,-0.09000000000000002,-1,5,-5,-1,-1,-1,-1,-13.8,3.3999999999999986,0.4211,0.4138,0.007299999999999973,0.3636,0.3704,0.6,0.2,0.39999999999999997,0.25,0.25,0.5,4,13,-9,Home_Win
ISL00314,2017-18,2018-03-24,Mumbai City FC,Odisha FC,Mumbai,4-3-3,3-5-2,7.71,6.83,7.24,6.95,56.1,37.5,26.1,15.0,3,14,7,11,5,0,1,0,5,1,2,2,23.3,16.6,33.0,27.8,0,1,Rainy,Good,Night,3.4,3.2,5.03,6.55,1,1,2.1,10,2,21.1,29.9,Home,0.35,0.36,30.0,2.1494244638220446,22.5,7.5,0.46999999999999975,-0.1200000000000001,0.17499999999999893,0.19999999999999973,-1.5199999999999996,8,0,-8.799999999999997,-0.010000000000000009,-1,-4,3,4,0,3,-1,-9.7,-11.2,0.3922,0.34,0.05219999999999997,0.3913,0.3636,0.6,-0.5,1.1,0.5,0.0,0.5,12,14,-2,Draw
ISL00315,2017-18,2018-03-26,NorthEast United FC,ATK Mohun Bagan,Guwahati,4-2-3-1,4-4-2,7.28,7.16,7.27,6.72,52.7,33.2,55.1,32.1,3,10,10,13,3,1,2,1,3,2,2,1,54.1,36.6,49.3,33.1,0,1,Humid,Average,Night,7.5,2.8,6.58,5.9,1,1,2.7,7,6,30.0,9.9,,0.42,0.38,-2.3999999999999986,0.9564426576329115,1.1000000000000014,-3.5,0.010000000000000675,0.4400000000000004,0.22500000000000142,4.7,0.6799999999999997,1,0,20.1,0.03999999999999998,-1,-7,-3,1,0,1,1,4.800000000000004,3.5,0.3091,0.3617,-0.052600000000000036,0.2273,0.32,-0.2,0.3,-0.5,0.3333,0.3333,0.3333,13,11,2,Draw
ISL00316,2017-18,2018-03-30,Chennaiyin FC,Mumbai City FC,Chennai,4-2-3-1,5-3-2,7.46,8.2,7.05,6.95,55.0,26.1,55.2,37.8,12,12,10,11,2,4,3,1,4,4,3,1,50.6,28.8,34.5,15.0,0,0,Overcast,Good,Night,0.2,3.7,8.97,6.14,0,1,6.5,7,8,12.2,24.9,Home,0.46,0.46,-0.20000000000000284,0.9963766310911899,-11.699999999999996,11.499999999999993,0.41000000000000014,1.2499999999999991,0.8300000000000001,-3.5,2.830000000000001,-1,-1,-12.7,0.0,0,2,1,-1,3,1,3,16.1,13.8,0.3265,0.3846,-0.058099999999999985,0.4167,0.3929,-0.5,0.3,-0.8,0.0,0.0,1.0,18,6,12,Draw
ISL00317,2017-18,2018-03-31,Chennaiyin FC,FC Goa,Chennai,3-4-3,5-3-2,7.58,6.46,6.76,7.27,41.9,22.0,49.7,22.8,11,12,12,12,2,2,4,1,3,3,4,1,29.2,43.6,52.6,54.5,2,1,Clear,Average,Night,5.4,0.2,7.98,7.83,0,4,9.3,5,10,7.4,17.6,,0.39,0.38,-7.800000000000004,0.843058180471191,-0.8000000000000007,-7.0000000000000036,0.8200000000000003,-0.8099999999999996,0.004999999999999893,5.2,0.15000000000000036,-5,-4,-10.200000000000001,0.010000000000000009,1,-1,0,-2,1,-1,2,-23.400000000000002,-10.899999999999999,0.32,0.431,-0.11099999999999999,0.4,0.5,-0.5,0.7,-1.2,0.0,0.0,1.0,1,10,-9,Home_Win
ISL00318,2017-18,2018-04-05,Mumbai City FC,Odisha FC,Mumbai,3-5-2,3-5-2,5.94,7.07,5.72,6.11,39.6,22.6,36.4,22.5,9,11,14,13,1,2,2,0,2,3,2,2,45.8,50.7,22.1,42.3,0,2,Rainy,Average,Night,4.7,5.0,7.46,4.56,1,1,5.5,6,2,18.2,22.3,Home,0.44,0.38,3.200000000000003,1.0879117890352228,0.10000000000000142,3.1000000000000014,0.22000000000000064,0.96,0.5900000000000007,-0.2999999999999998,2.9000000000000004,4,0,-4.100000000000001,0.06,-2,-5,-2,-1,2,0,1,23.699999999999996,8.400000000000006,0.3774,0.3333,0.04410000000000003,0.375,0.3478,0.6,-0.5,1.1,0.3333,0.3333,0.3333,6,12,-6,Draw
ISL00319,2017-18,2018-04-08,Kerala Blasters,FC Goa,Kochi,5-3-2,4-2-3-1,6.59,6.08,7.89,6.56,48.2,27.8,33.6,18.7,13,11,9,13,1,3,1,0,1,3,1,0,19.6,25.5,44.6,24.8,0,3,Clear,Good,Night,8.6,3.4,10.0,10.0,0,4,3.2,3,10,24.3,20.7,,0.3,0.42,14.600000000000001,1.4345233825823265,9.100000000000001,5.5,-1.2999999999999998,-0.47999999999999954,-0.8899999999999997,5.199999999999999,0.0,-7,-4,3.6000000000000014,-0.12,-3,4,-2,0,3,0,3,-25.0,0.6999999999999993,0.3333,0.4237,-0.09040000000000004,0.3793,0.48,-0.7,0.7,-1.4,0.125,0.25,0.625,22,8,14,Away_Win
ISL00320,2017-18,2018-04-09,Bengaluru FC,NorthEast United FC,Bengaluru,4-2-3-1,5-3-2,6.94,7.69,7.35,6.6,61.3,40.3,69.5,45.4,6,12,7,13,2,1,0,2,3,1,0,2,44.6,50.4,44.8,27.8,2,1,Overcast,Average,Night,2.6,1.7,7.73,6.57,2,1,5.4,7,7,6.6,28.7,,0.45,0.45,-8.200000000000003,0.8820142615806817,-5.100000000000001,-3.1000000000000014,-0.40999999999999925,1.0900000000000007,0.34000000000000075,0.9000000000000001,1.1600000000000001,0,1,-22.1,0.0,1,-1,-1,2,-1,3,-1,-0.19999999999999574,22.599999999999998,0.3585,0.3036,0.054900000000000004,0.4167,0.3636,-0.7,-0.3,-0.39999999999999997,0.5,0.25,0.25,26,14,12,Away_Win
ISL00321,2017-18,2018-04-10,Jamshedpur FC,Bengaluru FC,Jamshedpur,3-5-2,5-3-2,6.41,6.37,5.99,8.05,51.5,26.2,46.7,28.8,10,15,10,15,2,2,1,2,3,2,2,3,35.3,47.6,26.7,41.5,1,2,Rainy,Average,Night,7.5,2.4,6.21,7.98,2,1,3.2,11,7,22.9,25.3,,0.37,0.33,4.799999999999997,1.1027834897679891,-2.6000000000000014,7.399999999999999,0.41999999999999993,-1.6800000000000006,-0.6299999999999999,5.1,-1.7700000000000005,4,1,-2.400000000000002,0.03999999999999998,-1,0,0,1,0,1,-1,8.599999999999998,6.100000000000001,0.4655,0.3519,0.11360000000000003,0.6071,0.3103,0.7,-0.9,1.6,0.3333,0.3333,0.3333,30,1,29,Away_Win
ISL00322,2017-18,2018-04-12,FC Goa,Chennaiyin FC,Goa,5-3-2,3-5-2,6.59,8.01,7.06,7.09,34.3,21.1,43.9,28.7,3,10,12,17,4,3,0,2,4,4,0,2,40.3,22.5,39.6,50.4,1,1,Overcast,Good,Night,3.5,6.6,6.76,9.05,4,1,9.7,12,5,7.9,22.7,Home,0.35,0.38,-9.600000000000001,0.7813210065328002,-7.599999999999998,-2.0000000000000036,-0.46999999999999975,0.9199999999999999,0.22500000000000053,-3.0999999999999996,-2.290000000000001,7,3,-14.799999999999999,-0.030000000000000027,0,-9,-7,4,1,4,2,0.6999999999999957,-27.9,0.4333,0.3333,0.10000000000000003,0.3824,0.24,0.8,-0.1,0.9,0.8,0.0,0.2,4,12,-8,Draw
ISL00323,2017-18,2018-04-13,Chennaiyin FC,Hyderabad FC,Chennai,4-4-2,3-5-2,7.41,6.51,6.44,7.63,45.4,24.7,23.4,15.6,11,9,11,10,0,1,1,2,2,1,1,3,51.3,51.9,47.2,48.6,2,0,Rainy,Good,Night,9.1,6.7,9.1,9.35,0,4,7.7,6,5,24.3,28.0,,0.39,0.36,22.0,1.9401701110384142,9.1,12.9,0.9699999999999998,-1.12,-0.07500000000000018,2.3999999999999995,-0.25,1,-4,-3.6999999999999993,0.030000000000000027,2,0,-1,-1,-1,1,-2,4.099999999999994,3.299999999999997,0.3269,0.3214,0.005500000000000005,0.4231,0.2903,0.1,-0.4,0.5,0.0,0.3333,0.6667,1,29,-28,Away_Win
ISL00324,2017-18,2018-04-13,Odisha FC,FC Goa,Bhubaneswar,3-5-2,3-4-3,7.42,7.55,6.76,7.1,60.4,38.9,52.0,33.5,15,11,7,23,3,2,3,1,3,2,3,1,28.8,15.2,26.6,40.7,1,1,Clear,Average,Day,3.6,7.0,9.11,9.54,2,1,2.7,3,10,22.4,6.8,,0.36,0.43,8.399999999999999,1.1615382381657233,5.399999999999999,3.0,0.6600000000000001,0.4500000000000002,0.5549999999999997,-3.4,-0.4299999999999997,-7,1,15.599999999999998,-0.07,0,8,-12,0,1,0,1,2.1999999999999993,-25.500000000000004,0.3269,0.4262,-0.0993,0.3214,0.5,-0.7,0.8,-1.5,0.4,0.4,0.2,8,1,7,Draw
ISL00325,2017-18,2018-04-13,Chennaiyin FC,East Bengal FC,Chennai,5-3-2,5-3-2,7.2,6.27,6.32,7.92,42.6,21.3,59.3,28.6,4,20,9,12,1,0,1,0,2,0,1,0,33.3,28.0,45.1,44.5,1,0,Humid,Average,Night,1.5,3.8,6.82,7.75,0,1,9.8,5,7,17.4,10.9,Home,0.34,0.34,-16.699999999999996,0.7183809918413168,-7.300000000000001,-9.399999999999995,0.8799999999999999,-1.6500000000000004,-0.3850000000000007,-2.3,-0.9299999999999997,-2,-1,6.499999999999998,0.0,1,-5,8,0,0,1,0,-11.800000000000004,-16.5,0.3208,0.4068,-0.08600000000000002,0.4074,0.3571,0.2,0.1,0.1,0.0,0.6667,0.3333,1,23,-22,Home_Win
ISL00326,2017-18,2018-04-14,FC Goa,Hyderabad FC,Goa,4-3-3,5-3-2,7.44,6.23,6.56,7.14,35.8,20.4,56.6,33.1,10,14,12,17,2,0,0,3,2,0,2,5,27.3,18.5,31.4,51.1,1,0,Overcast,Average,Night,1.2,8.8,6.39,6.39,0,0,3.6,8,5,24.8,28.4,,0.46,0.42,-20.800000000000004,0.6325087221716038,-12.700000000000003,-8.100000000000001,0.8800000000000008,-0.9099999999999993,-0.014999999999998792,-7.6000000000000005,0.0,3,0,-3.599999999999998,0.040000000000000036,1,-2,-3,2,-3,0,-5,-4.099999999999998,-32.6,0.4194,0.3333,0.08610000000000001,0.3714,0.3125,0.7,-0.3,1.0,0.0,1.0,0.0,1,1,0,Home_Win
ISL00327,2017-18,2018-04-15,East Bengal FC,Kerala Blasters,Kolkata,4-4-2,5-3-2,7.08,7.81,6.63,7.49,51.8,24.7,55.6,35.8,13,9,14,12,2,2,3,0,2,3,3,4,52.7,47.6,28.8,20.3,1,3,Clear,Average,Day,8.4,2.9,7.05,6.61,2,2,6.5,4,3,22.9,14.2,,0.34,0.41,-3.8000000000000043,0.9316545086952321,-11.099999999999998,7.299999999999994,0.4500000000000002,0.3199999999999994,0.3849999999999998,5.5,0.4399999999999995,1,0,8.7,-0.06999999999999995,-2,-1,-3,-1,2,-1,-1,23.900000000000002,27.3,0.4,0.3265,0.07350000000000001,0.4516,0.2632,0.0,-0.5,0.5,0.4,0.2,0.4,2,7,-5,Home_Win
ISL00328,2017-18,2018-04-16,Hyderabad FC,NorthEast United FC,Hyderabad,4-2-3-1,4-3-3,7.51,6.02,6.95,6.32,34.8,17.5,53.2,34.2,8,12,7,13,1,0,4,2,1,2,4,3,34.2,16.5,34.8,54.2,3,0,Overcast,Average,Day,9.8,3.0,7.19,7.45,0,1,9.4,5,7,17.8,5.1,,0.38,0.32,-18.400000000000006,0.6541352153881173,-16.700000000000003,-1.7000000000000028,0.5599999999999996,-0.3000000000000007,0.1299999999999999,6.800000000000001,-0.2599999999999998,-2,-1,12.700000000000001,0.06,3,1,-1,-3,-2,-3,-1,-0.5999999999999943,-37.7,0.3276,0.3158,0.011799999999999977,0.36,0.3824,-0.1,-0.3,0.19999999999999998,0.0,0.6667,0.3333,2,7,-5,Home_Win
ISL00329,2017-18,2018-04-17,Odisha FC,Jamshedpur FC,Bhubaneswar,5-3-2,4-2-3-1,6.25,7.12,8.29,6.35,51.3,35.1,41.1,28.0,8,11,6,15,3,2,1,1,3,4,2,1,25.2,27.9,18.2,43.2,2,2,Clear,Good,Night,5.1,0.4,7.85,6.79,1,1,5.2,3,8,26.1,20.2,Home,0.42,0.36,10.199999999999996,1.248174878789567,7.100000000000001,3.0999999999999943,-2.039999999999999,0.7700000000000005,-0.6349999999999989,4.699999999999999,1.0599999999999996,-5,0,5.900000000000002,0.06,0,2,-4,2,1,1,3,7.0,-15.300000000000004,0.3208,0.4576,-0.13680000000000003,0.3103,0.3333,-0.4,0.4,-0.8,0.2,0.6,0.2,4,7,-3,Home_Win
ISL00330,2017-18,2018-04-18,Jamshedpur FC,Kerala Blasters,Jamshedpur,5-3-2,3-5-2,6.21,6.98,6.65,7.05,37.5,19.8,49.4,27.4,10,11,9,13,0,2,0,1,0,3,1,1,29.8,31.4,35.5,21.7,1,1,Overcast,Good,Day,0.9,8.6,8.55,8.5,3,1,3.9,5,0,13.5,23.8,,0.46,0.35,-11.899999999999999,0.7591091580750692,-7.599999999999998,-4.300000000000001,-0.4400000000000004,-0.0699999999999994,-0.254999999999999,-7.699999999999999,0.05000000000000071,5,2,-10.3,0.11000000000000004,0,1,-2,0,1,-1,2,-5.699999999999999,9.7,0.45,0.32,0.13,0.5862,0.25,0.1,-0.5,0.6,0.6,0.2,0.2,1,3,-2,Home_Win
ISL00331,2018-19,2018-10-02,ATK Mohun Bagan,Bengaluru FC,Kolkata,4-2-3-1,4-3-3,6.78,6.08,7.84,6.89,28.6,19.3,38.5,17.4,4,10,14,17,0,1,0,0,1,1,0,0,42.4,23.9,53.2,39.8,1,2,Clear,Average,Day,9.6,0.2,7.25,8.68,1,1,8.1,7,7,5.9,27.7,Both,0.48,0.41,-9.899999999999999,0.7428569499072857,1.9000000000000021,-11.8,-1.0599999999999996,-0.8099999999999996,-0.9350000000000005,9.4,-1.4299999999999997,0,0,-21.799999999999997,0.07,-1,-10,-7,0,1,1,1,-10.800000000000004,-15.899999999999999,0.3542,0.3636,-0.009399999999999964,0.4091,0.3333,0.3,-0.5,0.8,0.5,0.0,0.5,30,30,0,Draw
ISL00332,2018-19,2018-10-11,Odisha FC,Hyderabad FC,Bhubaneswar,4-3-3,3-4-3,7.28,7.69,6.59,8.86,60.3,35.0,44.6,28.2,11,13,14,16,2,1,0,0,3,3,0,2,42.1,28.5,33.7,34.0,1,0,Rainy,Average,Day,4.0,4.9,8.37,6.46,1,0,9.7,6,7,22.2,14.8,Away,0.44,0.3,15.699999999999996,1.3520176340767636,6.800000000000001,8.899999999999995,0.6900000000000004,-1.169999999999999,-0.23999999999999932,-0.9000000000000004,1.9099999999999993,-1,1,7.399999999999999,0.14,1,-3,-3,2,1,3,1,8.399999999999999,-5.5,0.3333,0.339,-0.005700000000000038,0.3333,0.303,-0.3,0.3,-0.6,0.25,0.75,0.0,30,30,0,Away_Win
ISL00333,2018-19,2018-10-13,ATK Mohun Bagan,Chennaiyin FC,Kolkata,5-3-2,5-3-2,7.7,6.33,7.69,7.5,34.3,15.8,41.0,21.3,12,18,3,15,1,2,2,2,3,2,2,2,30.3,30.7,51.8,38.2,1,0,Clear,Good,Night,7.3,5.4,7.34,6.18,2,3,9.7,8,8,26.2,27.0,Away,0.39,0.42,-6.700000000000003,0.836585161808497,-5.5,-1.2000000000000028,0.009999999999999787,-1.17,-0.5800000000000001,1.8999999999999995,1.1600000000000001,0,-1,-0.8000000000000007,-0.02999999999999997,1,9,3,-1,0,1,0,-21.499999999999996,-7.5000000000000036,0.3469,0.3333,0.013600000000000001,0.3913,0.2308,0.4,0.4,0.0,0.4286,0.0,0.5714,11,30,-19,Draw
ISL00334,2018-19,2018-10-14,NorthEast United FC,Chennaiyin FC,Guwahati,4-2-3-1,3-4-3,6.55,6.97,6.26,7.01,61.7,40.0,39.6,24.3,8,10,8,20,5,1,0,1,5,2,0,1,20.9,53.8,31.7,38.7,1,0,Overcast,Good,Day,8.7,7.5,8.16,7.77,2,0,5.5,7,8,16.8,16.2,Away,0.37,0.41,22.1,1.5580804146261578,15.7,6.400000000000002,0.29000000000000004,-0.040000000000000036,0.125,1.1999999999999993,0.39000000000000057,-1,2,0.6000000000000014,-0.03999999999999998,1,0,-10,5,0,5,1,-10.8,15.099999999999994,0.3103,0.3273,-0.01699999999999996,0.2174,0.2222,-0.1,0.3,-0.4,1.0,0.0,0.0,30,1,29,Home_Win
ISL00335,2018-19,2018-10-16,Bengaluru FC,Jamshedpur FC,Bengaluru,4-2-3-1,3-5-2,5.53,7.28,6.89,7.41,36.9,17.1,35.6,16.5,8,17,10,16,2,0,0,1,2,0,0,2,31.7,47.9,30.4,28.1,2,1,Humid,Good,Night,7.8,6.2,7.48,8.37,2,2,8.0,8,7,28.3,14.2,Home,0.44,0.42,1.2999999999999972,1.0365165627762463,0.6000000000000014,0.6999999999999957,-1.3599999999999994,-0.1299999999999999,-0.7450000000000001,1.5999999999999996,-0.8899999999999988,1,0,14.100000000000001,0.020000000000000018,1,-2,1,2,-1,2,-2,1.3000000000000007,19.799999999999997,0.3571,0.459,-0.10190000000000005,0.4,0.3226,-0.4,0.2,-0.6000000000000001,0.4286,0.2857,0.2857,14,30,-16,Home_Win
ISL00336,2018-19,2018-10-21,NorthEast United FC,Bengaluru FC,Guwahati,3-4-3,4-2-3-1,7.18,6.19,6.91,7.5,27.6,18.1,42.6,23.0,16,17,1,19,3,1,2,0,3,1,2,0,48.8,54.5,29.2,17.7,1,2,Rainy,Good,Day,4.5,4.3,7.86,9.55,2,2,6.1,7,8,6.7,19.9,Home,0.3,0.36,-15.0,0.6478871718574714,-4.899999999999999,-10.100000000000001,0.2699999999999996,-1.3099999999999996,-0.5199999999999996,0.20000000000000018,-1.6900000000000004,-1,0,-13.2,-0.06,-1,15,-2,1,1,1,1,19.599999999999998,36.8,0.322,0.3684,-0.0464,0.25,0.3226,0.2,-0.2,0.4,0.4,0.2,0.4,7,5,2,Home_Win
ISL00337,2018-19,2018-10-23,ATK Mohun Bagan,NorthEast United FC,Kolkata,3-5-2,5-3-2,7.38,6.21,6.99,7.19,49.0,22.2,36.0,21.9,3,9,15,22,4,2,1,1,7,3,2,3,38.8,29.8,48.3,38.2,3,0,Humid,Good,Day,2.8,6.3,5.66,9.18,1,1,7.5,9,10,5.5,7.6,,0.37,0.33,13.0,1.3611107330247962,0.3000000000000007,12.7,0.3899999999999997,-0.9800000000000004,-0.29499999999999993,-3.5,-3.5199999999999996,-1,0,-2.0999999999999996,0.03999999999999998,3,-12,-13,3,1,5,0,-9.5,-8.400000000000002,0.34,0.3333,0.006700000000000039,0.375,0.3714,0.1,0.4,-0.30000000000000004,0.25,0.5,0.25,10,2,8,Away_Win
ISL00338,2018-19,2018-10-26,East Bengal FC,Odisha FC,Kolkata,4-2-3-1,5-3-2,8.05,6.39,6.71,6.78,56.2,34.8,18.1,8.7,9,6,12,10,3,2,1,0,4,3,2,0,16.7,51.8,42.3,24.7,2,0,Rainy,Average,Night,1.9,5.5,5.27,5.56,1,3,8.4,7,6,6.8,9.9,,0.36,0.43,38.1,3.1049706602372042,26.099999999999998,12.000000000000004,1.3400000000000007,-0.39000000000000057,0.47500000000000053,-3.6,-0.29000000000000004,1,-2,-3.1000000000000005,-0.07,2,-3,-4,2,2,2,3,-25.599999999999998,27.099999999999998,0.4098,0.3273,0.08250000000000002,0.4688,0.3333,0.1,-0.5,0.6,0.3333,0.1667,0.5,30,15,15,Draw
ISL00339,2018-19,2018-10-26,East Bengal FC,Mumbai City FC,Kolkata,4-3-3,4-3-3,6.66,7.92,5.8,8.21,58.0,28.5,28.8,15.2,6,19,6,12,4,1,2,1,5,1,2,2,38.3,17.2,27.2,19.2,1,0,Overcast,Average,Night,0.4,0.7,5.7,7.9,3,2,1.5,7,7,15.9,27.8,,0.46,0.36,29.2,2.0138881896221563,13.3,15.899999999999999,0.8600000000000003,-0.2900000000000009,0.28499999999999925,-0.29999999999999993,-2.2,0,1,-11.9,0.10000000000000003,1,0,7,2,0,3,-1,11.099999999999998,-2.0,0.4032,0.3704,0.032799999999999996,0.4545,0.3793,-0.2,0.4,-0.6000000000000001,0.5,0.1667,0.3333,1,30,-29,Away_Win
ISL00340,2018-19,2018-10-28,Kerala Blasters,ATK Mohun Bagan,Kochi,3-5-2,4-2-3-1,7.33,6.35,7.86,7.15,26.0,13.9,51.0,24.8,4,11,8,15,1,1,2,1,1,1,3,1,52.7,16.8,49.4,23.0,1,1,Humid,Good,Night,7.4,9.5,7.54,6.96,0,1,6.8,0,6,22.5,9.4,,0.49,0.42,-25.0,0.5098038216070938,-10.9,-14.1,-0.5300000000000002,-0.8000000000000007,-0.6650000000000009,-2.0999999999999996,0.5800000000000001,-6,-1,13.1,0.07,0,-4,-4,-1,0,-2,0,3.3000000000000043,-6.199999999999999,0.3137,0.3333,-0.019600000000000006,0.3667,0.3077,-1.0,-0.3,-0.7,0.0,0.6667,0.3333,30,5,25,Draw
ISL00341,2018-19,2018-11-01,Chennaiyin FC,NorthEast United FC,Chennai,3-5-2,5-3-2,7.18,7.08,6.78,7.15,42.7,29.4,24.8,16.7,6,15,4,12,0,1,1,2,3,3,1,3,28.3,44.0,29.7,30.5,0,1,Clear,Poor,Night,2.9,3.1,6.08,7.04,0,3,1.1,5,12,12.5,28.3,,0.36,0.37,17.900000000000002,1.7217734992848794,12.7,5.200000000000003,0.39999999999999947,-0.07000000000000028,0.16500000000000004,-0.20000000000000018,-0.96,-7,-3,-15.8,-0.010000000000000009,-1,2,3,-1,-1,2,0,-1.3999999999999986,13.5,0.3214,0.3443,-0.022899999999999976,0.4286,0.3889,-0.2,0.7,-0.8999999999999999,0.0,0.0,1.0,18,9,9,Draw
ISL00342,2018-19,2018-11-05,NorthEast United FC,Kerala Blasters,Guwahati,4-4-2,3-4-3,7.98,7.25,6.55,7.49,55.3,31.6,52.6,33.9,4,10,5,14,2,0,3,2,3,0,5,3,27.8,43.6,41.1,33.9,0,1,Clear,Good,Day,8.4,3.9,5.81,7.79,3,1,9.5,10,1,9.5,9.6,,0.33,0.46,2.6999999999999957,1.05133059860635,-2.299999999999997,4.999999999999993,1.4300000000000006,-0.2400000000000002,0.5950000000000006,4.5,-1.9800000000000004,9,2,-0.09999999999999964,-0.13,-1,-1,-4,-1,-2,-2,-3,-13.3,9.700000000000003,0.3387,0.3077,0.031000000000000028,0.28,0.2381,0.5,-0.7,1.2,0.5,0.3333,0.1667,4,8,-4,Draw
ISL00343,2018-19,2018-11-05,Bengaluru FC,Odisha FC,Bengaluru,3-4-3,5-3-2,6.67,6.44,6.07,7.41,38.7,23.8,34.0,20.7,15,19,5,16,0,2,4,1,0,2,5,1,15.2,19.2,46.9,53.4,1,1,Rainy,Good,Night,8.1,8.2,5.55,6.88,3,1,8.2,7,6,8.0,8.1,,0.49,0.46,4.700000000000003,1.138234959342659,3.1000000000000014,1.6000000000000014,0.5999999999999996,-0.9699999999999998,-0.1850000000000005,-0.09999999999999964,-1.33,1,2,-0.09999999999999964,0.02999999999999997,0,10,3,-4,1,-5,1,-31.7,-34.2,0.3621,0.3214,0.04069999999999996,0.4231,0.32,-0.5,-0.5,0.0,0.5714,0.2857,0.1429,15,10,5,Home_Win
ISL00344,2018-19,2018-11-07,East Bengal FC,Chennaiyin FC,Kolkata,3-5-2,5-3-2,6.31,7.37,6.39,6.71,43.3,27.5,46.9,27.2,11,10,10,13,0,0,2,3,0,1,2,6,49.9,38.1,28.6,15.3,1,0,Humid,Poor,Night,4.6,3.4,8.25,8.81,1,1,7.1,4,5,12.4,18.2,,0.47,0.31,-3.6000000000000014,0.9232407413132747,0.3000000000000007,-3.900000000000002,-0.08000000000000007,0.6600000000000001,0.29000000000000004,1.1999999999999997,-0.5600000000000005,-1,0,-5.799999999999999,0.15999999999999998,1,1,-3,-2,-3,-2,-5,21.299999999999997,22.8,0.3968,0.3158,0.08099999999999996,0.4412,0.2143,-0.1,-0.1,0.0,0.25,0.5,0.25,12,6,6,Away_Win
ISL00345,2018-19,2018-11-10,Bengaluru FC,Hyderabad FC,Bengaluru,4-3-3,4-2-3-1,7.34,7.17,6.18,6.73,52.1,24.9,74.4,51.7,9,14,9,14,4,3,5,1,5,3,5,1,37.1,18.4,25.2,48.6,0,1,Rainy,Average,Night,2.1,5.6,6.59,7.91,3,0,8.9,10,9,17.1,14.0,,0.37,0.35,-22.300000000000004,0.7002687230821608,-26.800000000000004,4.5,1.1600000000000001,0.4399999999999995,0.7999999999999998,-3.4999999999999996,-1.3200000000000003,1,3,3.1000000000000014,0.020000000000000018,-1,0,0,-1,2,0,2,11.900000000000002,-30.200000000000003,0.3729,0.35,0.02290000000000003,0.4444,0.3235,0.2,0.3,-0.09999999999999998,0.6667,0.3333,0.0,5,30,-25,Home_Win
ISL00346,2018-19,2018-11-14,Jamshedpur FC,Hyderabad FC,Jamshedpur,5-3-2,3-4-3,7.11,5.89,6.84,6.87,24.5,16.2,51.8,26.7,6,15,7,16,1,1,0,2,2,2,0,2,52.6,30.8,34.1,49.4,2,1,Humid,Good,Night,6.7,7.8,7.37,8.06,2,1,3.4,4,9,28.1,9.5,Home,0.48,0.36,-27.299999999999997,0.47297288166546686,-10.5,-16.799999999999997,0.27000000000000046,-0.9800000000000004,-0.3550000000000004,-1.0999999999999996,-0.6900000000000004,-5,1,18.6,0.12,1,-1,-1,1,-1,2,0,18.5,-18.599999999999998,0.4516,0.3443,0.1073,0.6,0.3143,0.0,0.0,0.0,0.375,0.25,0.375,29,4,25,Away_Win
ISL00347,2018-19,2018-11-19,East Bengal FC,FC Goa,Kolkata,4-4-2,5-3-2,6.83,7.9,6.71,7.05,66.3,45.0,55.5,34.8,3,9,4,11,3,2,4,4,3,2,5,5,54.2,44.8,35.6,53.6,2,1,Overcast,Average,Night,2.6,4.4,7.69,6.23,1,3,3.9,4,8,26.3,14.5,,0.45,0.34,10.799999999999997,1.194594379352364,10.200000000000003,0.5999999999999943,0.1200000000000001,0.8500000000000005,0.4850000000000003,-1.8000000000000003,1.46,-4,-2,11.8,0.10999999999999999,1,-1,-2,-1,-2,-2,-3,18.6,-8.800000000000004,0.3906,0.4286,-0.03799999999999998,0.4286,0.4815,-0.1,0.7,-0.7999999999999999,0.4444,0.2222,0.3333,12,30,-18,Home_Win
ISL00348,2018-19,2018-11-21,NorthEast United FC,Mumbai City FC,Guwahati,5-3-2,4-4-2,7.0,6.74,6.88,7.73,70.6,34.5,54.0,25.5,9,9,12,15,0,1,1,0,0,2,1,0,21.6,18.6,41.5,46.3,7,0,Clear,Good,Day,8.4,4.9,7.35,6.31,2,1,4.6,11,7,22.5,27.9,Away,0.32,0.47,16.599999999999994,1.3074071652949693,9.0,7.599999999999994,0.1200000000000001,-0.9900000000000002,-0.4349999999999996,3.5,1.04,4,1,-5.399999999999999,-0.14999999999999997,7,-3,-6,-1,1,-1,2,-19.9,-27.699999999999996,0.3333,0.3818,-0.04849999999999999,0.2692,0.4,0.8,0.6,0.20000000000000007,0.5,0.3333,0.1667,16,26,-10,Draw
ISL00349,2018-19,2018-11-21,Jamshedpur FC,Kerala Blasters,Jamshedpur,5-3-2,5-3-2,6.93,7.8,7.61,7.52,35.8,21.0,44.7,27.1,9,7,8,16,0,0,1,1,0,0,1,1,17.2,46.1,35.5,23.2,0,2,Humid,Average,Night,3.4,1.6,5.95,5.72,3,1,4.2,3,2,16.9,20.1,,0.43,0.41,-8.900000000000006,0.8008946754150612,-6.100000000000001,-2.8000000000000043,-0.6800000000000006,0.28000000000000025,-0.1999999999999993,1.7999999999999998,0.23000000000000043,1,2,-3.200000000000003,0.020000000000000018,-2,1,-9,-1,-1,-1,-1,-18.3,22.900000000000002,0.4444,0.3019,0.14250000000000002,0.5806,0.2273,-0.2,-0.9,0.7,0.6667,0.1667,0.1667,7,16,-9,Draw
ISL00350,2018-19,2018-11-23,Jamshedpur FC,Hyderabad FC,Jamshedpur,4-4-2,3-4-3,7.56,6.5,6.49,6.79,61.8,32.2,71.7,35.8,9,11,7,19,2,0,2,1,3,0,6,1,47.6,24.8,43.6,45.3,2,4,Humid,Good,Night,4.6,3.3,7.11,5.58,1,2,1.9,4,9,5.7,12.3,Home,0.38,0.41,-9.900000000000006,0.8619245659798372,-3.5999999999999943,-6.300000000000011,1.0699999999999994,-0.29000000000000004,0.3899999999999988,1.2999999999999998,1.5300000000000002,-5,-1,-6.6000000000000005,-0.02999999999999997,-2,2,-8,0,-1,-3,-1,4.0,-20.499999999999996,0.4375,0.3548,0.0827,0.5625,0.3333,-0.3,0.0,-0.3,0.3333,0.2222,0.4444,2,9,-7,Home_Win
ISL00351,2018-19,2018-11-24,Hyderabad FC,Mumbai City FC,Hyderabad,5-3-2,4-2-3-1,7.6,8.2,7.01,8.17,34.7,22.0,40.7,18.4,8,7,9,11,1,1,2,2,1,1,2,3,18.8,35.6,54.8,40.0,3,2,Clear,Good,Night,6.0,4.3,6.3,8.2,2,1,2.4,9,7,7.6,5.1,,0.36,0.33,-6.0,0.8525796431008247,3.6000000000000014,-9.600000000000001,0.5899999999999999,0.02999999999999936,0.3099999999999996,1.7000000000000002,-1.8999999999999995,2,1,2.5,0.02999999999999997,1,-1,-4,-1,-1,-1,-2,-36.0,-4.399999999999999,0.3492,0.375,-0.02579999999999999,0.3846,0.3871,0.0,0.4,-0.4,0.5,0.3333,0.1667,1,3,-2,Draw
ISL00352,2018-19,2018-11-27,Jamshedpur FC,Odisha FC,Jamshedpur,4-2-3-1,5-3-2,7.57,7.69,6.36,6.95,58.2,26.6,39.6,26.8,9,12,5,11,3,1,0,0,4,1,0,0,25.1,47.3,32.0,36.8,1,0,Clear,Good,Night,6.1,3.0,7.2,7.56,0,2,2.3,7,5,23.1,17.9,,0.32,0.43,18.6,1.469696598561465,-0.1999999999999993,18.8,1.21,0.7400000000000002,0.9750000000000005,3.0999999999999996,-0.35999999999999943,2,-2,5.200000000000003,-0.10999999999999999,1,4,1,3,1,4,1,-6.899999999999999,10.5,0.4462,0.3158,0.13039999999999996,0.5758,0.3077,-0.3,-0.7,0.39999999999999997,0.1667,0.5,0.3333,4,22,-18,Home_Win
ISL00353,2018-19,2018-11-27,East Bengal FC,Chennaiyin FC,Kolkata,3-4-3,4-4-2,6.58,8.2,6.5,6.31,58.4,33.8,36.1,18.8,13,13,6,19,0,0,0,0,1,0,0,1,23.9,37.3,45.9,31.2,2,1,Overcast,Good,Night,7.0,4.4,5.54,7.36,1,2,7.8,7,8,16.0,8.8,,0.46,0.39,22.299999999999997,1.6177280837318324,14.999999999999996,7.300000000000001,0.08000000000000007,1.8899999999999997,0.9850000000000003,2.5999999999999996,-1.8200000000000003,-1,-1,7.199999999999999,0.07,1,7,-6,0,0,1,-1,-22.0,6.099999999999998,0.4,0.3276,0.07240000000000002,0.4444,0.2414,-0.3,0.1,-0.4,0.2,0.4,0.4,8,20,-12,Away_Win
ISL00354,2018-19,2018-11-29,ATK Mohun Bagan,Kerala Blasters,Kolkata,5-3-2,4-4-2,6.34,7.49,6.01,7.98,42.2,27.4,47.9,33.4,8,24,7,10,1,2,1,0,1,3,1,2,36.2,54.5,20.0,44.4,0,5,Clear,Good,Day,2.5,9.5,7.67,6.67,1,0,4.8,4,3,19.7,20.1,,0.36,0.48,-5.699999999999996,0.8810019037574314,-6.0,0.30000000000000426,0.33000000000000007,-0.4900000000000002,-0.08000000000000007,-7.0,1.0,1,1,-0.40000000000000213,-0.12,-5,1,14,0,2,0,1,16.200000000000003,10.100000000000001,0.3269,0.2963,0.030600000000000016,0.36,0.2174,-0.5,-0.8,0.30000000000000004,0.25,0.75,0.0,30,8,22,Draw
ISL00355,2018-19,2018-11-29,Punjab FC,Mumbai City FC,Mohali,5-3-2,4-4-2,7.9,6.88,6.14,8.06,52.3,33.1,61.7,38.3,8,16,11,13,6,0,2,0,6,0,2,1,52.0,29.4,49.3,35.3,2,0,Clear,Good,Day,1.6,8.9,8.06,6.78,1,0,9.2,4,7,19.6,10.3,Both,0.36,0.48,-9.400000000000006,0.8476497815802622,-5.199999999999996,-4.20000000000001,1.7600000000000007,-1.1800000000000006,0.2900000000000009,-7.300000000000001,1.2800000000000002,-3,1,9.3,-0.12,2,-3,3,4,0,4,-1,2.700000000000003,-5.899999999999999,0.3333,0.3684,-0.03510000000000002,0.3043,0.375,0.1,0.3,-0.19999999999999998,0.5,0.5,0.0,30,5,25,Draw
ISL00356,2018-19,2018-12-01,Hyderabad FC,ATK Mohun Bagan,Hyderabad,3-5-2,4-2-3-1,6.41,6.97,6.37,7.12,36.2,17.3,32.7,20.2,15,6,8,19,0,1,3,7,0,1,3,8,22.9,18.3,32.1,22.9,2,4,Humid,Poor,Night,9.6,8.1,7.57,6.84,2,2,3.1,7,4,29.1,17.5,Home,0.38,0.47,3.5,1.107033300601437,-2.8999999999999986,6.399999999999999,0.040000000000000036,-0.15000000000000036,-0.055000000000000604,1.5,0.7300000000000004,3,0,11.600000000000001,-0.08999999999999997,-2,7,-13,-3,-6,-3,-7,-9.200000000000003,-4.599999999999998,0.3438,0.3208,0.02300000000000002,0.3704,0.2963,0.0,-0.3,0.3,0.4,0.2,0.4,7,2,5,Away_Win
ISL00357,2018-19,2018-12-02,East Bengal FC,Punjab FC,Kolkata,4-2-3-1,3-5-2,5.63,7.47,7.53,6.87,43.4,28.6,43.0,26.6,5,11,12,11,1,3,3,2,4,3,4,2,34.7,18.9,35.8,24.4,2,2,Overcast,Good,Night,4.1,4.3,7.22,7.27,2,2,3.2,4,4,9.6,10.8,,0.35,0.35,0.3999999999999986,1.0093020908599788,2.0,-1.6000000000000014,-1.9000000000000004,0.5999999999999996,-0.6500000000000004,-0.20000000000000018,-0.04999999999999982,0,0,-1.200000000000001,0.0,0,-7,0,-2,1,0,1,-1.0999999999999943,-5.5,0.3939,0.3256,0.06829999999999997,0.4324,0.3684,-0.3,-0.1,-0.19999999999999998,0.5,0.0,0.5,5,3,2,Draw
ISL00358,2018-19,2018-12-03,Odisha FC,Punjab FC,Bhubaneswar,4-4-2,3-4-3,7.03,7.35,5.46,6.97,33.4,17.0,31.7,22.1,6,8,9,18,1,0,2,1,4,2,2,1,37.0,26.1,46.3,45.8,1,4,Humid,Poor,Day,8.2,2.8,6.41,7.26,0,1,8.1,4,5,7.1,19.6,,0.46,0.47,1.6999999999999993,1.053627427877783,-5.100000000000001,6.800000000000001,1.5700000000000003,0.3799999999999999,0.9749999999999996,5.3999999999999995,-0.8499999999999996,-1,-1,-12.500000000000002,-0.009999999999999953,-3,-3,-10,-1,-1,2,1,-9.299999999999997,-19.699999999999996,0.3103,0.3182,-0.007899999999999963,0.3226,0.35,-0.8,0.0,-0.8,0.0,0.6667,0.3333,6,1,5,Away_Win
ISL00359,2018-19,2018-12-05,NorthEast United FC,Mumbai City FC,Guwahati,4-3-3,5-3-2,6.8,7.6,7.4,7.38,40.3,26.3,55.8,28.2,6,12,8,16,2,1,1,1,2,1,1,1,29.7,32.6,25.1,37.7,2,1,Overcast,Good,Night,0.4,9.7,6.2,5.95,2,1,6.7,9,7,8.1,17.9,,0.5,0.35,-15.5,0.7222220927917395,-1.8999999999999986,-13.600000000000001,-0.6000000000000005,0.21999999999999975,-0.19000000000000128,-9.299999999999999,0.25,2,1,-9.799999999999999,0.15000000000000002,1,-2,-4,1,0,1,0,4.599999999999998,-5.100000000000001,0.3281,0.3621,-0.033999999999999975,0.2593,0.3636,0.7,0.2,0.49999999999999994,0.4286,0.4286,0.1429,14,6,8,Home_Win
ISL00360,2018-19,2018-12-07,Punjab FC,Kerala Blasters,Mohali,4-4-2,4-4-2,7.06,7.18,6.93,6.87,69.0,39.6,35.3,24.6,7,12,4,10,3,2,0,1,4,3,0,2,42.0,53.4,30.3,36.1,2,4,Rainy,Good,Night,0.6,2.5,7.25,4.27,0,0,2.6,8,4,29.2,10.3,,0.34,0.43,33.7,1.9546736672312557,15.0,18.700000000000003,0.1299999999999999,0.3099999999999996,0.21999999999999886,-1.9,2.9800000000000004,4,0,18.9,-0.08999999999999997,-2,3,2,3,1,4,1,11.7,17.299999999999997,0.3333,0.2909,0.04239999999999999,0.2917,0.2083,0.1,-0.9,1.0,0.4,0.28,0.32,4,8,-4,Away_Win
ISL00361,2018-19,2018-12-09,Punjab FC,Jamshedpur FC,Mohali,4-2-3-1,5-3-2,8.45,6.67,6.95,8.03,62.8,30.8,21.6,11.5,12,12,15,8,0,1,1,1,0,2,1,1,52.2,44.6,53.4,46.5,1,0,Overcast,Poor,Night,2.8,0.5,7.0,7.34,2,2,10.0,8,7,12.6,27.0,Away,0.42,0.39,41.199999999999996,2.9074060613860824,19.3,21.899999999999995,1.4999999999999991,-1.3599999999999994,0.0699999999999994,2.3,-0.33999999999999986,1,0,-14.4,0.02999999999999997,1,-3,4,-1,0,-1,1,-1.1999999999999957,-1.8999999999999986,0.3261,0.4545,-0.12840000000000001,0.28,0.3125,-0.2,-0.2,0.0,0.5,0.0,0.5,2,12,-10,Draw
ISL00362,2018-19,2018-12-09,Kerala Blasters,Hyderabad FC,Kochi,3-5-2,4-3-3,6.6,7.89,5.89,7.77,52.9,33.5,38.2,18.1,5,11,15,9,2,1,1,1,3,2,2,1,16.5,44.1,25.1,43.4,1,4,Rainy,Poor,Day,7.9,2.2,5.89,6.71,1,2,2.0,7,4,11.8,15.1,,0.45,0.31,14.699999999999996,1.3848163914093214,15.399999999999999,-0.7000000000000028,0.71,0.1200000000000001,0.41499999999999915,5.7,-0.8200000000000003,3,-1,-3.299999999999999,0.14,-3,-10,2,1,0,1,1,-8.600000000000001,0.7000000000000028,0.3036,0.3385,-0.03490000000000004,0.3548,0.3243,-0.7,-0.1,-0.6,0.25,0.25,0.5,2,8,-6,Home_Win
ISL00363,2018-19,2018-12-10,Punjab FC,Mumbai City FC,Mohali,4-4-2,3-4-3,7.94,8.62,7.09,6.96,46.9,30.6,49.0,33.3,8,17,15,18,0,1,2,1,1,1,2,1,50.9,36.7,47.2,16.7,1,1,Overcast,Average,Day,9.8,5.0,8.76,7.0,1,0,3.0,6,6,17.7,6.0,,0.48,0.46,-2.1000000000000014,0.95714266180762,-2.6999999999999957,0.5999999999999943,0.8500000000000005,1.6599999999999993,1.254999999999999,4.800000000000001,1.7599999999999998,0,1,11.7,0.019999999999999962,0,-7,-1,-2,0,-1,0,3.6999999999999957,20.000000000000004,0.3191,0.3559,-0.0368,0.2692,0.3529,-0.2,0.2,-0.4,0.3333,0.6667,0.0,1,5,-4,Away_Win
ISL00364,2018-19,2018-12-11,ATK Mohun Bagan,Kerala Blasters,Kolkata,4-3-3,4-4-2,7.94,7.07,6.38,7.8,45.7,28.5,40.8,19.4,3,17,7,10,2,1,3,0,2,1,3,0,33.5,42.0,26.5,38.9,0,1,Clear,Poor,Day,4.6,9.8,7.23,9.04,1,0,7.1,6,9,26.2,10.4,,0.45,0.48,4.900000000000006,1.1200977646819206,9.100000000000001,-4.199999999999996,1.5600000000000005,-0.7299999999999995,0.4150000000000009,-5.200000000000001,-1.8099999999999987,-3,1,15.799999999999999,-0.02999999999999997,-1,-4,7,-1,1,-1,1,7.0,3.1000000000000014,0.3333,0.3158,0.01749999999999996,0.3462,0.24,-0.1,-0.5,0.4,0.2,0.8,0.0,10,2,8,Away_Win
ISL00365,2018-19,2018-12-13,Hyderabad FC,FC Goa,Hyderabad,3-4-3,3-4-3,6.29,6.97,6.32,8.06,66.6,46.0,20.7,11.8,10,13,5,17,3,1,4,1,4,2,5,1,43.3,21.9,24.6,32.8,2,0,Clear,Good,Night,3.0,1.4,7.65,5.55,0,1,5.2,4,8,10.5,23.5,,0.31,0.41,45.89999999999999,3.2173897500532607,34.2,11.699999999999996,-0.03000000000000025,-1.0900000000000007,-0.5600000000000005,1.6,2.1000000000000005,-4,-1,-13.0,-0.09999999999999998,2,5,-4,-1,0,-1,1,18.699999999999996,-10.899999999999999,0.3333,0.4219,-0.08860000000000001,0.3571,0.4643,-0.1,0.7,-0.7999999999999999,0.0,0.6667,0.3333,4,24,-20,Draw
ISL00366,2018-19,2018-12-13,ATK Mohun Bagan,Odisha FC,Kolkata,4-2-3-1,4-3-3,6.78,7.58,7.4,6.68,41.4,21.3,37.6,24.8,12,20,5,13,1,3,0,0,4,3,0,0,18.3,20.5,37.4,23.7,0,0,Humid,Average,Night,6.4,9.5,6.53,7.59,1,0,8.1,5,1,23.2,15.4,Home,0.36,0.47,3.799999999999997,1.1010635369511867,-3.5,7.299999999999997,-0.6200000000000001,0.9000000000000004,0.13999999999999968,-3.0999999999999996,-1.0599999999999996,4,1,7.799999999999999,-0.10999999999999999,0,7,7,1,3,4,3,-19.099999999999998,-3.1999999999999993,0.3273,0.3051,0.022199999999999998,0.3333,0.2963,-0.1,-0.7,0.6,1.0,0.0,0.0,2,10,-8,Home_Win
ISL00367,2018-19,2018-12-13,ATK Mohun Bagan,Bengaluru FC,Kolkata,5-3-2,3-5-2,6.54,6.68,6.97,7.78,50.4,25.7,41.2,21.4,6,11,5,9,0,0,1,2,0,1,3,2,15.9,17.3,24.1,53.9,1,1,Humid,Average,Night,7.1,0.3,7.62,7.96,1,1,4.2,8,10,24.4,21.3,Home,0.35,0.33,9.199999999999996,1.223300673956147,4.300000000000001,4.899999999999995,-0.4299999999999997,-1.1000000000000005,-0.7650000000000006,6.8,-0.33999999999999986,-2,0,3.099999999999998,0.019999999999999962,0,1,2,-1,-2,-3,-1,-8.200000000000001,-36.599999999999994,0.3393,0.3833,-0.043999999999999984,0.3571,0.3125,-0.2,0.3,-0.5,0.3333,0.3333,0.3333,1,30,-29,Home_Win
ISL00368,2018-19,2018-12-13,Punjab FC,FC Goa,Mohali,3-5-2,5-3-2,7.47,7.18,6.92,7.01,36.3,17.7,58.5,36.9,10,11,9,11,2,0,1,1,4,0,1,2,26.4,54.1,30.1,42.9,1,3,Rainy,Good,Night,7.2,8.3,6.23,5.72,2,1,4.9,5,6,9.2,17.4,,0.43,0.4,-22.200000000000003,0.620512714442271,-19.2,-3.0000000000000036,0.5499999999999998,0.16999999999999993,0.35999999999999943,-1.1000000000000005,0.5100000000000007,-1,1,-8.2,0.02999999999999997,-2,1,0,1,-1,3,-2,-3.700000000000003,11.200000000000003,0.3125,0.4154,-0.10289999999999999,0.2593,0.4483,-0.3,0.7,-1.0,0.3333,0.3333,0.3333,3,1,2,Away_Win
ISL00369,2018-19,2018-12-13,Bengaluru FC,East Bengal FC,Bengaluru,5-3-2,4-3-3,6.42,6.73,7.31,7.69,54.4,31.8,54.5,33.3,10,13,6,12,3,2,2,1,4,2,3,1,26.8,34.4,18.5,21.8,1,0,Overcast,Good,Night,8.0,2.5,7.68,6.83,0,0,8.4,9,4,8.2,21.8,,0.3,0.32,-0.10000000000000142,0.9981649544651459,-1.4999999999999964,1.399999999999995,-0.8899999999999997,-0.96,-0.9249999999999998,5.5,0.8499999999999996,5,0,-13.600000000000001,-0.020000000000000018,1,4,1,1,1,1,1,8.3,12.599999999999998,0.377,0.3881,-0.011099999999999999,0.4643,0.3448,0.4,-0.3,0.7,0.0,1.0,0.0,1,11,-10,Away_Win
ISL00370,2018-19,2018-12-14,ATK Mohun Bagan,Jamshedpur FC,Kolkata,5-3-2,3-4-3,7.21,6.6,6.89,7.49,33.7,18.5,46.7,29.1,4,13,9,11,5,1,4,0,8,1,5,0,53.1,50.9,36.1,25.1,1,1,Humid,Good,Day,9.3,7.4,8.46,7.59,0,3,7.2,10,8,8.5,14.0,,0.48,0.41,-13.0,0.7216272544695386,-10.600000000000001,-2.3999999999999986,0.3200000000000003,-0.8900000000000006,-0.28500000000000014,1.9000000000000004,0.870000000000001,2,-3,-5.5,0.07,0,-5,2,1,1,3,1,17.0,25.799999999999997,0.3509,0.4478,-0.09689999999999999,0.3793,0.303,-0.2,-0.3,0.09999999999999998,0.0,0.0,1.0,1,5,-4,Draw
ISL00371,2018-19,2018-12-16,Odisha FC,Jamshedpur FC,Bhubaneswar,4-2-3-1,4-4-2,6.46,5.95,5.49,6.39,54.8,29.5,37.4,18.2,6,10,8,12,0,1,0,2,1,2,0,2,42.8,52.5,30.4,39.1,1,3,Rainy,Average,Day,1.2,2.2,7.55,9.53,2,1,7.4,1,9,21.1,24.3,Both,0.37,0.34,17.4,1.465240249935762,11.3,6.099999999999998,0.9699999999999998,-0.4399999999999995,0.26500000000000057,-1.0000000000000002,-1.9799999999999995,-8,1,-3.1999999999999993,0.02999999999999997,-2,-2,-2,0,-1,1,0,12.399999999999999,13.399999999999999,0.3,0.4412,-0.1412,0.3125,0.2941,-0.7,-0.3,-0.39999999999999997,0.2857,0.4286,0.2857,3,2,1,Draw
ISL00372,2018-19,2018-12-16,East Bengal FC,Odisha FC,Kolkata,5-3-2,3-5-2,7.16,7.66,6.27,7.45,50.9,28.8,58.5,36.6,11,12,8,13,1,1,2,1,1,2,3,2,52.6,26.2,54.3,41.0,1,1,Overcast,Average,Night,4.2,1.6,5.61,8.26,1,3,1.2,7,1,6.7,16.4,,0.45,0.33,-7.600000000000001,0.8700853213529365,-7.800000000000001,0.1999999999999993,0.8900000000000006,0.20999999999999996,0.5500000000000007,2.6,-2.6499999999999995,6,-2,-9.7,0.12,0,3,-1,-1,0,-2,0,-1.6999999999999957,-14.8,0.3971,0.2951,0.10200000000000004,0.4211,0.2857,-0.3,-0.7,0.39999999999999997,0.2857,0.2857,0.4286,3,1,2,Draw
ISL00373,2018-19,2018-12-20,Chennaiyin FC,Odisha FC,Chennai,4-3-3,5-3-2,7.22,7.2,6.34,7.1,28.6,14.8,59.2,39.1,6,16,16,8,5,2,2,1,5,2,3,1,54.0,18.5,29.4,18.2,1,2,Overcast,Good,Night,6.6,4.1,6.39,7.62,2,3,7.0,8,2,27.6,9.5,,0.4,0.48,-30.6,0.4831080265020225,-24.3,-6.300000000000001,0.8799999999999999,0.10000000000000053,0.4900000000000002,2.5,-1.2300000000000004,6,-1,18.1,-0.07999999999999996,-1,-10,8,3,1,2,1,24.6,0.3000000000000007,0.339,0.2903,0.04870000000000002,0.4138,0.2759,0.4,-0.7,1.1,0.5,0.0,0.5,23,4,19,Draw
ISL00374,2018-19,2018-12-21,Kerala Blasters,Chennaiyin FC,Kochi,3-4-3,4-3-3,6.93,7.49,6.77,7.74,42.2,19.0,50.5,24.5,7,15,5,12,2,1,2,1,2,1,3,2,32.3,42.8,17.4,26.0,3,0,Overcast,Good,Day,2.5,2.8,5.1,6.68,2,2,3.9,11,8,29.2,21.7,Away,0.39,0.5,-8.299999999999997,0.8356433988824953,-5.5,-2.799999999999997,0.16000000000000014,-0.25,-0.04499999999999993,-0.2999999999999998,-1.58,3,0,7.5,-0.10999999999999999,3,2,3,0,0,-1,-1,14.899999999999999,16.799999999999997,0.3276,0.3333,-0.005699999999999983,0.375,0.2667,0.0,0.4,-0.4,0.5,0.0,0.5,10,1,9,Away_Win
ISL00375,2018-19,2018-12-22,Jamshedpur FC,Odisha FC,Jamshedpur,4-2-3-1,5-3-2,7.2,6.85,6.19,6.65,32.0,18.2,22.7,15.7,8,14,11,13,2,1,1,0,2,2,2,0,49.5,29.1,34.3,32.1,1,0,Humid,Good,Night,1.0,8.9,8.31,7.34,1,1,3.1,9,3,5.4,5.5,,0.42,0.3,9.3,1.409691008946692,2.5,6.800000000000001,1.0099999999999998,0.1999999999999993,0.6050000000000004,-7.9,0.9700000000000006,6,0,-0.09999999999999964,0.12,1,-3,1,1,1,0,2,15.200000000000003,-3.0,0.4348,0.2857,0.1491,0.5882,0.2667,0.0,-0.7,0.7,0.25,0.5,0.25,6,2,4,Home_Win
ISL00376,2018-19,2018-12-24,Chennaiyin FC,Kerala Blasters,Chennai,3-5-2,3-4-3,6.64,7.19,7.3,7.57,50.4,26.2,44.8,30.8,10,19,14,9,2,0,0,0,3,2,1,1,37.4,52.6,45.5,54.8,1,0,Clear,Good,Night,4.2,7.9,7.7,7.15,3,2,1.5,11,10,18.2,7.7,Away,0.34,0.48,5.600000000000001,1.1249997488839847,-4.600000000000001,10.200000000000003,-0.6600000000000001,-0.3799999999999999,-0.5200000000000005,-3.7,0.5499999999999998,1,1,10.5,-0.13999999999999996,1,-4,10,2,0,2,1,-8.100000000000001,-2.1999999999999957,0.3443,0.322,0.022299999999999986,0.4,0.2692,0.3,0.0,0.3,0.6,0.0,0.4,3,3,0,Home_Win
ISL00377,2018-19,2018-12-27,NorthEast United FC,Mumbai City FC,Guwahati,5-3-2,3-4-3,6.63,6.92,5.82,7.63,48.9,27.5,17.6,9.3,7,15,7,15,0,0,2,1,0,1,4,1,18.7,43.2,25.7,35.7,1,0,Humid,Good,Night,4.5,7.9,7.53,7.09,3,0,6.4,9,6,28.2,12.2,,0.36,0.39,31.299999999999997,2.778407512268459,18.2,13.099999999999998,0.8099999999999996,-0.71,0.05000000000000071,-3.4000000000000004,0.4400000000000004,3,3,16.0,-0.030000000000000027,1,0,0,-2,-1,-4,0,-7.0,7.5,0.3385,0.3667,-0.028200000000000003,0.2857,0.3714,0.9,0.1,0.8,0.5,0.375,0.125,22,17,5,Away_Win
ISL00378,2018-19,2018-12-28,Odisha FC,East Bengal FC,Bhubaneswar,5-3-2,5-3-2,6.34,7.64,7.01,6.42,62.0,42.3,67.7,46.6,7,9,7,9,1,1,3,0,2,2,4,0,42.6,18.2,43.7,15.6,4,1,Clear,Good,Night,2.1,6.6,4.95,5.11,2,1,4.6,3,8,14.3,29.7,Away,0.47,0.38,-5.700000000000003,0.9158048868825868,-4.300000000000004,-1.3999999999999986,-0.6699999999999999,1.2199999999999998,0.27500000000000036,-4.5,-0.16000000000000014,-5,1,-15.399999999999999,0.08999999999999997,3,0,0,-2,1,-2,2,-1.1000000000000014,2.5999999999999996,0.2812,0.3913,-0.11009999999999998,0.303,0.3667,-1.0,0.0,-1.0,0.375,0.375,0.25,6,12,-6,Draw
ISL00379,2018-19,2018-12-28,Kerala Blasters,FC Goa,Kochi,3-4-3,3-4-3,6.56,7.09,6.1,7.18,50.8,25.1,38.6,26.4,7,13,12,16,1,0,0,1,2,2,0,1,39.3,31.6,31.1,37.1,0,2,Humid,Good,Night,4.6,9.2,9.03,6.77,0,5,5.1,9,8,25.3,25.6,,0.45,0.37,12.199999999999996,1.316061835217141,-1.2999999999999972,13.499999999999993,0.45999999999999996,-0.08999999999999986,0.1849999999999996,-4.6,2.26,1,-5,-0.3000000000000007,0.08000000000000002,-2,-5,-3,1,-1,2,1,8.199999999999996,-5.5,0.3167,0.4242,-0.10750000000000004,0.3636,0.4667,0.1,0.8,-0.7000000000000001,0.1111,0.2222,0.6667,4,15,-11,Away_Win
ISL00380,2018-19,2018-12-29,NorthEast United FC,Chennaiyin FC,Guwahati,4-4-2,4-3-3,7.22,7.15,6.99,7.13,58.9,35.9,43.8,21.0,9,13,4,12,1,0,4,0,2,0,6,0,34.2,43.9,27.6,51.6,3,1,Humid,Good,Night,4.8,8.7,9.61,5.65,3,0,3.5,6,13,6.3,16.9,Both,0.31,0.44,15.100000000000001,1.3447485514272712,14.899999999999999,0.20000000000000284,0.22999999999999954,0.020000000000000462,0.125,-3.8999999999999995,3.959999999999999,-7,3,-10.599999999999998,-0.13,2,5,1,-3,0,-4,0,6.600000000000001,-7.700000000000003,0.3333,0.3548,-0.02150000000000002,0.2759,0.2903,0.8,0.4,0.4,0.75,0.25,0.0,2,5,-3,Away_Win
ISL00381,2018-19,2018-12-30,Mumbai City FC,Hyderabad FC,Mumbai,4-3-3,3-4-3,7.18,7.83,6.59,6.02,45.8,28.0,32.8,20.9,8,10,6,10,3,0,2,4,3,1,2,4,30.0,40.1,20.3,49.9,0,0,Humid,Average,Day,0.6,8.9,6.13,7.17,1,1,8.6,8,2,9.6,27.5,,0.4,0.31,13.0,1.3963410377009031,7.100000000000001,5.899999999999999,0.5899999999999999,1.8100000000000005,1.2000000000000002,-8.3,-1.04,6,0,-17.9,0.09000000000000002,0,2,0,1,-4,1,-3,9.7,-9.799999999999997,0.377,0.3284,0.04859999999999998,0.36,0.3158,0.2,-0.2,0.4,0.1429,0.4286,0.4286,3,17,-14,Home_Win
ISL00382,2018-19,2019-01-06,Kerala Blasters,Jamshedpur FC,Kochi,3-5-2,3-5-2,6.08,8.05,6.4,7.4,39.4,20.5,37.6,26.0,9,5,6,19,3,4,4,1,5,5,6,2,47.8,18.2,46.0,54.6,2,1,Overcast,Good,Night,5.9,3.3,4.71,7.69,0,3,2.3,6,9,12.8,10.5,,0.38,0.4,1.7999999999999972,1.0478720617361537,-5.5,7.299999999999997,-0.3200000000000003,0.6500000000000004,0.16500000000000004,2.6000000000000005,-2.9800000000000004,-3,-3,2.3000000000000007,-0.020000000000000018,1,3,-14,-1,3,-1,3,1.7999999999999972,-36.400000000000006,0.3115,0.4429,-0.13140000000000002,0.3529,0.2857,0.1,0.3,-0.19999999999999998,0.1429,0.2857,0.5714,9,15,-6,Home_Win
ISL00383,2018-19,2019-01-10,East Bengal FC,NorthEast United FC,Kolkata,3-5-2,3-5-2,6.45,6.45,7.09,6.7,56.6,32.1,42.3,27.7,12,14,8,15,0,2,0,0,0,2,0,0,27.9,42.8,46.2,38.2,0,0,Rainy,Good,Night,3.7,8.5,5.73,6.67,2,2,7.5,6,5,19.2,13.5,,0.45,0.44,14.300000000000004,1.3380611493945274,4.400000000000002,9.900000000000002,-0.6399999999999997,-0.25,-0.4449999999999994,-4.8,-0.9399999999999995,1,0,5.699999999999999,0.010000000000000009,0,4,-1,0,2,0,2,-18.300000000000004,4.599999999999994,0.3857,0.3284,0.05729999999999996,0.4103,0.3784,0.1,0.3,-0.19999999999999998,0.4,0.2,0.4,13,12,1,Home_Win
ISL00384,2018-19,2019-01-13,Hyderabad FC,Punjab FC,Hyderabad,4-4-2,3-4-3,6.64,7.13,7.4,6.35,35.7,24.7,40.5,19.6,8,18,9,14,2,0,1,2,2,1,2,2,22.0,44.6,43.4,46.4,1,0,Overcast,Good,Night,0.5,7.8,6.71,6.96,1,2,6.2,2,4,15.2,12.1,Home,0.36,0.46,-4.799999999999997,0.8814812638317867,5.099999999999998,-9.899999999999995,-0.7600000000000007,0.7800000000000002,0.009999999999999787,-7.3,-0.25,-2,-1,3.0999999999999996,-0.10000000000000003,1,-1,4,1,-2,0,-1,-21.4,-1.7999999999999972,0.3235,0.3061,0.017400000000000027,0.3448,0.381,-0.2,-0.5,0.3,0.1429,0.4286,0.4286,14,30,-16,Home_Win
ISL00385,2018-19,2019-01-14,NorthEast United FC,Kerala Blasters,Guwahati,3-5-2,3-5-2,7.49,6.5,6.41,6.33,40.4,21.6,43.3,23.9,11,9,8,13,3,1,1,0,4,1,1,1,22.6,15.2,19.6,22.4,1,2,Overcast,Good,Night,0.6,9.2,7.99,6.94,3,0,6.5,4,6,16.3,13.0,,0.32,0.39,-2.8999999999999986,0.9330251886777855,-2.299999999999997,-0.6000000000000014,1.08,0.16999999999999993,0.625,-8.6,1.0499999999999998,-2,3,3.3000000000000007,-0.07,-1,3,-4,2,1,3,0,3.0,-7.199999999999999,0.3235,0.3226,0.0009000000000000119,0.2667,0.2593,0.2,0.2,0.0,0.4286,0.4286,0.1429,4,8,-4,Away_Win
ISL00386,2018-19,2019-01-22,Kerala Blasters,Bengaluru FC,Kochi,4-4-2,3-5-2,6.53,6.81,6.27,6.68,45.2,28.4,36.4,21.5,8,17,7,19,1,1,1,0,1,3,1,1,46.9,42.0,49.6,49.4,1,3,Overcast,Average,Day,0.9,7.3,7.08,6.53,3,1,9.5,6,6,17.6,29.2,,0.32,0.4,8.800000000000004,1.2417579006159614,6.899999999999999,1.9000000000000057,0.2600000000000007,0.1299999999999999,0.19500000000000028,-6.3999999999999995,0.5499999999999998,0,2,-11.599999999999998,-0.08000000000000002,-2,1,-2,0,1,0,2,-2.700000000000003,-7.399999999999999,0.3333,0.371,-0.03770000000000001,0.3714,0.303,0.3,0.1,0.19999999999999998,0.75,0.0,0.25,8,30,-22,Away_Win
ISL00387,2018-19,2019-01-26,Kerala Blasters,NorthEast United FC,Kochi,4-3-3,4-2-3-1,7.16,7.89,7.23,6.96,25.4,16.8,36.8,20.0,17,16,8,6,2,1,2,0,3,2,3,2,39.1,17.8,16.3,41.3,3,2,Humid,Good,Night,1.6,6.3,6.22,6.61,1,3,5.9,6,3,29.7,13.7,,0.49,0.32,-11.399999999999999,0.690217203745325,-3.1999999999999993,-8.2,-0.07000000000000028,0.9299999999999997,0.4299999999999997,-4.699999999999999,-0.39000000000000057,3,-2,16.0,0.16999999999999998,1,9,10,0,1,0,0,22.8,-23.499999999999996,0.3281,0.3188,0.00930000000000003,0.3611,0.3684,0.2,0.0,0.2,0.25,0.375,0.375,4,12,-8,Home_Win
ISL00388,2018-19,2019-01-29,East Bengal FC,Punjab FC,Kolkata,3-5-2,3-5-2,7.01,8.42,8.34,6.72,17.2,9.3,52.1,28.5,11,12,6,12,1,1,1,1,1,1,2,1,52.3,49.7,40.2,45.7,3,1,Overcast,Good,Night,4.5,0.8,7.22,7.12,2,2,8.6,9,1,21.2,19.2,Both,0.44,0.39,-34.900000000000006,0.3301342936402507,-19.2,-15.700000000000003,-1.33,1.7000000000000002,0.1850000000000005,3.7,0.09999999999999964,8,0,2.0,0.04999999999999999,2,5,0,0,0,-1,0,12.099999999999994,4.0,0.3944,0.3,0.09439999999999998,0.425,0.3636,0.1,-0.6,0.7,0.4,0.2,0.4,19,16,3,Away_Win
ISL00389,2018-19,2019-01-30,East Bengal FC,Hyderabad FC,Kolkata,4-2-3-1,4-3-3,6.73,6.72,8.05,5.64,34.6,24.1,38.1,18.1,7,17,10,13,1,2,1,1,1,2,1,1,17.4,16.8,28.2,17.4,1,1,Rainy,Poor,Night,7.2,5.8,5.37,6.87,2,3,9.1,8,4,25.5,20.9,,0.43,0.32,-3.5,0.9081362445836628,6.0,-9.5,-1.3200000000000003,1.08,-0.120000000000001,1.4000000000000004,-1.5,4,-1,4.600000000000001,0.10999999999999999,0,-3,4,0,1,0,1,-10.8,-0.5999999999999979,0.3889,0.3333,0.05560000000000004,0.4146,0.3077,-0.1,-0.1,0.0,0.4,0.0,0.6,1,17,-16,Draw
ISL00390,2018-19,2019-01-31,Punjab FC,Jamshedpur FC,Mohali,4-2-3-1,4-3-3,6.83,7.33,7.82,8.34,41.7,25.3,55.9,25.3,7,20,4,10,3,0,3,2,3,1,4,2,52.3,16.2,53.5,31.6,0,1,Clear,Good,Night,0.9,5.3,7.38,6.35,2,2,7.0,4,6,17.2,15.9,,0.36,0.38,-14.199999999999996,0.7459748218291911,0.0,-14.199999999999996,-0.9900000000000002,-1.0099999999999998,-1.0,-4.3999999999999995,1.0300000000000002,-2,0,1.299999999999999,-0.020000000000000018,-1,3,10,0,-2,-1,-1,-1.2000000000000028,-15.400000000000002,0.3137,0.4366,-0.12290000000000001,0.25,0.2778,-0.3,0.1,-0.4,0.4,0.2,0.4,2,25,-23,Home_Win
ISL00391,2018-19,2019-01-31,Mumbai City FC,East Bengal FC,Mumbai,4-4-2,4-4-2,5.9,7.82,6.87,7.56,51.3,29.5,52.0,27.4,10,12,4,10,3,0,1,1,6,1,2,1,26.3,40.7,23.5,21.4,0,0,Overcast,Average,Night,7.1,0.2,5.56,8.4,3,2,4.4,10,6,6.1,22.8,,0.49,0.44,-0.7000000000000028,0.986538271819563,2.1000000000000014,-2.8000000000000043,-0.9699999999999998,0.2600000000000007,-0.35499999999999954,6.8999999999999995,-2.8400000000000007,4,1,-16.700000000000003,0.04999999999999999,0,6,2,2,-1,4,0,2.8000000000000007,19.300000000000004,0.3871,0.3836,0.003500000000000003,0.3846,0.3548,0.3,0.0,0.3,0.4286,0.1429,0.4286,30,1,29,Home_Win
ISL00392,2018-19,2019-01-31,East Bengal FC,Kerala Blasters,Kolkata,4-4-2,3-4-3,7.22,6.25,7.15,7.28,41.9,26.3,34.4,19.1,14,11,5,11,2,0,2,2,2,1,2,2,48.2,42.8,22.1,45.8,1,0,Humid,Poor,Night,5.3,2.8,7.83,6.91,3,1,6.3,5,9,6.2,15.1,,0.35,0.31,7.5,1.2180229017375284,7.199999999999999,0.3000000000000007,0.0699999999999994,-1.0300000000000002,-0.4800000000000004,2.5,0.9199999999999999,-4,2,-8.899999999999999,0.03999999999999998,1,9,0,0,-2,0,-1,26.1,-3.0,0.3784,0.3385,0.03989999999999999,0.4048,0.2857,0.1,0.3,-0.19999999999999998,0.5,0.1667,0.3333,1,5,-4,Draw
ISL00393,2018-19,2019-02-01,Jamshedpur FC,Hyderabad FC,Jamshedpur,3-5-2,4-4-2,6.61,6.9,7.01,7.02,55.7,31.0,55.0,32.7,13,16,7,15,3,2,3,0,5,3,3,0,38.6,21.7,51.4,37.2,1,1,Overcast,Poor,Night,2.6,3.6,7.71,7.56,1,2,3.3,5,5,29.3,19.9,,0.3,0.31,0.7000000000000028,1.0127270885950748,-1.7000000000000028,2.4000000000000057,-0.39999999999999947,-0.11999999999999922,-0.2599999999999989,-1.0,0.15000000000000036,0,-1,9.400000000000002,-0.010000000000000009,0,6,1,0,2,2,3,-12.799999999999997,-15.500000000000004,0.4306,0.3286,0.10199999999999998,0.6,0.3,0.0,-0.3,0.3,0.4,0.2,0.4,1,2,-1,Draw
ISL00394,2018-19,2019-02-03,ATK Mohun Bagan,Punjab FC,Kolkata,5-3-2,5-3-2,5.85,6.44,7.06,6.71,60.4,37.9,31.0,21.4,9,17,13,17,0,3,2,3,1,4,3,3,50.1,32.6,26.3,52.6,2,1,Overcast,Good,Night,0.1,7.7,8.22,5.39,3,1,5.4,10,6,6.0,9.8,,0.38,0.47,29.4,1.9483864682624297,16.5,12.899999999999999,-1.21,-0.2699999999999996,-0.7400000000000002,-7.6000000000000005,2.830000000000001,4,2,-3.8000000000000007,-0.08999999999999997,1,-4,0,-2,0,-2,1,23.8,-20.0,0.3448,0.3269,0.01789999999999997,0.3667,0.3913,-0.2,-0.2,0.0,0.75,0.0,0.25,30,3,27,Home_Win
ISL00395,2018-19,2019-02-13,Jamshedpur FC,Chennaiyin FC,Jamshedpur,5-3-2,3-5-2,6.83,7.03,7.37,7.7,10.1,5.2,52.7,24.9,13,14,7,12,1,2,2,1,3,2,2,2,34.3,40.2,40.4,29.7,1,2,Clear,Average,Day,5.9,1.8,7.03,6.91,3,1,4.8,5,13,6.5,25.4,,0.37,0.48,-42.6,0.191650817523564,-19.7,-22.900000000000006,-0.54,-0.6699999999999999,-0.6050000000000004,4.1000000000000005,0.1200000000000001,-8,2,-18.9,-0.10999999999999999,-1,6,2,-1,1,1,0,-6.100000000000001,10.500000000000004,0.4247,0.3651,0.05960000000000004,0.5833,0.3125,0.1,0.7,-0.6,0.6,0.2,0.2,12,30,-18,Draw
ISL00396,2018-19,2019-02-14,Punjab FC,East Bengal FC,Mohali,4-2-3-1,4-3-3,6.12,6.34,6.95,7.08,47.0,32.0,48.9,26.2,6,11,9,14,0,1,1,0,0,1,1,1,26.4,37.7,17.5,43.6,2,1,Clear,Poor,Night,7.0,3.7,7.07,7.62,3,1,6.5,6,5,11.9,15.7,Away,0.4,0.44,-1.8999999999999986,0.9611449977208594,5.800000000000001,-7.699999999999999,-0.8300000000000001,-0.7400000000000002,-0.7850000000000001,3.3,-0.5499999999999998,1,2,-3.799999999999999,-0.03999999999999998,1,-3,-3,-1,1,-1,0,8.899999999999999,-5.899999999999999,0.3208,0.3733,-0.05250000000000005,0.2759,0.3438,-0.3,0.0,-0.3,0.5,0.1667,0.3333,11,14,-3,Away_Win
ISL00397,2018-19,2019-02-14,Jamshedpur FC,Bengaluru FC,Jamshedpur,4-3-3,4-3-3,6.68,7.18,6.01,7.1,37.8,22.1,45.4,30.3,10,14,7,14,2,0,7,0,3,0,8,2,20.1,52.8,25.3,29.0,3,0,Rainy,Average,Night,1.3,7.6,5.78,8.08,1,3,1.4,5,9,24.1,21.0,Home,0.49,0.42,-7.600000000000001,0.8325989355508951,-8.2,0.5999999999999979,0.6699999999999999,0.08000000000000007,0.375,-6.3,-2.3,-4,-2,3.1000000000000014,0.07,3,3,0,-5,0,-5,-2,-5.199999999999999,23.799999999999997,0.4189,0.381,0.03789999999999999,0.5676,0.3235,0.1,0.2,-0.1,0.25,0.25,0.5,1,23,-22,Home_Win
ISL00398,2018-19,2019-02-15,Chennaiyin FC,Odisha FC,Chennai,4-4-2,3-5-2,6.62,6.47,6.55,6.62,36.7,18.7,42.3,27.8,9,9,9,15,4,3,4,0,5,3,4,0,41.8,47.3,21.6,44.1,1,4,Overcast,Average,Day,9.3,8.3,9.08,7.28,1,3,3.3,11,4,13.9,27.4,,0.31,0.42,-5.599999999999994,0.8676120880349675,-9.100000000000001,3.500000000000007,0.07000000000000028,-0.15000000000000036,-0.040000000000000036,1.0,1.7999999999999998,7,-2,-13.499999999999998,-0.10999999999999999,-3,0,-6,0,3,1,3,20.199999999999996,3.1999999999999957,0.3594,0.2769,0.08250000000000002,0.4194,0.2581,0.6,-0.8,1.4,0.4286,0.1429,0.4286,2,30,-28,Draw
ISL00399,2018-19,2019-02-17,Kerala Blasters,Punjab FC,Kochi,3-5-2,3-4-3,7.39,6.4,6.34,8.47,42.4,23.7,45.6,21.8,6,8,14,14,1,0,2,0,2,0,3,1,45.4,52.0,17.0,50.6,2,0,Clear,Average,Night,5.7,9.8,5.85,8.0,1,0,1.8,10,6,12.5,6.4,,0.37,0.5,-3.200000000000003,0.9298243574946583,1.8999999999999986,-5.100000000000001,1.0499999999999998,-2.0700000000000003,-0.5100000000000007,-4.1000000000000005,-2.1500000000000004,4,1,6.1,-0.13,2,-8,-6,-1,0,-1,-1,28.4,1.3999999999999986,0.3333,0.3148,0.01849999999999996,0.3784,0.375,0.2,-0.4,0.6000000000000001,1.0,0.0,0.0,17,3,14,Away_Win
ISL00400,2018-19,2019-02-17,East Bengal FC,ATK Mohun Bagan,Kolkata,4-4-2,4-2-3-1,6.93,7.05,5.79,7.47,29.0,19.5,47.5,29.4,6,14,11,18,1,1,3,1,1,1,4,3,39.9,53.7,46.4,18.2,2,3,Overcast,Good,Night,1.1,9.9,6.45,7.05,3,1,3.8,5,10,17.6,19.0,,0.35,0.41,-18.5,0.6105261872576447,-9.899999999999999,-8.600000000000001,1.1399999999999997,-0.41999999999999993,0.3600000000000003,-8.8,-0.5999999999999996,-5,2,-1.3999999999999986,-0.06,-1,-5,-4,-2,0,-3,-2,-6.5,35.5,0.3816,0.3559,0.0257,0.3953,0.3214,0.2,-0.1,0.30000000000000004,0.6,0.2,0.2,3,14,-11,Draw
ISL00401,2018-19,2019-02-18,Hyderabad FC,ATK Mohun Bagan,Hyderabad,3-4-3,4-4-2,7.34,6.44,7.23,6.67,28.3,18.4,32.2,15.2,15,11,10,14,2,0,1,2,3,0,1,4,43.7,52.8,34.2,25.1,0,1,Humid,Good,Night,8.9,1.3,5.98,7.12,2,2,5.5,6,11,17.3,19.4,,0.36,0.43,-3.900000000000002,0.8788817146330077,3.1999999999999993,-7.100000000000001,0.10999999999999943,-0.22999999999999954,-0.05999999999999961,7.6000000000000005,-1.1399999999999997,-5,0,-2.099999999999998,-0.07,-1,5,-3,1,-2,2,-4,9.5,27.699999999999996,0.3239,0.35,-0.026099999999999957,0.3667,0.3103,-0.1,-0.1,0.0,0.3333,0.1667,0.5,17,1,16,Away_Win
ISL00402,2018-19,2019-02-20,Odisha FC,East Bengal FC,Bhubaneswar,3-5-2,5-3-2,6.85,7.45,6.13,6.04,39.3,22.4,27.9,19.2,14,8,13,13,1,0,2,3,1,1,2,4,40.9,25.5,44.6,16.4,1,0,Clear,Average,Day,5.4,7.0,4.46,7.66,1,1,8.2,4,6,18.9,10.4,Away,0.39,0.44,11.399999999999999,1.4086016456624926,3.1999999999999993,8.2,0.7199999999999998,1.4100000000000001,1.0650000000000004,-1.5999999999999996,-3.2,-2,0,8.499999999999998,-0.04999999999999999,1,1,-5,-1,-3,-1,-3,-3.700000000000003,9.100000000000001,0.2727,0.3766,-0.10389999999999999,0.2941,0.3636,-0.8,0.2,-1.0,0.3333,0.4444,0.2222,5,3,2,Home_Win
ISL00403,2018-19,2019-02-21,ATK Mohun Bagan,Kerala Blasters,Kolkata,4-3-3,3-4-3,5.96,7.7,7.29,8.03,49.6,26.7,44.5,22.9,6,14,9,7,3,0,2,0,3,1,3,2,49.4,46.3,50.2,44.3,2,2,Overcast,Good,Day,4.6,2.1,8.37,8.11,1,1,6.6,11,7,26.4,9.2,,0.48,0.42,5.100000000000001,1.114606491099665,3.8000000000000007,1.3000000000000007,-1.33,-0.3299999999999992,-0.8300000000000001,2.4999999999999996,0.2599999999999998,4,0,17.2,0.06,0,-3,7,1,0,0,-1,-0.8000000000000043,2.0,0.3607,0.3284,0.032299999999999995,0.3871,0.2759,0.3,0.0,0.3,0.1667,0.6667,0.1667,3,4,-1,Away_Win
ISL00404,2018-19,2019-02-21,Mumbai City FC,East Bengal FC,Mumbai,3-5-2,5-3-2,7.79,6.76,6.42,7.12,38.5,20.9,59.6,35.9,15,9,7,11,0,1,1,1,1,1,4,4,54.3,29.5,42.8,52.8,4,2,Clear,Good,Night,6.8,4.0,7.12,7.41,3,2,8.4,12,5,23.2,10.7,,0.49,0.31,-21.1,0.6459730459776768,-15.0,-6.100000000000001,1.37,-0.3600000000000003,0.5050000000000008,2.8,-0.29000000000000004,7,1,12.5,0.18,2,8,-2,-1,0,-3,-3,11.5,-23.299999999999997,0.3968,0.3718,0.024999999999999967,0.4074,0.3529,0.4,-0.4,0.8,0.5,0.125,0.375,21,1,20,Home_Win
ISL00405,2018-19,2019-02-24,NorthEast United FC,ATK Mohun Bagan,Guwahati,4-3-3,5-3-2,6.0,7.86,7.23,7.03,20.7,14.4,56.4,32.0,7,6,10,9,0,0,2,0,0,0,3,0,43.9,48.4,50.9,44.1,2,2,Humid,Good,Night,8.0,2.6,6.29,6.76,2,1,9.5,0,8,17.5,20.9,Home,0.42,0.33,-35.7,0.36702121152106176,-17.6,-18.1,-1.2300000000000004,0.8300000000000001,-0.20000000000000107,5.4,-0.46999999999999975,-8,1,-3.3999999999999986,0.08999999999999997,0,-3,-3,-2,0,-3,0,-7.0,4.299999999999997,0.3143,0.3548,-0.04049999999999998,0.2581,0.3333,-0.3,0.1,-0.4,0.4,0.4,0.2,29,3,26,Home_Win
ISL00406,2018-19,2019-02-24,Punjab FC,Odisha FC,Mohali,4-4-2,3-5-2,6.99,6.57,7.32,8.87,50.9,24.3,41.0,23.7,9,14,6,14,2,1,2,1,3,3,3,1,47.2,40.7,19.6,30.9,0,0,Humid,Good,Day,2.2,7.0,4.56,6.09,2,0,4.7,9,6,5.9,10.9,,0.46,0.42,9.899999999999999,1.2414631118382653,0.6000000000000014,9.299999999999997,-0.33000000000000007,-2.299999999999999,-1.3149999999999986,-4.8,-1.5300000000000002,3,2,-5.0,0.040000000000000036,0,3,0,0,0,0,2,27.6,9.800000000000004,0.3273,0.2836,0.04369999999999996,0.2667,0.25,-0.4,-0.1,-0.30000000000000004,0.5,0.5,0.0,7,4,3,Draw
ISL00407,2018-19,2019-02-28,FC Goa,Odisha FC,Goa,3-4-3,5-3-2,6.84,6.78,6.75,6.61,53.7,36.1,44.7,22.5,9,16,13,14,4,2,1,0,4,3,2,2,25.9,40.9,20.8,50.1,2,2,Rainy,Average,Day,8.1,3.8,7.86,6.4,1,2,3.6,10,6,21.9,10.3,,0.35,0.36,9.0,1.201342013122592,13.600000000000001,-4.600000000000001,0.08999999999999986,0.16999999999999993,0.13000000000000078,4.3,1.46,4,-1,11.599999999999998,-0.010000000000000009,0,-4,2,3,2,2,1,5.099999999999998,-9.200000000000003,0.4328,0.2794,0.15340000000000004,0.3889,0.2424,0.6,0.0,0.6,0.1667,0.5,0.3333,30,4,26,Home_Win
ISL00408,2018-19,2019-03-06,Punjab FC,Bengaluru FC,Mohali,3-4-3,3-4-3,6.92,7.19,6.6,6.54,61.5,40.9,67.5,36.4,10,13,8,11,1,0,3,1,2,1,4,1,51.4,21.2,23.7,47.4,0,2,Clear,Good,Night,6.0,2.1,5.93,7.87,0,1,6.1,7,6,27.5,27.6,,0.49,0.48,-6.0,0.9111109761317072,4.5,-10.5,0.3200000000000003,0.6500000000000004,0.48499999999999943,3.9,-1.9400000000000004,1,-1,-0.10000000000000142,0.010000000000000009,-2,2,2,-2,-1,-2,0,27.7,-26.2,0.3214,0.375,-0.05359999999999998,0.2581,0.3143,-0.3,0.4,-0.7,0.0,0.6667,0.3333,10,20,-10,Away_Win
ISL00409,2018-19,2019-03-07,NorthEast United FC,ATK Mohun Bagan,Guwahati,4-4-2,4-2-3-1,7.29,6.92,6.05,8.0,39.7,20.1,63.4,33.0,11,23,9,18,0,0,0,2,0,0,0,3,19.9,32.7,31.6,31.0,1,2,Humid,Average,Day,4.3,8.0,7.44,6.7,2,1,1.8,3,7,22.3,10.3,Away,0.49,0.4,-23.699999999999996,0.626182866532671,-12.899999999999999,-10.799999999999997,1.2400000000000002,-1.08,0.08000000000000007,-3.7,0.7400000000000002,-4,1,12.0,0.08999999999999997,-1,2,5,0,-2,0,-3,-11.700000000000003,1.7000000000000028,0.3239,0.3492,-0.02529999999999999,0.2812,0.3226,-0.4,-0.1,-0.30000000000000004,0.5,0.3333,0.1667,11,11,0,Draw
ISL00410,2018-19,2019-03-13,NorthEast United FC,FC Goa,Guwahati,5-3-2,5-3-2,6.89,6.83,6.02,7.28,42.4,22.8,48.7,29.4,9,10,5,17,2,2,1,3,3,4,1,3,54.7,34.2,29.7,24.1,0,1,Overcast,Good,Night,1.0,5.8,5.93,8.37,0,1,6.7,4,10,17.5,18.0,Both,0.43,0.44,-6.300000000000004,0.8706363715325725,-6.599999999999998,0.2999999999999936,0.8700000000000001,-0.4500000000000002,0.20999999999999908,-4.8,-2.4399999999999995,-6,-1,-0.5,-0.010000000000000009,-1,4,-7,1,-1,2,1,25.000000000000004,10.100000000000001,0.3194,0.4412,-0.12179999999999996,0.2727,0.4839,-0.4,0.8,-1.2000000000000002,0.0,0.5,0.5,6,13,-7,Home_Win
ISL00411,2018-19,2019-03-14,NorthEast United FC,ATK Mohun Bagan,Guwahati,3-4-3,3-5-2,6.41,7.05,6.84,7.8,61.5,36.4,37.8,21.0,4,8,11,8,1,1,2,0,4,2,2,1,50.8,45.9,27.5,24.0,2,3,Overcast,Average,Night,1.5,8.4,6.68,6.86,2,1,2.1,7,5,20.2,20.2,,0.35,0.45,23.700000000000003,1.6269836965651596,15.399999999999999,8.300000000000004,-0.4299999999999997,-0.75,-0.5899999999999999,-6.9,-0.1800000000000006,2,1,0.0,-0.10000000000000003,-1,-7,0,-1,1,2,1,23.299999999999997,21.9,0.3288,0.3438,-0.015000000000000013,0.2941,0.3125,-0.2,-0.2,0.0,0.4286,0.4286,0.1429,1,7,-6,Home_Win
ISL00412,2018-19,2019-03-15,NorthEast United FC,Jamshedpur FC,Guwahati,4-2-3-1,4-2-3-1,8.15,7.24,6.67,5.41,31.7,20.6,43.4,25.9,12,14,11,16,2,1,4,1,3,2,4,1,52.3,49.3,32.8,54.2,4,0,Humid,Good,Night,1.7,3.2,7.11,5.95,1,3,5.3,10,5,16.7,17.3,,0.41,0.31,-11.7,0.7304145782454888,-5.299999999999997,-6.400000000000002,1.4800000000000004,1.83,1.6550000000000002,-1.5000000000000002,1.1600000000000001,5,-2,-0.6000000000000014,0.09999999999999998,4,1,-2,-2,0,-1,1,19.5,-4.900000000000006,0.3378,0.4267,-0.08890000000000003,0.3143,0.2703,0.2,0.1,0.1,0.1429,0.2857,0.5714,1,29,-28,Home_Win
ISL00413,2018-19,2019-03-16,East Bengal FC,Odisha FC,Kolkata,4-4-2,5-3-2,6.65,6.93,6.63,7.6,41.8,28.7,40.4,23.6,9,19,14,10,3,0,0,4,4,2,0,5,39.5,38.9,26.1,34.0,1,0,Rainy,Average,Night,2.0,2.1,5.38,7.02,1,1,2.3,5,6,11.8,9.2,Home,0.32,0.46,1.3999999999999986,1.034653209244255,5.099999999999998,-3.6999999999999993,0.020000000000000462,-0.6699999999999999,-0.3250000000000002,-0.10000000000000009,-1.6399999999999997,-1,0,2.6000000000000014,-0.14,1,-5,9,3,-4,4,-3,13.399999999999999,4.899999999999999,0.3671,0.2754,0.0917,0.3864,0.2353,-0.5,-0.4,-0.09999999999999998,0.2,0.4,0.4,23,16,7,Home_Win
ISL00414,2018-19,2019-03-16,Punjab FC,Mumbai City FC,Mohali,4-4-2,3-5-2,6.06,6.91,7.52,6.38,62.7,43.8,32.2,19.9,5,16,10,10,1,2,4,0,2,2,4,2,52.6,22.8,52.2,18.9,0,1,Humid,Good,Night,8.2,1.7,8.02,8.41,1,1,2.9,4,15,26.6,17.4,,0.37,0.43,30.5,1.947204364222247,23.9,6.600000000000001,-1.46,0.5300000000000002,-0.46499999999999986,6.499999999999999,-0.39000000000000057,-11,0,9.200000000000003,-0.06,-1,-5,6,-3,2,-2,0,0.3999999999999986,3.900000000000002,0.3158,0.4062,-0.09039999999999998,0.25,0.3889,-0.4,0.5,-0.9,0.25,0.5,0.25,10,23,-13,Draw
ISL00415,2018-19,2019-03-17,East Bengal FC,Bengaluru FC,Kolkata,3-4-3,4-2-3-1,6.7,6.91,7.74,6.49,59.2,30.8,46.5,32.3,4,10,9,16,1,1,1,0,1,2,2,0,35.3,36.7,46.7,49.5,1,2,Rainy,Average,Night,0.2,9.7,8.45,5.76,1,0,5.4,7,6,18.6,24.2,,0.38,0.39,12.700000000000003,1.273118005781074,-1.4999999999999964,14.2,-1.04,0.41999999999999993,-0.3100000000000005,-9.5,2.6899999999999995,1,1,-5.599999999999998,-0.010000000000000009,-1,-5,-6,0,1,-1,2,-11.400000000000006,-12.799999999999997,0.375,0.3846,-0.009599999999999997,0.4,0.3333,-0.4,0.2,-0.6000000000000001,0.25,0.75,0.0,1,11,-10,Away_Win
ISL00416,2018-19,2019-03-17,Mumbai City FC,ATK Mohun Bagan,Mumbai,3-5-2,4-2-3-1,6.28,7.67,6.55,7.21,42.5,21.2,45.0,26.3,8,10,11,10,0,2,1,2,1,2,1,3,24.3,36.5,46.0,20.5,0,1,Rainy,Good,Night,1.9,6.3,8.84,8.16,4,1,10.0,13,4,18.7,15.5,Home,0.48,0.35,-2.5,0.9444442345679478,-5.100000000000001,2.6000000000000014,-0.2699999999999996,0.45999999999999996,0.09499999999999975,-4.4,0.6799999999999997,9,3,3.1999999999999993,0.13,-1,-3,0,-1,0,0,-1,-21.7,16.0,0.4,0.3385,0.0615,0.4286,0.303,0.4,-0.4,0.8,0.625,0.0,0.375,1,3,-2,Away_Win
ISL00417,2018-19,2019-03-21,Mumbai City FC,Bengaluru FC,Mumbai,4-4-2,4-3-3,7.64,7.04,7.16,6.75,55.2,31.6,54.3,31.9,6,12,8,13,0,2,0,3,0,3,2,3,47.0,53.5,38.2,33.9,5,1,Overcast,Good,Night,9.6,9.6,5.05,5.98,4,1,3.2,10,9,29.7,6.7,,0.47,0.37,0.9000000000000057,1.0165743984209212,-0.29999999999999716,1.2000000000000028,0.47999999999999954,0.29000000000000004,0.3849999999999998,0.0,-0.9300000000000006,1,3,23.0,0.09999999999999998,4,-2,-1,0,-1,-2,0,8.799999999999997,19.6,0.3939,0.3939,0.0,0.4138,0.3514,0.3,0.4,-0.10000000000000003,0.8,0.0,0.2,4,4,0,Draw
ISL00418,2018-19,2019-03-23,Jamshedpur FC,Punjab FC,Jamshedpur,4-2-3-1,4-4-2,5.8,7.6,6.63,7.67,48.4,28.5,34.4,20.8,10,15,11,13,1,0,2,2,4,0,2,3,30.5,23.4,44.2,44.9,2,0,Clear,Poor,Night,3.3,3.9,7.07,6.07,1,3,3.3,5,5,22.1,14.6,,0.43,0.41,14.0,1.4069763351812978,7.699999999999999,6.300000000000001,-0.8300000000000001,-0.07000000000000028,-0.45000000000000107,-0.6000000000000001,1.0,0,-2,7.500000000000002,0.020000000000000018,2,-1,2,-1,-2,2,-3,-13.700000000000003,-21.5,0.4211,0.3103,0.11079999999999995,0.5789,0.4,-0.4,-0.3,-0.10000000000000003,0.3333,0.1667,0.5,8,7,1,Draw
ISL00419,2018-19,2019-03-23,Jamshedpur FC,Mumbai City FC,Jamshedpur,5-3-2,5-3-2,7.11,6.88,6.38,7.18,63.1,38.8,44.7,26.2,7,16,7,13,0,0,2,1,0,0,4,4,46.1,27.1,27.1,32.7,3,0,Rainy,Average,Night,3.3,8.5,7.72,4.34,3,1,5.9,6,8,8.3,5.1,Away,0.36,0.42,18.4,1.4116327938181668,12.599999999999998,5.800000000000001,0.7300000000000004,-0.2999999999999998,0.21500000000000075,-5.2,3.38,-2,2,3.200000000000001,-0.06,3,0,3,-2,-1,-4,-4,19.0,-5.600000000000001,0.4156,0.3881,0.027500000000000024,0.5641,0.3784,-0.4,0.3,-0.7,0.6667,0.1667,0.1667,1,2,-1,Home_Win
ISL00420,2018-19,2019-03-24,ATK Mohun Bagan,Chennaiyin FC,Kolkata,4-2-3-1,4-2-3-1,6.56,6.92,6.39,7.37,45.4,21.7,28.7,15.9,11,13,9,18,1,1,2,2,4,1,2,2,19.1,38.2,40.0,25.0,0,0,Clear,Good,Day,1.9,7.6,6.42,10.0,1,3,4.2,4,11,22.3,16.8,Home,0.37,0.35,16.7,1.5818809819230029,5.799999999999999,10.9,0.16999999999999993,-0.4500000000000002,-0.13999999999999968,-5.699999999999999,-3.58,-7,-2,5.5,0.020000000000000018,0,2,-5,-1,-1,2,-1,-20.9,13.200000000000003,0.3485,0.3538,-0.005300000000000027,0.375,0.303,-0.4,0.6,-1.0,0.375,0.125,0.5,7,30,-23,Home_Win
ISL00421,2018-19,2019-03-24,Jamshedpur FC,Kerala Blasters,Jamshedpur,5-3-2,5-3-2,6.46,6.41,5.97,7.09,19.7,12.0,57.0,29.2,6,9,11,6,0,1,4,0,1,1,6,1,21.8,32.3,20.3,38.4,1,1,Humid,Good,Night,1.0,8.9,7.89,8.35,3,1,1.5,8,7,25.4,19.2,,0.47,0.49,-37.3,0.3456139744536887,-17.2,-20.1,0.4900000000000002,-0.6799999999999997,-0.09499999999999886,-7.9,-0.45999999999999996,1,2,6.199999999999999,-0.020000000000000018,0,-5,3,-4,1,-5,0,1.5,-6.100000000000001,0.4231,0.3382,0.08489999999999998,0.575,0.3,-0.2,0.0,-0.2,0.5,0.25,0.25,1,30,-29,Home_Win
ISL00422,2018-19,2019-03-26,Bengaluru FC,Punjab FC,Bengaluru,3-5-2,3-5-2,6.38,7.06,6.18,8.03,36.6,24.9,38.1,22.3,8,23,11,9,1,2,2,1,1,2,2,3,17.7,16.8,53.3,30.7,1,1,Rainy,Good,Night,5.8,2.4,4.14,7.75,2,0,3.7,10,6,22.0,22.6,,0.41,0.42,-1.5,0.9606296691260711,2.599999999999998,-4.099999999999998,0.20000000000000018,-0.9699999999999998,-0.3849999999999998,3.4,-3.6100000000000003,4,2,-0.6000000000000014,-0.010000000000000009,0,-3,14,-1,1,-1,-1,-35.599999999999994,-13.899999999999999,0.3881,0.3051,0.08300000000000002,0.4483,0.3846,0.3,0.0,0.3,0.5,0.5,0.0,5,3,2,Draw
ISL00423,2018-19,2019-03-27,Mumbai City FC,Bengaluru FC,Mumbai,4-2-3-1,3-5-2,7.14,6.95,6.73,7.91,46.1,31.3,39.8,20.4,6,13,6,20,2,0,3,1,2,1,6,3,40.9,35.2,23.5,24.1,2,2,Overcast,Good,Night,2.6,1.8,7.69,8.65,4,0,4.5,5,8,20.8,28.7,,0.33,0.32,6.300000000000004,1.158291166258501,10.900000000000002,-4.599999999999998,0.40999999999999925,-0.96,-0.27500000000000036,0.8,-0.96,-3,4,-7.899999999999999,0.010000000000000009,0,0,-7,-1,-1,-4,-2,17.4,11.100000000000001,0.3824,0.3824,0.0,0.4,0.3421,0.1,0.5,-0.4,0.6667,0.1667,0.1667,4,1,3,Away_Win
ISL00424,2018-19,2019-03-28,Mumbai City FC,NorthEast United FC,Mumbai,3-5-2,4-3-3,6.5,6.45,7.19,7.2,19.6,13.4,52.9,32.5,9,15,5,7,1,0,2,0,1,0,2,0,27.4,23.9,29.0,18.5,1,1,Overcast,Good,Night,5.4,8.9,9.55,8.67,1,3,6.4,2,13,21.1,19.5,,0.31,0.5,-33.3,0.370510326935666,-19.1,-14.199999999999998,-0.6900000000000004,-0.75,-0.7200000000000006,-3.5,0.8800000000000008,-11,-2,1.6000000000000014,-0.19,0,4,8,-1,0,-1,0,-1.6000000000000014,5.399999999999999,0.3768,0.3467,0.030100000000000016,0.3871,0.359,0.1,0.5,-0.4,0.2222,0.3333,0.4444,1,13,-12,Away_Win
ISL00425,2018-19,2019-03-30,Kerala Blasters,Hyderabad FC,Kochi,4-4-2,4-3-3,6.63,7.56,7.65,6.95,37.2,25.3,48.8,32.8,10,11,4,12,1,2,2,1,2,3,2,3,34.5,20.7,41.2,41.0,1,2,Rainy,Average,Day,2.2,1.6,5.71,8.2,2,2,6.8,7,5,14.2,27.5,,0.45,0.35,-11.599999999999994,0.7622949257592366,-7.4999999999999964,-4.099999999999998,-1.0200000000000005,0.6099999999999994,-0.20500000000000096,0.6000000000000001,-2.4899999999999993,2,0,-13.3,0.10000000000000003,-1,6,-1,-1,1,0,0,-6.700000000000003,-20.3,0.3333,0.3194,0.013899999999999968,0.3684,0.2927,0.0,-0.3,0.3,0.4,0.2,0.4,6,30,-24,Home_Win
ISL00426,2018-19,2019-03-30,Odisha FC,NorthEast United FC,Bhubaneswar,5-3-2,4-2-3-1,6.9,6.82,6.73,8.08,42.6,29.4,44.9,29.2,9,12,8,17,1,0,4,0,2,0,5,1,39.4,41.8,31.2,35.7,0,2,Rainy,Good,Night,3.2,7.5,8.77,7.48,2,1,4.5,5,13,17.9,16.7,,0.49,0.45,-2.299999999999997,0.9487748443708587,0.1999999999999993,-2.4999999999999964,0.16999999999999993,-1.2599999999999998,-0.5449999999999999,-4.3,1.2899999999999991,-8,1,1.1999999999999993,0.03999999999999998,-2,1,-5,-3,0,-3,-1,8.2,6.099999999999994,0.2714,0.3553,-0.08390000000000003,0.3143,0.375,-0.4,0.7,-1.1,0.5,0.375,0.125,14,2,12,Away_Win
ISL00427,2018-19,2019-04-01,Odisha FC,East Bengal FC,Bhubaneswar,5-3-2,4-3-3,7.36,5.49,6.64,6.97,53.0,24.5,44.2,28.6,8,18,9,9,0,1,1,2,0,1,1,5,44.8,16.4,45.7,18.2,3,1,Rainy,Good,Night,3.0,6.2,7.86,10.0,1,1,1.7,4,4,17.5,22.8,,0.31,0.45,8.799999999999997,1.199094751336029,-4.100000000000001,12.899999999999999,0.7200000000000006,-1.4799999999999995,-0.379999999999999,-3.2,-2.1399999999999997,0,0,-5.300000000000001,-0.14,2,-1,9,-1,-1,-1,-4,-0.9000000000000057,-1.8000000000000007,0.2676,0.3704,-0.1028,0.3056,0.3429,-0.5,-0.8,0.30000000000000004,0.3636,0.3636,0.2727,2,15,-13,Home_Win
ISL00428,2018-19,2019-04-02,Punjab FC,Kerala Blasters,Mohali,4-2-3-1,3-5-2,6.29,7.41,6.99,7.29,31.8,21.6,33.8,17.0,8,17,6,16,3,2,1,1,3,2,1,1,48.2,28.6,30.6,47.3,2,1,Humid,Good,Night,0.1,1.2,9.17,6.68,1,1,8.0,4,7,14.5,7.4,Both,0.41,0.36,-1.9999999999999964,0.940828124015348,4.600000000000001,-6.599999999999998,-0.7000000000000002,0.1200000000000001,-0.2900000000000009,-1.0999999999999999,2.49,-3,0,7.1,0.04999999999999999,1,2,1,2,1,2,1,17.6,-18.699999999999996,0.3,0.3429,-0.042899999999999994,0.2424,0.2903,0.2,0.2,0.0,0.5,0.0,0.5,7,3,4,Home_Win
ISL00429,2018-19,2019-04-03,NorthEast United FC,Chennaiyin FC,Guwahati,3-4-3,3-4-3,6.11,8.2,6.26,6.79,36.2,18.7,46.0,21.1,6,14,10,11,0,0,3,2,0,1,3,2,41.4,22.9,45.6,53.8,2,2,Overcast,Good,Night,5.4,8.1,8.64,8.9,3,1,9.7,15,8,20.5,14.5,Both,0.44,0.43,-9.799999999999997,0.7869563506616629,-2.400000000000002,-7.399999999999995,-0.14999999999999947,1.4099999999999993,0.629999999999999,-2.6999999999999993,-0.2599999999999998,7,2,6.0,0.010000000000000009,0,-4,3,-3,-2,-3,-1,-4.200000000000003,-30.9,0.3636,0.3485,0.015100000000000002,0.3333,0.2941,1.0,0.6,0.4,0.6,0.2,0.2,4,10,-6,Away_Win
ISL00430,2018-19,2019-04-03,Kerala Blasters,NorthEast United FC,Kochi,4-2-3-1,3-5-2,6.47,6.88,6.35,6.53,50.4,26.7,58.4,29.3,11,12,10,11,3,2,3,1,5,3,5,1,28.2,51.1,45.6,15.3,1,1,Overcast,Average,Day,2.5,4.6,5.74,7.57,2,2,8.5,6,12,29.9,15.7,,0.47,0.49,-8.0,0.863013550853844,-2.6000000000000014,-5.399999999999999,0.1200000000000001,0.34999999999999964,0.23500000000000032,-2.0999999999999996,-1.83,-6,0,14.2,-0.020000000000000018,0,1,1,0,1,0,2,-17.400000000000002,35.8,0.338,0.359,-0.020999999999999963,0.3846,0.3902,0.1,1.0,-0.9,0.3333,0.3333,0.3333,1,1,0,Away_Win
ISL00431,2018-19,2019-04-04,FC Goa,Kerala Blasters,Goa,5-3-2,5-3-2,7.21,6.72,6.49,6.84,42.5,24.0,22.3,13.2,8,22,10,9,2,1,4,1,4,1,7,1,34.6,31.1,50.3,28.4,1,0,Humid,Good,Night,3.6,7.8,6.78,5.35,5,0,7.0,10,6,24.1,19.8,,0.35,0.3,20.2,1.9058287417808333,10.8,9.399999999999999,0.7199999999999998,-0.1200000000000001,0.2999999999999998,-4.199999999999999,1.4300000000000006,4,5,4.300000000000001,0.04999999999999999,1,-2,13,-2,0,-3,0,-15.699999999999996,2.700000000000003,0.4348,0.3333,0.10150000000000003,0.4054,0.2812,0.8,-0.1,0.9,0.7,0.2,0.1,22,1,21,Home_Win
ISL00432,2018-19,2019-04-08,Jamshedpur FC,ATK Mohun Bagan,Jamshedpur,3-4-3,4-2-3-1,5.87,7.63,5.74,6.46,25.5,17.6,47.5,22.9,7,17,10,17,1,0,4,1,2,0,4,1,48.9,20.2,49.9,50.7,2,2,Humid,Average,Night,8.1,7.6,7.22,6.43,3,0,3.4,10,7,12.4,17.7,,0.33,0.38,-22.0,0.536841992243791,-5.299999999999997,-16.700000000000003,0.1299999999999999,1.17,0.6500000000000004,0.5,0.79,3,3,-5.299999999999999,-0.04999999999999999,0,-3,0,-3,-1,-2,-1,-1.0,-30.500000000000004,0.4304,0.3582,0.07219999999999999,0.5854,0.3235,-0.1,-0.4,0.30000000000000004,0.75,0.25,0.0,15,15,0,Away_Win
ISL00433,2018-19,2019-04-08,Chennaiyin FC,Mumbai City FC,Chennai,4-2-3-1,3-4-3,6.81,6.16,6.63,7.14,50.4,30.3,41.9,19.9,7,11,13,9,1,1,0,0,3,3,0,0,36.9,46.8,23.5,19.7,1,2,Overcast,Good,Night,3.5,7.6,5.79,7.5,0,1,7.3,8,1,21.3,22.7,,0.44,0.49,8.5,1.2028636747342065,10.400000000000002,-1.9000000000000021,0.17999999999999972,-0.9799999999999995,-0.40000000000000036,-4.1,-1.71,7,-1,-1.3999999999999986,-0.04999999999999999,-1,-6,2,1,1,3,3,13.399999999999999,27.099999999999998,0.3582,0.3714,-0.01319999999999999,0.4062,0.3684,0.8,-0.1,0.9,0.0,0.5,0.5,5,11,-6,Home_Win
ISL00434,2018-19,2019-04-10,Chennaiyin FC,Kerala Blasters,Chennai,3-5-2,3-4-3,6.9,8.01,6.28,6.96,57.8,31.1,34.0,23.8,7,15,7,13,1,2,5,2,1,2,5,2,33.7,38.9,39.1,24.4,1,2,Humid,Good,Night,10.0,6.1,8.24,8.91,3,2,2.0,8,3,17.2,16.1,Home,0.34,0.36,23.799999999999997,1.6999995000001469,7.300000000000001,16.499999999999996,0.6200000000000001,1.0499999999999998,0.835,3.9000000000000004,-0.6699999999999999,5,1,1.0999999999999979,-0.019999999999999962,-1,0,2,-4,0,-4,0,-5.399999999999999,14.5,0.3676,0.3288,0.0388,0.4242,0.2727,0.7,-0.3,1.0,0.6667,0.0,0.3333,2,6,-4,Draw
ISL00435,2018-19,2019-04-12,Odisha FC,Mumbai City FC,Bhubaneswar,4-2-3-1,5-3-2,6.02,7.14,5.71,6.84,48.7,26.5,51.2,27.6,10,6,10,23,1,1,2,1,3,1,2,3,32.6,28.8,27.2,30.1,2,1,Overcast,Good,Night,3.1,8.3,7.71,6.15,1,1,3.5,4,1,10.7,27.2,,0.43,0.41,-2.5,0.9511716892242794,-1.1000000000000014,-1.3999999999999986,0.3099999999999996,0.2999999999999998,0.3049999999999997,-5.200000000000001,1.5599999999999996,3,0,-16.5,0.020000000000000018,1,0,-17,-1,0,1,-2,5.400000000000002,-1.3000000000000007,0.2778,0.3662,-0.08840000000000003,0.3243,0.359,-0.4,-0.3,-0.10000000000000003,0.25,0.5,0.25,11,4,7,Away_Win
ISL00436,2018-19,2019-04-15,Jamshedpur FC,Punjab FC,Jamshedpur,3-4-3,4-2-3-1,4.87,7.58,7.47,7.08,46.0,31.1,45.9,21.4,6,14,10,15,1,0,1,0,1,1,3,1,47.8,37.0,32.7,31.2,0,3,Clear,Good,Night,3.9,9.5,6.06,7.42,1,2,4.5,7,6,24.4,8.2,Home,0.39,0.44,0.10000000000000142,1.0021784308979453,9.700000000000003,-9.600000000000001,-2.5999999999999996,0.5,-1.0500000000000007,-5.6,-1.3600000000000003,1,-1,16.2,-0.04999999999999999,-3,-4,-1,0,0,-2,0,15.099999999999994,5.800000000000001,0.425,0.3115,0.11349999999999999,0.5714,0.3704,-0.4,0.2,-0.6000000000000001,0.2857,0.2857,0.4286,7,13,-6,Away_Win
ISL00437,2018-19,2019-04-16,NorthEast United FC,Jamshedpur FC,Guwahati,5-3-2,3-4-3,6.39,6.52,5.83,7.01,52.4,34.4,25.3,14.6,7,14,11,16,3,2,2,1,3,2,2,1,33.0,19.8,22.3,38.3,0,1,Clear,Good,Night,9.6,1.3,6.97,6.73,2,3,8.0,12,7,5.8,22.2,,0.32,0.35,27.099999999999998,2.0711454264247324,19.799999999999997,7.299999999999999,0.5599999999999996,-0.4900000000000002,0.03500000000000014,8.299999999999999,0.23999999999999932,5,-1,-16.4,-0.02999999999999997,-1,-4,-2,1,1,1,1,10.7,-18.499999999999996,0.3671,0.4198,-0.052700000000000025,0.3243,0.2632,1.2,-0.4,1.6,0.25,0.25,0.5,13,1,12,Away_Win
ISL00438,2018-19,2019-04-16,Kerala Blasters,East Bengal FC,Kochi,3-4-3,3-5-2,7.62,7.21,6.34,7.87,47.5,23.0,56.5,35.3,8,16,10,18,2,0,1,3,2,0,1,3,36.0,46.9,17.4,43.4,3,0,Humid,Average,Night,6.4,9.5,5.72,7.67,0,3,9.4,4,3,27.6,27.7,,0.48,0.46,-9.0,0.8407078158039264,-12.299999999999997,3.299999999999997,1.2800000000000002,-0.6600000000000001,0.3099999999999996,-3.0999999999999996,-1.9500000000000002,1,-3,-0.09999999999999787,0.019999999999999962,3,-2,-2,1,-3,1,-3,18.6,3.5,0.3243,0.3659,-0.041600000000000026,0.375,0.3333,-0.2,-0.7,0.49999999999999994,0.2857,0.2857,0.4286,6,15,-9,Home_Win
ISL00439,2018-19,2019-04-16,ATK Mohun Bagan,FC Goa,Kolkata,3-4-3,3-4-3,6.95,7.6,6.78,7.98,54.3,27.8,32.4,18.3,11,12,11,14,4,0,7,0,5,1,8,2,32.9,48.1,39.6,54.2,0,1,Overcast,Average,Night,5.4,7.1,6.34,6.12,1,3,7.8,10,12,21.8,5.3,Both,0.31,0.43,21.9,1.675925408664997,9.5,12.399999999999999,0.16999999999999993,-0.3800000000000008,-0.10500000000000043,-1.6999999999999993,0.21999999999999975,-2,-2,16.5,-0.12,-1,0,-2,-3,0,-3,-1,-6.700000000000003,-6.100000000000001,0.3676,0.4429,-0.07530000000000003,0.3939,0.4688,-0.3,0.8,-1.1,0.1667,0.1667,0.6667,8,12,-4,Home_Win
ISL00440,2018-19,2019-04-16,NorthEast United FC,Odisha FC,Guwahati,4-4-2,4-4-2,5.79,7.14,7.34,6.34,48.1,26.1,55.1,26.6,8,11,8,27,2,2,4,1,3,3,6,1,27.1,39.7,52.2,30.7,1,0,Clear,Good,Night,3.4,5.7,7.0,7.14,2,1,5.7,9,3,24.6,5.7,,0.46,0.4,-7.0,0.8729580992816516,-0.5,-6.5,-1.5499999999999998,0.7999999999999998,-0.375,-2.3000000000000003,-0.13999999999999968,6,1,18.900000000000002,0.06,1,0,-16,-2,1,-3,2,-25.1,9.000000000000004,0.3625,0.274,0.08849999999999997,0.3158,0.2286,1.2,-0.6,1.7999999999999998,0.2222,0.3333,0.4444,1,4,-3,Home_Win
ISL00441,2019-20,2019-10-02,Mumbai City FC,NorthEast United FC,Mumbai,3-5-2,4-2-3-1,6.92,6.86,7.29,6.93,38.1,19.2,56.2,32.5,5,11,6,14,0,2,0,0,1,4,0,0,29.0,22.6,52.6,32.8,0,0,Humid,Average,Night,6.6,6.8,8.53,8.24,1,3,9.8,3,9,10.1,19.4,Home,0.3,0.44,-18.1,0.6779358224313483,-13.3,-4.800000000000001,-0.3700000000000001,-0.0699999999999994,-0.21999999999999886,-0.20000000000000018,0.28999999999999915,-6,-2,-9.299999999999999,-0.14,0,-1,-3,0,2,1,4,-23.6,-10.199999999999996,0.375,0.3704,0.004599999999999993,0.375,0.4048,-0.2,1.1,-1.3,0.2,0.3,0.5,30,30,0,Away_Win
ISL00442,2019-20,2019-10-06,Punjab FC,Chennaiyin FC,Mohali,5-3-2,5-3-2,6.43,7.4,6.62,6.99,34.8,20.6,56.1,26.2,4,13,2,11,1,2,0,1,3,4,1,1,45.9,50.8,25.9,29.2,0,1,Clear,Average,Day,9.5,5.9,6.73,5.75,1,4,4.1,9,8,10.3,20.1,,0.49,0.37,-21.300000000000004,0.6203207450408653,-5.599999999999998,-15.700000000000006,-0.1900000000000004,0.41000000000000014,0.11000000000000032,3.5999999999999996,0.9800000000000004,1,-3,-9.8,0.12,-1,2,2,1,1,2,3,20.0,21.599999999999998,0.3226,0.3623,-0.03970000000000001,0.2647,0.3143,0.1,0.6,-0.5,0.2,0.0,0.8,30,30,0,Draw
ISL00443,2019-20,2019-10-07,NorthEast United FC,Mumbai City FC,Guwahati,4-3-3,3-5-2,6.82,6.94,5.9,6.5,53.5,27.1,40.4,25.6,8,15,9,10,1,4,2,0,2,4,2,1,50.5,18.5,28.8,49.1,2,1,Clear,Average,Night,6.9,8.2,7.03,7.4,3,1,8.8,9,3,29.9,9.6,,0.36,0.43,13.100000000000001,1.3242570979561639,1.5,11.600000000000001,0.9199999999999999,0.4400000000000004,0.6800000000000006,-1.299999999999999,-0.3700000000000001,6,2,20.299999999999997,-0.07,1,-1,5,-1,4,0,3,21.7,-30.6,0.378,0.3699,0.008099999999999996,0.3333,0.375,1.2,-0.4,1.6,0.5455,0.2727,0.1818,5,5,0,Draw
ISL00444,2019-20,2019-10-08,Punjab FC,Bengaluru FC,Mohali,5-3-2,4-2-3-1,7.06,8.13,6.92,7.22,47.2,28.0,27.9,19.1,11,12,6,10,2,2,3,1,3,4,4,1,19.9,16.3,25.2,48.1,1,0,Overcast,Poor,Day,2.6,3.9,5.26,6.96,0,2,7.7,9,11,17.8,6.8,,0.39,0.44,19.300000000000004,1.6917556660373958,8.899999999999999,10.400000000000006,0.13999999999999968,0.910000000000001,0.5250000000000004,-1.2999999999999998,-1.7000000000000002,-2,-2,11.0,-0.04999999999999999,1,5,2,-1,1,-1,3,-5.300000000000001,-31.8,0.3175,0.3913,-0.07379999999999998,0.2571,0.359,0.2,0.3,-0.09999999999999998,0.0,0.6,0.4,2,30,-28,Draw
ISL00445,2019-20,2019-10-12,FC Goa,Odisha FC,Goa,4-2-3-1,4-3-3,7.21,6.5,6.31,7.81,33.9,23.2,49.1,22.6,9,16,4,15,0,0,1,0,1,0,3,0,52.6,31.0,27.0,31.1,1,0,Overcast,Good,Night,9.3,6.4,8.49,7.53,1,2,8.4,9,3,9.3,23.0,,0.4,0.34,-15.200000000000003,0.6904275579577274,0.5999999999999979,-15.8,0.9000000000000004,-1.3099999999999996,-0.20499999999999918,2.9000000000000004,0.96,6,-1,-13.7,0.06,1,5,1,-1,0,-2,0,25.6,-0.10000000000000142,0.4366,0.2703,0.1663,0.4211,0.2222,0.7,-0.5,1.2,0.2857,0.4286,0.2857,30,30,0,Draw
ISL00446,2019-20,2019-10-17,Punjab FC,East Bengal FC,Mohali,4-3-3,5-3-2,5.63,6.47,6.71,7.19,55.3,36.6,45.5,27.0,9,18,14,14,0,0,2,1,1,1,2,2,23.9,38.6,49.8,16.9,0,0,Humid,Good,Night,1.5,8.3,7.06,7.1,2,2,1.9,9,3,8.4,25.3,,0.49,0.34,9.799999999999997,1.215384348267176,9.600000000000001,0.19999999999999574,-1.08,-0.7200000000000006,-0.9000000000000004,-6.800000000000001,-0.040000000000000036,6,0,-16.9,0.14999999999999997,0,-5,4,-2,-1,-1,-1,-25.9,21.700000000000003,0.3125,0.3614,-0.0489,0.25,0.3243,0.3,-0.8,1.1,0.4286,0.1429,0.4286,9,30,-21,Draw
ISL00447,2019-20,2019-10-18,Bengaluru FC,Punjab FC,Bengaluru,3-5-2,4-2-3-1,7.19,7.15,6.4,7.09,64.7,30.7,55.4,36.4,10,13,9,16,1,1,2,0,2,1,3,1,37.7,53.1,45.1,41.7,0,0,Clear,Good,Night,6.9,8.2,7.24,7.48,2,0,8.5,9,9,22.5,7.2,Away,0.45,0.34,9.300000000000004,1.1678698252942554,-5.699999999999999,15.0,0.79,0.0600000000000005,0.4249999999999998,-1.299999999999999,-0.2400000000000002,0,2,15.3,0.10999999999999999,0,1,-3,-1,1,-1,0,-7.399999999999999,11.399999999999999,0.3857,0.3077,0.07800000000000001,0.4333,0.3929,0.1,0.2,-0.1,0.3333,0.6667,0.0,10,1,9,Home_Win
ISL00448,2019-20,2019-10-22,ATK Mohun Bagan,Hyderabad FC,Kolkata,4-3-3,4-3-3,6.6,6.96,7.21,6.63,50.5,25.3,50.6,30.9,15,15,8,14,3,0,1,1,4,0,1,1,49.9,24.6,42.4,38.3,2,5,Overcast,Good,Night,5.7,1.2,6.07,7.46,3,2,8.2,12,5,20.4,16.0,Both,0.31,0.37,-0.10000000000000142,0.9980235181771703,-5.599999999999998,5.4999999999999964,-0.6100000000000003,0.33000000000000007,-0.14000000000000057,4.5,-1.3899999999999997,7,1,4.399999999999999,-0.06,-3,7,1,2,-1,3,-1,7.5,-13.699999999999996,0.3768,0.3151,0.06170000000000003,0.4118,0.2857,-0.3,-0.3,0.0,0.5714,0.1429,0.2857,30,30,0,Draw
ISL00449,2019-20,2019-10-25,Jamshedpur FC,East Bengal FC,Jamshedpur,4-2-3-1,4-2-3-1,7.06,7.08,6.78,7.41,22.7,12.6,59.4,28.9,4,16,10,10,1,1,4,1,2,2,4,3,50.7,43.5,40.5,43.8,3,2,Overcast,Good,Night,2.0,6.9,4.72,6.66,1,1,9.8,9,4,10.4,15.4,,0.38,0.49,-36.7,0.3821548178190542,-16.299999999999997,-20.4,0.27999999999999936,-0.33000000000000007,-0.025000000000000355,-4.9,-1.9400000000000004,5,0,-5.0,-0.10999999999999999,1,-6,6,-3,0,-2,-1,10.200000000000003,-0.29999999999999716,0.4268,0.3571,0.06970000000000004,0.5581,0.3158,-0.1,-0.7,0.6,0.3333,0.3333,0.3333,30,8,22,Home_Win
ISL00450,2019-20,2019-10-27,Hyderabad FC,Punjab FC,Hyderabad,4-3-3,4-4-2,6.73,6.06,7.76,7.34,46.6,28.5,62.7,29.3,8,17,11,17,3,1,3,3,6,2,3,4,23.9,31.9,16.7,37.6,2,2,Clear,Good,Night,3.1,9.5,7.18,5.32,2,2,8.1,3,6,12.6,9.4,Home,0.41,0.41,-16.1,0.7432215720539757,-0.8000000000000007,-15.300000000000004,-1.0299999999999994,-1.2800000000000002,-1.1550000000000002,-6.4,1.8599999999999994,-3,0,3.1999999999999993,0.0,0,-3,0,0,-2,3,-2,7.199999999999999,-5.700000000000003,0.3108,0.303,0.007800000000000029,0.3548,0.3793,-0.3,0.1,-0.4,0.25,0.375,0.375,5,9,-4,Home_Win
ISL00451,2019-20,2019-10-27,Kerala Blasters,Chennaiyin FC,Kochi,4-4-2,3-5-2,6.01,6.84,8.26,6.69,64.4,35.2,56.7,32.0,8,9,9,11,2,1,0,0,4,2,1,2,22.7,31.8,19.5,30.9,0,0,Humid,Good,Day,1.9,1.7,8.43,5.91,2,2,5.3,4,8,11.2,19.5,,0.44,0.37,7.700000000000003,1.1358022688179419,3.200000000000003,4.5,-2.25,0.14999999999999947,-1.0499999999999998,0.19999999999999996,2.5199999999999996,-4,0,-8.3,0.07,0,-1,-2,2,1,3,0,3.1999999999999993,0.9000000000000021,0.3333,0.3571,-0.023799999999999988,0.3902,0.3056,-0.2,0.6,-0.8,0.2857,0.1429,0.5714,30,21,9,Home_Win
ISL00452,2019-20,2019-10-28,Bengaluru FC,Hyderabad FC,Bengaluru,5-3-2,3-4-3,7.0,7.33,5.94,6.51,40.8,20.9,17.5,8.1,11,20,6,10,1,0,3,3,1,0,3,3,19.6,15.9,46.2,23.0,1,1,Overcast,Good,Night,4.1,2.3,7.85,8.44,4,0,9.5,9,5,19.1,14.9,,0.35,0.49,23.299999999999997,2.3314272391844346,12.799999999999999,10.499999999999998,1.0599999999999996,0.8200000000000003,0.9400000000000004,1.7999999999999998,-0.5899999999999999,4,4,4.200000000000001,-0.14,0,5,10,-2,-3,-2,-3,-26.6,-7.1,0.3944,0.32,0.07439999999999997,0.4516,0.2791,0.3,0.0,0.3,0.7143,0.2857,0.0,10,1,9,Draw
ISL00453,2019-20,2019-10-30,Mumbai City FC,FC Goa,Mumbai,4-4-2,3-5-2,5.68,7.69,6.24,6.44,44.5,23.9,48.6,32.0,6,14,11,13,0,0,0,1,1,1,1,2,40.5,16.4,38.5,20.9,0,0,Rainy,Good,Night,5.0,8.0,6.36,5.84,2,0,8.5,4,7,8.7,20.4,,0.49,0.47,-4.100000000000001,0.9156376716794913,-8.100000000000001,4.0,-0.5600000000000005,1.25,0.34500000000000064,-3.0,0.5200000000000005,-3,2,-11.7,0.020000000000000018,0,-5,1,0,-1,0,-1,2.0,-4.5,0.3649,0.4306,-0.06569999999999998,0.3636,0.4545,-0.5,0.7,-1.2,0.6667,0.3333,0.0,23,18,5,Draw
ISL00454,2019-20,2019-10-30,ATK Mohun Bagan,Hyderabad FC,Kolkata,5-3-2,4-3-3,6.81,6.69,7.29,6.75,54.4,27.3,44.5,25.8,10,22,8,15,2,0,1,1,3,3,1,1,40.7,23.9,19.8,32.5,1,1,Overcast,Average,Night,4.3,6.0,6.98,6.82,3,1,3.7,13,5,11.0,20.1,,0.42,0.43,9.899999999999999,1.2224716353996323,1.5,8.399999999999999,-0.4800000000000004,-0.05999999999999961,-0.2699999999999996,-1.7000000000000002,0.16000000000000014,8,2,-9.100000000000001,-0.010000000000000009,0,2,7,1,-1,2,2,20.900000000000002,-8.600000000000001,0.3714,0.3158,0.05559999999999998,0.4,0.2727,-0.3,0.1,-0.4,0.5,0.25,0.25,8,2,6,Draw
ISL00455,2019-20,2019-10-30,East Bengal FC,Kerala Blasters,Kolkata,3-5-2,4-4-2,6.7,6.79,6.68,7.01,47.3,31.5,36.3,19.2,8,18,9,9,2,1,0,2,3,1,1,3,49.0,34.3,47.7,22.7,1,2,Overcast,Good,Day,2.4,6.8,8.49,7.63,2,1,1.8,1,7,20.5,17.8,,0.32,0.43,11.0,1.303029944068886,12.3,-1.3000000000000007,0.020000000000000462,-0.21999999999999975,-0.09999999999999964,-4.4,0.8600000000000003,-6,1,2.6999999999999993,-0.10999999999999999,-1,-1,9,2,-1,2,-2,1.2999999999999972,11.599999999999998,0.3529,0.3421,0.010799999999999976,0.3913,0.2647,-0.8,-0.1,-0.7000000000000001,0.375,0.25,0.375,5,3,2,Draw
ISL00456,2019-20,2019-11-06,Mumbai City FC,Hyderabad FC,Mumbai,4-4-2,4-3-3,8.02,7.46,5.94,6.73,43.0,26.8,34.5,22.2,8,13,6,10,3,0,2,2,3,0,2,4,40.9,15.8,34.6,44.3,3,0,Humid,Good,Day,5.9,5.1,6.55,5.69,2,1,4.6,5,6,5.5,20.3,Home,0.38,0.48,8.5,1.2463764503256665,4.600000000000001,3.8999999999999986,2.079999999999999,0.7299999999999995,1.4049999999999994,0.8000000000000007,0.8599999999999994,-1,1,-14.8,-0.09999999999999998,3,2,3,1,-2,1,-4,6.299999999999997,-28.499999999999996,0.36,0.3117,0.04830000000000001,0.3529,0.2667,-0.5,0.1,-0.6,0.25,0.375,0.375,7,7,0,Home_Win
ISL00457,2019-20,2019-11-08,FC Goa,NorthEast United FC,Goa,3-4-3,5-3-2,6.83,7.43,6.76,6.32,50.9,28.1,32.9,16.6,13,12,8,9,1,0,2,1,1,0,3,1,27.1,21.6,44.6,23.0,1,0,Overcast,Average,Night,0.0,8.8,7.78,6.39,1,1,1.8,5,10,18.9,29.8,,0.33,0.32,18.0,1.5471119917592728,11.5,6.5,0.07000000000000028,1.1099999999999994,0.5899999999999999,-8.8,1.3900000000000006,-5,0,-10.900000000000002,0.010000000000000009,1,5,3,-1,-1,-2,-1,-17.5,-1.3999999999999986,0.4247,0.3735,0.05120000000000002,0.4103,0.4186,0.6,1.0,-0.4,0.3333,0.3333,0.3333,9,30,-21,Home_Win
ISL00458,2019-20,2019-11-10,Bengaluru FC,Kerala Blasters,Bengaluru,4-3-3,4-4-2,6.11,7.84,7.04,7.38,56.2,35.1,50.6,29.3,14,15,12,17,0,0,1,0,0,3,1,0,44.6,16.0,15.1,21.6,2,2,Rainy,Good,Night,1.6,5.9,7.18,6.77,2,3,8.9,9,8,7.2,5.8,,0.42,0.37,5.600000000000001,1.1106717172585538,5.800000000000001,-0.1999999999999993,-0.9299999999999997,0.45999999999999996,-0.23500000000000032,-4.300000000000001,0.41000000000000014,1,-1,1.4000000000000004,0.04999999999999999,0,2,-2,-1,0,-1,3,29.5,-5.600000000000001,0.3889,0.3377,0.05120000000000002,0.4375,0.2571,0.5,0.0,0.5,0.4,0.0,0.6,13,11,2,Home_Win
ISL00459,2019-20,2019-11-12,FC Goa,Jamshedpur FC,Goa,4-3-3,3-5-2,6.74,7.67,6.04,6.95,34.2,19.8,34.9,20.1,13,11,14,7,0,1,1,1,0,2,1,2,33.7,19.2,32.3,39.8,1,0,Rainy,Average,Night,5.2,6.8,7.88,6.5,2,1,2.8,8,9,9.2,7.3,,0.46,0.4,-0.6999999999999957,0.9799424126239505,-0.3000000000000007,-0.399999999999995,0.7000000000000002,0.7199999999999998,0.71,-1.5999999999999996,1.38,-1,1,1.8999999999999995,0.06,1,-1,4,-1,0,-1,0,1.4000000000000057,-20.599999999999998,0.4324,0.4337,-0.0012999999999999678,0.425,0.2821,0.9,0.0,0.9,0.5,0.3333,0.1667,4,18,-14,Home_Win
ISL00460,2019-20,2019-11-14,Chennaiyin FC,Jamshedpur FC,Chennai,3-4-3,4-4-2,7.45,7.48,7.14,7.22,60.4,35.1,41.2,19.6,12,10,14,15,1,2,1,1,1,2,1,2,35.0,24.7,23.5,31.7,1,1,Humid,Average,Night,6.0,0.3,6.65,7.66,1,2,5.9,8,6,29.5,25.9,Both,0.38,0.42,19.199999999999996,1.4660190616458586,15.5,3.6999999999999957,0.3100000000000005,0.2600000000000007,0.28500000000000014,5.7,-1.0099999999999998,2,-1,3.6000000000000014,-0.03999999999999998,0,-2,-5,0,1,0,0,11.5,-7.0,0.3521,0.4286,-0.07649999999999996,0.4118,0.275,0.4,-0.2,0.6000000000000001,0.1667,0.3333,0.5,18,2,16,Away_Win
ISL00461,2019-20,2019-11-17,Odisha FC,ATK Mohun Bagan,Bhubaneswar,3-5-2,3-4-3,6.33,6.83,6.84,7.92,47.3,25.6,51.3,33.4,12,8,5,13,3,3,2,1,4,4,2,1,44.2,15.4,54.1,51.6,0,0,Humid,Good,Night,1.6,8.4,6.64,8.61,0,2,5.8,4,11,17.0,25.2,Home,0.38,0.46,-4.0,0.9220271107159628,-7.799999999999997,3.799999999999997,-0.5099999999999998,-1.0899999999999999,-0.7999999999999998,-6.800000000000001,-1.9699999999999998,-7,-2,-8.2,-0.08000000000000002,0,7,-5,1,2,2,3,-9.899999999999999,-36.2,0.2667,0.3662,-0.09950000000000003,0.3158,0.3429,-0.5,-0.4,-0.09999999999999998,0.0,0.0,1.0,30,18,12,Away_Win
ISL00462,2019-20,2019-11-17,Bengaluru FC,Kerala Blasters,Bengaluru,4-3-3,3-4-3,6.89,7.52,6.35,9.31,47.2,27.0,46.8,29.2,12,20,8,18,4,2,0,0,4,3,1,0,42.2,24.6,37.3,30.3,1,2,Rainy,Average,Day,5.0,7.9,5.45,5.52,3,2,3.8,11,8,10.3,8.1,Away,0.38,0.41,0.4000000000000057,1.0085467930455572,-2.1999999999999993,2.600000000000005,0.54,-1.790000000000001,-0.625,-2.9000000000000004,-0.0699999999999994,3,1,2.200000000000001,-0.02999999999999997,-1,4,2,4,2,3,3,4.900000000000006,-5.699999999999999,0.3973,0.3333,0.064,0.4545,0.25,0.5,-0.3,0.8,0.5,0.0,0.5,7,7,0,Away_Win
ISL00463,2019-20,2019-11-17,East Bengal FC,Odisha FC,Kolkata,4-2-3-1,4-3-3,6.1,7.7,6.06,6.83,50.7,35.3,21.0,10.5,12,17,4,13,1,1,3,1,1,2,5,2,18.3,52.7,33.7,17.7,2,0,Rainy,Poor,Night,0.9,6.3,8.14,5.65,1,2,2.1,2,4,19.0,12.5,,0.5,0.38,29.700000000000003,2.414284564626398,24.799999999999997,4.900000000000006,0.040000000000000036,0.8700000000000001,0.45500000000000007,-5.3999999999999995,2.49,-2,-1,6.5,0.12,2,8,4,-2,0,-4,0,-15.400000000000002,35.0,0.3488,0.2632,0.08560000000000001,0.383,0.2162,-0.9,-0.8,-0.09999999999999998,0.25,0.3333,0.4167,18,1,17,Away_Win
ISL00464,2019-20,2019-11-20,Odisha FC,Hyderabad FC,Bhubaneswar,4-4-2,3-4-3,7.35,6.97,7.19,7.71,61.1,39.5,58.9,32.8,13,14,8,12,1,1,1,1,2,1,5,1,52.6,18.9,55.0,36.0,0,0,Clear,Average,Day,9.8,0.5,8.64,4.03,1,1,4.2,4,6,24.5,23.6,,0.48,0.38,2.200000000000003,1.0373512670031804,6.700000000000003,-4.5,0.15999999999999925,-0.7400000000000002,-0.29000000000000004,9.3,4.61,-2,0,0.8999999999999986,0.09999999999999998,0,5,2,0,0,-3,0,-2.3999999999999986,-17.1,0.2727,0.3077,-0.034999999999999976,0.3077,0.2609,-1.1,0.1,-1.2000000000000002,0.2,0.6,0.2,3,14,-11,Home_Win
ISL00465,2019-20,2019-11-20,Punjab FC,Chennaiyin FC,Mohali,3-4-3,3-5-2,7.29,6.45,5.8,7.72,32.8,21.5,35.7,18.8,10,10,15,10,3,2,4,1,3,2,4,1,49.1,51.4,20.7,17.6,1,0,Overcast,Average,Night,0.9,2.7,9.37,7.62,0,4,8.0,3,5,14.9,28.6,Both,0.47,0.5,-2.9000000000000057,0.9187672496450279,2.6999999999999993,-5.600000000000005,1.4900000000000002,-1.2699999999999996,0.11000000000000032,-1.8000000000000003,1.7499999999999991,-2,-4,-13.700000000000001,-0.030000000000000027,1,-5,0,-1,1,-1,1,28.400000000000002,33.8,0.2985,0.3472,-0.04870000000000002,0.2432,0.2973,0.0,0.2,-0.2,0.1667,0.1667,0.6667,24,6,18,Draw
ISL00466,2019-20,2019-11-22,NorthEast United FC,FC Goa,Guwahati,4-4-2,3-4-3,6.43,8.39,6.17,7.94,47.6,22.9,54.7,37.4,7,13,12,9,1,2,4,0,1,2,4,2,27.3,29.2,20.7,42.9,1,1,Clear,Average,Night,1.5,4.2,7.9,7.55,1,2,5.4,7,8,15.6,18.0,Home,0.33,0.32,-7.100000000000001,0.8702009378060442,-14.5,7.399999999999999,0.2599999999999998,0.4500000000000002,0.3550000000000004,-2.7,0.35000000000000053,-1,-1,-2.4000000000000004,0.010000000000000009,0,-5,4,-3,2,-3,0,6.600000000000001,-13.7,0.369,0.44,-0.07100000000000001,0.325,0.4412,0.4,1.1,-0.7000000000000001,0.25,0.25,0.5,14,10,4,Home_Win
ISL00467,2019-20,2019-11-22,Hyderabad FC,East Bengal FC,Hyderabad,3-4-3,3-4-3,7.34,6.92,6.77,7.39,27.6,15.9,49.4,30.5,7,11,5,18,3,0,3,1,4,3,4,2,51.3,30.5,42.1,43.2,1,1,Rainy,Poor,Night,9.3,2.0,6.17,6.72,2,2,2.7,5,2,18.2,22.2,Away,0.4,0.43,-21.799999999999997,0.558704340343251,-14.6,-7.1999999999999975,0.5700000000000003,-0.46999999999999975,0.04999999999999982,7.300000000000001,-0.5499999999999998,3,0,-4.0,-0.02999999999999997,0,2,-7,0,-1,0,1,9.199999999999996,-12.700000000000003,0.3038,0.3448,-0.04099999999999998,0.375,0.3077,-0.6,-1.0,0.4,0.5,0.1667,0.3333,2,5,-3,Away_Win
ISL00468,2019-20,2019-11-24,Jamshedpur FC,Odisha FC,Jamshedpur,4-3-3,4-2-3-1,6.11,7.25,6.99,7.26,29.5,16.0,42.7,29.3,10,10,9,12,1,0,1,1,1,0,3,2,47.8,34.2,54.1,35.1,0,1,Humid,Average,Night,3.9,4.9,8.65,7.64,2,1,6.1,9,7,26.1,24.0,,0.43,0.4,-13.200000000000003,0.6908663487432437,-13.3,0.09999999999999787,-0.8799999999999999,-0.009999999999999787,-0.4450000000000003,-1.0000000000000004,1.0100000000000007,2,1,2.1000000000000014,0.02999999999999997,-1,1,-2,0,-1,-2,-2,-6.300000000000004,-0.8999999999999986,0.4353,0.2821,0.1532,0.5682,0.2368,-0.2,-0.6,0.39999999999999997,0.3333,0.4444,0.2222,10,4,6,Away_Win
ISL00469,2019-20,2019-11-26,NorthEast United FC,Chennaiyin FC,Guwahati,3-5-2,5-3-2,6.59,6.58,7.32,7.33,36.5,17.2,52.3,33.6,8,15,8,7,2,1,3,4,2,1,3,4,28.6,46.1,35.2,32.3,0,0,Humid,Good,Night,2.1,0.9,6.81,7.52,2,2,8.4,10,3,10.2,14.7,,0.43,0.47,-15.799999999999997,0.697896616080953,-16.400000000000002,0.600000000000005,-0.7300000000000004,-0.75,-0.7400000000000002,1.2000000000000002,-0.71,7,0,-4.5,-0.03999999999999998,0,0,8,-1,-3,-1,-3,-6.600000000000001,13.800000000000004,0.3765,0.3425,0.033999999999999975,0.3415,0.2895,0.1,0.0,0.1,0.5,0.1667,0.3333,4,6,-2,Home_Win
ISL00470,2019-20,2019-11-29,Hyderabad FC,NorthEast United FC,Hyderabad,3-4-3,4-4-2,7.37,7.05,6.18,7.8,61.7,33.9,49.4,32.0,5,18,6,8,2,3,3,0,2,3,3,0,30.7,26.7,52.8,33.7,1,1,Clear,Good,Night,1.5,8.7,5.82,6.18,1,1,7.4,2,10,22.1,25.0,,0.34,0.37,12.300000000000004,1.2489876014195138,1.8999999999999986,10.400000000000006,1.1900000000000004,-0.75,0.21999999999999975,-7.199999999999999,-0.35999999999999943,-8,0,-2.8999999999999986,-0.02999999999999997,0,-1,10,-1,3,-1,3,-22.099999999999998,-7.0000000000000036,0.3,0.3837,-0.0837,0.3636,0.4091,-0.7,0.2,-0.8999999999999999,0.25,0.5,0.25,7,3,4,Away_Win
ISL00471,2019-20,2019-12-02,Hyderabad FC,ATK Mohun Bagan,Hyderabad,4-4-2,4-3-3,7.13,7.14,6.06,6.81,15.7,7.4,45.0,23.7,9,20,8,11,1,0,4,1,1,1,4,1,42.3,46.6,51.0,26.3,0,2,Overcast,Good,Day,8.9,6.2,5.3,6.69,0,3,6.7,1,11,14.3,27.7,,0.31,0.31,-29.3,0.3488888113580419,-16.299999999999997,-13.000000000000002,1.0700000000000003,0.33000000000000007,0.7000000000000002,2.7,-1.3900000000000006,-10,-3,-13.399999999999999,0.0,-2,1,9,-3,-1,-3,0,-8.700000000000003,20.3,0.2963,0.375,-0.07869999999999999,0.3529,0.3611,-0.8,0.1,-0.9,0.2222,0.3333,0.4444,3,15,-12,Home_Win
ISL00472,2019-20,2019-12-07,Odisha FC,Kerala Blasters,Bhubaneswar,3-4-3,4-3-3,7.46,7.54,7.99,7.2,37.7,19.2,45.6,30.2,7,21,11,14,2,0,1,0,2,1,2,0,36.5,51.4,19.7,19.7,1,1,Rainy,Good,Night,3.8,2.6,6.82,6.86,1,1,4.2,10,10,18.8,11.0,,0.43,0.47,-7.899999999999999,0.8267542046591656,-11.0,3.1000000000000014,-0.5300000000000002,0.33999999999999986,-0.09500000000000064,1.1999999999999997,-0.040000000000000036,0,0,7.800000000000001,-0.03999999999999998,0,-4,7,1,0,0,1,16.8,31.7,0.2911,0.3418,-0.05069999999999997,0.325,0.2703,0.0,0.2,-0.2,0.3333,0.3333,0.3333,13,20,-7,Away_Win
ISL00473,2019-20,2019-12-11,Chennaiyin FC,Mumbai City FC,Chennai,3-4-3,3-5-2,7.8,7.91,7.44,6.65,52.9,34.4,59.6,31.8,12,12,9,13,3,0,0,0,5,0,1,0,36.2,40.5,32.5,31.3,1,0,Rainy,Good,Night,6.5,7.4,9.23,7.66,1,1,1.5,2,8,29.0,7.7,,0.31,0.31,-6.700000000000003,0.8875837436940026,2.599999999999998,-9.3,0.35999999999999943,1.2599999999999998,0.8100000000000005,-0.9000000000000004,1.5700000000000003,-6,0,21.3,0.0,1,3,-1,3,0,4,0,3.700000000000003,9.2,0.3378,0.3684,-0.030600000000000016,0.4,0.3659,-0.2,-0.3,0.09999999999999998,0.3333,0.3333,0.3333,15,30,-15,Away_Win
ISL00474,2019-20,2019-12-15,East Bengal FC,Punjab FC,Kolkata,4-3-3,4-4-2,5.77,7.17,6.68,8.28,65.0,40.4,55.4,36.4,6,11,7,12,3,0,0,0,3,1,0,0,43.7,30.2,47.3,21.6,0,1,Overcast,Good,Night,9.1,2.3,6.3,9.41,2,1,8.9,5,3,6.3,15.6,,0.34,0.3,9.600000000000001,1.173284986771663,4.0,5.600000000000001,-0.9100000000000001,-1.1099999999999994,-1.0099999999999998,6.8,-3.1100000000000003,2,1,-9.3,0.040000000000000036,-1,-1,-1,3,0,3,1,-3.5999999999999943,8.599999999999998,0.3523,0.2941,0.05820000000000003,0.375,0.3667,-0.5,0.0,-0.5,0.375,0.25,0.375,23,25,-2,Away_Win
ISL00475,2019-20,2019-12-16,Punjab FC,Kerala Blasters,Mohali,4-2-3-1,3-4-3,7.46,7.06,5.51,7.34,49.4,30.9,33.8,21.2,12,13,3,16,2,1,1,0,4,1,1,0,17.2,29.3,38.7,52.0,1,0,Clear,Poor,Night,5.5,6.8,8.0,7.56,2,1,6.4,5,10,15.7,26.1,Home,0.45,0.42,15.600000000000001,1.4615380291307605,9.7,5.900000000000002,1.9500000000000002,-0.28000000000000025,0.835,-1.2999999999999998,0.4400000000000004,-5,1,-10.400000000000002,0.030000000000000027,1,9,-3,1,1,3,1,-21.500000000000004,-22.7,0.3043,0.35,-0.04569999999999996,0.2368,0.2895,0.1,0.3,-0.19999999999999998,0.6667,0.0,0.3333,1,9,-8,Draw
ISL00476,2019-20,2019-12-19,ATK Mohun Bagan,Kerala Blasters,Kolkata,4-2-3-1,4-4-2,6.0,7.24,5.92,7.28,40.9,19.2,50.9,29.4,9,14,11,11,2,1,2,0,3,2,3,0,20.9,17.2,51.0,51.1,0,3,Humid,Good,Night,7.1,8.3,5.34,7.36,1,2,3.4,8,8,24.6,28.9,,0.48,0.32,-10.0,0.8035361879103756,-10.2,0.1999999999999993,0.08000000000000007,-0.040000000000000036,0.020000000000000462,-1.200000000000001,-2.0200000000000005,0,-1,-4.299999999999997,0.15999999999999998,-3,-2,3,0,1,0,2,-30.1,-33.900000000000006,0.3699,0.3457,0.0242,0.3889,0.2821,0.2,0.5,-0.3,0.1429,0.5714,0.2857,17,3,14,Home_Win
ISL00477,2019-20,2019-12-20,Jamshedpur FC,East Bengal FC,Jamshedpur,4-2-3-1,4-4-2,6.41,6.73,6.67,8.16,28.5,14.0,60.5,29.8,13,12,9,14,3,0,1,2,4,1,2,2,45.5,39.9,18.8,21.1,1,2,Clear,Good,Day,3.3,2.7,7.89,4.5,2,1,5.9,9,4,15.1,25.9,,0.31,0.41,-32.0,0.47107430230176817,-15.8,-16.2,-0.2599999999999998,-1.4299999999999997,-0.8449999999999998,0.5999999999999996,3.3899999999999997,5,1,-10.799999999999999,-0.09999999999999998,-1,4,-2,2,-2,2,-1,26.7,18.799999999999997,0.4302,0.3483,0.08190000000000003,0.5556,0.325,0.1,-0.5,0.6,0.5,0.25,0.25,26,5,21,Away_Win
ISL00478,2019-20,2019-12-21,Mumbai City FC,Odisha FC,Mumbai,3-4-3,4-3-3,7.3,7.19,5.77,7.83,37.6,17.1,42.9,25.7,10,11,6,6,2,0,3,0,3,0,3,0,39.7,42.5,41.3,47.5,1,1,Overcast,Average,Night,5.1,8.4,7.37,5.73,2,1,3.3,8,9,19.1,19.6,,0.42,0.32,-5.299999999999997,0.8764566721546219,-8.599999999999998,3.3000000000000007,1.5300000000000002,-0.6399999999999997,0.4450000000000003,-3.3000000000000007,1.6399999999999997,-1,1,-0.5,0.09999999999999998,0,4,5,-1,0,0,0,-1.5999999999999943,-5.0,0.3766,0.2875,0.08910000000000001,0.3714,0.2564,-0.2,-0.1,-0.1,0.4,0.4,0.2,10,14,-4,Home_Win
ISL00479,2019-20,2019-12-23,Odisha FC,Mumbai City FC,Bhubaneswar,3-4-3,4-4-2,6.97,8.32,6.56,8.33,44.1,20.9,51.8,31.4,8,10,15,15,4,2,2,2,4,3,2,4,34.7,45.5,26.8,42.7,3,0,Clear,Good,Night,8.2,2.1,8.15,7.19,0,3,8.0,9,11,15.0,29.8,,0.35,0.35,-7.699999999999996,0.8513511869978404,-10.5,2.8000000000000043,0.41000000000000014,-0.009999999999999787,0.1999999999999993,6.1,0.96,-2,-3,-14.8,0.0,3,-7,-5,2,0,2,-1,7.900000000000002,2.799999999999997,0.284,0.3846,-0.10060000000000002,0.3171,0.381,-0.3,0.3,-0.6,0.1667,0.3333,0.5,2,2,0,Away_Win
ISL00480,2019-20,2019-12-24,Chennaiyin FC,Bengaluru FC,Chennai,4-2-3-1,4-3-3,6.54,6.27,6.55,7.35,52.2,24.8,61.3,38.1,8,8,6,13,1,2,6,3,1,2,7,3,28.8,42.7,44.6,19.9,0,1,Humid,Good,Night,2.4,8.8,5.69,5.6,2,0,3.2,1,8,5.4,13.7,,0.41,0.36,-9.099999999999994,0.8515496163866858,-13.3,4.200000000000006,-0.009999999999999787,-1.08,-0.5449999999999999,-6.4,0.09000000000000075,-7,2,-8.299999999999999,0.04999999999999999,-1,2,-5,-5,-1,-6,-1,-15.8,22.800000000000004,0.3333,0.3919,-0.05860000000000004,0.3889,0.35,-0.3,0.2,-0.5,0.3333,0.5,0.1667,13,30,-17,Home_Win
ISL00481,2019-20,2019-12-27,FC Goa,ATK Mohun Bagan,Goa,5-3-2,3-4-3,7.71,6.62,6.58,6.67,36.1,24.9,45.3,21.1,9,18,7,11,2,0,2,2,2,0,2,3,20.7,41.6,51.0,43.2,0,0,Humid,Good,Night,7.1,1.3,6.88,9.47,2,2,6.0,8,8,29.4,24.6,,0.45,0.37,-9.199999999999996,0.7969093163555593,3.799999999999997,-12.999999999999993,1.13,-0.04999999999999982,0.54,5.8,-2.5900000000000007,0,0,4.799999999999997,0.08000000000000002,0,2,7,0,-2,0,-3,-30.3,-1.6000000000000014,0.4342,0.3784,0.05579999999999996,0.439,0.3514,0.7,0.3,0.39999999999999997,0.5714,0.1429,0.2857,30,8,22,Away_Win
ISL00482,2019-20,2019-12-27,Punjab FC,Kerala Blasters,Mohali,3-4-3,3-4-3,7.01,6.11,7.11,5.9,48.8,32.9,48.1,24.6,8,19,15,11,2,0,3,0,3,1,3,0,29.5,55.0,41.3,40.3,1,0,Humid,Average,Night,9.2,4.4,7.23,6.82,2,1,9.6,5,7,28.1,21.5,Away,0.3,0.38,0.6999999999999957,1.0145528036272755,8.299999999999997,-7.600000000000001,-0.10000000000000053,0.20999999999999996,0.054999999999999716,4.799999999999999,0.41000000000000014,-2,1,6.600000000000001,-0.08000000000000002,1,-7,8,-1,0,0,1,-11.799999999999997,14.700000000000003,0.3,0.3415,-0.04150000000000004,0.2308,0.275,0.1,0.5,-0.4,0.5,0.25,0.25,11,8,3,Draw
ISL00483,2019-20,2019-12-28,FC Goa,East Bengal FC,Goa,4-2-3-1,4-3-3,6.66,7.8,6.65,6.36,26.1,13.1,49.4,29.2,8,12,9,11,2,0,2,1,2,0,2,1,45.8,29.6,43.2,32.7,0,1,Clear,Average,Day,3.9,8.6,6.09,6.18,2,2,6.5,7,7,20.7,7.3,Away,0.39,0.35,-23.299999999999997,0.5283399740202482,-16.1,-7.1999999999999975,0.009999999999999787,1.4399999999999995,0.7249999999999996,-4.699999999999999,-0.08999999999999986,0,0,13.399999999999999,0.040000000000000036,-1,-1,1,0,-1,0,-1,2.5999999999999943,-3.1000000000000014,0.4286,0.3556,0.07299999999999995,0.4286,0.3415,0.4,-0.5,0.9,0.3,0.2,0.5,1,8,-7,Home_Win
ISL00484,2019-20,2019-12-29,Bengaluru FC,Mumbai City FC,Bengaluru,5-3-2,3-4-3,6.14,7.17,6.78,7.08,38.9,20.0,45.3,30.0,8,13,11,13,1,0,0,1,1,1,0,4,48.0,46.5,38.2,16.3,1,1,Overcast,Good,Night,7.7,5.8,5.98,6.73,1,3,9.8,7,13,19.4,29.3,,0.31,0.45,-6.399999999999999,0.8587194572363228,-10.0,3.6000000000000014,-0.6400000000000006,0.08999999999999986,-0.27500000000000036,1.9000000000000004,-0.75,-6,-2,-9.900000000000002,-0.14,0,-3,0,1,-1,1,-3,9.799999999999997,30.2,0.3867,0.3924,-0.005700000000000038,0.4412,0.3953,0.0,0.6,-0.6,0.2857,0.1429,0.5714,5,6,-1,Away_Win
ISL00485,2019-20,2019-12-29,Odisha FC,NorthEast United FC,Bhubaneswar,4-3-3,4-3-3,6.93,7.23,7.05,6.32,57.9,40.0,43.2,22.0,9,12,7,20,2,1,1,5,2,2,1,5,55.0,25.9,34.5,36.9,0,1,Rainy,Poor,Night,0.2,4.0,6.85,5.46,1,3,1.4,6,10,9.7,22.0,,0.32,0.41,14.699999999999996,1.3402774675283637,18.0,-3.3000000000000043,-0.1200000000000001,0.9100000000000001,0.3949999999999996,-3.8,1.3899999999999997,-4,-2,-12.3,-0.08999999999999997,-1,2,-8,1,-4,1,-3,20.5,-11.0,0.2805,0.3908,-0.11029999999999995,0.3095,0.4222,-0.6,0.2,-0.8,0.4,0.3,0.3,6,30,-24,Draw
ISL00486,2019-20,2020-01-02,Kerala Blasters,Jamshedpur FC,Kochi,5-3-2,5-3-2,6.84,6.49,6.27,6.86,50.3,29.8,51.6,34.8,5,10,7,10,1,2,1,0,1,2,2,1,22.9,54.6,26.5,42.9,1,0,Rainy,Good,Day,4.6,0.1,7.69,7.74,1,3,2.4,8,6,19.3,29.0,Home,0.47,0.47,-1.3000000000000043,0.9748060126344935,-4.9999999999999964,3.699999999999992,0.5700000000000003,-0.3700000000000001,0.10000000000000053,4.5,-0.04999999999999982,2,-2,-9.7,0.0,1,-2,0,0,2,-1,1,-3.6000000000000014,11.700000000000003,0.3373,0.4253,-0.08800000000000002,0.4048,0.2927,0.6,0.0,0.6,0.2222,0.2222,0.5556,6,13,-7,Away_Win
ISL00487,2019-20,2020-01-04,Punjab FC,ATK Mohun Bagan,Mohali,3-4-3,3-5-2,5.84,7.54,8.41,6.93,39.4,21.4,54.8,38.0,12,14,8,17,4,0,1,2,6,1,1,3,40.3,24.5,25.8,26.2,2,1,Humid,Good,Night,8.5,7.1,5.97,7.38,1,4,8.4,6,10,17.7,18.5,,0.31,0.43,-15.399999999999999,0.7189779709894213,-16.6,1.2000000000000028,-2.5700000000000003,0.6100000000000003,-0.9800000000000004,1.4000000000000004,-1.4100000000000001,-4,-3,-0.8000000000000007,-0.12,1,4,-3,3,-2,5,-2,14.499999999999996,-1.6999999999999993,0.2958,0.3867,-0.09089999999999998,0.225,0.3684,-0.1,0.9,-1.0,0.2,0.0,0.8,8,8,0,Home_Win
ISL00488,2019-20,2020-01-08,Jamshedpur FC,Kerala Blasters,Jamshedpur,3-4-3,4-2-3-1,7.22,6.14,7.34,7.88,42.2,23.9,35.2,16.6,8,11,8,13,3,0,1,0,3,1,1,1,32.8,53.7,30.0,48.2,3,1,Rainy,Good,Night,9.2,9.0,5.71,6.95,3,1,8.4,6,5,15.4,16.4,,0.47,0.34,7.0,1.1988632957774727,7.299999999999997,-0.29999999999999716,-0.1200000000000001,-1.7400000000000002,-0.9299999999999997,0.1999999999999993,-1.2400000000000002,1,2,-0.9999999999999982,0.12999999999999995,2,0,-2,2,0,2,0,2.799999999999997,5.5,0.4318,0.3333,0.09850000000000003,0.5435,0.2683,0.0,0.4,-0.4,0.6,0.2,0.2,6,6,0,Away_Win
ISL00489,2019-20,2020-01-08,Kerala Blasters,Hyderabad FC,Kochi,4-2-3-1,4-4-2,8.11,7.19,7.38,7.11,54.8,28.4,33.7,21.3,7,12,10,14,1,0,3,2,1,1,4,5,31.2,50.9,37.0,29.5,1,1,Humid,Good,Night,6.6,7.8,5.37,6.75,3,1,9.9,5,3,15.1,7.7,,0.46,0.34,21.099999999999994,1.6261122771180183,7.099999999999998,13.999999999999996,0.7299999999999995,0.08000000000000007,0.40500000000000025,-1.2000000000000002,-1.38,2,2,7.3999999999999995,0.12,0,-3,-2,-2,-2,-3,-4,-5.800000000000001,21.4,0.3412,0.3049,0.0363,0.3953,0.2553,0.4,-0.6,1.0,0.5,0.1667,0.3333,1,30,-29,Home_Win
ISL00490,2019-20,2020-01-09,FC Goa,Mumbai City FC,Goa,5-3-2,4-4-2,5.96,6.09,7.17,7.49,36.3,21.6,49.2,27.0,7,12,11,15,1,3,1,0,1,4,2,3,34.7,18.6,51.4,40.7,4,0,Rainy,Average,Day,6.2,8.2,5.9,7.59,0,2,8.2,9,15,22.5,6.5,Away,0.32,0.46,-12.900000000000006,0.7378047280884698,-5.399999999999999,-7.500000000000007,-1.21,-1.4000000000000004,-1.3049999999999997,-1.9999999999999991,-1.6899999999999995,-6,-2,16.0,-0.14,4,-4,-3,0,3,-1,1,-16.699999999999996,-22.1,0.4359,0.4,0.03589999999999999,0.4419,0.4091,0.1,0.8,-0.7000000000000001,0.0,0.5,0.5,12,11,1,Draw
ISL00491,2019-20,2020-01-09,Bengaluru FC,Odisha FC,Bengaluru,5-3-2,4-2-3-1,6.31,7.15,7.3,6.4,30.8,19.4,44.0,21.3,6,14,4,16,0,1,1,0,1,2,2,1,16.2,25.8,39.7,44.7,3,2,Rainy,Good,Night,8.5,8.3,5.68,10.0,3,1,7.4,4,4,21.9,5.4,,0.32,0.33,-13.2,0.699999840909127,-1.9000000000000021,-11.299999999999997,-0.9900000000000002,0.75,-0.11999999999999922,0.1999999999999993,-4.32,0,2,16.5,-0.010000000000000009,1,2,-2,-1,1,-1,1,-23.500000000000004,-18.900000000000002,0.3816,0.2771,0.10449999999999998,0.4286,0.25,-0.3,-0.4,0.10000000000000003,0.625,0.25,0.125,11,11,0,Draw
ISL00492,2019-20,2020-01-10,Bengaluru FC,Hyderabad FC,Bengaluru,4-4-2,4-4-2,7.03,7.34,7.68,7.11,23.9,13.8,42.1,21.3,9,14,7,13,2,1,3,3,2,1,5,3,30.3,35.8,47.3,27.2,1,3,Clear,Good,Night,8.3,3.8,5.34,7.41,3,0,1.8,4,3,28.6,16.5,,0.5,0.41,-18.200000000000003,0.5676958271506348,-7.5,-10.700000000000003,-0.6499999999999995,0.22999999999999954,-0.20999999999999908,4.500000000000001,-2.0700000000000003,1,3,12.100000000000001,0.09000000000000002,-2,2,1,-1,-2,-3,-2,-16.999999999999996,8.599999999999998,0.3766,0.3012,0.07539999999999997,0.4167,0.25,-0.3,-0.7,0.39999999999999997,0.625,0.375,0.0,1,2,-1,Away_Win
ISL00493,2019-20,2020-01-12,Kerala Blasters,ATK Mohun Bagan,Kochi,4-4-2,4-2-3-1,7.09,8.72,6.71,6.78,56.1,36.8,44.7,24.2,7,12,9,16,2,0,1,1,2,0,2,2,35.3,39.0,38.4,16.6,2,0,Rainy,Average,Day,6.4,8.3,6.22,6.0,2,1,2.1,7,9,27.8,11.9,,0.34,0.46,11.399999999999999,1.255033276278909,12.599999999999998,-1.1999999999999993,0.3799999999999999,1.9400000000000004,1.1600000000000001,-1.9000000000000004,0.21999999999999975,-2,1,15.9,-0.12,2,-2,-4,1,-1,0,-2,-3.1000000000000014,22.4,0.3488,0.3816,-0.032799999999999996,0.4091,0.359,0.5,0.7,-0.19999999999999996,0.25,0.5,0.25,4,8,-4,Home_Win
ISL00494,2019-20,2020-01-15,Jamshedpur FC,Odisha FC,Jamshedpur,4-2-3-1,3-4-3,7.62,6.49,6.11,6.86,28.9,13.8,52.7,24.0,9,15,14,13,1,1,2,1,1,2,3,2,38.7,34.3,24.0,17.0,0,1,Overcast,Average,Night,9.4,8.3,5.84,7.71,2,2,2.3,6,2,9.4,11.3,,0.35,0.36,-23.800000000000004,0.5483869927159406,-10.2,-13.600000000000005,1.5099999999999998,-0.3700000000000001,0.5699999999999994,1.0999999999999996,-1.87,4,0,-1.9000000000000004,-0.010000000000000009,-1,-5,2,-1,0,-2,0,14.700000000000003,17.299999999999997,0.427,0.2738,0.1532,0.5319,0.2439,-0.2,-0.3,0.09999999999999998,0.3,0.4,0.3,7,6,1,Draw
ISL00495,2019-20,2020-01-18,Jamshedpur FC,Punjab FC,Jamshedpur,5-3-2,4-3-3,7.12,8.01,6.89,6.74,27.9,16.8,27.7,17.3,14,11,6,18,0,2,4,1,1,2,4,2,45.8,31.8,54.9,48.7,2,0,Rainy,Good,Night,6.6,1.0,7.45,7.05,1,2,3.0,4,9,7.0,23.2,,0.4,0.46,0.1999999999999993,1.0072198529892227,-0.5,0.6999999999999993,0.23000000000000043,1.2699999999999996,0.75,5.6,0.40000000000000036,-5,-1,-16.2,-0.06,2,8,-7,-4,1,-3,0,-9.100000000000001,-16.900000000000002,0.4222,0.3056,0.11660000000000004,0.5208,0.3871,-0.1,-0.1,0.0,0.25,0.25,0.5,3,14,-11,Home_Win
ISL00496,2019-20,2020-01-18,Mumbai City FC,Jamshedpur FC,Mumbai,4-3-3,4-3-3,6.22,6.23,6.15,8.41,21.3,14.9,50.2,28.3,11,9,8,17,0,2,3,5,1,2,5,5,46.8,40.2,34.1,49.9,1,0,Rainy,Good,Night,7.6,1.8,6.1,7.14,1,3,3.2,13,7,9.3,29.5,,0.36,0.48,-28.900000000000002,0.42430270432217043,-13.4,-15.500000000000002,0.0699999999999994,-2.1799999999999997,-1.0550000000000006,5.8,-1.04,6,-2,-20.2,-0.12,1,3,-8,-3,-3,-4,-3,12.699999999999996,-9.699999999999996,0.3951,0.4286,-0.033499999999999974,0.3889,0.3095,0.9,0.2,0.7,0.1429,0.1429,0.7143,9,1,8,Away_Win
ISL00497,2019-20,2020-01-19,East Bengal FC,Punjab FC,Kolkata,3-4-3,3-4-3,6.99,6.73,5.86,6.8,48.4,23.6,39.7,21.3,13,10,7,12,2,1,1,1,4,2,2,1,26.2,52.1,49.3,52.5,1,1,Clear,Average,Night,2.7,4.0,7.35,6.8,1,2,5.7,6,8,10.2,20.2,,0.41,0.33,8.699999999999996,1.2191432697372115,2.3000000000000007,6.399999999999995,1.13,-0.0699999999999994,0.5300000000000002,-1.2999999999999998,0.5499999999999998,-2,-1,-10.0,0.07999999999999996,0,6,-2,1,0,2,1,-23.099999999999998,-0.3999999999999986,0.3516,0.3014,0.05020000000000002,0.3673,0.375,-0.5,-0.3,-0.2,0.3333,0.2222,0.4444,22,1,21,Home_Win
ISL00498,2019-20,2020-01-21,Odisha FC,Kerala Blasters,Bhubaneswar,4-4-2,4-3-3,7.47,7.61,6.91,7.12,45.6,26.2,53.2,35.5,11,8,5,15,4,0,1,2,4,1,4,2,20.6,26.9,21.3,54.4,0,1,Clear,Average,Day,6.6,6.1,5.97,7.33,1,2,1.5,3,10,22.6,14.6,Away,0.36,0.5,-7.600000000000001,0.857142696025809,-9.3,1.6999999999999993,0.5599999999999996,0.4900000000000002,0.5249999999999995,0.5,-1.3600000000000003,-7,-1,8.000000000000002,-0.14,-1,6,-7,3,-2,0,-1,-0.6999999999999993,-27.5,0.2706,0.3563,-0.0857,0.3023,0.2857,-0.3,0.9,-1.2,0.25,0.25,0.5,6,9,-3,Home_Win
ISL00499,2019-20,2020-01-23,Mumbai City FC,Hyderabad FC,Mumbai,5-3-2,5-3-2,6.05,6.9,6.56,6.66,55.2,33.5,30.9,21.4,8,14,6,13,0,0,2,1,1,0,2,1,39.2,33.0,16.1,43.3,2,1,Clear,Good,Day,6.9,7.3,6.79,6.7,2,1,2.1,10,6,9.2,13.4,,0.38,0.48,24.300000000000004,1.7864071888649877,12.100000000000001,12.200000000000003,-0.5099999999999998,0.2400000000000002,-0.1349999999999998,-0.39999999999999947,0.08999999999999986,4,1,-4.200000000000001,-0.09999999999999998,1,2,1,-2,-1,-1,-1,23.1,-10.299999999999997,0.3902,0.3095,0.0807,0.3784,0.2653,0.5,-0.6,1.1,0.3333,0.3333,0.3333,5,13,-8,Away_Win
ISL00500,2019-20,2020-01-24,Punjab FC,East Bengal FC,Mohali,3-4-3,4-3-3,5.94,7.37,7.13,6.93,52.5,28.1,42.7,24.1,13,5,12,17,0,3,1,2,1,3,1,3,54.9,48.6,45.3,48.7,1,1,Clear,Good,Day,3.6,7.9,7.95,8.72,2,2,3.1,5,9,29.2,21.5,,0.34,0.45,9.799999999999997,1.229507908780349,4.0,5.799999999999997,-1.1899999999999995,0.4400000000000004,-0.3749999999999991,-4.300000000000001,-0.7700000000000005,-4,0,7.699999999999999,-0.10999999999999999,0,1,-12,-1,1,0,0,9.600000000000001,-0.10000000000000142,0.2973,0.3587,-0.06140000000000001,0.2439,0.3333,-0.4,-0.3,-0.10000000000000003,0.4,0.2,0.4,5,5,0,Draw
ISL00501,2019-20,2020-01-24,Bengaluru FC,ATK Mohun Bagan,Bengaluru,4-3-3,4-2-3-1,6.41,7.05,6.98,5.94,25.7,17.8,55.9,29.5,3,8,12,20,1,0,4,1,2,1,6,1,22.8,24.2,17.8,41.8,1,1,Rainy,Good,Night,9.8,3.8,6.2,6.16,1,2,4.1,1,6,25.1,16.9,,0.48,0.42,-30.2,0.4597494705278228,-11.7,-18.5,-0.5700000000000003,1.1099999999999994,0.2699999999999996,6.000000000000001,0.040000000000000036,-5,-1,8.200000000000003,0.06,0,-9,-12,-3,-1,-4,0,5.0,-17.599999999999998,0.3718,0.3766,-0.004799999999999971,0.4054,0.35,-0.4,0.2,-0.6000000000000001,0.25,0.25,0.5,14,12,2,Home_Win
ISL00502,2019-20,2020-01-25,Punjab FC,Chennaiyin FC,Mohali,4-3-3,3-5-2,6.72,6.87,6.79,7.72,69.6,39.8,53.1,31.9,2,16,3,12,0,1,2,1,0,2,3,1,48.3,20.2,49.3,25.8,1,2,Humid,Average,Night,3.8,5.1,5.52,5.89,0,3,9.8,5,4,22.1,14.3,Home,0.32,0.34,16.499999999999993,1.310734216434234,7.899999999999999,8.599999999999994,-0.07000000000000028,-0.8499999999999996,-0.45999999999999996,-1.2999999999999998,-0.3700000000000001,1,-3,7.800000000000001,-0.020000000000000018,-1,-1,4,-2,0,-3,1,-1.0,-5.600000000000001,0.2933,0.3421,-0.04880000000000001,0.2381,0.2821,-0.4,-0.1,-0.30000000000000004,0.1429,0.2857,0.5714,1,30,-29,Home_Win
ISL00503,2019-20,2020-01-26,Chennaiyin FC,Mumbai City FC,Chennai,4-4-2,3-5-2,6.29,6.51,6.52,7.6,42.6,24.3,53.6,29.6,13,11,11,20,1,1,3,0,1,1,5,0,43.5,30.2,40.1,34.8,0,1,Overcast,Good,Day,9.4,4.3,5.72,8.04,1,2,2.3,4,7,28.5,13.6,,0.31,0.36,-11.0,0.794775971123886,-5.300000000000001,-5.699999999999999,-0.22999999999999954,-1.0899999999999999,-0.6599999999999993,5.1000000000000005,-2.3199999999999994,-3,-1,14.9,-0.04999999999999999,-1,2,-9,-2,1,-4,1,3.3999999999999986,-4.599999999999998,0.3377,0.3855,-0.04780000000000001,0.4054,0.4,-0.4,0.0,-0.4,0.25,0.25,0.5,1,3,-2,Draw
ISL00504,2019-20,2020-01-27,Mumbai City FC,Chennaiyin FC,Mumbai,3-4-3,5-3-2,7.51,7.46,6.84,5.31,50.1,33.9,40.3,27.1,7,7,7,10,1,1,1,0,2,1,1,1,46.0,25.0,41.7,27.8,1,1,Clear,Good,Night,8.4,10.0,6.7,8.09,2,1,8.9,5,4,29.9,13.6,,0.45,0.35,9.800000000000004,1.243175870179685,6.799999999999997,3.000000000000007,0.6699999999999999,2.1500000000000004,1.4100000000000001,-1.5999999999999996,-1.3899999999999997,1,1,16.299999999999997,0.10000000000000003,0,0,-3,0,1,1,0,4.299999999999997,-2.8000000000000007,0.381,0.3333,0.04770000000000002,0.3684,0.275,0.0,-0.5,0.5,0.4,0.4,0.2,1,1,0,Home_Win
ISL00505,2019-20,2020-01-27,Jamshedpur FC,NorthEast United FC,Jamshedpur,4-4-2,4-2-3-1,6.64,7.25,7.46,6.73,42.7,19.4,33.6,17.5,12,17,7,13,3,2,0,1,3,2,0,2,52.3,27.4,34.9,38.5,3,1,Humid,Good,Night,2.2,4.7,7.27,6.74,3,2,9.2,10,10,6.3,7.1,,0.44,0.34,9.100000000000001,1.2708329551092394,1.8999999999999986,7.200000000000003,-0.8200000000000003,0.5199999999999996,-0.15000000000000036,-2.5,0.5299999999999994,0,1,-0.7999999999999998,0.09999999999999998,2,5,4,3,1,3,0,17.4,-11.100000000000001,0.4348,0.3864,0.0484,0.5306,0.413,0.3,0.4,-0.10000000000000003,0.5556,0.2222,0.2222,9,29,-20,Home_Win
ISL00506,2019-20,2020-01-30,Chennaiyin FC,Mumbai City FC,Chennai,5-3-2,3-4-3,6.84,7.18,6.84,6.44,43.2,28.8,48.2,23.2,7,14,8,16,5,0,2,1,5,0,3,1,32.0,41.8,32.9,42.8,2,0,Clear,Poor,Night,1.7,9.8,7.12,6.63,1,2,9.6,4,5,17.4,25.9,,0.41,0.32,-5.0,0.8962653742188019,5.600000000000001,-10.600000000000001,0.0,0.7399999999999993,0.3699999999999992,-8.100000000000001,0.4900000000000002,-1,-1,-8.5,0.08999999999999997,2,-1,-2,3,-1,2,-1,-0.8999999999999986,-1.0,0.3291,0.3882,-0.059099999999999986,0.3947,0.3913,-0.6,0.1,-0.7,0.1667,0.3333,0.5,3,3,0,Home_Win
ISL00507,2019-20,2020-02-01,Jamshedpur FC,ATK Mohun Bagan,Jamshedpur,4-4-2,4-4-2,6.62,8.1,7.18,6.51,64.4,31.1,45.0,20.4,7,8,9,11,1,0,1,1,1,2,2,1,39.3,18.8,27.9,28.3,2,0,Humid,Good,Night,9.4,7.4,5.64,5.64,3,1,9.1,10,6,9.4,18.4,,0.44,0.38,19.400000000000006,1.4311107930864904,10.700000000000003,8.700000000000003,-0.5599999999999996,1.5899999999999999,0.5149999999999997,2.0,0.0,4,2,-8.999999999999998,0.06,2,-2,-3,0,-1,-1,1,11.399999999999999,-9.5,0.4409,0.3718,0.0691,0.54,0.3415,0.3,-0.3,0.6,0.6,0.2,0.2,5,8,-3,Draw
ISL00508,2019-20,2020-02-01,NorthEast United FC,Odisha FC,Guwahati,4-3-3,4-3-3,6.36,7.03,7.04,6.7,54.5,29.7,57.6,28.4,7,22,10,14,1,1,1,4,1,2,2,5,20.2,28.9,16.0,48.9,1,1,Clear,Good,Night,6.4,4.7,6.68,6.89,3,1,6.2,10,6,22.6,15.3,,0.45,0.33,-3.1000000000000014,0.9461803912881265,1.3000000000000007,-4.400000000000002,-0.6799999999999997,0.33000000000000007,-0.17499999999999982,1.7000000000000002,-0.20999999999999996,4,2,7.300000000000001,0.12,0,-3,8,0,-3,-1,-3,4.199999999999999,-20.0,0.382,0.2791,0.10289999999999999,0.3571,0.2381,0.2,0.2,0.0,0.2727,0.3636,0.3636,5,11,-6,Home_Win
ISL00509,2019-20,2020-02-03,Punjab FC,East Bengal FC,Mohali,4-2-3-1,4-3-3,6.05,7.06,6.89,7.11,59.0,33.8,44.4,21.0,10,9,8,17,2,1,0,1,2,1,0,2,47.9,48.6,48.5,17.2,2,3,Rainy,Good,Night,7.9,9.5,7.51,7.03,1,2,8.8,7,7,21.3,25.0,,0.48,0.45,14.600000000000001,1.328828529543124,12.799999999999997,1.8000000000000043,-0.8399999999999999,-0.05000000000000071,-0.4450000000000003,-1.5999999999999996,0.47999999999999954,0,-1,-3.6999999999999993,0.02999999999999997,-1,2,-8,2,0,2,-1,-0.6000000000000014,31.400000000000002,0.3026,0.3548,-0.052200000000000024,0.2558,0.3256,-0.2,-0.2,0.0,0.3636,0.2727,0.3636,9,10,-1,Home_Win
ISL00510,2019-20,2020-02-06,Punjab FC,NorthEast United FC,Mohali,3-5-2,4-4-2,6.35,7.19,6.73,6.42,30.6,17.4,41.0,27.8,5,17,13,12,2,2,1,1,3,4,1,1,23.2,19.3,36.8,52.6,3,0,Rainy,Average,Night,5.2,7.3,5.42,6.05,1,0,1.2,7,10,6.5,8.0,,0.37,0.32,-10.399999999999999,0.7463412813801753,-10.400000000000002,3.552713678800501e-15,-0.3800000000000008,0.7700000000000005,0.1949999999999994,-2.0999999999999996,-0.6299999999999999,-3,1,-1.5,0.04999999999999999,3,-8,5,1,1,2,3,-13.599999999999998,-33.3,0.3117,0.3889,-0.07720000000000005,0.2727,0.4043,0.4,0.7,-0.29999999999999993,0.25,0.75,0.0,3,5,-2,Away_Win
ISL00511,2019-20,2020-02-08,East Bengal FC,ATK Mohun Bagan,Kolkata,4-3-3,4-3-3,7.02,7.13,6.23,5.74,35.8,16.5,29.8,18.5,7,10,7,9,1,0,1,0,2,1,1,1,29.9,31.1,30.8,52.9,1,1,Clear,Good,Night,3.8,4.2,5.55,6.3,2,1,2.0,7,4,12.5,25.5,Both,0.33,0.45,5.9999999999999964,1.201341878744336,-2.0,7.9999999999999964,0.7899999999999991,1.3899999999999997,1.089999999999999,-0.40000000000000036,-0.75,3,1,-13.0,-0.12,0,0,1,0,0,1,0,-0.9000000000000021,-21.799999999999997,0.3511,0.3671,-0.01599999999999996,0.38,0.3333,-0.6,-0.4,-0.19999999999999996,0.5,0.3333,0.1667,5,7,-2,Home_Win
ISL00512,2019-20,2020-02-10,Mumbai City FC,Hyderabad FC,Mumbai,3-5-2,3-5-2,6.15,7.61,7.21,7.36,31.7,16.8,37.2,22.1,8,11,11,11,4,3,1,2,4,3,2,3,47.6,17.4,28.5,30.5,0,2,Rainy,Good,Night,2.8,6.6,7.34,7.21,2,1,9.6,4,9,20.7,6.2,,0.5,0.33,-5.5000000000000036,0.8521503085617449,-5.300000000000001,-0.20000000000000284,-1.0599999999999996,0.25,-0.40499999999999936,-3.8,0.1299999999999999,-5,1,14.5,0.16999999999999998,-2,-3,0,3,1,2,0,19.1,-13.100000000000001,0.3837,0.3176,0.06609999999999999,0.3846,0.28,-0.1,-0.2,0.1,0.3,0.3,0.4,11,18,-7,Home_Win
ISL00513,2019-20,2020-02-10,Hyderabad FC,ATK Mohun Bagan,Hyderabad,3-5-2,4-3-3,8.1,7.05,7.67,7.31,51.7,27.9,34.1,23.4,6,17,4,5,3,1,3,4,5,1,5,4,38.1,18.3,50.4,15.9,2,1,Rainy,Good,Night,2.8,6.9,5.07,7.27,1,2,9.1,9,1,29.2,10.4,,0.45,0.49,17.6,1.5161285876455755,4.5,13.100000000000001,0.4299999999999997,-0.2599999999999998,0.08499999999999908,-4.1000000000000005,-2.1999999999999993,8,-1,18.799999999999997,-0.03999999999999998,1,2,12,0,-3,0,-3,-12.299999999999997,2.4000000000000004,0.314,0.3625,-0.04849999999999999,0.3714,0.3256,-0.4,-0.6,0.19999999999999996,0.3,0.3,0.4,1,2,-1,Away_Win
ISL00514,2019-20,2020-02-11,Chennaiyin FC,FC Goa,Chennai,4-3-3,4-2-3-1,6.91,6.45,5.92,6.33,44.1,30.4,25.6,15.5,3,18,9,13,1,1,3,0,1,7,4,1,33.0,36.7,38.3,22.7,4,0,Rainy,Average,Day,9.0,7.0,9.34,7.36,1,3,9.4,7,7,13.6,9.6,,0.49,0.39,18.5,1.7226555770876653,14.899999999999999,3.6000000000000014,0.9900000000000002,0.1200000000000001,0.5549999999999997,2.0,1.9799999999999995,0,-2,4.0,0.09999999999999998,4,-6,5,-2,1,-3,6,-5.299999999999997,14.000000000000004,0.3375,0.4304,-0.09289999999999998,0.4103,0.4286,-0.5,0.3,-0.8,0.1667,0.1667,0.6667,12,30,-18,Away_Win
ISL00515,2019-20,2020-02-13,Hyderabad FC,Kerala Blasters,Hyderabad,3-4-3,5-3-2,8.04,6.47,6.87,7.89,42.0,28.5,38.2,23.9,11,17,7,14,3,2,1,1,5,2,1,1,53.5,21.2,31.8,44.5,2,0,Humid,Good,Night,8.7,8.3,4.76,6.74,1,4,7.8,6,9,17.0,23.4,,0.48,0.48,3.799999999999997,1.0994761519695935,4.600000000000001,-0.8000000000000043,1.169999999999999,-1.42,-0.1250000000000009,0.3999999999999986,-1.9800000000000004,-3,-3,-6.399999999999999,0.0,2,4,3,2,1,4,1,21.7,-23.3,0.3103,0.3523,-0.04199999999999998,0.3611,0.2791,-0.6,0.8,-1.4,0.2857,0.1429,0.5714,3,23,-20,Home_Win
ISL00516,2019-20,2020-02-15,Odisha FC,ATK Mohun Bagan,Bhubaneswar,4-3-3,5-3-2,6.49,6.49,7.47,7.01,58.8,35.0,41.0,20.1,12,13,10,14,0,3,2,1,0,3,2,2,22.5,35.4,37.3,22.3,0,1,Rainy,Good,Day,7.5,0.5,6.22,7.8,0,3,9.6,6,4,15.4,29.2,,0.43,0.38,17.799999999999997,1.4341459916717092,14.899999999999999,2.8999999999999986,-0.9799999999999995,-0.5199999999999996,-0.75,7.0,-1.58,2,-3,-13.799999999999999,0.04999999999999999,-1,2,-1,-2,2,-2,1,-14.799999999999997,13.099999999999998,0.2759,0.3704,-0.09450000000000003,0.3182,0.3409,-0.3,-0.4,0.10000000000000003,0.0,0.0,1.0,14,5,9,Home_Win
ISL00517,2019-20,2020-02-19,Punjab FC,ATK Mohun Bagan,Mohali,3-5-2,4-4-2,6.63,6.59,7.02,7.23,26.1,17.8,14.9,7.8,13,14,10,10,0,1,1,0,0,2,1,2,36.4,51.8,28.7,54.5,1,4,Overcast,Good,Day,4.1,3.5,6.62,8.78,2,3,8.4,7,4,15.4,22.9,Away,0.48,0.48,11.200000000000001,1.7516766767270626,10.0,1.2000000000000002,-0.3899999999999997,-0.6400000000000006,-0.5150000000000006,0.5999999999999996,-2.1599999999999993,3,-1,-7.499999999999998,0.0,-3,3,4,-1,1,-1,0,7.699999999999999,-2.700000000000003,0.3077,0.3659,-0.05820000000000003,0.2667,0.3333,0.3,-0.8,1.1,0.3333,0.0,0.6667,13,4,9,Home_Win
ISL00518,2019-20,2020-02-20,Punjab FC,Chennaiyin FC,Mohali,4-4-2,4-3-3,6.58,6.3,6.34,7.18,34.5,23.0,60.4,36.5,12,7,7,11,1,1,2,0,3,2,2,1,16.3,47.2,41.6,17.9,1,2,Humid,Good,Night,9.9,0.2,5.75,7.81,1,2,2.7,10,4,22.5,26.4,,0.49,0.39,-25.9,0.5711919584119274,-13.5,-12.399999999999999,0.2400000000000002,-0.8799999999999999,-0.3200000000000003,9.700000000000001,-2.0599999999999996,6,-1,-3.8999999999999986,0.09999999999999998,-1,5,-4,-1,1,1,1,-25.3,29.300000000000004,0.3165,0.3333,-0.01679999999999998,0.2826,0.2683,0.5,-0.6,1.1,0.25,0.25,0.5,1,9,-8,Draw
ISL00519,2019-20,2020-02-21,ATK Mohun Bagan,Bengaluru FC,Kolkata,3-4-3,3-5-2,7.26,7.01,6.92,7.42,39.8,21.6,43.0,28.3,7,20,12,12,0,0,0,2,0,1,1,2,24.5,17.4,31.8,21.7,0,0,Clear,Good,Night,2.6,7.6,7.29,3.38,2,2,6.3,4,4,27.3,7.3,,0.44,0.49,-3.200000000000003,0.9255811800973999,-6.699999999999999,3.4999999999999964,0.33999999999999986,-0.41000000000000014,-0.03500000000000014,-5.0,3.91,0,0,20.0,-0.04999999999999999,0,-5,8,0,-2,-1,-1,-7.300000000000001,-4.300000000000001,0.3614,0.3797,-0.018299999999999983,0.4054,0.3415,-1.0,-0.1,-0.9,0.4,0.2,0.4,2,28,-26,Draw
ISL00520,2019-20,2020-02-25,Kerala Blasters,Jamshedpur FC,Kochi,4-2-3-1,3-4-3,7.24,6.72,7.06,7.86,28.3,13.6,32.7,17.0,5,13,6,17,1,2,3,0,3,2,3,0,35.6,51.9,16.9,15.3,0,1,Rainy,Average,Night,1.7,8.3,6.99,8.78,2,2,5.3,9,11,19.2,20.0,,0.49,0.34,-4.400000000000002,0.8654431604149355,-3.4000000000000004,-1.0000000000000018,0.1800000000000006,-1.1400000000000006,-0.47999999999999954,-6.6000000000000005,-1.7899999999999991,-2,0,-0.8000000000000007,0.14999999999999997,-1,-1,-4,-2,2,0,2,18.700000000000003,36.599999999999994,0.3483,0.4362,-0.08789999999999998,0.4222,0.3256,0.2,0.5,-0.3,0.2727,0.1818,0.5455,12,24,-12,Away_Win
ISL00521,2019-20,2020-02-25,Punjab FC,Mumbai City FC,Mohali,5-3-2,4-4-2,4.96,7.62,6.23,7.51,39.6,23.8,39.5,22.3,14,9,8,6,1,0,2,0,1,1,2,0,35.0,51.0,53.7,19.9,2,4,Humid,Good,Night,9.1,8.5,5.67,6.85,1,1,2.9,10,7,27.8,23.1,,0.36,0.37,0.10000000000000142,1.0025313917642045,1.5,-1.3999999999999986,-1.2700000000000005,0.11000000000000032,-0.5800000000000001,0.5999999999999996,-1.1799999999999997,3,0,4.699999999999999,-0.010000000000000009,-2,6,3,-1,0,-1,1,-18.700000000000003,31.1,0.3125,0.3908,-0.07829999999999998,0.2766,0.383,0.5,0.0,0.5,0.2,0.6,0.2,5,15,-10,Home_Win
ISL00522,2019-20,2020-02-26,Odisha FC,Mumbai City FC,Bhubaneswar,5-3-2,5-3-2,6.54,7.35,6.79,7.21,39.7,21.1,60.6,31.5,8,14,9,9,1,0,1,2,1,0,1,2,38.7,28.1,41.6,50.4,2,1,Clear,Good,Night,0.3,2.2,6.78,9.03,0,3,3.0,8,7,7.8,21.1,,0.5,0.42,-20.9,0.655115403446303,-10.399999999999999,-10.5,-0.25,0.13999999999999968,-0.054999999999999716,-1.9000000000000001,-2.249999999999999,1,-3,-13.3,0.08000000000000002,1,-1,5,0,-2,0,-2,-2.8999999999999986,-22.299999999999997,0.2841,0.3864,-0.1023,0.3333,0.375,-0.7,-0.5,-0.19999999999999996,0.1429,0.2857,0.5714,11,1,10,Home_Win
ISL00523,2019-20,2020-02-28,Bengaluru FC,Kerala Blasters,Bengaluru,3-5-2,3-5-2,6.24,7.91,6.74,6.57,50.5,22.8,36.1,18.9,8,11,10,15,2,1,3,0,2,1,3,1,46.2,41.6,52.5,37.2,0,0,Rainy,Good,Night,7.3,2.4,5.86,6.86,3,2,3.9,5,6,15.3,22.7,Away,0.4,0.3,14.399999999999999,1.39889157925441,3.900000000000002,10.499999999999996,-0.5,1.3399999999999999,0.41999999999999993,4.9,-1.0,-1,1,-7.399999999999999,0.10000000000000003,0,-2,-4,-1,1,-1,0,-6.299999999999997,4.399999999999999,0.375,0.3444,0.030600000000000016,0.4211,0.2727,-0.1,-0.1,0.0,0.4286,0.0,0.5714,7,3,4,Draw
ISL00524,2019-20,2020-02-28,Odisha FC,NorthEast United FC,Bhubaneswar,3-5-2,4-2-3-1,5.81,7.94,6.27,7.98,59.9,41.6,51.5,30.6,10,10,8,17,2,2,0,3,2,2,0,4,46.9,53.2,38.3,38.7,1,0,Rainy,Average,Night,7.8,7.6,8.46,7.69,0,4,6.3,10,10,17.0,5.4,,0.38,0.43,8.399999999999999,1.1631065702705687,11.0,-2.6000000000000014,-0.45999999999999996,-0.040000000000000036,-0.25,0.20000000000000018,0.7700000000000005,0,-4,11.6,-0.04999999999999999,1,2,-7,2,-1,2,-2,8.600000000000001,14.5,0.2921,0.3956,-0.10349999999999998,0.3478,0.4167,-0.7,0.7,-1.4,0.3333,0.3333,0.3333,2,22,-20,Away_Win
ISL00525,2019-20,2020-02-29,Kerala Blasters,Bengaluru FC,Kochi,5-3-2,4-4-2,7.59,7.08,5.93,8.49,31.3,21.7,37.9,25.8,6,11,9,17,2,0,2,1,3,1,3,1,32.8,31.7,18.8,42.3,0,1,Humid,Good,Day,2.9,7.6,8.57,7.01,1,3,1.8,4,6,29.0,10.4,,0.34,0.48,-6.599999999999998,0.8258573018846169,-4.100000000000001,-2.4999999999999964,1.6600000000000001,-1.4100000000000001,0.125,-4.699999999999999,1.5600000000000005,-2,-2,18.6,-0.13999999999999996,-1,-3,-6,0,-1,0,0,13.999999999999996,-10.599999999999998,0.3407,0.3704,-0.029700000000000004,0.413,0.3333,-0.1,-0.2,0.1,0.5,0.125,0.375,1,1,0,Draw
ISL00526,2019-20,2020-03-01,Hyderabad FC,Punjab FC,Hyderabad,3-5-2,4-2-3-1,8.42,7.73,7.6,7.04,56.3,32.9,48.0,33.3,6,14,17,15,1,2,3,0,3,4,4,2,17.0,32.5,39.4,35.1,1,0,Clear,Poor,Day,6.6,2.5,9.43,6.3,3,1,5.3,9,10,20.0,5.7,,0.5,0.44,8.299999999999997,1.1729164223090784,-0.3999999999999986,8.699999999999996,0.8200000000000003,0.6900000000000004,0.754999999999999,4.1,3.13,-1,2,14.3,0.06,1,-11,-1,-2,2,-1,2,-22.4,-2.6000000000000014,0.3182,0.321,-0.0028000000000000247,0.3784,0.3636,-0.3,0.7,-1.0,0.3333,0.3333,0.3333,17,5,12,Home_Win
ISL00527,2019-20,2020-03-05,Kerala Blasters,Hyderabad FC,Kochi,3-5-2,4-2-3-1,7.47,6.71,6.7,5.96,57.1,34.5,61.1,36.1,7,15,6,15,1,3,1,1,2,5,1,3,28.1,47.7,38.5,47.8,2,0,Rainy,Average,Day,4.6,9.5,5.72,6.31,3,2,4.5,2,9,28.2,8.1,Away,0.35,0.35,-4.0,0.9345333986033717,-1.6000000000000014,-2.3999999999999986,0.7699999999999996,0.75,0.7599999999999998,-4.9,-0.5899999999999999,-7,1,20.1,0.0,2,1,0,0,2,1,2,-10.399999999999999,-0.09999999999999432,0.337,0.3258,0.011200000000000043,0.4043,0.2745,0.0,0.3,-0.3,0.5,0.125,0.375,5,4,1,Home_Win
ISL00528,2019-20,2020-03-06,Mumbai City FC,Bengaluru FC,Mumbai,3-4-3,3-5-2,7.04,7.67,6.99,6.49,52.5,32.4,35.6,16.2,8,12,6,11,3,0,3,1,3,1,3,1,17.4,19.9,34.1,47.1,1,0,Clear,Good,Night,9.8,9.0,7.25,7.22,3,1,7.2,6,6,21.4,7.7,,0.48,0.48,16.9,1.4747186868767732,16.2,0.6999999999999993,0.04999999999999982,1.1799999999999997,0.6150000000000002,0.8000000000000007,0.03000000000000025,0,2,13.7,0.0,1,2,1,0,-1,0,0,-16.700000000000003,-27.200000000000003,0.382,0.3659,0.016100000000000003,0.4,0.3256,-0.8,-0.2,-0.6000000000000001,0.625,0.125,0.25,9,6,3,Home_Win
ISL00529,2019-20,2020-03-10,NorthEast United FC,Bengaluru FC,Guwahati,4-4-2,3-4-3,6.96,6.67,6.55,6.93,46.3,31.6,44.5,23.1,5,16,6,16,5,0,1,2,6,1,2,2,42.3,37.7,39.8,50.5,0,2,Humid,Poor,Night,4.6,2.6,5.65,8.93,3,1,4.3,10,6,17.6,26.0,Both,0.33,0.41,1.7999999999999972,1.040449204393437,8.5,-6.700000000000003,0.41000000000000014,-0.2599999999999998,0.07499999999999929,1.9999999999999996,-3.2799999999999994,4,2,-8.399999999999999,-0.07999999999999996,-2,-1,0,4,-2,4,-1,2.5,-12.799999999999997,0.4022,0.3614,0.0408,0.3721,0.3182,0.9,-0.4,1.3,0.5,0.1667,0.3333,11,4,7,Home_Win
ISL00530,2019-20,2020-03-12,Odisha FC,Jamshedpur FC,Bhubaneswar,4-4-2,3-4-3,7.15,7.59,7.0,6.59,39.0,22.1,48.9,30.0,6,10,14,14,5,1,2,1,6,1,2,3,50.8,48.6,45.3,51.5,0,3,Rainy,Good,Night,5.7,3.9,6.14,5.44,1,2,9.4,9,13,23.6,8.3,,0.4,0.36,-9.899999999999999,0.7975458491726279,-7.899999999999999,-2.0,0.15000000000000036,1.0,0.5750000000000002,1.8000000000000003,0.6999999999999993,-4,-1,15.3,0.040000000000000036,-3,-8,-4,3,0,4,-2,5.5,-2.8999999999999986,0.2889,0.4421,-0.1532,0.3404,0.3409,-0.8,0.5,-1.3,0.2727,0.4545,0.2727,13,16,-3,Home_Win
ISL00531,2019-20,2020-03-12,Bengaluru FC,ATK Mohun Bagan,Bengaluru,4-2-3-1,4-2-3-1,7.71,7.46,7.11,7.52,56.8,33.8,60.6,41.3,14,10,5,13,0,2,0,2,1,2,0,2,41.6,30.3,25.6,18.2,1,3,Humid,Average,Night,0.2,7.2,6.72,7.9,1,2,7.9,3,4,15.8,29.8,,0.45,0.42,-3.8000000000000043,0.9372935747040304,-7.5,3.6999999999999957,0.5999999999999996,-0.05999999999999961,0.27000000000000046,-7.0,-1.1800000000000006,-1,-1,-14.0,0.030000000000000027,-2,9,-3,0,0,1,0,16.0,12.100000000000001,0.3571,0.3571,0.0,0.4103,0.3261,-0.1,-1.1,1.0,0.3333,0.3333,0.3333,2,20,-18,Home_Win
ISL00532,2019-20,2020-03-14,Mumbai City FC,Bengaluru FC,Mumbai,4-4-2,4-4-2,7.3,7.92,7.75,8.18,29.0,14.7,36.5,17.8,7,16,10,13,2,2,1,0,3,4,2,0,19.8,21.1,33.6,48.7,2,1,Clear,Average,Day,2.5,6.5,5.32,6.73,3,1,4.0,6,5,27.8,8.4,Away,0.44,0.44,-7.5,0.7945203302684026,-3.1000000000000014,-4.399999999999999,-0.4500000000000002,-0.2599999999999998,-0.3550000000000004,-4.0,-1.4100000000000001,1,2,19.4,0.0,1,-3,3,1,2,1,4,-13.8,-27.6,0.3889,0.3647,0.0242,0.4146,0.3111,-0.8,0.5,-1.3,0.6667,0.1111,0.2222,8,2,6,Home_Win
ISL00533,2019-20,2020-03-17,Kerala Blasters,Bengaluru FC,Kochi,4-3-3,4-2-3-1,6.02,6.48,6.67,7.31,34.3,17.5,48.5,31.9,8,8,8,6,0,2,0,2,1,2,0,3,48.8,45.0,38.3,50.4,0,0,Rainy,Good,Night,0.5,5.3,7.16,5.4,1,2,8.2,5,4,22.2,29.6,,0.33,0.31,-14.200000000000003,0.7072163490275568,-14.399999999999999,0.19999999999999574,-0.6500000000000004,-0.8299999999999992,-0.7400000000000002,-4.8,1.7599999999999998,1,-1,-7.400000000000002,0.020000000000000018,0,0,2,0,0,1,-1,10.5,-5.399999999999999,0.3441,0.3605,-0.01639999999999997,0.4167,0.3043,0.1,0.4,-0.30000000000000004,0.4444,0.2222,0.3333,12,3,9,Draw
ISL00534,2019-20,2020-03-20,East Bengal FC,Mumbai City FC,Kolkata,5-3-2,5-3-2,6.98,7.74,6.87,6.72,55.3,32.1,28.1,18.8,12,15,8,10,4,3,1,1,5,3,1,5,52.4,16.4,15.6,24.7,2,3,Rainy,Good,Night,6.9,5.5,6.33,7.23,1,4,3.6,7,9,16.0,9.7,Away,0.33,0.34,27.199999999999996,1.9679708299036192,13.3,13.899999999999995,0.11000000000000032,1.0200000000000005,0.5650000000000004,1.4000000000000004,-0.9000000000000004,-2,-3,6.300000000000001,-0.010000000000000009,-1,4,5,3,2,4,-2,36.8,-8.3,0.3579,0.3956,-0.03770000000000001,0.3922,0.3673,-0.3,-0.6,0.3,0.3333,0.1111,0.5556,30,6,24,Home_Win
ISL00535,2019-20,2020-03-22,Mumbai City FC,ATK Mohun Bagan,Mumbai,4-4-2,4-3-3,7.96,6.83,5.97,7.3,39.2,19.9,59.1,27.9,5,12,7,11,0,0,1,3,1,0,1,6,43.2,15.6,15.2,15.3,2,0,Overcast,Good,Night,5.9,9.5,6.06,6.19,4,1,5.9,6,4,27.7,5.2,Home,0.33,0.46,-19.9,0.6632824596814789,-8.0,-11.899999999999999,1.9900000000000002,-0.46999999999999975,0.7599999999999998,-3.5999999999999996,-0.13000000000000078,2,3,22.5,-0.13,2,-2,1,-1,-3,0,-6,28.000000000000004,0.29999999999999893,0.3913,0.3529,0.03839999999999999,0.4286,0.3191,-0.6,-1.8,1.2000000000000002,0.5556,0.0,0.4444,2,10,-8,Home_Win
ISL00536,2019-20,2020-03-22,Mumbai City FC,NorthEast United FC,Mumbai,4-4-2,4-4-2,6.97,6.7,7.45,6.84,37.4,17.1,51.3,34.7,6,15,7,10,1,2,3,0,1,6,3,0,52.5,40.4,31.7,17.6,1,2,Overcast,Good,Night,6.6,1.9,5.15,6.02,1,3,4.3,9,12,16.4,26.6,,0.33,0.31,-13.899999999999999,0.7290446921940171,-17.6,3.700000000000003,-0.4800000000000004,-0.13999999999999968,-0.3099999999999996,4.699999999999999,-0.8699999999999992,-3,-2,-10.200000000000003,0.020000000000000018,-1,-1,5,-2,2,-2,6,20.8,22.799999999999997,0.3978,0.4086,-0.010800000000000032,0.4419,0.4286,0.1,1.0,-0.9,0.1667,0.3333,0.5,1,12,-11,Away_Win
ISL00537,2019-20,2020-03-25,FC Goa,Odisha FC,Goa,3-4-3,4-2-3-1,6.07,6.73,6.63,8.1,71.3,38.7,49.1,29.4,4,10,10,11,1,1,2,1,2,3,3,1,31.4,42.6,29.8,39.6,1,1,Overcast,Good,Day,6.9,6.9,7.01,8.0,1,1,5.4,7,9,6.6,10.7,,0.42,0.32,22.199999999999996,1.4521381971205298,9.300000000000004,12.899999999999991,-0.5599999999999996,-1.3699999999999992,-0.9649999999999999,0.0,-0.9900000000000002,-2,0,-4.1,0.09999999999999998,0,-6,-1,-1,0,-1,2,1.5999999999999979,3.0,0.4375,0.2967,0.14079999999999998,0.4318,0.2326,0.4,-0.3,0.7,0.25,0.5,0.25,30,13,17,Draw
ISL00538,2019-20,2020-03-25,East Bengal FC,Odisha FC,Kolkata,4-3-3,3-5-2,6.5,6.16,7.11,7.32,50.1,31.9,48.3,32.0,12,14,9,14,4,3,1,2,6,4,2,2,28.7,50.3,21.8,39.2,3,1,Humid,Good,Day,9.0,2.8,6.09,5.19,1,3,4.1,10,10,15.4,14.5,Away,0.41,0.32,1.8000000000000043,1.0372668659902968,-0.10000000000000142,1.9000000000000057,-0.6100000000000003,-1.1600000000000001,-0.8849999999999998,6.2,0.8999999999999995,0,-2,0.9000000000000004,0.08999999999999997,2,3,0,3,1,4,2,6.899999999999999,11.099999999999994,0.3646,0.2935,0.0711,0.4038,0.2273,-0.1,-0.1,0.0,0.2308,0.3077,0.4615,5,1,4,Home_Win
ISL00539,2019-20,2020-03-27,Chennaiyin FC,Punjab FC,Chennai,4-2-3-1,4-3-3,5.88,6.97,7.39,6.35,47.1,24.5,37.4,23.1,18,11,7,7,0,1,1,3,1,4,3,3,45.3,37.5,32.1,22.0,1,0,Clear,Good,Night,8.5,9.8,6.52,6.29,1,1,4.2,5,7,14.9,27.9,,0.43,0.31,9.700000000000003,1.2593579520433282,1.3999999999999986,8.300000000000004,-1.5099999999999998,0.6200000000000001,-0.4449999999999994,-1.3000000000000007,0.22999999999999954,-2,0,-12.999999999999998,0.12,1,11,4,-1,-2,-2,1,13.199999999999996,15.5,0.3293,0.3171,0.012199999999999989,0.4,0.3529,-0.5,0.5,-1.0,0.4444,0.3333,0.2222,30,26,4,Draw
ISL00540,2019-20,2020-03-29,FC Goa,Kerala Blasters,Goa,3-4-3,3-5-2,6.07,7.28,6.27,6.92,53.9,35.9,48.8,30.2,12,23,7,11,5,0,4,0,5,2,5,0,16.1,30.5,50.6,18.1,1,1,Overcast,Poor,Night,5.7,6.2,6.73,8.64,5,0,3.9,8,6,22.7,29.8,,0.38,0.46,5.100000000000001,1.104507970387711,5.699999999999999,-0.5999999999999979,-0.1999999999999993,0.3600000000000003,0.08000000000000096,-0.5,-1.9100000000000001,2,5,-7.100000000000001,-0.08000000000000002,0,5,12,1,0,0,2,-34.5,12.399999999999999,0.4321,0.3404,0.0917,0.4222,0.2667,0.5,0.3,0.2,0.7273,0.1818,0.0909,4,12,-8,Draw
ISL00541,2019-20,2020-03-29,Jamshedpur FC,Hyderabad FC,Jamshedpur,4-4-2,4-4-2,7.77,7.73,7.68,7.13,29.9,18.7,50.5,33.8,11,13,9,19,1,1,1,0,2,1,1,0,32.5,40.7,18.2,53.0,1,2,Rainy,Good,Night,9.5,5.2,4.96,4.37,1,2,2.7,10,6,5.8,19.2,,0.42,0.33,-20.6,0.5920790906774077,-15.099999999999998,-5.5000000000000036,0.08999999999999986,0.6000000000000005,0.34500000000000064,4.3,0.5899999999999999,4,-1,-13.399999999999999,0.08999999999999997,-1,2,-6,0,1,1,1,14.3,-12.299999999999997,0.4375,0.3222,0.11530000000000001,0.5294,0.2692,0.4,0.3,0.10000000000000003,0.3636,0.2727,0.3636,17,24,-7,Home_Win
ISL00542,2019-20,2020-03-30,Odisha FC,Kerala Blasters,Bhubaneswar,3-4-3,5-3-2,7.45,7.15,8.05,6.83,50.1,30.7,30.2,19.4,14,18,8,12,2,0,0,1,3,1,1,1,53.6,32.9,17.3,43.5,2,3,Humid,Good,Night,4.3,1.5,6.48,9.09,2,2,7.2,7,7,22.7,12.7,,0.43,0.37,19.900000000000002,1.658939848033163,11.3,8.600000000000001,-0.6000000000000005,0.3200000000000003,-0.13999999999999968,2.8,-2.6099999999999994,0,0,10.0,0.06,-1,6,6,2,-1,2,0,36.3,-10.600000000000001,0.2903,0.3368,-0.046499999999999986,0.3542,0.2609,-0.6,0.2,-0.8,0.4,0.2,0.4,5,1,4,Draw
ISL00543,2019-20,2020-04-02,Jamshedpur FC,ATK Mohun Bagan,Jamshedpur,4-2-3-1,3-4-3,6.8,7.12,6.28,7.32,52.0,35.0,38.1,21.0,5,14,6,16,4,1,2,0,4,2,2,0,34.3,44.7,27.7,15.2,1,1,Rainy,Good,Night,1.3,4.8,5.89,7.58,2,1,6.2,10,1,23.5,6.6,,0.49,0.3,13.899999999999999,1.3648290381026145,14.0,-0.10000000000000142,0.5199999999999996,-0.20000000000000018,0.15999999999999925,-3.5,-1.6900000000000004,9,1,16.9,0.19,0,-1,-2,2,1,2,2,6.599999999999998,29.500000000000004,0.4433,0.3488,0.09450000000000003,0.5385,0.3125,1.0,-1.8,2.8,0.5,0.3333,0.1667,4,11,-7,Home_Win
ISL00544,2019-20,2020-04-04,Hyderabad FC,NorthEast United FC,Hyderabad,5-3-2,5-3-2,6.53,6.46,6.35,8.13,37.1,17.4,43.5,23.7,9,12,8,15,2,2,4,2,3,2,5,2,37.8,34.8,20.4,39.9,1,1,Rainy,Good,Night,6.1,5.0,6.46,6.15,1,2,2.5,6,15,6.4,20.5,,0.43,0.33,-6.399999999999999,0.8528733671555477,-6.300000000000001,-0.09999999999999787,0.1800000000000006,-1.6700000000000008,-0.7450000000000001,1.0999999999999996,0.3099999999999996,-9,-1,-14.1,0.09999999999999998,0,1,-3,-2,0,-2,0,17.4,-5.100000000000001,0.3187,0.4149,-0.09620000000000001,0.3947,0.44,-0.1,1.4,-1.5,0.2,0.4,0.4,6,13,-7,Draw
ISL00545,2019-20,2020-04-06,Bengaluru FC,ATK Mohun Bagan,Bengaluru,3-5-2,5-3-2,7.14,7.92,7.49,6.68,48.9,24.2,50.9,35.2,5,18,11,11,2,1,2,1,2,2,2,3,43.0,35.1,24.2,30.3,2,0,Humid,Good,Night,5.6,5.0,5.6,6.27,2,1,1.3,4,1,5.9,7.4,,0.42,0.47,-2.0,0.9607070804111826,-11.000000000000004,9.000000000000004,-0.35000000000000053,1.2400000000000002,0.4449999999999994,0.5999999999999996,-0.6699999999999999,3,1,-1.5,-0.04999999999999999,2,-6,7,0,0,0,-1,18.8,4.800000000000001,0.3563,0.3448,0.01150000000000001,0.425,0.3061,0.4,-1.5,1.9,0.4286,0.2857,0.2857,20,4,16,Draw
ISL00546,2019-20,2020-04-07,Chennaiyin FC,ATK Mohun Bagan,Chennai,4-2-3-1,5-3-2,8.13,7.66,6.14,8.16,26.3,17.8,41.3,21.3,13,10,14,16,4,2,0,0,6,2,0,0,38.0,32.8,29.9,51.8,0,0,Rainy,Average,Day,5.7,6.5,7.07,6.44,2,2,4.0,5,2,25.5,9.9,Home,0.41,0.46,-14.999999999999996,0.636803719902247,-3.5,-11.499999999999996,1.990000000000001,-0.5,0.7450000000000001,-0.7999999999999998,0.6299999999999999,3,0,15.6,-0.050000000000000044,0,-1,-6,4,2,6,2,8.100000000000001,-19.0,0.3253,0.3409,-0.015600000000000003,0.3902,0.3,-0.5,-1.1,0.6000000000000001,0.4444,0.1111,0.4444,11,1,10,Away_Win
ISL00547,2019-20,2020-04-09,Kerala Blasters,Bengaluru FC,Kochi,4-4-2,4-3-3,6.67,7.76,6.66,5.93,47.7,32.3,19.0,10.3,12,10,11,16,1,0,1,1,1,1,2,1,35.1,46.5,26.7,22.9,0,0,Humid,Average,Night,1.9,3.4,5.26,5.31,1,1,7.4,7,5,29.7,14.4,,0.39,0.33,28.700000000000003,2.5105249944605292,21.999999999999996,6.700000000000006,0.009999999999999787,1.83,0.9199999999999999,-1.5,-0.04999999999999982,2,0,15.299999999999999,0.06,0,1,-6,0,-1,-1,0,8.400000000000002,23.6,0.3333,0.3523,-0.019000000000000017,0.4082,0.2979,0.0,0.5,-0.5,0.4,0.3,0.3,10,3,7,Home_Win
ISL00548,2019-20,2020-04-10,Punjab FC,ATK Mohun Bagan,Mohali,4-3-3,5-3-2,7.45,7.98,6.28,7.21,49.2,23.1,53.7,26.1,13,7,4,10,3,1,0,1,3,1,0,1,27.4,41.9,46.7,50.5,1,2,Overcast,Good,Night,7.6,8.2,7.96,8.3,3,2,8.3,8,4,10.9,22.9,,0.34,0.32,-4.5,0.9162009467037343,-3.0,-1.5,1.17,0.7700000000000005,0.9699999999999998,-0.5999999999999996,-0.34000000000000075,4,1,-11.999999999999998,0.020000000000000018,-1,9,-3,3,0,3,0,-19.300000000000004,-8.600000000000001,0.3133,0.3483,-0.034999999999999976,0.2917,0.3137,0.7,-1.0,1.7,0.4286,0.0,0.5714,14,3,11,Away_Win
ISL00549,2019-20,2020-04-15,Bengaluru FC,Punjab FC,Bengaluru,4-3-3,5-3-2,7.18,7.37,7.68,7.1,33.1,21.3,45.1,24.1,8,11,8,10,2,1,2,1,3,2,2,2,22.0,26.6,30.9,17.3,1,3,Rainy,Good,Night,6.5,9.2,7.92,6.57,2,0,2.4,5,5,17.4,18.5,Home,0.49,0.38,-12.0,0.7339244492406986,-2.8000000000000007,-9.2,-0.5,0.27000000000000046,-0.11499999999999932,-2.6999999999999993,1.3499999999999996,0,2,-1.1000000000000014,0.10999999999999999,-2,0,1,0,0,1,0,-8.899999999999999,9.3,0.3483,0.3095,0.0388,0.4146,0.3429,-0.1,0.7,-0.7999999999999999,0.4286,0.5714,0.0,6,5,1,Draw
ISL00550,2019-20,2020-04-18,Punjab FC,NorthEast United FC,Mohali,5-3-2,4-4-2,7.84,6.02,6.23,6.23,41.7,18.9,39.8,23.7,10,7,14,10,1,2,0,3,1,3,1,4,48.4,26.8,22.1,52.3,1,1,Rainy,Good,Night,9.2,8.2,6.42,6.88,1,1,7.0,5,13,9.2,25.4,Both,0.33,0.37,1.9000000000000057,1.047738430216475,-4.800000000000001,6.700000000000006,1.6099999999999994,-0.21000000000000085,0.6999999999999993,1.0,-0.45999999999999996,-8,0,-16.2,-0.03999999999999998,0,-4,-3,1,-1,0,-1,26.299999999999997,-25.499999999999996,0.3059,0.4105,-0.10459999999999997,0.2857,0.4314,0.7,1.3,-0.6000000000000001,0.2,0.6,0.2,3,14,-11,Home_Win
ISL00551,2020-21,2020-10-01,Mumbai City FC,NorthEast United FC,Mumbai,3-5-2,4-4-2,6.56,7.03,7.23,6.94,51.3,24.8,40.4,20.1,12,8,9,18,2,1,1,1,3,3,2,1,26.6,39.8,40.4,36.2,2,1,Clear,Good,Night,6.9,7.4,6.15,6.47,1,3,9.1,9,10,28.8,23.4,,0.45,0.35,10.899999999999999,1.2698016658906766,4.699999999999999,6.199999999999999,-0.6700000000000008,0.08999999999999986,-0.2900000000000009,-0.5,-0.3199999999999994,-1,-2,5.400000000000002,0.10000000000000003,1,3,-10,1,0,1,2,-13.799999999999997,3.5999999999999943,0.3936,0.4062,-0.0126,0.4318,0.4231,-0.1,0.9,-1.0,0.1538,0.3077,0.5385,30,30,0,Away_Win
ISL00552,2020-21,2020-10-01,Hyderabad FC,Odisha FC,Hyderabad,4-3-3,4-2-3-1,6.31,6.46,5.81,6.36,23.7,11.3,33.1,18.4,10,10,5,10,0,1,4,1,0,1,5,1,37.8,48.7,48.2,23.0,0,1,Overcast,Good,Night,0.6,1.3,7.99,5.09,1,2,8.9,7,5,9.3,5.5,Away,0.39,0.5,-9.400000000000002,0.7160118682743599,-7.099999999999998,-2.3000000000000043,0.5,0.09999999999999964,0.2999999999999998,-0.7000000000000001,2.9000000000000004,2,-1,3.8000000000000007,-0.10999999999999999,-1,5,0,-4,0,-5,0,-10.400000000000006,25.700000000000003,0.3152,0.2872,0.02799999999999997,0.3846,0.2222,-0.2,-0.6,0.39999999999999997,0.1667,0.5,0.3333,30,30,0,Home_Win
ISL00553,2020-21,2020-10-03,NorthEast United FC,Jamshedpur FC,Guwahati,4-2-3-1,4-4-2,7.46,6.31,6.77,6.92,37.2,19.5,70.8,42.6,10,15,10,11,4,1,2,1,4,3,2,1,35.1,30.4,42.9,46.5,0,2,Overcast,Good,Day,3.4,8.4,6.37,7.91,2,3,1.8,10,10,15.3,16.6,Home,0.39,0.43,-33.599999999999994,0.5254236546011788,-23.1,-10.499999999999993,0.6900000000000004,-0.6100000000000003,0.040000000000000036,-5.0,-1.54,0,-1,-1.3000000000000007,-0.03999999999999998,-2,0,4,2,0,2,2,-7.799999999999997,-16.1,0.4124,0.449,-0.03660000000000002,0.3864,0.3333,1.0,0.9,0.09999999999999998,0.2,0.2,0.6,2,30,-28,Away_Win
ISL00554,2020-21,2020-10-06,FC Goa,East Bengal FC,Goa,3-4-3,4-3-3,6.59,6.91,6.4,6.46,52.3,28.6,40.9,22.3,6,6,8,18,2,1,6,2,2,3,6,2,31.3,54.5,21.4,33.8,1,0,Humid,Average,Night,0.7,2.9,7.74,7.51,2,2,8.9,9,10,7.6,16.4,,0.35,0.44,11.399999999999999,1.2787282937094635,6.300000000000001,5.099999999999998,0.1899999999999995,0.4500000000000002,0.3200000000000003,-2.2,0.23000000000000043,-1,0,-8.799999999999999,-0.09000000000000002,1,-2,-12,-4,-1,-4,1,9.900000000000002,20.700000000000003,0.4268,0.3711,0.05570000000000003,0.413,0.3182,0.5,0.5,0.0,0.3636,0.1818,0.4545,30,30,0,Home_Win
ISL00555,2020-21,2020-10-06,ATK Mohun Bagan,Chennaiyin FC,Kolkata,4-4-2,3-5-2,6.31,7.11,7.4,7.92,44.7,30.3,49.6,31.7,11,12,3,16,2,0,3,0,2,0,3,0,42.3,49.8,29.7,37.9,2,2,Rainy,Good,Day,6.8,8.8,5.92,6.74,3,1,2.2,7,5,20.8,26.8,Both,0.31,0.41,-4.899999999999999,0.901209495723892,-1.3999999999999986,-3.5,-1.0900000000000007,-0.8099999999999996,-0.9500000000000002,-2.000000000000001,-0.8200000000000003,2,2,-6.0,-0.09999999999999998,0,8,-4,-1,0,-1,0,12.599999999999998,11.899999999999999,0.3556,0.3214,0.03420000000000001,0.3947,0.2619,-0.7,-0.4,-0.29999999999999993,0.5,0.1,0.4,30,30,0,Draw
ISL00556,2020-21,2020-10-09,Mumbai City FC,NorthEast United FC,Mumbai,4-3-3,4-2-3-1,6.07,6.72,5.3,7.94,40.7,22.8,35.3,20.4,10,14,10,10,3,1,1,1,3,1,1,1,26.2,34.1,41.9,15.1,0,1,Humid,Good,Day,5.8,9.2,7.39,7.54,0,4,9.0,6,7,25.0,13.3,Home,0.34,0.41,5.400000000000006,1.1529741776277118,2.400000000000002,3.0000000000000036,0.7700000000000005,-1.2200000000000006,-0.22500000000000053,-3.3999999999999995,-0.15000000000000036,-1,-4,11.7,-0.06999999999999995,-1,0,4,2,0,2,0,-15.7,19.0,0.3895,0.4082,-0.018699999999999994,0.4222,0.434,-0.4,0.7,-1.1,0.1429,0.2857,0.5714,8,6,2,Draw
ISL00557,2020-21,2020-10-10,Jamshedpur FC,Mumbai City FC,Jamshedpur,3-5-2,5-3-2,6.21,6.84,6.27,7.91,36.5,17.6,49.7,26.4,16,12,8,11,3,0,3,2,3,0,3,2,43.6,29.5,39.7,37.2,3,1,Overcast,Average,Night,6.8,9.6,7.7,7.98,4,1,1.1,12,4,24.9,26.3,Home,0.43,0.49,-13.200000000000003,0.7344062908639253,-8.799999999999997,-4.400000000000006,-0.05999999999999961,-1.0700000000000003,-0.5649999999999995,-2.8,-0.28000000000000025,8,3,-1.4000000000000021,-0.06,2,8,1,0,-2,0,-2,3.8999999999999986,-7.700000000000003,0.4545,0.3854,0.0691,0.5472,0.36,1.3,-0.3,1.6,0.75,0.125,0.125,7,1,6,Home_Win
ISL00558,2020-21,2020-10-15,Odisha FC,East Bengal FC,Bhubaneswar,4-3-3,5-3-2,7.36,7.77,6.12,7.77,42.7,22.1,36.7,23.2,9,11,12,19,3,0,3,2,4,1,3,3,26.6,35.1,32.3,26.0,3,2,Overcast,Average,Day,4.9,1.1,4.19,7.97,3,2,4.8,5,9,9.7,5.9,,0.44,0.5,6.0,1.163487421393073,-1.0999999999999979,7.099999999999998,1.2400000000000002,0.0,0.6199999999999992,3.8000000000000003,-3.7799999999999994,-4,1,3.799999999999999,-0.06,1,-3,-8,0,-2,1,-2,-5.699999999999996,9.100000000000001,0.2842,0.3673,-0.08310000000000001,0.3469,0.3111,-0.7,0.2,-0.8999999999999999,0.4286,0.2857,0.2857,14,9,5,Home_Win
ISL00559,2020-21,2020-10-16,Mumbai City FC,NorthEast United FC,Mumbai,4-3-3,4-3-3,7.69,5.74,6.68,6.45,21.5,9.7,30.7,18.1,11,12,10,12,4,1,5,0,5,1,8,1,19.9,15.7,24.1,26.2,1,0,Overcast,Good,Night,2.4,3.6,7.02,5.57,0,3,8.2,4,5,26.1,9.8,,0.32,0.43,-9.2,0.7003255047799659,-8.400000000000002,-0.7999999999999972,1.0100000000000007,-0.71,0.15000000000000036,-1.2000000000000002,1.4499999999999993,-1,-3,16.3,-0.10999999999999999,1,1,0,-1,1,-3,0,-4.200000000000003,-10.5,0.3814,0.404,-0.02260000000000001,0.413,0.4259,-0.6,0.8,-1.4,0.1333,0.3333,0.5333,6,7,-1,Draw
ISL00560,2020-21,2020-10-19,Punjab FC,Jamshedpur FC,Mohali,3-5-2,3-4-3,6.17,5.73,6.74,6.96,51.8,23.7,73.8,41.5,10,12,9,14,0,2,2,0,2,3,2,0,26.4,38.0,43.1,21.8,1,2,Rainy,Average,Night,5.3,6.6,8.56,9.57,2,1,7.9,5,12,26.9,14.8,,0.46,0.35,-22.0,0.7018969238622054,-17.8,-4.199999999999999,-0.5700000000000003,-1.2299999999999995,-0.8999999999999995,-1.2999999999999998,-1.0099999999999998,-7,1,12.099999999999998,0.11000000000000004,-1,1,-2,-2,2,0,3,-16.700000000000003,16.2,0.314,0.46,-0.14600000000000002,0.3,0.3478,0.8,1.4,-0.5999999999999999,0.4444,0.2222,0.3333,30,9,21,Home_Win
ISL00561,2020-21,2020-10-20,Mumbai City FC,ATK Mohun Bagan,Mumbai,4-2-3-1,5-3-2,6.47,8.26,6.99,7.15,39.2,21.9,55.6,27.3,7,10,17,15,1,1,1,3,1,1,4,6,37.1,31.2,29.2,32.4,0,0,Overcast,Poor,Night,6.7,3.7,7.0,8.1,4,1,1.8,2,8,16.3,14.4,,0.36,0.5,-16.4,0.7050358444180136,-5.400000000000002,-10.999999999999996,-0.5200000000000005,1.1099999999999994,0.29499999999999993,3.0,-1.0999999999999996,-6,3,1.9000000000000004,-0.14,0,-10,-5,0,-2,-3,-5,7.900000000000002,-1.1999999999999993,0.3776,0.3516,0.025999999999999968,0.4043,0.3269,-0.4,-0.9,0.5,0.6,0.0,0.4,4,14,-10,Home_Win
ISL00562,2020-21,2020-10-23,NorthEast United FC,ATK Mohun Bagan,Guwahati,4-2-3-1,4-4-2,6.02,6.56,6.87,6.48,36.0,20.8,52.4,36.5,9,9,12,19,0,0,3,1,0,1,3,2,21.1,27.8,16.8,15.1,1,3,Rainy,Good,Day,0.6,1.1,5.51,5.92,3,0,8.9,5,8,29.7,25.4,Away,0.45,0.42,-16.4,0.6870227696521432,-15.7,-0.6999999999999993,-0.8500000000000005,0.07999999999999918,-0.38500000000000156,-0.5000000000000001,-0.41000000000000014,-3,3,4.300000000000001,0.030000000000000027,-2,-3,-10,-3,-1,-3,-1,4.300000000000001,12.700000000000001,0.4,0.3478,0.052200000000000024,0.3778,0.3208,0.4,-1.0,1.4,0.5,0.375,0.125,7,3,4,Home_Win
ISL00563,2020-21,2020-10-24,East Bengal FC,FC Goa,Kolkata,4-2-3-1,4-3-3,7.34,6.92,7.4,7.72,56.0,28.7,40.0,19.7,8,12,10,19,3,1,0,2,4,1,1,3,44.0,25.8,16.9,15.6,2,3,Clear,Average,Night,4.1,4.3,7.86,7.87,1,3,1.8,9,9,12.7,16.8,,0.45,0.45,16.0,1.3999996500000873,9.0,7.0,-0.0600000000000005,-0.7999999999999998,-0.4300000000000006,-0.20000000000000018,-0.009999999999999787,0,-2,-4.100000000000001,0.0,-1,-2,-7,3,-1,3,-2,27.1,10.200000000000001,0.3636,0.4337,-0.0701,0.4151,0.4444,0.1,0.7,-0.6,0.4167,0.1667,0.4167,9,18,-9,Home_Win
ISL00564,2020-21,2020-10-26,Bengaluru FC,East Bengal FC,Bengaluru,3-5-2,4-4-2,5.37,6.83,6.86,6.63,47.5,25.9,35.4,19.3,10,16,7,20,2,1,2,1,4,1,2,1,19.0,16.5,25.5,26.7,3,1,Overcast,Good,Night,9.3,4.3,8.84,7.6,1,1,3.0,3,9,8.6,19.1,Away,0.43,0.41,12.100000000000001,1.3418075305628443,6.599999999999998,5.5000000000000036,-1.4900000000000002,0.20000000000000018,-0.6450000000000005,5.000000000000001,1.2400000000000002,-6,0,-10.500000000000002,0.020000000000000018,2,3,-4,0,0,2,0,-6.5,-10.2,0.3444,0.37,-0.02560000000000001,0.4048,0.3043,-0.1,0.1,-0.2,0.2,0.6,0.2,30,2,28,Draw
ISL00565,2020-21,2020-10-27,Chennaiyin FC,Odisha FC,Chennai,4-2-3-1,4-2-3-1,7.86,7.68,6.37,7.07,63.5,30.2,30.9,18.4,15,12,9,5,2,1,2,3,2,1,2,4,38.8,28.2,19.6,54.9,1,1,Rainy,Good,Night,4.9,7.4,7.94,6.14,1,2,1.6,3,5,12.6,15.8,,0.36,0.43,32.6,2.0550155161762085,11.8,20.799999999999997,1.4900000000000002,0.6099999999999994,1.049999999999999,-2.5,1.8000000000000007,-2,-1,-3.200000000000001,-0.07,0,6,7,0,-2,0,-3,19.199999999999996,-26.7,0.3176,0.2917,0.02589999999999998,0.381,0.2174,-0.3,-0.7,0.39999999999999997,0.375,0.25,0.375,21,12,9,Draw
ISL00566,2020-21,2020-10-29,Jamshedpur FC,Odisha FC,Jamshedpur,4-3-3,3-5-2,5.86,7.18,6.6,8.36,52.0,32.0,33.6,23.0,7,17,14,13,1,0,4,0,2,0,5,0,45.6,18.8,51.7,35.1,3,0,Overcast,Poor,Night,8.6,7.7,5.84,7.92,1,2,2.5,12,5,22.2,29.1,,0.36,0.3,18.4,1.5476185870182775,9.0,9.399999999999999,-0.7399999999999993,-1.1799999999999997,-0.96,0.8999999999999995,-2.08,7,-1,-6.900000000000002,0.06,3,-7,4,-3,0,-3,0,-6.100000000000001,-16.3,0.4554,0.2887,0.16670000000000001,0.5556,0.2128,1.1,-0.3,1.4000000000000001,0.25,0.4167,0.3333,10,2,8,Draw
ISL00567,2020-21,2020-11-02,Hyderabad FC,ATK Mohun Bagan,Hyderabad,3-5-2,4-2-3-1,7.75,7.3,6.56,7.72,36.1,19.8,29.4,15.4,8,14,8,14,0,2,1,1,1,2,1,1,46.6,46.5,21.7,35.7,0,0,Overcast,Average,Night,2.4,1.6,7.97,8.68,1,2,6.3,7,7,21.0,25.4,,0.48,0.35,6.700000000000003,1.227890738812674,4.4,2.3000000000000025,1.1900000000000004,-0.41999999999999993,0.3850000000000007,0.7999999999999998,-0.71,0,-1,-4.399999999999999,0.13,0,0,0,-1,1,0,1,24.900000000000002,10.799999999999997,0.3226,0.3441,-0.02150000000000002,0.4,0.3148,0.1,-1.0,1.1,0.2727,0.2727,0.4545,30,10,20,Home_Win
ISL00568,2020-21,2020-11-03,Chennaiyin FC,FC Goa,Chennai,4-4-2,4-3-3,6.5,6.33,7.53,6.47,40.5,19.9,45.4,21.7,9,7,7,8,3,0,6,1,4,0,6,1,40.1,31.1,50.6,51.2,2,0,Clear,Good,Day,1.6,0.3,8.52,8.46,1,3,2.9,4,8,8.7,8.6,,0.49,0.44,-4.899999999999999,0.8920702880902449,-1.8000000000000007,-3.099999999999998,-1.0300000000000002,-0.13999999999999968,-0.585,1.3,0.05999999999999872,-4,-2,0.09999999999999964,0.04999999999999999,2,2,-1,-3,-1,-2,-1,-10.5,-20.1,0.314,0.4286,-0.11459999999999998,0.3721,0.4324,-0.4,0.4,-0.8,0.1429,0.1429,0.7143,7,10,-3,Draw
ISL00569,2020-21,2020-11-04,NorthEast United FC,Jamshedpur FC,Guwahati,4-2-3-1,5-3-2,7.4,7.65,6.83,6.52,41.2,23.7,45.3,28.4,12,8,5,13,1,2,2,1,1,2,4,1,29.5,40.8,28.5,30.2,1,3,Humid,Good,Night,5.9,1.8,8.86,6.95,1,4,3.4,8,10,24.7,14.3,,0.45,0.3,-4.099999999999994,0.9094920729598074,-4.699999999999999,0.600000000000005,0.5700000000000003,1.1300000000000008,0.8500000000000005,4.1000000000000005,1.9099999999999993,-2,-3,10.399999999999999,0.15000000000000002,-2,7,-5,-1,1,-3,1,1.0,10.599999999999998,0.4059,0.451,-0.04510000000000003,0.3913,0.3404,0.6,0.9,-0.30000000000000004,0.1818,0.1818,0.6364,12,6,6,Draw
ISL00570,2020-21,2020-11-06,Odisha FC,Jamshedpur FC,Bhubaneswar,4-2-3-1,5-3-2,7.23,6.88,6.79,7.21,36.3,18.2,52.3,36.0,8,8,10,13,4,1,3,1,4,3,3,1,31.3,33.4,20.8,19.8,2,3,Overcast,Good,Night,5.0,9.2,5.85,8.45,2,1,5.5,6,8,7.7,8.7,,0.31,0.34,-16.0,0.694072525033934,-17.8,1.8000000000000007,0.4400000000000004,-0.33000000000000007,0.054999999999999716,-4.199999999999999,-2.5999999999999996,-2,1,-0.9999999999999991,-0.030000000000000027,-1,-2,-5,1,0,1,2,10.5,13.599999999999998,0.2857,0.4466,-0.1609,0.36,0.3333,-0.4,0.8,-1.2000000000000002,0.3077,0.4615,0.2308,8,2,6,Home_Win
ISL00571,2020-21,2020-11-06,Kerala Blasters,Hyderabad FC,Kochi,3-5-2,4-4-2,6.34,7.18,6.26,6.36,51.3,26.8,49.9,28.1,9,7,10,7,2,1,0,1,3,2,0,2,35.2,37.6,44.5,38.0,2,1,Overcast,Good,Night,2.4,0.7,8.37,8.04,4,1,2.5,9,7,15.6,29.0,Away,0.32,0.42,1.3999999999999986,1.0280559062012211,-1.3000000000000007,2.6999999999999993,0.08000000000000007,0.8199999999999994,0.4499999999999993,1.7,0.33000000000000007,2,3,-13.4,-0.09999999999999998,1,-1,0,2,0,3,0,-9.299999999999997,-0.3999999999999986,0.3402,0.3298,0.01040000000000002,0.42,0.2642,-0.2,0.1,-0.30000000000000004,0.5556,0.1111,0.3333,30,4,26,Home_Win
ISL00572,2020-21,2020-11-06,Punjab FC,ATK Mohun Bagan,Mohali,5-3-2,5-3-2,6.92,8.68,5.45,7.02,53.5,25.7,33.2,23.2,5,11,9,10,2,2,1,2,3,2,1,2,42.8,42.5,27.7,38.0,1,0,Humid,Average,Night,10.0,2.7,6.84,7.52,2,3,8.4,8,4,6.6,7.6,,0.32,0.31,20.299999999999997,1.61144529775744,2.5,17.799999999999997,1.4699999999999998,1.6600000000000001,1.5650000000000004,7.3,-0.6799999999999997,4,-1,-1.0,0.010000000000000009,1,-4,1,1,0,2,0,15.099999999999998,4.5,0.3218,0.3404,-0.018600000000000005,0.3137,0.3091,0.5,-1.1,1.6,0.375,0.0,0.625,18,4,14,Draw
ISL00573,2020-21,2020-11-07,Hyderabad FC,Bengaluru FC,Hyderabad,4-3-3,4-3-3,6.8,7.89,7.04,7.42,43.0,27.7,54.5,28.9,7,13,9,9,1,1,1,2,1,3,1,2,34.6,51.5,49.6,28.0,1,0,Humid,Good,Day,5.3,1.3,7.36,7.72,1,2,3.7,7,4,17.2,14.6,,0.43,0.34,-11.5,0.788990680919141,-1.1999999999999993,-10.3,-0.2400000000000002,0.46999999999999975,0.11499999999999932,4.0,-0.35999999999999943,3,-1,2.5999999999999996,0.08999999999999997,1,-2,4,0,-1,0,1,-15.0,23.5,0.3263,0.3407,-0.014400000000000024,0.4146,0.2917,-0.7,-0.1,-0.6,0.1111,0.3333,0.5556,1,12,-11,Away_Win
ISL00574,2020-21,2020-11-10,Odisha FC,Mumbai City FC,Bhubaneswar,3-4-3,4-2-3-1,6.91,7.01,6.8,7.07,42.5,22.1,51.2,34.3,6,16,5,12,0,1,3,0,1,1,3,0,47.9,26.5,43.0,33.7,1,1,Humid,Average,Night,2.6,8.1,7.53,6.86,1,3,7.3,8,5,24.5,21.6,Both,0.43,0.43,-8.700000000000003,0.8300779628753978,-12.199999999999996,3.499999999999993,0.11000000000000032,-0.0600000000000005,0.024999999999999467,-5.5,0.6699999999999999,3,-2,2.8999999999999986,0.0,0,1,4,-3,1,-2,1,4.899999999999999,-7.200000000000003,0.2929,0.3838,-0.09089999999999998,0.3725,0.3529,-0.1,-0.1,0.0,0.25,0.25,0.5,4,21,-17,Away_Win
ISL00575,2020-21,2020-11-12,East Bengal FC,Bengaluru FC,Kolkata,5-3-2,3-5-2,7.62,7.76,5.83,6.63,60.6,41.7,36.2,16.3,10,10,10,14,4,0,1,1,4,1,1,3,26.2,27.6,41.1,27.6,1,1,Rainy,Good,Night,6.3,5.7,6.93,6.65,1,1,6.6,7,6,27.0,24.2,Away,0.5,0.33,24.4,1.6740326867313018,25.400000000000002,-1.0000000000000036,1.79,1.13,1.459999999999999,0.5999999999999996,0.27999999999999936,1,0,2.8000000000000007,0.16999999999999998,0,0,-4,3,-1,3,-2,-14.900000000000002,0.0,0.3663,0.3478,0.018500000000000016,0.4259,0.3061,0.3,0.1,0.19999999999999998,0.1667,0.6667,0.1667,17,5,12,Home_Win
ISL00576,2020-21,2020-11-14,Mumbai City FC,Punjab FC,Mumbai,4-2-3-1,5-3-2,6.34,8.11,7.19,6.78,58.0,32.0,43.2,26.8,7,8,8,17,3,1,3,2,5,1,4,2,32.8,21.0,25.7,29.5,0,2,Overcast,Good,Night,9.4,5.6,8.63,7.02,1,1,2.8,8,8,12.4,22.2,,0.39,0.43,14.799999999999997,1.342592281807342,5.199999999999999,9.599999999999998,-0.8500000000000005,1.3299999999999992,0.23999999999999932,3.8000000000000007,1.6100000000000012,0,0,-9.799999999999999,-0.03999999999999998,-2,-1,-9,0,-1,1,-1,7.099999999999998,-8.5,0.39,0.3182,0.07180000000000003,0.4167,0.3333,0.0,0.6,-0.6,0.1667,0.5,0.3333,4,8,-4,Away_Win
ISL00577,2020-21,2020-11-14,Chennaiyin FC,Jamshedpur FC,Chennai,4-2-3-1,4-4-2,6.36,7.21,6.48,6.58,56.7,27.7,32.5,21.8,12,18,4,15,1,2,1,0,2,2,2,1,53.8,34.1,32.4,46.4,0,2,Overcast,Average,Night,1.1,5.7,7.35,7.63,0,3,2.9,4,5,7.9,18.6,,0.47,0.44,24.200000000000003,1.7446148478108159,5.899999999999999,18.300000000000004,-0.1200000000000001,0.6299999999999999,0.2549999999999999,-4.6,-0.28000000000000025,-1,-3,-10.700000000000001,0.02999999999999997,-2,8,3,0,2,0,1,21.4,-12.299999999999997,0.3103,0.4423,-0.132,0.3636,0.3265,-0.3,0.4,-0.7,0.1429,0.2857,0.5714,11,8,3,Away_Win
ISL00578,2020-21,2020-11-14,Bengaluru FC,Punjab FC,Bengaluru,5-3-2,5-3-2,6.88,7.41,6.71,6.71,51.1,32.0,52.1,27.1,14,13,8,15,2,1,2,2,3,1,3,2,25.3,47.0,39.6,28.8,0,1,Clear,Average,Day,8.2,7.9,8.51,6.68,2,0,4.7,5,11,16.7,20.7,Away,0.5,0.42,-1.0,0.9808059537800472,4.899999999999999,-5.899999999999999,0.16999999999999993,0.7000000000000002,0.4349999999999996,0.29999999999999893,1.83,-6,2,-4.0,0.08000000000000002,-1,6,-2,0,-1,0,-1,-14.3,18.2,0.3441,0.3258,0.01830000000000004,0.3953,0.3514,0.1,0.4,-0.30000000000000004,0.375,0.625,0.0,2,1,1,Home_Win
ISL00579,2020-21,2020-11-15,FC Goa,Mumbai City FC,Goa,3-5-2,5-3-2,7.17,7.4,6.08,6.82,58.1,36.8,33.2,22.0,7,16,10,7,7,1,0,2,8,1,0,3,32.9,21.2,52.8,19.7,0,1,Rainy,Good,Night,2.0,2.3,6.79,6.29,0,2,5.5,6,7,28.2,5.6,Away,0.43,0.47,24.9,1.7499994728917247,14.799999999999997,10.100000000000001,1.0899999999999999,0.5800000000000001,0.835,-0.2999999999999998,0.5,-1,-2,22.6,-0.03999999999999998,-1,-3,9,7,-1,8,-2,-19.9,1.5,0.4235,0.3861,0.03739999999999999,0.4255,0.3654,0.2,-0.3,0.5,0.0,0.6,0.4,12,1,11,Home_Win
ISL00580,2020-21,2020-11-15,Chennaiyin FC,Odisha FC,Chennai,3-4-3,4-2-3-1,6.58,6.86,6.2,7.65,41.0,27.5,42.3,25.4,9,15,9,9,1,1,3,1,1,5,3,1,41.0,36.3,21.3,28.1,0,0,Overcast,Good,Night,9.4,8.1,5.41,9.49,0,2,7.7,3,8,13.5,24.0,,0.4,0.43,-1.2999999999999972,0.9692669103387919,2.1000000000000014,-3.3999999999999986,0.3799999999999999,-0.79,-0.20500000000000007,1.3000000000000007,-4.08,-5,-2,-10.5,-0.02999999999999997,0,0,6,-2,0,-2,4,19.7,8.199999999999996,0.3068,0.29,0.016800000000000037,0.3556,0.2083,-0.4,0.0,-0.4,0.3333,0.3333,0.3333,1,5,-4,Home_Win
ISL00581,2020-21,2020-11-16,Chennaiyin FC,Odisha FC,Chennai,4-3-3,5-3-2,6.13,7.11,6.88,7.56,32.2,15.5,20.5,10.9,7,7,7,21,0,1,0,1,0,3,0,1,50.9,38.5,54.3,30.1,0,3,Overcast,Average,Night,1.0,1.6,7.21,4.68,1,1,1.4,6,5,16.4,23.7,,0.48,0.42,11.700000000000003,1.5707309411068582,4.6,7.100000000000003,-0.75,-0.4499999999999993,-0.5999999999999996,-0.6000000000000001,2.5300000000000002,1,0,-7.300000000000001,0.06,-3,0,-14,0,0,0,2,-3.3999999999999986,8.399999999999999,0.3146,0.2871,0.02749999999999997,0.3696,0.2041,0.2,-0.7,0.8999999999999999,0.4,0.3,0.3,1,1,0,Draw
ISL00582,2020-21,2020-11-18,NorthEast United FC,Kerala Blasters,Guwahati,4-4-2,3-4-3,7.06,6.87,5.69,8.0,36.8,23.8,49.3,22.7,8,17,12,14,1,0,1,0,1,0,3,0,41.3,41.4,33.7,16.4,2,2,Overcast,Good,Night,1.7,7.5,4.7,7.97,2,2,6.8,6,9,19.1,6.8,Away,0.45,0.44,-12.5,0.7464501528498675,1.1000000000000014,-13.600000000000001,1.3699999999999992,-1.13,0.11999999999999922,-5.8,-3.2699999999999996,-3,0,12.3,0.010000000000000009,0,-4,3,0,0,-2,0,7.599999999999994,25.0,0.402,0.3469,0.05510000000000004,0.383,0.2553,0.3,0.2,0.09999999999999998,0.4,0.3,0.3,14,12,2,Draw
ISL00583,2020-21,2020-11-21,NorthEast United FC,ATK Mohun Bagan,Guwahati,3-5-2,3-5-2,6.89,7.15,5.88,6.22,43.9,29.2,49.0,30.2,4,13,9,20,2,2,0,1,2,2,1,1,40.4,49.5,33.3,33.1,0,2,Rainy,Poor,Night,5.0,4.0,7.84,6.36,4,0,9.9,7,2,23.1,12.5,,0.42,0.35,-5.100000000000001,0.8959181845064929,-1.0,-4.100000000000001,1.0099999999999998,0.9300000000000006,0.9699999999999998,1.0,1.4799999999999995,5,4,10.600000000000001,0.07,-2,-5,-7,2,1,1,1,7.100000000000001,16.4,0.3981,0.3368,0.06130000000000002,0.375,0.3036,0.2,-0.6,0.8,0.5556,0.3333,0.1111,3,15,-12,Home_Win
ISL00584,2020-21,2020-11-23,Hyderabad FC,East Bengal FC,Hyderabad,4-4-2,4-3-3,6.86,7.71,6.77,7.51,49.8,26.2,41.5,22.6,14,25,10,9,0,1,2,0,0,1,5,0,17.8,44.6,26.4,27.3,2,0,Humid,Good,Night,5.4,7.6,7.13,5.82,2,2,5.6,7,7,13.4,13.8,,0.43,0.48,8.299999999999997,1.199999710843443,3.599999999999998,4.699999999999999,0.09000000000000075,0.20000000000000018,0.14500000000000046,-2.1999999999999993,1.3099999999999996,0,0,-0.40000000000000036,-0.04999999999999999,2,4,16,-2,1,-5,1,-8.599999999999998,17.3,0.3229,0.3725,-0.04959999999999998,0.4048,0.2979,-0.7,0.3,-1.0,0.4286,0.1429,0.4286,16,11,5,Home_Win
ISL00585,2020-21,2020-11-26,Punjab FC,Hyderabad FC,Mohali,3-5-2,3-5-2,6.91,7.76,6.49,7.51,44.6,25.1,59.3,34.7,13,19,6,16,2,2,0,0,2,4,1,1,26.3,28.8,30.4,40.1,1,0,Overcast,Poor,Night,9.3,1.8,5.46,6.7,0,4,3.0,10,9,10.5,8.0,,0.43,0.45,-14.699999999999996,0.752107798970017,-9.600000000000001,-5.099999999999994,0.41999999999999993,0.25,0.33499999999999996,7.500000000000001,-1.2400000000000002,1,-4,2.5,-0.020000000000000018,1,7,3,2,2,1,3,-4.099999999999998,-11.3,0.3222,0.3299,-0.00770000000000004,0.3077,0.2593,0.3,-0.4,0.7,0.3,0.3,0.4,12,3,9,Home_Win
ISL00586,2020-21,2020-11-26,Mumbai City FC,Kerala Blasters,Mumbai,4-2-3-1,4-3-3,6.5,6.26,7.03,7.56,27.8,16.8,55.6,27.8,6,10,10,10,0,0,1,1,0,0,3,1,48.7,27.1,42.9,40.7,1,1,Overcast,Good,Night,1.5,6.6,8.06,8.95,2,3,3.3,7,9,13.1,27.4,Home,0.38,0.42,-27.8,0.4999999100719586,-11.0,-16.8,-0.5300000000000002,-1.2999999999999998,-0.915,-5.1,-0.8899999999999988,-2,-1,-14.299999999999999,-0.03999999999999998,0,-4,0,-1,-1,-3,-1,5.800000000000004,-13.600000000000001,0.3824,0.3434,0.039000000000000035,0.4082,0.25,-0.2,0.4,-0.6000000000000001,0.3333,0.0,0.6667,11,8,3,Draw
ISL00587,2020-21,2020-11-27,Jamshedpur FC,NorthEast United FC,Jamshedpur,4-4-2,5-3-2,5.83,6.84,7.97,6.56,39.7,20.3,63.6,28.9,7,14,6,12,0,0,2,2,1,0,2,4,18.7,53.5,20.3,35.7,2,0,Humid,Average,Night,4.2,3.6,6.07,5.94,3,1,9.2,5,9,5.7,16.0,,0.5,0.43,-23.9,0.6242137383311732,-8.599999999999998,-15.3,-2.1399999999999997,0.28000000000000025,-0.9299999999999997,0.6000000000000001,0.1299999999999999,-4,2,-10.3,0.07,2,1,2,-2,-2,-1,-4,-1.6000000000000014,17.799999999999997,0.4476,0.4038,0.043800000000000006,0.5455,0.4182,0.4,0.2,0.2,0.5833,0.25,0.1667,13,6,7,Draw
ISL00588,2020-21,2020-11-29,Punjab FC,Jamshedpur FC,Mohali,4-2-3-1,4-3-3,5.83,6.96,6.59,6.57,35.2,23.5,53.2,25.2,7,10,7,8,2,0,2,0,2,0,4,0,37.5,46.4,25.3,49.7,1,1,Clear,Average,Night,6.2,2.9,5.99,5.87,3,1,6.3,10,6,29.8,12.5,,0.49,0.36,-18.0,0.6616540109672912,-1.6999999999999993,-16.3,-0.7599999999999998,0.3899999999999997,-0.1850000000000005,3.3000000000000003,0.1200000000000001,4,2,17.3,0.13,0,0,2,0,0,-2,0,12.2,-3.3000000000000043,0.3297,0.4434,-0.11370000000000002,0.3208,0.34,0.2,0.6,-0.39999999999999997,0.5,0.2,0.3,3,2,1,Home_Win
ISL00589,2020-21,2020-11-30,Kerala Blasters,ATK Mohun Bagan,Kochi,4-3-3,4-4-2,5.97,6.93,7.54,6.31,45.9,28.7,42.9,26.2,4,16,9,20,0,0,2,1,0,0,2,2,21.1,22.5,54.1,30.3,2,1,Overcast,Good,Night,0.6,1.6,6.32,7.88,3,1,2.3,9,1,5.8,22.1,,0.47,0.45,3.0,1.0699298205291792,2.5,0.5,-1.5700000000000003,0.6200000000000001,-0.47500000000000053,-1.0,-1.5599999999999996,8,2,-16.3,0.019999999999999962,1,-5,-4,-2,-1,-2,-2,-33.0,-7.800000000000001,0.34,0.3333,0.006700000000000039,0.4314,0.2982,0.5,-0.7,1.2,0.3333,0.4444,0.2222,4,9,-5,Away_Win
ISL00590,2020-21,2020-12-03,NorthEast United FC,Kerala Blasters,Guwahati,3-5-2,3-5-2,6.76,6.97,6.04,6.72,23.5,15.6,57.5,27.7,10,11,6,11,1,0,2,1,2,0,3,1,28.3,25.4,47.9,44.9,0,3,Overcast,Good,Night,2.0,3.5,5.42,8.0,1,2,8.0,9,8,6.8,19.5,,0.49,0.32,-34.0,0.4086955810964207,-12.1,-21.9,0.7199999999999998,0.25,0.4850000000000003,-1.5,-2.58,1,-1,-12.7,0.16999999999999998,-3,4,0,-1,-1,-1,-1,-19.599999999999998,-19.5,0.4,0.3366,0.06340000000000001,0.3878,0.2449,0.2,0.3,-0.09999999999999998,0.3636,0.3636,0.2727,6,3,3,Away_Win
ISL00591,2020-21,2020-12-07,East Bengal FC,Mumbai City FC,Kolkata,3-4-3,4-4-2,6.76,7.2,5.88,7.06,20.9,11.8,38.8,20.3,10,10,7,14,3,1,3,1,3,1,5,1,42.3,51.1,20.8,20.2,0,3,Humid,Average,Night,4.1,1.0,7.08,5.25,1,4,9.4,7,7,23.9,11.8,,0.3,0.46,-17.9,0.538659654984625,-8.5,-9.399999999999999,0.8799999999999999,0.14000000000000057,0.5100000000000007,3.0999999999999996,1.83,0,-3,12.099999999999998,-0.16000000000000003,-3,3,-4,0,0,-2,0,21.499999999999996,30.900000000000002,0.3689,0.3786,-0.009699999999999986,0.4364,0.3585,0.2,-0.3,0.5,0.4,0.1,0.5,14,11,3,Home_Win
ISL00592,2020-21,2020-12-15,FC Goa,Hyderabad FC,Goa,4-3-3,4-2-3-1,6.4,6.78,7.72,6.89,37.6,21.8,58.2,34.8,8,9,10,10,2,1,4,1,3,1,5,1,37.6,38.9,33.7,31.7,2,1,Rainy,Good,Night,6.3,2.4,7.02,6.63,1,0,4.8,8,6,20.5,24.7,,0.46,0.5,-20.6,0.6460479989608249,-12.999999999999996,-7.600000000000005,-1.3199999999999994,-0.10999999999999943,-0.7149999999999999,3.9,0.3899999999999997,2,1,-4.199999999999999,-0.03999999999999998,1,-2,-1,-2,0,-2,0,3.8999999999999986,7.199999999999999,0.4302,0.3265,0.10370000000000001,0.4375,0.2545,0.4,-0.7,1.1,0.25,0.75,0.0,30,19,11,Away_Win
ISL00593,2020-21,2020-12-17,Chennaiyin FC,Mumbai City FC,Chennai,3-5-2,4-4-2,6.68,6.95,6.57,6.21,34.5,17.2,59.2,30.7,13,16,7,16,2,1,2,0,3,2,2,2,27.0,42.0,26.0,32.0,2,1,Overcast,Good,Day,5.1,6.1,8.24,6.59,2,2,9.0,6,4,18.3,23.7,,0.33,0.32,-24.700000000000003,0.5827701718293629,-13.5,-11.200000000000003,0.10999999999999943,0.7400000000000002,0.42499999999999893,-1.0,1.6500000000000004,2,0,-5.399999999999999,0.010000000000000009,1,6,0,0,1,1,0,1.0,10.0,0.3111,0.375,-0.06390000000000001,0.3617,0.3519,0.1,-0.3,0.4,0.2857,0.2857,0.4286,30,10,20,Away_Win
ISL00594,2020-21,2020-12-18,FC Goa,Kerala Blasters,Goa,4-3-3,3-4-3,6.27,6.77,6.93,7.43,47.4,25.1,43.2,24.5,7,16,9,10,3,1,2,1,4,1,2,1,51.3,19.2,21.4,54.1,2,0,Humid,Average,Day,7.8,9.6,6.11,7.82,4,0,7.2,7,8,27.7,9.0,,0.46,0.34,4.199999999999996,1.0972219682356552,0.6000000000000014,3.5999999999999943,-0.6600000000000001,-0.6600000000000001,-0.6600000000000001,-1.7999999999999998,-1.71,-1,4,18.7,0.12,2,-2,6,1,0,2,0,29.9,-34.900000000000006,0.4253,0.3431,0.0822,0.4286,0.26,0.5,0.4,0.09999999999999998,0.6667,0.25,0.0833,3,15,-12,Away_Win
ISL00595,2020-21,2020-12-19,Chennaiyin FC,East Bengal FC,Chennai,4-2-3-1,5-3-2,6.8,8.24,5.7,6.3,54.0,34.1,37.3,20.6,4,12,8,14,0,1,0,2,1,2,0,2,26.8,41.9,34.8,24.6,1,1,Clear,Good,Night,4.1,6.3,7.73,8.23,3,1,6.3,5,10,11.3,27.2,Away,0.46,0.33,16.700000000000003,1.4477207914957664,13.5,3.200000000000003,1.0999999999999996,1.9400000000000004,1.5199999999999996,-2.2,-0.5,-5,2,-15.899999999999999,0.13,0,-4,-2,0,-1,1,0,-7.9999999999999964,17.299999999999997,0.3077,0.375,-0.06730000000000003,0.3542,0.2917,0.2,0.8,-0.6000000000000001,0.5,0.3333,0.1667,2,12,-10,Home_Win
ISL00596,2020-21,2020-12-21,East Bengal FC,ATK Mohun Bagan,Kolkata,4-2-3-1,4-3-3,6.26,8.01,7.1,7.14,48.2,33.2,52.8,34.0,9,16,11,17,1,0,2,1,2,1,2,2,51.5,37.9,24.2,36.3,0,0,Humid,Good,Night,7.5,5.7,8.43,5.37,2,1,6.7,7,4,24.3,27.1,,0.45,0.42,-4.599999999999994,0.9128786149851108,-0.7999999999999972,-3.799999999999997,-0.8399999999999999,0.8700000000000001,0.015000000000000568,1.7999999999999998,3.0599999999999996,3,1,-2.8000000000000007,0.030000000000000027,0,-2,-1,-1,-1,0,-1,27.3,1.6000000000000014,0.3714,0.3402,0.031200000000000006,0.4464,0.3103,0.3,-0.4,0.7,0.5714,0.2857,0.1429,2,21,-19,Draw
ISL00597,2020-21,2020-12-21,ATK Mohun Bagan,Kerala Blasters,Kolkata,3-5-2,5-3-2,7.01,6.75,7.47,6.66,32.4,15.8,27.8,15.3,8,16,9,8,5,1,3,0,5,1,3,0,37.4,22.9,52.2,52.7,3,2,Rainy,Good,Night,6.0,7.3,6.64,6.17,2,3,2.0,5,8,29.7,7.1,Home,0.33,0.4,4.599999999999998,1.1654672066664724,0.5,4.099999999999998,-0.45999999999999996,0.08999999999999986,-0.1849999999999996,-1.2999999999999998,0.46999999999999975,-3,-1,22.6,-0.07,1,-1,8,2,1,2,1,-14.800000000000004,-29.800000000000004,0.3367,0.3495,-0.012799999999999978,0.3846,0.2745,-0.4,0.4,-0.8,0.3,0.4,0.3,1,3,-2,Away_Win
ISL00598,2020-21,2020-12-21,Punjab FC,East Bengal FC,Mohali,3-5-2,4-2-3-1,6.88,7.53,7.26,6.45,30.4,14.1,52.4,27.3,9,18,13,15,2,3,2,1,2,4,2,1,33.2,38.4,53.4,20.4,2,0,Overcast,Good,Day,0.5,0.5,6.34,4.57,2,1,5.0,10,7,19.9,21.5,Away,0.43,0.35,-22.0,0.5801525610395876,-13.200000000000001,-8.8,-0.3799999999999999,1.08,0.34999999999999964,0.0,1.7699999999999996,3,1,-1.6000000000000014,0.08000000000000002,2,-4,3,0,2,0,3,-20.199999999999996,18.0,0.337,0.3679,-0.030899999999999983,0.3333,0.2857,0.4,0.1,0.30000000000000004,0.4167,0.25,0.3333,22,1,21,Home_Win
ISL00599,2020-21,2020-12-22,Hyderabad FC,Chennaiyin FC,Hyderabad,4-3-3,4-2-3-1,8.04,6.74,7.06,6.73,72.9,34.0,45.6,31.8,10,19,12,11,3,3,1,3,3,4,1,4,27.1,48.7,38.6,50.4,3,1,Rainy,Good,Day,3.8,7.7,8.15,4.83,4,0,6.7,6,7,23.3,5.6,,0.32,0.32,27.300000000000004,1.59868385993775,2.1999999999999993,25.100000000000005,0.9799999999999995,0.009999999999999787,0.4950000000000001,-3.9000000000000004,3.3200000000000003,-1,4,17.700000000000003,0.0,2,-2,8,2,0,2,0,-11.5,-1.6999999999999957,0.3333,0.3152,0.018100000000000005,0.4186,0.2558,-0.7,0.5,-1.2,0.7143,0.2857,0.0,7,3,4,Draw
ISL00600,2020-21,2020-12-22,FC Goa,Odisha FC,Goa,5-3-2,4-4-2,6.03,6.93,6.31,6.87,60.9,34.0,31.0,15.3,7,20,11,8,2,0,4,0,3,0,5,0,50.7,41.9,41.7,45.7,0,1,Clear,Average,Night,3.5,8.8,7.36,8.2,1,0,7.1,4,5,7.6,28.9,,0.48,0.35,29.9,1.964515495317582,18.7,11.2,-0.27999999999999936,0.05999999999999961,-0.10999999999999943,-5.300000000000001,-0.839999999999999,-1,1,-21.299999999999997,0.13,-1,-4,12,-2,0,-2,0,9.0,-3.8000000000000043,0.4205,0.2843,0.1362,0.42,0.2,0.2,-0.7,0.8999999999999999,0.2222,0.5556,0.2222,4,30,-26,Home_Win
ISL00601,2020-21,2020-12-24,East Bengal FC,NorthEast United FC,Kolkata,5-3-2,3-4-3,6.7,6.74,6.82,6.84,56.6,36.7,51.4,31.4,14,12,8,20,2,3,2,1,3,4,3,1,42.4,41.9,17.1,30.5,0,2,Rainy,Good,Night,9.5,3.6,6.78,9.27,2,2,9.7,4,6,27.3,21.7,,0.47,0.32,5.200000000000003,1.1011671009402528,5.300000000000004,-0.10000000000000142,-0.1200000000000001,-0.09999999999999964,-0.10999999999999943,5.9,-2.4899999999999993,-2,0,5.600000000000001,0.14999999999999997,-2,6,-8,0,2,0,3,25.299999999999997,11.399999999999999,0.3645,0.3962,-0.031700000000000006,0.4386,0.4107,-0.5,0.3,-0.8,0.4545,0.1818,0.3636,3,21,-18,Home_Win
ISL00602,2020-21,2020-12-24,Mumbai City FC,Hyderabad FC,Mumbai,4-4-2,3-5-2,7.8,5.88,7.35,6.94,40.8,20.7,35.8,21.7,7,11,12,15,2,0,3,1,3,1,3,2,18.4,24.7,38.3,51.3,0,1,Rainy,Good,Night,6.6,9.3,8.08,8.55,3,1,9.8,4,7,26.5,18.9,,0.37,0.4,5.0,1.1396644861272385,-1.0,6.0,0.4500000000000002,-1.0600000000000005,-0.3049999999999997,-2.700000000000001,-0.47000000000000064,-3,2,7.600000000000001,-0.030000000000000027,-1,-5,-4,-1,-1,0,-1,-19.9,-26.599999999999998,0.381,0.33,0.05099999999999999,0.4,0.2679,0.0,-0.6,0.6,0.3636,0.2727,0.3636,7,2,5,Home_Win
ISL00603,2020-21,2020-12-25,Chennaiyin FC,Punjab FC,Chennai,3-4-3,3-4-3,7.59,7.52,6.71,7.23,35.8,20.4,38.3,20.6,9,11,9,17,0,1,2,1,0,3,4,1,51.6,54.7,23.8,44.5,0,1,Rainy,Poor,Night,5.9,9.6,6.75,6.29,0,1,2.2,8,12,16.6,14.8,,0.49,0.5,-2.5,0.934725604510286,-0.20000000000000284,-2.299999999999997,0.8799999999999999,0.28999999999999915,0.5849999999999991,-3.6999999999999993,0.45999999999999996,-4,-1,1.8000000000000007,-0.010000000000000009,-1,0,-6,-2,0,-4,2,27.8,10.200000000000003,0.3118,0.3441,-0.032299999999999995,0.3673,0.3421,0.5,0.5,0.0,0.4,0.4,0.2,3,4,-1,Away_Win
ISL00604,2020-21,2020-12-26,Jamshedpur FC,Kerala Blasters,Jamshedpur,4-4-2,5-3-2,6.66,7.68,7.17,7.29,50.5,29.2,39.8,25.3,7,15,11,17,3,0,2,0,3,0,5,1,45.3,27.1,39.0,54.1,2,1,Overcast,Good,Day,8.7,3.2,8.16,7.48,3,2,1.4,5,10,14.5,25.2,,0.36,0.49,10.700000000000003,1.2688439023005271,3.8999999999999986,6.800000000000004,-0.5099999999999998,0.3899999999999997,-0.0600000000000005,5.499999999999999,0.6799999999999997,-5,1,-10.7,-0.13,1,-4,-2,1,0,-2,-1,6.299999999999997,-27.0,0.4393,0.3558,0.08350000000000002,0.5357,0.2885,0.0,0.5,-0.5,0.5833,0.1667,0.25,27,5,22,Home_Win
ISL00605,2020-21,2020-12-27,East Bengal FC,Bengaluru FC,Kolkata,3-4-3,4-4-2,6.87,6.65,6.13,7.66,37.2,24.5,49.6,31.7,9,16,3,13,3,2,1,0,3,4,1,2,50.5,26.2,44.5,39.5,0,1,Overcast,Average,Night,1.8,1.1,5.62,5.44,2,1,8.4,7,8,10.6,7.2,Both,0.42,0.44,-12.399999999999999,0.7499998487903531,-7.199999999999999,-5.199999999999999,0.7400000000000002,-1.0099999999999998,-0.1349999999999998,0.7,0.17999999999999972,-1,1,3.3999999999999995,-0.020000000000000018,-1,6,3,2,2,2,2,6.0,-13.3,0.3704,0.3511,0.019299999999999984,0.4483,0.3,-0.2,0.3,-0.5,0.2857,0.5714,0.1429,3,30,-27,Away_Win
ISL00606,2020-21,2020-12-28,Chennaiyin FC,Odisha FC,Chennai,4-2-3-1,4-2-3-1,7.15,6.79,6.94,6.87,14.0,6.9,49.6,28.2,10,17,11,11,2,0,3,0,2,1,4,2,47.2,36.2,38.6,41.1,1,1,Clear,Good,Night,9.9,8.8,7.31,7.09,1,0,3.1,5,4,17.9,22.1,,0.32,0.47,-35.6,0.2822580076092726,-21.299999999999997,-14.300000000000002,0.20999999999999996,-0.08000000000000007,0.06500000000000039,1.0999999999999996,0.21999999999999975,1,1,-4.200000000000003,-0.14999999999999997,0,-1,6,-1,0,-2,-1,8.600000000000001,-4.899999999999999,0.3085,0.2816,0.02689999999999998,0.36,0.1961,0.4,-0.4,0.8,0.3636,0.3636,0.2727,3,6,-3,Draw
ISL00607,2020-21,2020-12-31,FC Goa,Kerala Blasters,Goa,3-5-2,3-4-3,7.42,6.07,6.82,7.12,53.9,24.5,38.4,20.4,14,11,4,11,3,2,3,0,3,2,4,1,15.7,34.6,17.7,35.4,0,0,Humid,Average,Night,5.3,3.4,6.06,6.23,3,1,3.0,7,9,29.2,25.1,,0.43,0.44,15.5,1.4036454678006594,4.100000000000001,11.399999999999999,0.5999999999999996,-1.0499999999999998,-0.22500000000000053,1.9,-0.17000000000000082,-2,2,4.099999999999998,-0.010000000000000009,0,10,0,0,2,-1,1,-2.0,-0.7999999999999972,0.427,0.3524,0.0746,0.4314,0.283,0.4,0.3,0.10000000000000003,0.6154,0.2308,0.1538,9,5,4,Home_Win
ISL00608,2020-21,2021-01-02,East Bengal FC,Hyderabad FC,Kolkata,3-4-3,3-5-2,7.16,6.22,6.74,7.09,39.8,23.0,23.9,11.4,9,18,17,14,0,1,2,1,1,2,2,1,52.7,37.8,20.7,20.0,0,1,Rainy,Poor,Night,8.9,7.4,4.88,6.87,2,2,9.9,4,7,21.1,8.2,Away,0.39,0.39,15.899999999999999,1.665271269760975,11.6,4.299999999999999,0.41999999999999993,-0.8700000000000001,-0.22500000000000053,1.5,-1.9900000000000002,-3,0,12.900000000000002,0.0,-1,-8,4,-2,0,-1,1,32.0,17.799999999999997,0.367,0.3267,0.0403,0.4407,0.2632,-0.1,-0.5,0.4,0.375,0.125,0.5,6,9,-3,Home_Win
ISL00609,2020-21,2021-01-04,East Bengal FC,Jamshedpur FC,Kolkata,4-3-3,3-5-2,5.95,6.96,7.21,7.99,39.5,21.3,43.1,28.8,11,12,8,15,1,0,0,1,2,0,1,4,33.6,19.6,54.5,15.1,0,0,Clear,Good,Night,0.5,3.6,9.26,6.19,2,2,6.2,7,7,23.3,20.1,,0.44,0.47,-3.6000000000000014,0.9164731052266576,-7.5,3.8999999999999986,-1.2599999999999998,-1.0300000000000002,-1.1449999999999996,-3.1,3.0699999999999994,0,0,3.1999999999999993,-0.02999999999999997,0,3,-3,1,-1,1,-4,-20.9,4.500000000000002,0.3727,0.4444,-0.07170000000000004,0.45,0.3333,-0.1,0.1,-0.2,0.4,0.2,0.4,2,9,-7,Home_Win
ISL00610,2020-21,2021-01-05,Punjab FC,Chennaiyin FC,Mohali,3-4-3,5-3-2,6.95,7.35,6.09,7.08,45.2,23.6,62.7,43.6,5,12,6,22,2,0,2,1,3,1,3,3,17.0,31.6,47.3,30.8,0,1,Humid,Good,Night,9.1,1.9,7.25,7.8,2,0,4.0,12,5,18.3,5.8,Both,0.5,0.46,-17.5,0.720893026970809,-20.0,2.5,0.8600000000000003,0.2699999999999996,0.5650000000000004,7.199999999999999,-0.5499999999999998,7,2,12.5,0.03999999999999998,-1,-1,-10,0,-1,0,-2,-30.299999999999997,0.8000000000000007,0.3511,0.3053,0.04580000000000001,0.3455,0.25,0.8,0.4,0.4,0.2727,0.3636,0.3636,11,8,3,Home_Win
ISL00611,2020-21,2021-01-09,NorthEast United FC,East Bengal FC,Guwahati,4-4-2,4-3-3,6.69,6.9,6.37,6.7,53.7,34.5,38.0,19.8,10,19,9,15,1,0,3,0,2,4,3,0,34.7,15.1,45.1,42.2,0,2,Rainy,Good,Night,2.2,9.3,7.19,5.02,1,3,3.3,5,9,8.3,15.1,,0.48,0.31,15.700000000000003,1.4131575228532833,14.7,1.0000000000000036,0.3200000000000003,0.20000000000000018,0.2599999999999998,-7.1000000000000005,2.170000000000001,-4,-2,-6.799999999999999,0.16999999999999998,-2,1,4,-2,0,-1,4,-10.399999999999999,-27.1,0.3925,0.3784,0.014100000000000001,0.38,0.28,0.0,0.0,0.0,0.3333,0.1667,0.5,16,5,11,Home_Win
ISL00612,2020-21,2021-01-10,Chennaiyin FC,Odisha FC,Chennai,3-5-2,3-5-2,6.53,7.78,5.7,8.57,34.4,21.4,62.2,33.0,8,11,5,15,1,1,1,0,3,2,1,1,51.9,17.3,16.0,27.9,1,2,Rainy,Poor,Night,6.2,4.9,6.92,7.02,1,0,9.6,5,2,10.0,13.6,,0.46,0.46,-27.800000000000004,0.5530545734638949,-11.600000000000001,-16.200000000000003,0.8300000000000001,-0.79,0.020000000000000462,1.2999999999999998,-0.09999999999999964,3,1,-3.5999999999999996,0.0,-1,3,-4,0,1,2,1,35.9,-10.599999999999998,0.3021,0.2788,0.023299999999999987,0.3529,0.1923,0.3,-0.4,0.7,0.3333,0.4167,0.25,5,13,-8,Home_Win
ISL00613,2020-21,2021-01-20,Hyderabad FC,Mumbai City FC,Hyderabad,4-2-3-1,4-4-2,6.58,7.15,6.64,6.94,24.3,11.4,31.2,19.1,6,14,15,17,2,2,1,1,2,3,2,2,34.9,19.6,26.3,49.6,1,1,Clear,Average,Night,2.1,8.1,6.52,8.2,1,4,2.1,4,7,10.6,19.4,,0.47,0.48,-6.899999999999999,0.7788459042160564,-7.700000000000001,0.8000000000000025,-0.05999999999999961,0.20999999999999996,0.07500000000000018,-6.0,-1.6799999999999997,-3,-3,-8.799999999999999,-0.010000000000000009,0,-9,-3,1,1,0,1,8.599999999999998,-30.0,0.3235,0.3868,-0.06329999999999997,0.4091,0.3636,-0.6,0.4,-1.0,0.3333,0.25,0.4167,18,27,-9,Away_Win
ISL00614,2020-21,2021-01-23,Kerala Blasters,Jamshedpur FC,Kochi,4-4-2,3-4-3,8.02,7.16,5.88,6.98,38.2,22.4,26.4,17.0,17,14,10,13,0,1,5,0,0,1,5,1,21.8,28.3,45.9,53.6,1,2,Overcast,Poor,Night,8.7,6.3,7.16,7.18,1,4,7.7,9,7,27.6,18.8,,0.47,0.41,11.800000000000004,1.4469691488753227,5.399999999999999,6.400000000000006,2.1399999999999997,0.17999999999999972,1.1600000000000001,2.3999999999999995,-0.019999999999999574,2,-3,8.8,0.06,-1,7,1,-5,1,-5,0,-24.099999999999998,-25.3,0.3491,0.4404,-0.09129999999999999,0.4231,0.3269,0.1,-0.3,0.4,0.2308,0.1538,0.6154,23,19,4,Away_Win
ISL00615,2020-21,2021-01-31,Odisha FC,ATK Mohun Bagan,Bhubaneswar,4-3-3,4-3-3,7.55,7.33,6.69,7.84,51.1,33.2,44.9,29.7,6,13,5,13,1,0,3,0,2,2,4,1,44.3,23.2,53.4,29.6,1,2,Humid,Poor,Day,7.7,1.1,6.9,9.39,1,3,7.6,2,5,5.2,7.6,,0.42,0.3,6.200000000000003,1.1380843790457953,3.5000000000000036,2.6999999999999993,0.8599999999999994,-0.5099999999999998,0.17499999999999893,6.6,-2.49,-3,-2,-2.3999999999999995,0.12,-1,1,0,-2,0,-2,1,-9.100000000000001,-6.400000000000002,0.2762,0.3333,-0.057099999999999984,0.3654,0.3051,-0.6,-0.6,0.0,0.25,0.0,0.75,21,30,-9,Draw
ISL00616,2020-21,2021-02-02,FC Goa,Hyderabad FC,Goa,4-3-3,3-5-2,6.12,6.45,5.85,7.56,59.5,40.3,19.1,12.3,5,12,5,19,1,3,2,5,1,5,4,6,40.7,24.8,42.1,33.3,1,2,Humid,Average,Day,3.6,8.5,9.21,9.3,1,1,6.8,9,4,14.1,6.9,Home,0.46,0.36,40.4,3.1151816150881593,27.999999999999996,12.400000000000002,0.27000000000000046,-1.1099999999999994,-0.41999999999999993,-4.9,-0.08999999999999986,5,0,7.199999999999999,0.10000000000000003,-1,0,-7,-1,-2,-3,-1,-1.3999999999999986,-8.499999999999996,0.4333,0.3204,0.1129,0.4423,0.2586,0.4,-0.8,1.2000000000000002,0.2,0.6,0.2,30,13,17,Draw
ISL00617,2020-21,2021-02-03,Hyderabad FC,NorthEast United FC,Hyderabad,3-4-3,4-3-3,7.25,7.31,6.66,6.36,57.8,26.0,52.3,32.4,11,11,6,13,3,1,4,1,4,2,4,2,54.6,52.2,48.4,42.5,1,2,Rainy,Average,Night,9.2,0.8,7.31,8.42,1,2,8.0,2,7,23.1,6.0,,0.33,0.49,5.5,1.105162312588468,-6.399999999999999,11.899999999999999,0.5899999999999999,0.9499999999999993,0.7699999999999996,8.399999999999999,-1.1100000000000003,-5,-1,17.1,-0.15999999999999998,-1,5,-2,-1,0,0,0,6.200000000000003,9.700000000000003,0.3173,0.3981,-0.08079999999999998,0.4,0.4035,-0.9,0.5,-1.4,0.1667,0.5,0.3333,1,25,-24,Draw
ISL00618,2020-21,2021-02-04,ATK Mohun Bagan,Hyderabad FC,Kolkata,3-5-2,4-3-3,6.56,7.92,6.48,7.41,56.1,36.6,27.1,16.4,7,15,3,19,0,0,0,1,0,0,0,2,46.4,49.3,45.7,54.4,1,3,Humid,Poor,Night,10.0,8.7,6.83,5.74,1,2,9.6,5,2,26.9,11.0,,0.4,0.31,29.0,2.070109937228805,20.200000000000003,8.799999999999997,0.07999999999999918,0.5099999999999998,0.29499999999999993,1.3000000000000007,1.0899999999999999,3,-1,15.899999999999999,0.09000000000000002,-2,4,-4,0,-1,0,-2,0.6999999999999957,-5.100000000000001,0.33,0.3143,0.015699999999999992,0.375,0.2542,-0.7,-0.7,0.0,0.4167,0.25,0.3333,4,1,3,Home_Win
ISL00619,2020-21,2021-02-05,Bengaluru FC,Hyderabad FC,Bengaluru,4-4-2,4-3-3,7.72,7.17,6.67,8.16,42.0,19.4,38.8,17.6,9,17,6,14,6,3,2,0,7,3,2,1,47.3,50.2,18.5,39.7,1,0,Overcast,Average,Night,0.0,9.6,8.15,6.67,2,1,1.1,10,2,12.2,5.3,,0.37,0.31,3.200000000000003,1.0824739478159928,1.7999999999999972,1.4000000000000057,1.0499999999999998,-0.9900000000000002,0.03000000000000025,-9.6,1.4800000000000004,8,1,6.8999999999999995,0.06,1,3,3,4,3,5,2,28.799999999999997,10.5,0.3579,0.3113,0.046599999999999975,0.4091,0.25,-0.1,-0.7,0.6,0.6,0.3,0.1,30,1,29,Away_Win
ISL00620,2020-21,2021-02-12,Odisha FC,Punjab FC,Bhubaneswar,4-2-3-1,4-2-3-1,6.56,8.13,7.47,8.15,36.7,22.8,54.7,31.3,12,14,8,8,0,0,1,0,0,1,2,0,37.6,21.4,16.2,49.5,2,1,Clear,Average,Night,2.7,0.9,7.84,7.87,0,2,2.5,3,15,10.1,18.9,,0.37,0.43,-18.0,0.6709322356613828,-8.5,-9.5,-0.9100000000000001,-0.019999999999999574,-0.46499999999999986,1.8000000000000003,-0.03000000000000025,-12,-2,-8.799999999999999,-0.06,1,4,6,-1,0,-2,1,21.400000000000002,-28.1,0.2736,0.3579,-0.08429999999999999,0.3585,0.359,-0.8,0.9,-1.7000000000000002,0.0,0.6,0.4,12,30,-18,Home_Win
ISL00621,2020-21,2021-02-12,Kerala Blasters,NorthEast United FC,Kochi,4-4-2,3-5-2,7.07,6.94,6.51,6.32,58.2,34.9,54.2,34.0,8,11,7,17,2,0,1,0,2,0,1,2,28.5,54.3,43.4,18.7,1,1,Humid,Poor,Night,5.6,1.7,6.64,7.28,3,1,1.5,6,5,12.5,20.4,,0.37,0.4,4.0,1.0738005398891992,0.8999999999999986,3.1000000000000014,0.5600000000000005,0.6200000000000001,0.5900000000000007,3.8999999999999995,-0.6400000000000006,1,2,-7.899999999999999,-0.030000000000000027,0,1,-6,1,0,1,-2,-14.899999999999999,35.599999999999994,0.3458,0.3945,-0.04870000000000002,0.4151,0.3966,-0.2,0.5,-0.7,0.3333,0.3333,0.3333,20,9,11,Home_Win
ISL00622,2020-21,2021-02-16,ATK Mohun Bagan,East Bengal FC,Kolkata,3-4-3,4-3-3,6.14,6.3,6.05,8.7,50.6,34.8,41.8,22.0,12,15,5,14,0,1,3,0,1,1,4,0,23.5,22.7,20.7,38.1,0,1,Humid,Good,Day,0.6,3.0,7.08,6.5,1,1,6.6,8,9,18.0,19.4,,0.39,0.39,8.800000000000004,1.210526026189946,12.799999999999997,-3.999999999999993,0.08999999999999986,-2.3999999999999995,-1.1550000000000002,-2.4,0.5800000000000001,-1,0,-1.3999999999999986,0.0,-1,7,1,-3,1,-3,1,2.8000000000000007,-15.400000000000002,0.3366,0.375,-0.03839999999999999,0.3902,0.2745,-0.5,-0.3,-0.2,0.125,0.375,0.5,12,30,-18,Away_Win
ISL00623,2020-21,2021-02-21,NorthEast United FC,Chennaiyin FC,Guwahati,4-3-3,4-4-2,6.93,6.1,6.98,8.13,43.2,26.3,44.9,23.0,6,14,13,7,3,1,3,0,3,1,4,1,51.3,15.5,38.4,36.3,1,2,Overcast,Good,Night,8.1,4.5,6.59,7.85,2,2,8.3,4,5,9.1,16.9,,0.31,0.37,-1.6999999999999957,0.9621378703479131,3.3000000000000007,-4.9999999999999964,-0.05000000000000071,-2.030000000000001,-1.040000000000001,3.5999999999999996,-1.2599999999999998,-1,0,-7.799999999999999,-0.06,-1,-7,7,0,1,-1,0,12.899999999999999,-20.799999999999997,0.3909,0.3093,0.0816,0.3922,0.2444,0.4,0.6,-0.19999999999999996,0.5714,0.1429,0.2857,9,30,-21,Home_Win
ISL00624,2020-21,2021-02-22,Chennaiyin FC,Bengaluru FC,Chennai,4-4-2,4-4-2,7.0,6.78,5.86,7.62,46.4,21.7,40.3,22.3,7,14,13,13,3,0,2,1,3,0,4,2,16.2,22.8,50.4,32.8,1,2,Rainy,Average,Night,4.7,8.5,6.35,6.41,3,0,5.6,4,9,15.2,19.4,Both,0.48,0.48,6.100000000000001,1.1513644785696082,-0.6000000000000014,6.700000000000003,1.1399999999999997,-0.8399999999999999,0.15000000000000036,-3.8,-0.0600000000000005,-5,3,-4.199999999999999,0.0,-1,-6,1,1,-1,-1,-2,-34.2,-9.999999999999996,0.3061,0.3542,-0.04810000000000003,0.3654,0.3137,0.6,-0.1,0.7,0.4286,0.4286,0.1429,1,17,-16,Draw
ISL00625,2020-21,2021-02-22,Hyderabad FC,Jamshedpur FC,Hyderabad,5-3-2,5-3-2,6.03,7.36,6.82,5.67,64.3,39.7,50.0,29.3,9,14,9,14,3,2,0,1,5,2,1,1,20.4,54.5,41.1,32.7,1,4,Rainy,Good,Night,6.4,7.4,7.09,6.57,1,2,2.7,5,7,26.0,22.0,,0.39,0.47,14.299999999999997,1.2859997428000514,10.400000000000002,3.899999999999995,-0.79,1.6900000000000004,0.4500000000000002,-1.0,0.5199999999999996,-2,-1,4.0,-0.07999999999999996,-3,0,0,3,1,4,1,-20.700000000000003,21.799999999999997,0.3178,0.4455,-0.12769999999999998,0.3913,0.3396,-0.6,-0.3,-0.3,0.3333,0.25,0.4167,17,30,-13,Draw
ISL00626,2020-21,2021-02-22,East Bengal FC,Bengaluru FC,Kolkata,3-5-2,4-2-3-1,5.98,6.61,7.69,8.12,62.0,31.9,71.6,32.4,9,17,8,15,0,1,3,2,0,3,3,2,33.9,28.7,30.6,44.1,0,1,Rainy,Good,Day,4.5,3.3,7.69,9.77,2,2,8.5,9,7,17.1,13.1,Home,0.4,0.44,-9.599999999999994,0.8659216667707169,-0.5,-9.099999999999994,-1.71,-1.509999999999999,-1.6099999999999994,1.2000000000000002,-2.079999999999999,2,0,4.000000000000002,-0.03999999999999998,-1,1,2,-3,-1,-3,1,3.299999999999997,-15.400000000000002,0.3805,0.3505,0.030000000000000027,0.459,0.3077,-0.1,-0.1,0.0,0.25,0.5,0.25,6,1,5,Draw
ISL00627,2020-21,2021-02-23,Bengaluru FC,Odisha FC,Bengaluru,4-4-2,4-3-3,7.36,7.12,6.55,6.54,26.4,17.4,62.5,39.9,9,10,10,12,1,0,3,2,1,0,3,2,20.3,38.1,37.2,28.7,1,2,Humid,Good,Night,7.9,5.9,6.16,9.46,3,0,5.5,8,5,21.2,26.7,Home,0.42,0.43,-36.1,0.42239993241601076,-22.5,-13.600000000000001,0.8100000000000005,0.5800000000000001,0.6950000000000003,2.0,-3.3000000000000007,3,3,-5.5,-0.010000000000000009,-1,-1,-2,-2,-2,-2,-2,-16.900000000000002,9.400000000000002,0.3469,0.2804,0.0665,0.4,0.1887,-0.1,-0.7,0.6,0.5556,0.3333,0.1111,1,11,-10,Home_Win
ISL00628,2020-21,2021-02-24,Bengaluru FC,Kerala Blasters,Bengaluru,3-4-3,4-4-2,6.85,7.13,6.39,6.5,33.1,15.2,49.4,31.0,7,8,11,15,2,0,0,0,2,0,2,1,20.8,54.7,36.8,34.1,1,2,Humid,Average,Night,5.0,2.9,7.91,8.43,0,2,9.5,8,6,20.0,8.7,,0.3,0.47,-16.299999999999997,0.6700403501942611,-15.8,-0.49999999999999645,0.45999999999999996,0.6299999999999999,0.5449999999999999,2.1,-0.5199999999999996,2,-2,11.3,-0.16999999999999998,-1,-4,-7,2,0,0,-1,-15.999999999999996,20.6,0.3535,0.3519,0.0015999999999999903,0.413,0.2778,0.2,-0.3,0.5,0.2727,0.2727,0.4545,1,12,-11,Away_Win
ISL00629,2020-21,2021-02-28,Punjab FC,East Bengal FC,Mohali,4-4-2,4-2-3-1,6.42,6.19,6.93,6.74,41.4,22.0,70.6,35.7,10,12,8,13,1,1,1,0,1,3,1,1,29.5,47.0,27.5,35.4,3,3,Rainy,Good,Night,6.0,6.4,5.77,5.86,3,1,5.4,12,10,13.1,28.1,Home,0.39,0.38,-29.199999999999996,0.5864021832291525,-13.700000000000003,-15.499999999999993,-0.5099999999999998,-0.5499999999999998,-0.5300000000000002,-0.40000000000000036,-0.09000000000000075,2,2,-15.000000000000002,0.010000000000000009,0,2,-1,0,1,0,2,2.0,11.600000000000001,0.3542,0.3772,-0.022999999999999965,0.3571,0.2885,0.6,-0.3,0.8999999999999999,0.4615,0.2308,0.3077,16,6,10,Away_Win
ISL00630,2020-21,2021-02-28,FC Goa,ATK Mohun Bagan,Goa,5-3-2,4-4-2,6.86,7.9,5.28,7.47,40.4,25.0,39.1,20.0,11,10,3,19,2,1,4,0,2,1,5,1,26.5,44.4,40.7,34.9,0,0,Clear,Good,Night,8.8,2.8,6.18,6.36,2,3,6.7,7,5,28.2,26.1,,0.31,0.47,1.2999999999999972,1.0332478175836781,5.0,-3.700000000000003,1.58,0.4300000000000006,1.0050000000000008,6.000000000000001,-0.1800000000000006,2,-1,2.099999999999998,-0.15999999999999998,0,8,-9,-2,1,-3,0,-14.200000000000003,9.5,0.4286,0.3333,0.0953,0.434,0.3,0.4,-0.4,0.8,0.5,0.125,0.375,26,12,14,Home_Win
ISL00631,2020-21,2021-02-28,ATK Mohun Bagan,Punjab FC,Kolkata,3-4-3,4-4-2,7.22,7.51,6.44,8.54,39.7,19.4,36.4,18.0,2,19,9,7,0,2,1,1,0,2,1,1,27.9,46.1,42.6,54.0,0,2,Overcast,Good,Night,6.2,5.0,7.85,7.97,2,2,5.8,4,9,20.4,11.7,,0.47,0.3,3.3000000000000043,1.090659041027736,1.3999999999999986,1.9000000000000057,0.7799999999999994,-1.0299999999999994,-0.125,1.2000000000000002,-0.1200000000000001,-5,0,8.7,0.16999999999999998,-2,-7,12,-1,1,-1,1,-14.700000000000003,-7.899999999999999,0.3301,0.3505,-0.020399999999999974,0.381,0.35,-0.2,0.2,-0.4,0.5556,0.1111,0.3333,1,1,0,Draw
ISL00632,2020-21,2021-03-04,Mumbai City FC,Jamshedpur FC,Mumbai,3-5-2,4-2-3-1,6.68,6.99,7.06,6.97,59.6,36.4,29.4,16.3,12,15,15,13,2,1,5,1,2,2,5,1,47.5,45.6,34.1,38.5,1,0,Humid,Average,Night,1.4,2.9,8.46,6.38,0,5,5.0,10,7,16.0,14.7,,0.31,0.41,30.200000000000003,2.0272101948264645,20.099999999999998,10.100000000000005,-0.3799999999999999,0.020000000000000462,-0.17999999999999972,-1.5,2.080000000000001,3,-5,1.3000000000000007,-0.09999999999999998,1,-3,2,-3,0,-3,1,13.399999999999999,7.100000000000001,0.3925,0.4414,-0.0489,0.4118,0.3333,0.6,-0.2,0.8,0.1111,0.1111,0.7778,30,10,20,Away_Win
ISL00633,2020-21,2021-03-04,East Bengal FC,Punjab FC,Kolkata,4-4-2,3-5-2,6.45,8.09,6.76,6.74,35.7,22.3,30.7,21.2,9,8,14,15,3,1,2,0,4,3,2,2,45.5,30.1,53.1,51.1,1,2,Overcast,Average,Night,7.3,4.6,10.0,6.95,2,2,3.9,10,7,29.7,26.7,,0.47,0.4,5.0000000000000036,1.1628660707276643,1.1000000000000014,3.900000000000002,-0.3099999999999996,1.3499999999999996,0.5199999999999996,2.7,3.05,3,0,3.0,0.06999999999999995,-1,-5,-7,1,1,2,1,-7.600000000000001,-21.0,0.3826,0.3469,0.03570000000000001,0.4516,0.3415,0.3,0.2,0.09999999999999998,0.3571,0.2143,0.4286,4,4,0,Home_Win
ISL00634,2020-21,2021-03-06,East Bengal FC,Jamshedpur FC,Kolkata,3-5-2,5-3-2,7.2,6.78,6.53,6.22,30.3,19.2,30.1,16.5,8,17,10,14,1,2,3,0,3,2,3,0,54.0,46.5,30.8,47.9,1,1,Humid,Good,Night,4.1,3.1,6.56,6.95,2,2,6.4,10,10,19.6,20.8,,0.47,0.48,0.1999999999999993,1.0066441838391416,2.6999999999999993,-2.5,0.6699999999999999,0.5600000000000005,0.6150000000000002,0.9999999999999996,-0.39000000000000057,0,0,-1.1999999999999993,-0.010000000000000009,0,-2,3,-2,2,0,2,23.2,-1.3999999999999986,0.3879,0.4464,-0.058499999999999996,0.4603,0.3455,0.4,0.0,0.4,0.5,0.1667,0.3333,2,2,0,Away_Win
ISL00635,2020-21,2021-03-07,Mumbai City FC,Jamshedpur FC,Mumbai,3-4-3,5-3-2,7.69,6.47,5.99,7.35,60.2,40.3,25.5,17.4,7,11,13,21,2,3,5,0,3,3,5,0,22.8,51.2,40.5,52.3,2,0,Clear,Average,Day,5.6,2.5,6.89,7.2,0,5,3.6,9,10,10.4,22.9,,0.44,0.42,34.7,2.3607833879280835,22.9,11.800000000000004,1.7000000000000002,-0.8799999999999999,0.41000000000000014,3.0999999999999996,-0.3100000000000005,-1,-5,-12.499999999999998,0.020000000000000018,2,-6,-10,-3,3,-2,3,-17.7,-1.0999999999999943,0.3889,0.4513,-0.062399999999999956,0.4038,0.3571,0.4,0.3,0.10000000000000003,0.1,0.1,0.8,3,1,2,Draw
ISL00636,2020-21,2021-03-07,Mumbai City FC,Hyderabad FC,Mumbai,4-3-3,5-3-2,6.58,7.08,6.64,6.5,31.0,17.2,77.2,38.2,8,10,8,14,4,4,4,4,6,4,4,4,24.4,35.8,23.4,23.3,3,1,Humid,Good,Night,8.2,8.7,7.75,7.16,4,1,7.2,10,6,7.1,28.2,Home,0.4,0.43,-46.2,0.40155435213026525,-21.000000000000004,-25.2,-0.05999999999999961,0.5800000000000001,0.2599999999999998,-0.5,0.5899999999999999,4,3,-21.1,-0.02999999999999997,2,0,-4,0,0,2,0,1.0,12.499999999999996,0.3853,0.3148,0.07049999999999995,0.3962,0.2623,0.2,-0.5,0.7,0.4615,0.2308,0.3077,1,13,-12,Away_Win
ISL00637,2020-21,2021-03-12,Jamshedpur FC,Kerala Blasters,Jamshedpur,3-5-2,3-4-3,6.6,7.58,7.74,7.76,43.4,21.1,25.9,13.2,9,11,10,9,1,0,4,0,1,0,4,1,53.1,48.5,16.7,47.0,0,1,Overcast,Good,Night,9.1,0.2,7.39,8.57,4,1,6.2,11,6,16.9,26.3,,0.43,0.46,17.5,1.6756750286969002,7.900000000000002,9.599999999999998,-1.1400000000000006,-0.17999999999999972,-0.6600000000000001,8.9,-1.1800000000000006,5,3,-9.400000000000002,-0.030000000000000027,-1,-1,2,-3,0,-3,-1,36.400000000000006,1.5,0.4474,0.3578,0.08960000000000001,0.5439,0.2909,0.7,-0.1,0.7999999999999999,0.6429,0.1429,0.2143,5,16,-11,Draw
ISL00638,2020-21,2021-03-13,ATK Mohun Bagan,Jamshedpur FC,Kolkata,4-2-3-1,4-3-3,5.94,7.8,6.7,7.14,45.3,23.3,29.2,16.8,9,15,9,18,1,1,2,2,2,1,2,2,42.5,44.4,41.7,44.5,2,1,Overcast,Good,Night,9.7,7.2,7.94,5.72,1,2,6.0,5,9,13.9,11.0,,0.48,0.38,16.099999999999998,1.5513693317228316,6.5,9.599999999999998,-0.7599999999999998,0.6600000000000001,-0.04999999999999982,2.499999999999999,2.2200000000000006,-4,-1,2.9000000000000004,0.09999999999999998,1,0,-3,-1,-1,0,-1,0.7999999999999972,-0.10000000000000142,0.3269,0.4435,-0.11659999999999998,0.3721,0.3509,-0.1,0.6,-0.7,0.1429,0.2857,0.5714,13,1,12,Away_Win
ISL00639,2020-21,2021-03-13,ATK Mohun Bagan,Punjab FC,Kolkata,3-4-3,4-4-2,6.27,7.23,6.73,6.83,41.3,22.6,53.1,25.9,9,19,7,18,2,1,2,1,2,3,2,1,16.8,41.8,31.8,32.2,0,1,Clear,Good,Night,3.0,6.8,6.78,5.39,1,2,7.6,4,4,5.7,12.3,Away,0.37,0.39,-11.800000000000004,0.7777776313036475,-3.299999999999997,-8.500000000000007,-0.46000000000000085,0.40000000000000036,-0.03000000000000025,-3.8,1.3900000000000006,0,-1,-6.6000000000000005,-0.020000000000000018,-1,2,1,0,0,0,2,-15.0,9.599999999999994,0.3238,0.3434,-0.019600000000000006,0.3636,0.3333,-0.3,0.0,-0.3,0.5,0.2,0.3,1,9,-8,Home_Win
ISL00640,2020-21,2021-03-13,East Bengal FC,Hyderabad FC,Kolkata,4-3-3,4-4-2,6.95,6.05,6.75,7.1,41.1,19.1,19.5,9.3,7,5,7,10,1,0,2,1,1,0,3,2,28.0,49.5,16.7,29.9,2,0,Clear,Average,Night,5.9,1.5,6.6,7.33,2,2,7.2,10,8,24.2,8.8,Home,0.48,0.33,21.6,2.107691226825012,9.8,11.8,0.20000000000000018,-1.0499999999999998,-0.4249999999999998,4.4,-0.7300000000000004,2,0,15.399999999999999,0.14999999999999997,2,0,-5,-1,-1,-2,-2,11.3,19.6,0.3846,0.3211,0.0635,0.4531,0.2742,0.2,-0.5,0.7,0.4444,0.1111,0.4444,7,6,1,Home_Win
ISL00641,2020-21,2021-03-16,Mumbai City FC,Chennaiyin FC,Mumbai,3-4-3,4-3-3,7.44,6.25,6.05,7.57,74.0,46.4,55.5,34.3,8,12,16,17,1,2,1,2,1,4,2,3,37.0,52.6,44.6,29.8,0,0,Overcast,Average,Night,8.4,6.6,9.24,5.43,3,1,1.1,7,5,12.8,6.4,Both,0.4,0.46,18.5,1.3333330930931364,12.100000000000001,6.399999999999999,1.3900000000000006,-1.3200000000000003,0.03500000000000014,1.8000000000000007,3.8100000000000005,2,2,6.4,-0.06,0,-8,-5,0,0,-1,1,-7.600000000000001,22.8,0.3818,0.303,0.07879999999999998,0.3889,0.2391,-0.1,0.1,-0.2,0.5,0.25,0.25,9,22,-13,Draw
ISL00642,2020-21,2021-03-19,Chennaiyin FC,Punjab FC,Chennai,4-2-3-1,4-4-2,6.0,7.55,7.07,7.91,57.6,26.8,46.7,25.0,9,13,6,14,1,2,2,1,2,2,2,2,24.7,18.1,37.6,33.0,0,0,Clear,Good,Night,1.3,4.9,7.04,6.68,0,3,5.3,5,1,28.9,29.1,Home,0.45,0.38,10.899999999999999,1.2334044468084695,1.8000000000000007,9.099999999999998,-1.0700000000000003,-0.3600000000000003,-0.7149999999999999,-3.6000000000000005,0.3600000000000003,4,-3,-0.20000000000000284,0.07,0,3,-1,-1,1,0,0,-12.900000000000002,-14.899999999999999,0.3,0.34,-0.040000000000000036,0.3585,0.3256,0.1,0.0,0.1,0.3333,0.3333,0.3333,3,6,-3,Home_Win
ISL00643,2020-21,2021-03-20,ATK Mohun Bagan,Chennaiyin FC,Kolkata,3-5-2,3-4-3,6.2,7.57,6.27,7.79,43.4,20.2,34.4,21.5,7,14,8,12,3,1,2,0,3,1,3,1,50.5,23.4,23.2,31.7,1,2,Rainy,Good,Night,4.4,2.5,6.21,6.2,3,0,9.4,4,8,8.8,25.1,,0.38,0.34,9.0,1.2616275402245523,-1.3000000000000007,10.3,-0.0699999999999994,-0.21999999999999975,-0.14499999999999957,1.9000000000000004,0.009999999999999787,-4,3,-16.3,0.03999999999999998,-1,-1,2,1,1,0,0,27.3,-8.3,0.3302,0.3069,0.023299999999999987,0.3778,0.234,0.0,0.6,-0.6,0.4545,0.1818,0.3636,7,1,6,Home_Win
ISL00644,2020-21,2021-03-21,Mumbai City FC,Punjab FC,Mumbai,4-4-2,4-4-2,7.14,6.98,5.0,7.56,59.0,40.3,69.1,35.0,6,16,15,17,1,1,0,1,1,2,1,1,33.6,53.5,44.2,30.3,0,1,Humid,Good,Day,6.6,1.1,7.2,7.24,1,2,4.3,5,1,24.7,20.7,,0.42,0.4,-10.099999999999994,0.8538348981425619,5.299999999999997,-15.399999999999991,2.1399999999999997,-0.5799999999999992,0.7800000000000011,5.5,-0.040000000000000036,4,-1,4.0,0.019999999999999962,-1,-9,-1,1,0,0,1,-10.600000000000001,23.2,0.3784,0.3366,0.041800000000000004,0.3818,0.3182,0.0,-0.5,0.5,0.1429,0.4286,0.4286,5,2,3,Draw
ISL00645,2020-21,2021-03-26,Bengaluru FC,NorthEast United FC,Bengaluru,3-5-2,4-2-3-1,6.69,7.12,6.27,7.18,31.2,20.3,36.0,18.9,13,9,8,12,0,1,2,3,0,1,2,4,21.7,43.5,44.1,54.3,1,0,Rainy,Good,Night,4.7,8.8,7.92,6.76,1,3,6.9,5,7,13.9,6.8,Away,0.37,0.46,-4.800000000000001,0.8666664259259927,1.4000000000000021,-6.200000000000003,0.4200000000000008,-0.05999999999999961,0.1800000000000006,-4.1000000000000005,1.1600000000000001,-2,-2,7.1000000000000005,-0.09000000000000002,1,5,-3,-2,-2,-2,-3,-22.400000000000002,-10.799999999999997,0.35,0.3964,-0.0464,0.4043,0.3898,0.0,0.2,-0.2,0.2857,0.1429,0.5714,30,30,0,Draw
ISL00646,2020-21,2021-03-27,Mumbai City FC,NorthEast United FC,Mumbai,3-5-2,4-3-3,6.86,7.17,7.33,6.95,30.7,15.8,21.7,14.6,13,18,10,12,3,0,3,1,3,0,5,1,23.9,52.6,24.1,21.2,0,1,Clear,Average,Night,10.0,7.7,5.93,5.63,0,2,5.6,3,8,11.5,11.3,,0.47,0.38,9.0,1.4147458918221698,1.200000000000001,7.799999999999999,-0.46999999999999975,0.21999999999999975,-0.125,2.3,0.2999999999999998,-5,-2,0.1999999999999993,0.08999999999999997,-1,3,6,0,-1,-2,-1,-0.20000000000000284,31.400000000000002,0.375,0.3929,-0.017900000000000027,0.375,0.3833,0.1,0.2,-0.1,0.125,0.375,0.5,6,1,5,Draw
ISL00647,2020-21,2021-03-27,Hyderabad FC,Chennaiyin FC,Hyderabad,4-2-3-1,3-4-3,6.63,7.54,6.99,6.1,29.2,15.6,44.5,26.5,9,20,3,10,0,1,2,2,1,1,2,3,15.7,43.3,51.8,18.6,1,1,Overcast,Average,Night,7.7,0.6,6.4,5.95,3,0,1.4,7,5,26.3,17.2,Home,0.42,0.45,-15.3,0.6561796278248027,-10.9,-4.4,-0.3600000000000003,1.4400000000000004,0.54,7.1000000000000005,0.4500000000000002,2,3,9.100000000000001,-0.030000000000000027,0,6,10,-2,-1,-1,-2,-36.099999999999994,24.699999999999996,0.3182,0.3039,0.01429999999999998,0.383,0.2292,-0.6,0.2,-0.8,0.625,0.375,0.0,14,7,7,Home_Win
ISL00648,2020-21,2021-03-29,East Bengal FC,Bengaluru FC,Kolkata,4-4-2,4-3-3,7.04,7.52,6.14,6.97,51.2,33.6,41.8,20.1,12,16,9,9,0,2,2,1,0,3,3,1,19.7,47.1,51.4,53.2,1,2,Clear,Average,Night,2.8,8.4,8.15,6.01,1,2,1.5,10,6,6.9,27.9,Both,0.32,0.4,9.400000000000006,1.2248800897416054,13.5,-4.099999999999994,0.9000000000000004,0.5499999999999998,0.7249999999999996,-5.6000000000000005,2.1400000000000006,4,-1,-21.0,-0.08000000000000002,-1,3,7,-2,1,-3,2,-31.7,-6.100000000000001,0.3898,0.3465,0.043300000000000005,0.4615,0.3019,0.2,0.0,0.2,0.2222,0.5556,0.2222,16,3,13,Home_Win
ISL00649,2020-21,2021-03-30,Bengaluru FC,Mumbai City FC,Bengaluru,4-2-3-1,5-3-2,7.5,5.74,7.47,6.07,48.7,29.5,73.3,40.7,15,8,11,18,3,4,1,0,5,5,1,0,27.9,52.6,15.9,34.0,0,3,Overcast,Good,Day,0.6,4.6,6.95,7.45,1,3,1.4,5,4,14.3,7.1,Home,0.3,0.49,-24.599999999999994,0.6643928152260825,-11.200000000000003,-13.399999999999991,0.03000000000000025,-0.33000000000000007,-0.14999999999999947,-3.9999999999999996,-0.5,1,-2,7.200000000000001,-0.19,-3,4,-10,2,4,4,5,11.999999999999998,18.6,0.3431,0.3717,-0.02859999999999996,0.3958,0.375,-0.3,0.1,-0.4,0.2,0.1,0.7,1,3,-2,Away_Win
ISL00650,2020-21,2021-03-30,East Bengal FC,Hyderabad FC,Kolkata,4-3-3,5-3-2,6.24,6.84,6.85,6.03,52.5,27.1,46.0,21.9,10,16,6,14,0,1,6,0,1,2,6,1,41.7,30.9,51.7,35.5,3,2,Overcast,Good,Night,0.9,3.1,8.2,6.13,3,1,2.2,12,10,10.5,22.0,Home,0.42,0.44,6.5,1.1413040997165,5.200000000000003,1.2999999999999972,-0.6099999999999994,0.8099999999999996,0.10000000000000053,-2.2,2.0699999999999994,2,2,-11.5,-0.020000000000000018,1,4,2,-6,1,-5,1,-10.0,-4.600000000000001,0.395,0.3243,0.07070000000000004,0.4697,0.2698,0.4,0.2,0.2,0.5,0.1,0.4,1,3,-2,Away_Win
ISL00651,2020-21,2021-03-31,FC Goa,ATK Mohun Bagan,Goa,3-4-3,3-4-3,6.28,6.97,8.01,7.2,49.7,27.9,37.7,17.6,13,18,8,8,2,4,3,1,3,5,3,1,26.7,17.3,47.8,29.6,1,3,Humid,Good,Day,5.5,0.0,6.62,10.0,2,3,3.4,10,7,10.1,11.8,,0.42,0.33,12.0,1.3183020375856662,10.299999999999997,1.7000000000000028,-1.7299999999999995,-0.23000000000000043,-0.9800000000000004,5.5,-3.38,3,-1,-1.700000000000001,0.08999999999999997,-2,5,10,-1,3,0,4,-21.099999999999998,-12.3,0.4348,0.3364,0.09840000000000004,0.4444,0.2951,0.5,-0.1,0.6,0.5556,0.1111,0.3333,30,11,19,Draw
ISL00652,2020-21,2021-03-31,Hyderabad FC,Mumbai City FC,Hyderabad,4-2-3-1,4-2-3-1,7.03,7.27,6.23,6.45,48.6,32.3,62.5,36.9,3,10,8,13,2,2,0,2,3,4,0,3,33.4,21.5,41.8,49.8,0,0,Clear,Good,Day,10.0,7.3,6.34,9.65,2,3,8.6,10,6,26.1,13.1,,0.4,0.43,-13.899999999999999,0.7775998755840199,-4.600000000000001,-9.299999999999997,0.7999999999999998,0.8199999999999994,0.8100000000000005,2.7,-3.3100000000000005,4,-1,13.000000000000002,-0.02999999999999997,0,-5,-3,2,0,3,1,-8.399999999999999,-28.299999999999997,0.3304,0.3772,-0.04679999999999995,0.3958,0.386,0.4,0.5,-0.09999999999999998,0.3571,0.2143,0.4286,1,1,0,Away_Win
ISL00653,2020-21,2021-04-02,East Bengal FC,NorthEast United FC,Kolkata,4-4-2,3-4-3,6.87,6.87,7.74,7.04,52.5,23.6,36.6,17.5,13,12,7,7,2,5,3,0,2,5,3,0,32.7,35.2,28.3,17.4,2,2,Humid,Good,Night,7.8,4.5,4.57,5.91,3,2,4.8,9,6,23.9,28.2,Both,0.4,0.47,15.899999999999999,1.4344258375885688,6.100000000000001,9.799999999999997,-0.8700000000000001,-0.16999999999999993,-0.5200000000000005,3.3,-1.3399999999999999,3,1,-4.300000000000001,-0.06999999999999995,0,6,5,-1,5,-1,5,4.400000000000002,17.800000000000004,0.3917,0.3894,0.0022999999999999687,0.4627,0.377,0.2,0.2,0.0,0.4615,0.1538,0.3846,3,6,-3,Away_Win
ISL00654,2020-21,2021-04-05,East Bengal FC,NorthEast United FC,Kolkata,5-3-2,5-3-2,6.03,5.57,6.48,6.16,47.1,32.9,47.1,23.7,6,10,10,13,3,3,2,1,5,3,2,2,22.5,22.5,43.1,47.2,1,2,Clear,Average,Night,8.5,4.6,5.83,5.29,3,2,1.7,6,8,19.9,15.5,,0.32,0.42,0.0,0.99999978768582,9.2,-9.2,-0.4500000000000002,-0.5899999999999999,-0.5199999999999996,3.9000000000000004,0.54,-2,1,4.399999999999999,-0.09999999999999998,-1,-4,-3,1,2,3,1,-20.6,-24.700000000000003,0.3884,0.3947,-0.006299999999999972,0.4559,0.3871,0.0,0.1,-0.1,0.4286,0.1429,0.4286,3,3,0,Draw
ISL00655,2020-21,2021-04-05,Punjab FC,Kerala Blasters,Mohali,4-2-3-1,3-5-2,6.01,5.91,6.66,5.77,48.1,28.5,29.9,14.0,6,17,4,10,1,0,2,0,1,1,3,0,26.3,37.4,31.3,33.7,1,0,Overcast,Average,Night,0.1,1.5,5.99,6.9,2,1,3.0,2,7,15.5,13.2,,0.41,0.44,18.200000000000003,1.6086951141487913,14.5,3.700000000000003,-0.6500000000000004,0.14000000000000057,-0.2549999999999999,-1.4,-0.9100000000000001,-5,1,2.3000000000000007,-0.030000000000000027,1,2,7,-1,0,-2,1,-5.0,3.6999999999999957,0.3333,0.3545,-0.021199999999999997,0.3509,0.2857,-0.6,-0.1,-0.5,0.4,0.4,0.2,15,24,-9,Home_Win
ISL00656,2020-21,2021-04-06,Jamshedpur FC,FC Goa,Jamshedpur,4-4-2,4-4-2,7.01,6.97,7.1,7.14,45.3,22.4,75.6,36.1,16,13,7,13,2,1,2,0,2,2,2,1,50.8,32.8,41.6,22.9,0,2,Humid,Average,Night,9.2,6.7,10.0,8.58,1,2,2.4,11,11,10.4,12.2,,0.38,0.48,-30.299999999999997,0.5992062699462606,-13.700000000000003,-16.599999999999994,-0.08999999999999986,-0.16999999999999993,-0.129999999999999,2.499999999999999,1.42,0,-1,-1.799999999999999,-0.09999999999999998,-2,9,0,0,1,0,1,9.199999999999996,9.899999999999999,0.4483,0.4301,0.018199999999999994,0.5345,0.4211,0.8,0.3,0.5,0.1429,0.2857,0.5714,24,6,18,Home_Win
ISL00657,2020-21,2021-04-06,Hyderabad FC,Punjab FC,Hyderabad,4-3-3,4-4-2,6.72,7.54,6.85,7.06,54.4,35.4,27.6,15.5,10,13,8,10,6,1,0,2,6,3,1,3,33.7,26.5,22.1,27.4,1,1,Overcast,Poor,Night,3.1,1.0,7.53,5.12,4,1,2.3,9,4,10.7,11.3,,0.4,0.38,26.799999999999997,1.971013778618196,19.9,6.899999999999999,-0.1299999999999999,0.4800000000000004,0.17499999999999982,2.1,2.41,5,3,-0.6000000000000014,0.020000000000000018,0,2,3,6,-1,5,0,11.600000000000001,-0.8999999999999986,0.3274,0.3398,-0.012399999999999967,0.3878,0.3111,0.3,-0.6,0.8999999999999999,0.3636,0.2727,0.3636,6,1,5,Away_Win
ISL00658,2020-21,2021-04-09,NorthEast United FC,Chennaiyin FC,Guwahati,4-4-2,5-3-2,6.86,7.69,6.48,7.31,42.0,19.7,73.2,36.0,6,8,8,10,0,1,0,1,1,2,2,1,42.3,31.8,38.0,43.5,3,1,Humid,Good,Night,8.3,6.6,8.17,5.66,2,2,1.5,9,5,28.1,7.2,,0.42,0.47,-31.200000000000003,0.5737704134193424,-16.3,-14.900000000000002,0.3799999999999999,0.3800000000000008,0.3800000000000008,1.700000000000001,2.51,4,0,20.900000000000002,-0.04999999999999999,2,-2,-2,0,0,-1,1,4.299999999999997,-11.7,0.3913,0.301,0.09029999999999999,0.4038,0.2245,0.1,-0.2,0.30000000000000004,0.625,0.125,0.25,4,13,-9,Home_Win
ISL00659,2020-21,2021-04-16,Odisha FC,Punjab FC,Bhubaneswar,4-3-3,4-4-2,6.36,6.41,6.31,7.07,30.0,16.6,46.1,24.4,7,11,8,17,1,0,1,0,3,0,3,0,26.2,35.8,27.3,37.5,1,0,Overcast,Good,Night,8.2,4.9,6.84,8.85,1,2,1.6,5,7,14.2,19.4,,0.39,0.34,-16.1,0.6507590779264473,-7.799999999999997,-8.300000000000004,0.05000000000000071,-0.6600000000000001,-0.3049999999999997,3.299999999999999,-2.01,-2,-1,-5.199999999999999,0.04999999999999999,1,-1,-6,0,0,0,0,-1.1000000000000014,-1.7000000000000028,0.2778,0.3462,-0.06840000000000002,0.3704,0.3261,-0.8,-0.6,-0.20000000000000007,0.1667,0.5,0.3333,30,10,20,Away_Win
ISL00660,2020-21,2021-04-17,FC Goa,Hyderabad FC,Goa,4-4-2,4-2-3-1,7.1,7.68,6.79,6.42,41.7,24.7,57.2,32.0,10,12,5,16,2,0,1,0,2,0,3,0,46.2,16.1,44.7,18.7,0,2,Overcast,Good,Night,1.5,3.9,7.76,6.96,1,1,8.0,8,6,21.5,15.9,,0.32,0.49,-15.5,0.7290208515697811,-7.300000000000001,-8.2,0.3099999999999996,1.2599999999999998,0.7849999999999993,-2.4,0.7999999999999998,2,0,5.6,-0.16999999999999998,-2,5,-4,1,0,-1,0,1.5,-2.599999999999998,0.4255,0.3246,0.10089999999999999,0.4364,0.2812,0.3,0.1,0.19999999999999998,0.1667,0.6667,0.1667,11,11,0,Away_Win
ISL00661,2021-22,2021-10-01,FC Goa,NorthEast United FC,Goa,5-3-2,4-2-3-1,7.06,6.65,6.03,7.11,56.7,29.0,38.1,19.0,10,13,11,22,2,1,4,0,2,1,4,1,15.9,32.9,27.5,30.3,2,1,Overcast,Good,Night,2.4,2.1,7.6,7.81,2,2,1.7,5,9,16.1,20.2,Both,0.44,0.5,18.6,1.4881885857772739,10.0,8.600000000000001,1.0299999999999994,-0.45999999999999996,0.28500000000000014,0.2999999999999998,-0.20999999999999996,-4,0,-4.099999999999998,-0.06,1,-1,-9,-2,1,-2,0,-11.6,2.599999999999998,0.4211,0.3966,0.024499999999999966,0.4286,0.381,-0.1,0.4,-0.5,0.4,0.2,0.4,30,30,0,Home_Win
ISL00662,2021-22,2021-10-01,Punjab FC,Kerala Blasters,Mohali,3-5-2,4-2-3-1,5.26,7.15,5.76,7.27,47.2,31.7,44.2,21.4,12,13,13,18,1,4,1,1,1,6,1,2,44.2,44.2,49.4,15.6,1,0,Rainy,Average,Night,7.7,1.8,7.52,6.77,3,0,8.0,10,7,26.1,27.6,Both,0.41,0.44,3.0,1.0678730615671805,10.3,-7.300000000000001,-0.5,-0.11999999999999922,-0.3099999999999996,5.9,0.75,3,3,-1.5,-0.030000000000000027,1,-1,-5,0,3,0,4,-5.199999999999996,28.6,0.3524,0.3514,0.0010000000000000009,0.3621,0.2807,-0.6,0.0,-0.6,0.5,0.3333,0.1667,30,30,0,Home_Win
ISL00663,2021-22,2021-10-02,Hyderabad FC,Bengaluru FC,Hyderabad,4-3-3,4-2-3-1,5.93,7.84,6.37,7.34,43.5,27.2,79.8,38.9,13,15,8,4,3,0,1,0,3,1,1,1,30.6,37.4,44.8,24.0,1,0,Rainy,Good,Day,0.5,1.1,7.53,6.66,2,2,1.7,9,4,20.6,6.9,Away,0.31,0.42,-36.3,0.5451127136450233,-11.7,-24.599999999999998,-0.4400000000000004,0.5,0.02999999999999936,-0.6000000000000001,0.8700000000000001,5,0,13.700000000000001,-0.10999999999999999,1,5,11,2,0,2,0,-14.199999999999996,13.399999999999999,0.3304,0.3398,-0.009399999999999964,0.38,0.2963,0.5,-0.4,0.9,0.1818,0.2727,0.5455,30,30,0,Draw
ISL00664,2021-22,2021-10-05,Jamshedpur FC,NorthEast United FC,Jamshedpur,3-4-3,3-4-3,6.12,5.34,6.97,7.87,60.6,29.7,29.4,20.1,11,13,8,11,1,3,1,2,1,5,3,4,34.7,26.3,25.9,19.8,0,1,Humid,Good,Night,5.6,3.1,6.35,7.05,3,0,9.1,11,8,20.5,24.7,,0.42,0.44,31.200000000000003,2.0612237886993916,9.599999999999998,21.600000000000005,-0.8499999999999996,-2.5300000000000002,-1.6899999999999995,2.4999999999999996,-0.7000000000000002,3,3,-4.199999999999999,-0.020000000000000018,-1,3,2,0,1,-2,1,8.800000000000004,6.5,0.453,0.3932,0.05980000000000002,0.5424,0.375,1.0,0.2,0.8,0.5385,0.3077,0.1538,30,4,26,Draw
ISL00665,2021-22,2021-10-10,FC Goa,Chennaiyin FC,Goa,3-4-3,3-5-2,7.05,7.03,6.04,6.06,22.7,11.1,55.2,29.7,11,12,10,12,1,1,2,1,1,2,2,1,41.7,33.9,20.1,17.7,1,0,Humid,Average,Night,8.9,2.4,5.76,8.28,2,1,5.9,7,4,13.4,29.4,Both,0.36,0.49,-32.5,0.4112318095594547,-18.6,-13.900000000000004,1.0099999999999998,0.9700000000000006,0.9900000000000002,6.5,-2.5199999999999996,3,1,-15.999999999999998,-0.13,1,1,0,-1,0,-1,1,21.6,16.2,0.4271,0.2981,0.129,0.4386,0.22,0.1,-0.2,0.30000000000000004,0.625,0.25,0.125,9,30,-21,Away_Win
ISL00666,2021-22,2021-10-12,East Bengal FC,Bengaluru FC,Kolkata,5-3-2,5-3-2,6.37,7.2,6.79,6.31,40.4,18.8,43.2,24.4,10,16,17,19,1,1,4,1,3,2,4,1,50.4,43.7,44.4,39.9,5,1,Rainy,Good,Night,8.4,3.5,7.68,5.81,2,1,6.0,7,2,6.3,24.5,Home,0.33,0.33,-2.8000000000000043,0.935184968707183,-5.599999999999998,2.7999999999999936,-0.41999999999999993,0.8900000000000006,0.23500000000000032,4.9,1.87,5,1,-18.2,0.0,4,-7,-3,-3,0,-1,1,6.0,3.8000000000000043,0.3852,0.3365,0.048699999999999966,0.4493,0.2909,0.2,-0.5,0.7,0.3,0.5,0.2,30,10,20,Away_Win
ISL00667,2021-22,2021-10-12,NorthEast United FC,Jamshedpur FC,Guwahati,4-2-3-1,5-3-2,7.96,6.21,6.01,7.76,62.4,37.0,45.4,29.0,8,14,11,12,1,0,4,0,1,0,5,0,24.9,51.8,48.3,20.2,1,4,Overcast,Good,Night,1.0,5.7,1.64,8.6,0,2,1.4,8,9,16.7,28.1,,0.5,0.34,17.0,1.37444903646497,8.0,9.0,1.9500000000000002,-1.5499999999999998,0.20000000000000018,-4.7,-6.96,-1,-2,-11.400000000000002,0.15999999999999998,-3,-3,2,-3,0,-4,0,-23.4,31.599999999999998,0.3898,0.4492,-0.05940000000000001,0.4151,0.3621,0.0,0.8,-0.8,0.1429,0.3571,0.5,7,7,0,Draw
ISL00668,2021-22,2021-10-13,Jamshedpur FC,Chennaiyin FC,Jamshedpur,4-2-3-1,4-4-2,6.49,7.41,5.7,7.67,27.7,13.8,40.3,26.1,7,6,8,16,1,0,1,0,1,1,1,1,48.5,31.0,40.7,30.3,1,2,Clear,Average,Night,3.6,7.6,6.51,9.04,3,0,3.2,9,6,7.6,9.4,,0.47,0.44,-12.599999999999998,0.6873447425943566,-12.3,-0.29999999999999716,0.79,-0.2599999999999998,0.2649999999999997,-3.9999999999999996,-2.5299999999999994,3,3,-1.8000000000000007,0.02999999999999997,-1,-1,-10,0,0,0,0,7.799999999999997,0.6999999999999993,0.4454,0.3048,0.1406,0.5333,0.2353,0.9,-0.1,1.0,0.625,0.25,0.125,1,3,-2,Away_Win
ISL00669,2021-22,2021-10-14,Bengaluru FC,ATK Mohun Bagan,Bengaluru,3-4-3,4-4-2,7.25,6.65,6.66,7.92,42.1,24.7,41.6,26.0,9,14,9,10,2,2,1,0,2,3,2,0,27.2,33.9,43.4,19.7,1,3,Humid,Good,Day,5.1,2.6,6.39,6.15,2,1,9.7,5,8,29.2,27.6,,0.37,0.37,0.5,1.0120189874954357,-1.3000000000000007,1.8000000000000007,0.5899999999999999,-1.2699999999999996,-0.33999999999999986,2.4999999999999996,0.23999999999999932,-3,1,1.5999999999999979,0.0,-2,0,4,1,2,0,3,-16.2,14.2,0.3429,0.3333,0.009599999999999997,0.3878,0.2903,-0.5,-0.1,-0.4,0.375,0.375,0.25,2,30,-28,Home_Win
ISL00670,2021-22,2021-10-24,Bengaluru FC,Chennaiyin FC,Bengaluru,3-4-3,3-5-2,5.91,6.83,4.95,6.39,53.6,35.1,56.5,38.0,7,14,10,17,2,0,1,3,3,3,1,3,44.6,31.0,20.4,32.7,1,2,Humid,Poor,Day,7.5,5.2,5.63,7.34,0,2,6.4,7,6,28.0,23.6,Away,0.36,0.32,-2.8999999999999986,0.9486723984650622,-2.8999999999999986,0.0,0.96,0.4400000000000004,0.7000000000000002,2.3,-1.71,1,-2,4.399999999999999,0.03999999999999998,-1,-3,-3,1,-3,2,0,24.200000000000003,-1.7000000000000028,0.3491,0.3113,0.0378,0.4,0.25,-0.2,0.3,-0.5,0.125,0.5,0.375,10,11,-1,Home_Win
ISL00671,2021-22,2021-10-25,Punjab FC,Chennaiyin FC,Mohali,4-3-3,5-3-2,7.47,7.04,6.1,6.74,23.9,16.0,33.9,19.8,16,18,10,22,1,2,2,0,1,2,3,0,29.1,18.9,32.3,36.4,0,1,Clear,Good,Night,4.2,9.3,7.51,5.79,2,1,2.6,13,6,20.5,21.4,,0.4,0.34,-10.0,0.7050145412936456,-3.8000000000000007,-6.199999999999999,1.37,0.2999999999999998,0.835,-5.1000000000000005,1.7199999999999998,7,1,-0.8999999999999986,0.06,-1,6,-4,-1,2,-2,2,-3.1999999999999957,-17.5,0.3585,0.3084,0.05009999999999998,0.3729,0.2453,-0.4,-0.2,-0.2,0.3077,0.3077,0.3846,24,1,23,Draw
ISL00672,2021-22,2021-10-27,Hyderabad FC,Mumbai City FC,Hyderabad,5-3-2,3-4-3,6.28,5.62,6.88,7.24,71.9,34.4,50.8,25.0,10,10,8,19,5,1,1,0,5,1,2,2,22.1,35.4,40.8,25.6,1,0,Humid,Good,Night,8.0,7.0,6.4,4.67,1,4,5.1,7,9,20.9,27.0,Home,0.41,0.36,21.10000000000001,1.4153540520956591,9.399999999999999,11.70000000000001,-0.5999999999999996,-1.62,-1.1100000000000003,1.0,1.7300000000000004,-2,-3,-6.100000000000001,0.04999999999999999,1,2,-9,4,1,3,-1,-18.699999999999996,9.799999999999997,0.3276,0.3826,-0.05499999999999999,0.3725,0.3966,0.7,0.6,0.09999999999999998,0.3333,0.2,0.4667,25,30,-5,Draw
ISL00673,2021-22,2021-10-27,Jamshedpur FC,Odisha FC,Jamshedpur,4-3-3,5-3-2,7.0,6.49,6.62,6.28,49.8,26.5,22.7,13.7,10,14,12,12,2,0,4,3,3,0,4,4,27.6,33.7,28.1,39.3,1,0,Rainy,Good,Night,2.6,9.5,6.72,6.23,0,3,1.8,8,4,26.1,25.1,,0.43,0.34,27.099999999999998,2.1938316326732896,12.8,14.299999999999997,0.3799999999999999,0.20999999999999996,0.29499999999999993,-6.9,0.4899999999999993,4,-3,1.0,0.08999999999999997,1,-2,2,-2,-3,-1,-4,-0.5,-5.599999999999994,0.4417,0.2752,0.16649999999999998,0.5246,0.1852,0.5,-1.3,1.8,0.2143,0.4286,0.3571,14,30,-16,Home_Win
ISL00674,2021-22,2021-10-28,ATK Mohun Bagan,Odisha FC,Kolkata,4-2-3-1,4-2-3-1,7.14,5.93,6.5,8.21,50.8,28.2,63.5,35.8,7,11,12,15,1,2,1,1,2,3,2,1,23.3,32.2,38.1,27.8,0,0,Rainy,Good,Night,8.4,3.4,6.24,7.75,3,1,4.8,7,4,5.1,28.4,Both,0.3,0.43,-12.700000000000003,0.7999998740157678,-7.599999999999998,-5.100000000000005,0.6399999999999997,-2.280000000000001,-0.8200000000000003,5.0,-1.5099999999999998,3,2,-23.299999999999997,-0.13,0,-5,-4,0,1,0,2,-14.8,4.400000000000002,0.3303,0.2727,0.057599999999999985,0.3913,0.1818,-0.1,-1.3,1.2,0.6,0.2,0.2,14,1,13,Draw
ISL00675,2021-22,2021-10-28,ATK Mohun Bagan,Punjab FC,Kolkata,3-4-3,3-5-2,6.81,7.58,6.98,7.74,26.6,14.5,58.0,38.1,6,14,7,18,1,1,2,1,1,3,2,1,21.7,39.4,35.5,39.8,1,1,Humid,Average,Day,8.7,9.6,6.25,5.18,2,1,7.0,8,13,16.3,11.3,,0.31,0.48,-31.4,0.45862061058265335,-23.6,-7.799999999999997,-0.17000000000000082,-0.16000000000000014,-0.16500000000000004,-0.9000000000000004,1.0700000000000003,-5,1,5.0,-0.16999999999999998,0,-1,-4,-1,0,-1,2,-13.8,-0.3999999999999986,0.3273,0.3551,-0.027800000000000047,0.383,0.3404,-0.1,-0.1,0.0,0.5455,0.1818,0.2727,1,3,-2,Home_Win
ISL00676,2021-22,2021-10-28,Hyderabad FC,Kerala Blasters,Hyderabad,3-4-3,3-4-3,7.47,7.06,5.91,7.17,35.9,19.9,13.6,6.9,11,9,9,9,2,0,2,4,3,1,4,5,35.4,47.0,21.6,34.9,0,3,Rainy,Good,Night,6.9,1.4,6.9,6.8,1,4,6.9,5,7,20.2,20.9,Home,0.48,0.36,22.299999999999997,2.6397039413941608,12.999999999999998,9.3,1.5599999999999996,-0.11000000000000032,0.7249999999999996,5.5,0.10000000000000053,-2,-3,-0.6999999999999993,0.12,-3,2,0,0,-4,-1,-4,13.799999999999997,12.100000000000001,0.3248,0.3482,-0.023400000000000032,0.3654,0.2759,0.5,-0.2,0.7,0.3,0.1,0.6,1,27,-26,Draw
ISL00677,2021-22,2021-10-30,Jamshedpur FC,FC Goa,Jamshedpur,4-3-3,3-4-3,6.33,6.67,6.73,7.55,51.8,29.3,43.6,27.0,9,18,16,16,0,1,1,3,2,2,3,3,35.1,25.2,38.3,25.1,2,2,Humid,Good,Night,5.6,7.0,6.48,4.94,2,1,6.6,8,4,21.3,19.6,,0.34,0.4,8.199999999999996,1.1880731220015774,2.3000000000000007,5.899999999999995,-0.40000000000000036,-0.8799999999999999,-0.6400000000000006,-1.4000000000000004,1.54,4,1,1.6999999999999993,-0.06,0,-7,2,-1,-2,-1,-1,-3.1999999999999957,0.09999999999999787,0.4463,0.4227,0.023599999999999954,0.5323,0.4103,0.7,0.1,0.6,0.25,0.25,0.5,3,20,-17,Home_Win
ISL00678,2021-22,2021-10-31,Bengaluru FC,East Bengal FC,Bengaluru,4-4-2,4-3-3,6.28,7.18,7.04,7.01,40.3,25.8,60.2,27.2,8,13,7,6,3,1,2,2,4,1,2,4,19.7,49.5,53.4,21.7,1,1,Humid,Average,Night,5.5,5.0,6.89,5.83,2,2,5.3,10,4,20.2,22.3,Home,0.41,0.38,-19.900000000000006,0.6694351047449991,-1.3999999999999986,-18.500000000000004,-0.7599999999999998,0.16999999999999993,-0.29499999999999993,0.5,1.0599999999999996,6,0,-2.1000000000000014,0.02999999999999997,0,1,7,1,-1,2,-3,-33.7,27.8,0.3551,0.3821,-0.02699999999999997,0.4118,0.3019,0.0,0.0,0.0,0.2727,0.4545,0.2727,7,19,-12,Draw
ISL00679,2021-22,2021-11-01,Mumbai City FC,Odisha FC,Mumbai,4-4-2,4-2-3-1,7.14,6.22,6.49,7.44,31.9,16.8,41.2,22.5,8,15,11,11,1,4,1,0,1,5,1,1,37.7,34.8,49.7,45.4,2,1,Rainy,Good,Night,6.8,0.5,8.31,7.91,4,1,3.4,9,4,25.4,5.7,,0.34,0.36,-9.300000000000004,0.7742716567301803,-5.699999999999999,-3.600000000000005,0.6499999999999995,-1.2200000000000006,-0.28500000000000014,6.3,0.40000000000000036,5,3,19.7,-0.019999999999999962,1,-3,4,0,4,0,4,-12.0,-10.600000000000001,0.3793,0.2703,0.10900000000000004,0.3684,0.1786,0.2,-0.8,1.0,0.5556,0.2222,0.2222,5,4,1,Away_Win
ISL00680,2021-22,2021-11-02,Bengaluru FC,Punjab FC,Bengaluru,5-3-2,3-5-2,7.58,6.91,6.69,6.95,51.2,27.4,49.0,26.3,10,10,8,11,0,0,4,3,0,0,4,5,54.7,46.2,48.9,17.5,0,1,Clear,Good,Night,9.9,4.5,6.15,7.79,2,0,4.0,11,10,15.8,7.0,,0.49,0.32,2.200000000000003,1.0448977459392355,1.0999999999999979,1.100000000000005,0.8899999999999997,-0.040000000000000036,0.4249999999999998,5.4,-1.6399999999999997,1,2,8.8,0.16999999999999998,-1,2,-1,-4,-3,-4,-5,5.800000000000004,28.700000000000003,0.3519,0.3519,0.0,0.4038,0.3333,0.0,-0.3,0.3,0.4444,0.5556,0.0,2,5,-3,Home_Win
ISL00681,2021-22,2021-11-04,Punjab FC,Bengaluru FC,Mohali,4-4-2,4-3-3,6.7,6.86,7.12,7.27,56.8,31.1,43.7,20.7,8,15,9,15,3,0,1,0,4,0,1,1,38.2,35.3,33.5,36.8,2,4,Rainy,Average,Night,2.1,1.8,8.51,6.53,0,3,6.0,7,13,22.1,12.9,,0.41,0.37,13.099999999999994,1.2997708696176498,10.400000000000002,2.699999999999992,-0.41999999999999993,-0.40999999999999925,-0.41500000000000004,0.30000000000000004,1.9799999999999995,-6,-3,9.200000000000001,0.03999999999999998,-2,-1,0,2,0,3,-1,4.700000000000003,-1.5,0.3486,0.3578,-0.009199999999999986,0.3667,0.3036,-0.4,0.1,-0.5,0.0,0.5,0.5,2,2,0,Home_Win
ISL00682,2021-22,2021-11-05,East Bengal FC,FC Goa,Kolkata,3-4-3,3-5-2,7.21,7.04,7.07,7.47,52.6,25.7,36.1,23.7,6,24,5,20,1,2,2,1,1,8,2,1,16.2,50.8,39.5,19.7,2,2,Overcast,Good,Night,2.8,7.9,9.9,6.6,2,3,1.2,2,3,19.5,24.7,Home,0.41,0.46,16.5,1.4570633082927122,2.0,14.5,0.13999999999999968,-0.4299999999999997,-0.14499999999999957,-5.1000000000000005,3.3000000000000007,-1,-1,-5.199999999999999,-0.050000000000000044,0,1,4,-1,1,-1,7,-23.3,31.099999999999998,0.379,0.4184,-0.03939999999999999,0.4429,0.4,0.0,-0.1,0.1,0.4615,0.1538,0.3846,5,6,-1,Home_Win
ISL00683,2021-22,2021-11-12,Jamshedpur FC,NorthEast United FC,Jamshedpur,4-4-2,3-4-3,6.24,7.44,7.3,6.28,57.3,34.8,54.3,35.7,9,7,8,13,2,0,1,1,2,0,4,1,21.4,21.4,25.4,29.5,0,1,Rainy,Average,Day,5.0,5.1,8.86,7.13,1,0,7.1,8,6,7.2,17.2,,0.48,0.39,3.0,1.055248424447804,-0.9000000000000057,3.9000000000000057,-1.0599999999999996,1.1600000000000001,0.04999999999999982,-0.09999999999999964,1.7299999999999995,2,1,-10.0,0.08999999999999997,-1,1,-6,1,-1,-2,-1,-4.0,-8.100000000000001,0.4508,0.3866,0.06419999999999998,0.5397,0.3692,0.8,0.0,0.8,0.4667,0.4,0.1333,13,30,-17,Draw
ISL00684,2021-22,2021-11-14,Bengaluru FC,Jamshedpur FC,Bengaluru,4-4-2,5-3-2,6.18,7.04,6.35,7.09,21.8,12.0,63.0,32.3,13,16,11,11,0,3,2,3,0,3,2,3,53.2,54.1,17.4,38.4,0,0,Humid,Good,Night,4.0,8.9,7.03,7.23,2,2,9.0,10,8,25.1,11.9,,0.33,0.36,-41.2,0.3460316911060808,-20.299999999999997,-20.900000000000002,-0.16999999999999993,-0.04999999999999982,-0.11000000000000032,-4.9,-0.20000000000000018,2,0,13.200000000000001,-0.02999999999999997,0,2,5,-2,0,-2,0,35.800000000000004,15.700000000000003,0.3545,0.4472,-0.0927,0.4151,0.3559,0.2,0.5,-0.3,0.4444,0.2222,0.3333,10,2,8,Away_Win
ISL00685,2021-22,2021-11-15,Jamshedpur FC,Odisha FC,Jamshedpur,4-4-2,3-5-2,6.69,7.23,6.35,7.52,38.6,26.2,64.3,40.4,5,11,8,13,3,1,3,1,3,2,4,3,41.6,19.0,37.1,32.9,3,2,Humid,Good,Day,4.4,7.9,6.73,8.29,1,2,8.5,10,4,26.6,8.2,Away,0.35,0.31,-25.699999999999996,0.6003109486297126,-14.2,-11.499999999999996,0.34000000000000075,-0.28999999999999915,0.025000000000001243,-3.5,-1.5599999999999987,6,-1,18.400000000000002,0.03999999999999998,1,-3,-2,0,0,-1,-1,4.5,-13.899999999999999,0.4516,0.2768,0.1748,0.5312,0.193,0.6,-0.6,1.2,0.2667,0.4,0.3333,1,14,-13,Draw
ISL00686,2021-22,2021-11-18,East Bengal FC,NorthEast United FC,Kolkata,3-5-2,3-5-2,8.29,7.03,6.63,7.08,32.1,21.0,52.9,35.7,8,15,7,11,3,0,1,0,3,0,1,0,16.4,53.3,17.7,52.0,2,0,Rainy,Good,Night,2.9,9.8,6.51,6.87,2,2,3.5,5,6,7.7,29.7,,0.48,0.41,-20.799999999999997,0.6068051782976979,-14.700000000000003,-6.099999999999994,1.6599999999999993,-0.04999999999999982,0.8049999999999997,-6.9,-0.3600000000000003,-1,0,-22.0,0.07,2,1,4,2,0,2,0,-1.3000000000000007,1.2999999999999972,0.384,0.3833,0.0007000000000000339,0.4507,0.3636,-0.1,0.1,-0.2,0.4,0.2,0.4,13,6,7,Draw
ISL00687,2021-22,2021-11-18,FC Goa,Jamshedpur FC,Goa,4-2-3-1,5-3-2,7.62,6.31,6.16,7.35,51.5,26.1,69.9,41.6,9,11,8,11,0,1,4,0,2,1,7,0,29.4,32.5,31.4,49.0,2,2,Clear,Average,Night,9.9,3.0,7.36,6.91,1,3,4.8,3,11,21.2,17.9,,0.38,0.41,-18.400000000000006,0.7367667043252211,-15.5,-2.9000000000000057,1.46,-1.04,0.20999999999999996,6.9,0.4500000000000002,-8,-2,3.3000000000000007,-0.02999999999999997,0,1,0,-4,1,-5,1,-2.0,-16.5,0.4141,0.448,-0.033899999999999986,0.431,0.3667,-0.5,0.6,-1.1,0.4444,0.2222,0.3333,13,3,10,Home_Win
ISL00688,2021-22,2021-11-20,NorthEast United FC,Hyderabad FC,Guwahati,4-3-3,3-4-3,6.4,7.01,6.61,6.93,49.9,25.5,38.5,20.9,8,15,8,9,1,0,1,1,1,0,1,1,40.2,30.7,15.8,21.8,0,0,Humid,Good,Night,6.8,3.4,8.87,5.45,1,1,5.0,4,6,17.8,15.3,Both,0.34,0.39,11.399999999999999,1.2961035594536208,4.600000000000001,6.799999999999997,-0.20999999999999996,0.08000000000000007,-0.0649999999999995,3.4,3.419999999999999,-2,0,2.5,-0.04999999999999999,0,0,6,0,-1,0,-1,24.400000000000002,8.899999999999999,0.3802,0.322,0.058199999999999974,0.4074,0.2923,0.0,0.5,-0.5,0.2857,0.5714,0.1429,2,23,-21,Home_Win
ISL00689,2021-22,2021-11-22,East Bengal FC,NorthEast United FC,Kolkata,4-2-3-1,4-4-2,6.31,7.0,7.75,8.42,56.5,36.5,43.8,27.2,9,13,6,15,3,1,3,0,5,1,4,0,35.5,48.8,43.5,33.8,2,0,Overcast,Good,Night,0.2,9.1,8.34,6.21,1,2,5.2,6,7,6.9,7.1,,0.4,0.4,12.700000000000003,1.2899540433894878,9.3,3.400000000000002,-1.4400000000000004,-1.42,-1.4300000000000015,-8.9,2.13,-1,-1,-0.1999999999999993,0.0,2,3,-2,0,1,1,1,-8.0,15.0,0.381,0.3852,-0.0041999999999999815,0.4444,0.3582,-0.2,0.3,-0.5,0.375,0.25,0.375,4,2,2,Draw
ISL00690,2021-22,2021-11-25,Punjab FC,Chennaiyin FC,Mohali,4-4-2,5-3-2,6.39,5.91,6.65,7.39,57.3,33.8,39.2,21.5,7,14,9,23,2,0,5,5,2,0,6,5,46.6,36.4,30.2,17.0,2,1,Rainy,Good,Night,1.1,9.9,8.77,8.58,2,1,3.3,7,7,15.8,15.8,,0.31,0.39,18.099999999999994,1.4617343209861422,12.299999999999997,5.799999999999997,-0.2600000000000007,-1.4799999999999995,-0.8699999999999992,-8.8,0.1899999999999995,0,1,0.0,-0.08000000000000002,1,-2,-9,-3,-5,-4,-5,16.400000000000002,19.4,0.3545,0.3056,0.0489,0.377,0.2407,-0.2,-0.1,-0.1,0.2857,0.3571,0.3571,21,30,-9,Away_Win
ISL00691,2021-22,2021-11-26,Jamshedpur FC,Hyderabad FC,Jamshedpur,4-2-3-1,4-4-2,7.05,7.18,7.71,6.19,34.4,15.6,21.0,12.5,4,13,15,14,1,1,3,2,1,1,4,3,20.5,37.6,47.4,54.8,2,3,Rainy,Good,Night,10.0,4.8,7.17,8.15,2,1,6.1,8,6,29.9,10.4,Away,0.38,0.33,13.399999999999999,1.638094458050258,3.0999999999999996,10.299999999999997,-0.6600000000000001,0.9899999999999993,0.16500000000000004,5.2,-0.9800000000000004,2,1,19.5,0.04999999999999999,-1,-11,-1,-2,-1,-3,-2,-26.9,-17.199999999999996,0.4444,0.3193,0.12510000000000004,0.5231,0.2879,-0.1,0.1,-0.2,0.3846,0.3077,0.3077,8,6,2,Home_Win
ISL00692,2021-22,2021-11-27,Kerala Blasters,NorthEast United FC,Kochi,5-3-2,4-4-2,6.15,6.75,6.95,6.43,30.0,18.2,30.7,18.9,7,11,9,16,1,3,3,1,1,4,3,3,36.2,47.4,25.7,47.1,0,1,Clear,Average,Day,4.0,4.2,7.62,8.96,3,1,5.3,5,7,7.3,10.2,,0.34,0.4,-0.6999999999999993,0.9771983787627431,-0.6999999999999993,0.0,-0.7999999999999998,0.3200000000000003,-0.23999999999999932,-0.20000000000000018,-1.3400000000000007,-2,2,-2.8999999999999995,-0.06,-1,-2,-5,-2,2,-2,1,10.500000000000004,0.29999999999999716,0.3451,0.3821,-0.03699999999999998,0.4259,0.3529,-0.3,0.3,-0.6,0.3846,0.3077,0.3077,30,5,25,Draw
ISL00693,2021-22,2021-12-05,Jamshedpur FC,Punjab FC,Jamshedpur,4-4-2,3-4-3,7.49,7.52,6.38,6.96,31.8,17.4,50.7,26.5,12,10,8,11,2,1,1,0,2,1,3,0,29.9,32.7,21.6,54.5,1,0,Clear,Good,Night,5.8,0.2,8.88,6.57,1,3,4.7,8,4,11.5,26.9,,0.43,0.39,-18.900000000000002,0.6272188111994454,-9.100000000000001,-9.8,1.1100000000000003,0.5599999999999996,0.835,5.6,2.3100000000000005,4,-2,-15.399999999999999,0.03999999999999998,1,4,-1,1,1,-1,1,8.299999999999997,-21.799999999999997,0.4488,0.3514,0.09739999999999999,0.5303,0.3265,-0.1,0.1,-0.2,0.2727,0.1818,0.5455,9,10,-1,Home_Win
ISL00694,2021-22,2021-12-14,East Bengal FC,Kerala Blasters,Kolkata,3-4-3,4-2-3-1,6.82,7.4,7.15,7.56,42.4,27.4,50.8,31.3,6,15,7,13,0,1,1,1,0,2,1,1,39.7,47.4,34.6,52.4,1,0,Clear,Average,Night,1.7,8.6,6.42,5.33,1,1,5.5,6,3,7.7,7.5,,0.48,0.39,-8.399999999999999,0.8346455049910423,-3.900000000000002,-4.4999999999999964,-0.33000000000000007,-0.15999999999999925,-0.2450000000000001,-6.8999999999999995,1.0899999999999999,3,0,0.20000000000000018,0.08999999999999997,1,-1,2,-1,0,-1,1,5.100000000000001,-5.0,0.378,0.3421,0.03589999999999999,0.4384,0.2712,0.1,-0.4,0.5,0.3333,0.3333,0.3333,22,17,5,Home_Win
ISL00695,2021-22,2021-12-17,Punjab FC,Odisha FC,Mohali,3-4-3,4-4-2,7.55,6.72,6.41,7.13,45.9,29.2,33.5,19.3,14,16,13,17,1,0,1,3,2,1,2,3,27.3,53.9,16.5,32.5,1,1,Humid,Good,Night,9.4,0.7,6.7,7.52,2,1,9.0,3,5,27.9,19.0,,0.31,0.37,12.399999999999999,1.370148844731688,9.899999999999999,2.5,1.1399999999999997,-0.41000000000000014,0.3650000000000002,8.700000000000001,-0.8199999999999994,-2,1,8.899999999999999,-0.06,0,1,-1,0,-3,0,-2,10.8,21.4,0.3482,0.2743,0.07390000000000002,0.371,0.1897,0.0,-0.4,0.4,0.4286,0.4286,0.1429,12,30,-18,Home_Win
ISL00696,2021-22,2021-12-24,Punjab FC,NorthEast United FC,Mohali,4-4-2,4-4-2,5.89,6.87,5.76,7.9,38.3,26.1,56.8,34.0,7,17,12,10,3,1,1,1,3,2,1,1,38.5,49.0,42.6,20.0,1,2,Clear,Average,Night,1.7,7.1,6.41,7.32,2,1,5.5,6,7,9.5,15.7,,0.47,0.47,-18.5,0.6742956559338633,-7.899999999999999,-10.600000000000001,0.1299999999999999,-1.0300000000000002,-0.4500000000000002,-5.3999999999999995,-0.9100000000000001,-1,1,-6.199999999999999,0.0,-1,-5,7,2,0,2,1,-4.100000000000001,29.0,0.354,0.379,-0.025000000000000022,0.381,0.3478,0.2,0.2,0.0,0.3333,0.5,0.1667,7,27,-20,Home_Win
ISL00697,2021-22,2021-12-26,Chennaiyin FC,Jamshedpur FC,Chennai,4-4-2,5-3-2,7.76,6.53,6.13,6.41,36.8,23.0,62.9,32.8,11,18,4,13,2,4,6,0,4,4,6,0,50.1,27.8,17.5,53.1,0,2,Humid,Average,Night,8.9,4.9,6.33,7.99,1,2,8.9,10,10,15.2,10.9,Away,0.35,0.45,-26.1,0.5850555508655721,-9.799999999999997,-16.300000000000004,1.63,0.1200000000000001,0.875,4.0,-1.6600000000000001,0,-1,4.299999999999999,-0.10000000000000003,-2,7,5,-4,4,-2,4,32.6,-25.3,0.3119,0.4531,-0.1412,0.3704,0.3607,0.0,0.0,0.0,0.2222,0.2222,0.5556,30,21,9,Home_Win
ISL00698,2021-22,2021-12-27,Odisha FC,Punjab FC,Bhubaneswar,4-2-3-1,3-4-3,6.08,6.08,6.7,7.74,40.4,27.4,49.2,31.3,10,13,6,14,1,4,2,2,2,6,2,2,25.1,40.0,50.5,16.2,1,3,Overcast,Good,Night,7.3,7.2,8.17,7.35,1,3,8.4,5,9,9.6,5.8,,0.33,0.39,-8.800000000000004,0.8211380444841372,-3.900000000000002,-4.900000000000002,-0.6200000000000001,-1.6600000000000001,-1.1400000000000006,0.09999999999999964,0.8200000000000003,-4,-2,3.8,-0.06,-2,4,-1,-1,2,0,4,-25.4,23.8,0.2719,0.3596,-0.0877,0.3636,0.32,-0.7,0.2,-0.8999999999999999,0.125,0.375,0.5,10,3,7,Home_Win
ISL00699,2021-22,2021-12-27,ATK Mohun Bagan,Odisha FC,Kolkata,3-4-3,4-4-2,6.52,6.82,6.85,8.86,60.7,31.6,46.0,22.4,7,13,12,11,2,1,0,1,2,1,1,1,36.9,44.0,23.6,41.3,0,1,Clear,Good,Night,4.8,8.9,6.78,7.7,2,1,2.4,8,8,6.2,20.1,,0.38,0.48,14.700000000000003,1.3195649305293629,9.200000000000003,5.5,-0.33000000000000007,-2.039999999999999,-1.1849999999999996,-4.1000000000000005,-0.9199999999999999,0,1,-13.900000000000002,-0.09999999999999998,-1,-5,2,2,0,1,0,13.299999999999997,2.700000000000003,0.3333,0.2783,0.05499999999999999,0.3958,0.1864,-0.1,0.0,-0.1,0.5,0.3333,0.1667,30,1,29,Away_Win
ISL00700,2021-22,2021-12-30,FC Goa,Mumbai City FC,Goa,3-4-3,5-3-2,7.74,7.61,5.89,6.93,63.3,33.8,36.6,20.9,9,18,6,5,2,1,0,1,2,2,2,2,51.2,53.2,40.1,42.8,3,1,Clear,Poor,Night,5.2,4.6,6.94,7.53,1,2,3.7,6,8,12.2,19.3,Home,0.47,0.49,26.699999999999996,1.729507724178217,12.899999999999999,13.799999999999997,1.8500000000000005,0.6800000000000006,1.2650000000000006,0.6000000000000005,-0.5899999999999999,-2,-1,-7.100000000000001,-0.020000000000000018,2,3,13,2,0,0,0,11.100000000000001,10.400000000000006,0.42,0.3761,0.043899999999999995,0.4407,0.3898,-0.2,-0.1,-0.1,0.1667,0.5,0.3333,30,30,0,Draw
ISL00701,2021-22,2022-01-02,Mumbai City FC,NorthEast United FC,Mumbai,5-3-2,4-4-2,6.59,7.42,6.91,6.49,36.0,16.7,21.6,12.6,7,9,8,12,1,1,1,1,2,1,2,1,27.0,36.5,42.7,26.3,2,1,Rainy,Good,Day,5.5,7.4,7.66,7.08,0,2,8.7,8,6,24.6,8.9,Home,0.35,0.43,14.399999999999999,1.6666658950620856,4.1,10.299999999999999,-0.3200000000000003,0.9299999999999997,0.3049999999999997,-1.9000000000000004,0.5800000000000001,2,-2,15.700000000000001,-0.08000000000000002,1,-1,-3,0,0,0,0,-15.700000000000003,10.2,0.3729,0.376,-0.0030999999999999917,0.3621,0.3429,0.1,0.0,0.1,0.1176,0.4118,0.4706,3,9,-6,Home_Win
ISL00702,2021-22,2022-01-02,Chennaiyin FC,FC Goa,Chennai,4-4-2,3-5-2,5.34,7.59,6.38,7.25,62.0,41.3,48.5,21.9,10,10,8,12,4,2,5,2,5,2,5,2,49.4,49.7,40.3,21.7,0,0,Overcast,Average,Night,3.0,8.6,8.72,7.72,2,1,1.8,10,4,28.9,12.6,,0.42,0.46,13.5,1.278350251886546,19.4,-5.899999999999999,-1.04,0.33999999999999986,-0.34999999999999964,-5.6,1.0000000000000009,6,1,16.299999999999997,-0.040000000000000036,0,2,-2,-1,0,0,0,9.100000000000001,28.000000000000004,0.3182,0.4158,-0.09760000000000002,0.3818,0.3902,0.1,-0.2,0.30000000000000004,0.2222,0.2222,0.5556,7,3,4,Away_Win
ISL00703,2021-22,2022-01-04,East Bengal FC,ATK Mohun Bagan,Kolkata,4-2-3-1,4-3-3,6.28,6.74,7.17,7.4,43.7,21.3,35.8,23.2,5,8,11,12,2,4,3,1,4,7,3,3,25.8,54.6,18.8,15.7,0,1,Humid,Good,Night,1.0,0.0,5.51,4.92,2,1,1.2,9,5,26.5,19.6,,0.33,0.47,7.900000000000006,1.2206700500921648,-1.8999999999999986,9.800000000000004,-0.8899999999999997,-0.6600000000000001,-0.7750000000000004,1.0,0.5899999999999999,4,1,6.899999999999999,-0.13999999999999996,-1,-6,-4,-1,3,1,4,7.0,38.900000000000006,0.3828,0.3304,0.05239999999999995,0.4459,0.2857,0.1,-0.1,0.2,0.5556,0.3333,0.1111,21,8,13,Draw
ISL00704,2021-22,2022-01-08,Odisha FC,Jamshedpur FC,Bhubaneswar,3-5-2,3-4-3,6.34,7.91,6.38,7.72,47.7,28.0,29.0,17.1,6,12,7,22,1,0,0,2,2,1,2,3,32.2,20.5,16.0,36.1,3,1,Humid,Average,Night,6.7,9.8,7.24,9.34,2,1,4.1,10,7,12.5,13.4,,0.31,0.36,18.700000000000003,1.644827019025166,10.899999999999999,7.800000000000004,-0.040000000000000036,0.1900000000000004,0.07500000000000018,-3.1000000000000005,-2.0999999999999996,3,1,-0.9000000000000004,-0.04999999999999999,2,-1,-10,1,-2,0,-2,16.200000000000003,-15.600000000000001,0.2845,0.4496,-0.16510000000000002,0.375,0.3548,0.1,-0.1,0.2,0.3125,0.4375,0.25,12,13,-1,Away_Win
ISL00705,2021-22,2022-01-09,Punjab FC,East Bengal FC,Mohali,3-5-2,4-4-2,7.28,6.64,6.3,7.32,59.6,34.4,40.4,19.0,9,14,9,15,1,1,1,2,1,1,3,3,21.6,49.4,30.1,33.9,3,0,Humid,Average,Night,5.9,4.8,6.53,6.64,2,2,9.6,6,9,28.8,19.0,,0.43,0.34,19.200000000000003,1.4752471595922871,15.399999999999999,3.8000000000000043,0.9800000000000004,-0.6800000000000006,0.14999999999999947,1.1000000000000005,-0.10999999999999943,-3,0,9.8,0.08999999999999997,3,0,-1,0,-1,-2,-2,-8.5,15.5,0.3565,0.3798,-0.023300000000000043,0.3906,0.2963,-0.3,0.0,-0.3,0.4,0.2,0.4,13,5,8,Home_Win
ISL00706,2021-22,2022-01-12,ATK Mohun Bagan,FC Goa,Kolkata,5-3-2,4-2-3-1,6.18,7.28,6.33,7.59,35.9,23.5,47.9,31.7,5,9,12,16,2,2,1,1,2,2,2,1,15.2,49.8,19.8,27.7,0,0,Clear,Good,Night,4.9,0.5,7.39,5.85,2,2,3.1,5,7,21.8,25.7,,0.5,0.33,-12.0,0.7494779228647342,-8.2,-3.8000000000000007,-0.15000000000000036,-0.3099999999999996,-0.22999999999999954,4.4,1.54,-2,0,-3.8999999999999986,0.16999999999999998,0,-7,-7,1,1,0,1,-4.600000000000001,22.099999999999998,0.3274,0.4216,-0.09419999999999995,0.3878,0.4048,0.0,-0.2,0.2,0.3,0.2,0.5,8,10,-2,Draw
ISL00707,2021-22,2022-01-13,Punjab FC,NorthEast United FC,Mohali,4-3-3,4-2-3-1,6.52,7.13,6.17,6.95,40.1,21.9,30.0,18.8,6,13,6,17,2,0,2,3,2,1,3,4,30.7,27.9,15.9,46.0,1,4,Humid,Poor,Night,9.5,4.0,6.78,4.49,3,1,5.9,9,5,7.0,24.6,,0.5,0.31,10.100000000000001,1.3366662211112597,3.099999999999998,7.0000000000000036,0.34999999999999964,0.17999999999999972,0.2649999999999988,5.5,2.29,4,2,-17.6,0.19,-3,0,-4,0,-3,-1,-3,14.799999999999999,-18.1,0.3621,0.373,-0.01090000000000002,0.4,0.338,-0.3,-0.3,0.0,0.4286,0.4286,0.1429,4,11,-7,Home_Win
ISL00708,2021-22,2022-01-14,Kerala Blasters,FC Goa,Kochi,3-5-2,4-3-3,6.73,7.36,6.06,7.07,43.4,21.1,35.5,24.1,5,17,2,15,0,2,2,2,2,2,2,3,53.5,15.1,15.6,53.5,1,2,Clear,Good,Night,1.0,0.4,6.94,7.32,1,3,8.7,2,8,8.9,15.1,,0.37,0.43,7.899999999999999,1.2225348668915867,-3.0,10.899999999999999,0.6700000000000008,0.29000000000000004,0.4800000000000004,0.6,-0.3799999999999999,-6,-2,-6.199999999999999,-0.06,-1,3,2,-2,0,0,-1,37.9,-38.4,0.3391,0.4175,-0.07839999999999997,0.4182,0.3953,-0.3,-0.2,-0.09999999999999998,0.1429,0.2143,0.6429,30,2,28,Away_Win
ISL00709,2021-22,2022-01-15,FC Goa,ATK Mohun Bagan,Goa,5-3-2,4-2-3-1,6.68,7.15,6.88,8.23,53.9,29.4,31.0,19.2,14,9,7,15,3,1,4,3,3,2,4,3,45.0,36.5,46.8,36.6,2,0,Clear,Good,Night,1.4,5.9,7.13,5.17,1,2,3.2,11,6,20.8,6.5,,0.39,0.4,22.9,1.7387091165454462,10.2,12.7,-0.20000000000000018,-1.08,-0.6399999999999997,-4.5,1.96,5,-1,14.3,-0.010000000000000009,2,7,-6,-1,-2,-1,-1,-1.7999999999999972,-0.10000000000000142,0.4231,0.3246,0.09849999999999998,0.4333,0.2812,0.2,0.0,0.2,0.4545,0.2727,0.2727,1,3,-2,Home_Win
ISL00710,2021-22,2022-01-19,Mumbai City FC,Chennaiyin FC,Mumbai,4-4-2,4-3-3,6.36,6.88,6.4,6.22,12.5,5.8,23.1,13.3,12,12,9,12,1,2,2,1,1,2,4,1,37.1,37.7,27.7,40.6,2,0,Overcast,Average,Night,6.0,6.0,8.32,8.13,2,1,7.9,8,7,26.7,6.5,Both,0.36,0.36,-10.600000000000001,0.5411253068721615,-7.500000000000001,-3.1000000000000005,-0.040000000000000036,0.6600000000000001,0.3099999999999996,0.0,0.1899999999999995,1,1,20.2,0.0,2,3,0,-1,1,-3,1,9.400000000000002,-2.8999999999999986,0.3782,0.3153,0.06289999999999996,0.3729,0.2545,0.2,-0.4,0.6000000000000001,0.4444,0.3333,0.2222,17,17,0,Home_Win
ISL00711,2021-22,2022-01-24,NorthEast United FC,Bengaluru FC,Guwahati,3-4-3,3-4-3,6.38,7.03,7.18,7.05,32.9,17.3,38.5,24.9,10,18,4,10,1,3,0,4,2,3,1,4,23.8,38.9,17.3,30.4,0,0,Humid,Poor,Night,7.2,7.9,6.28,8.92,3,1,4.5,2,7,9.1,14.9,,0.41,0.31,-5.600000000000001,0.8545452325856537,-7.599999999999998,1.9999999999999964,-0.7999999999999998,-0.019999999999999574,-0.41000000000000014,-0.7000000000000002,-2.6399999999999997,-5,2,-5.800000000000001,0.09999999999999998,0,6,8,1,-1,1,-1,6.5,8.5,0.3701,0.3514,0.018699999999999994,0.4182,0.2982,-0.1,0.1,-0.2,0.5,0.25,0.25,11,30,-19,Home_Win
ISL00712,2021-22,2022-01-24,FC Goa,Mumbai City FC,Goa,4-3-3,3-5-2,7.24,7.09,6.82,7.12,58.4,35.5,17.1,9.2,9,9,10,20,2,0,3,1,2,0,4,1,48.5,33.9,44.3,54.6,0,1,Overcast,Average,Night,4.8,7.4,7.34,5.69,1,1,9.2,11,8,23.8,5.6,,0.46,0.5,41.3,3.4152026811680223,26.3,14.999999999999996,0.41999999999999993,-0.03000000000000025,0.1949999999999994,-2.6000000000000005,1.6499999999999995,3,0,18.200000000000003,-0.03999999999999998,-1,-1,-11,-1,-1,-2,-1,4.200000000000003,-20.700000000000003,0.4286,0.3833,0.04530000000000001,0.4426,0.3833,0.7,0.6,0.09999999999999998,0.1429,0.5714,0.2857,9,5,4,Home_Win
ISL00713,2021-22,2022-01-25,FC Goa,East Bengal FC,Goa,3-5-2,3-4-3,6.77,6.44,6.9,8.03,27.9,13.0,33.7,18.8,11,10,10,16,1,1,1,0,3,2,1,0,52.4,49.5,47.8,33.0,1,1,Humid,Good,Night,9.3,7.6,6.87,10.0,2,3,4.4,13,6,13.0,26.3,,0.3,0.43,-5.800000000000004,0.8278929294086261,-5.800000000000001,-3.552713678800501e-15,-0.13000000000000078,-1.589999999999999,-0.8599999999999994,1.700000000000001,-3.13,7,-1,-13.3,-0.13,0,1,-6,0,1,2,2,4.600000000000001,16.5,0.434,0.3769,0.057099999999999984,0.4516,0.2909,0.5,0.0,0.5,0.3571,0.1429,0.5,1,16,-15,Home_Win
ISL00714,2021-22,2022-01-25,NorthEast United FC,Punjab FC,Guwahati,4-2-3-1,4-3-3,6.58,6.82,5.89,7.08,31.3,21.8,46.9,25.3,4,17,6,13,1,1,1,0,3,3,2,2,43.8,38.4,19.6,52.4,2,2,Clear,Good,Day,8.6,4.6,7.32,7.67,1,3,2.9,4,12,17.1,15.0,,0.49,0.46,-15.599999999999998,0.6673772564227598,-3.5,-12.099999999999998,0.6900000000000004,-0.2599999999999998,0.21500000000000075,4.0,-0.34999999999999964,-8,-2,2.1000000000000014,0.02999999999999997,0,-2,4,0,1,1,1,24.199999999999996,-14.0,0.375,0.3675,0.007500000000000007,0.4286,0.3137,0.2,-0.2,0.4,0.125,0.375,0.5,1,12,-11,Home_Win
ISL00715,2021-22,2022-01-26,Kerala Blasters,East Bengal FC,Kochi,4-2-3-1,3-5-2,5.6,7.78,6.79,7.88,12.0,7.0,15.8,8.4,6,8,9,6,3,2,2,2,3,2,2,2,46.1,29.4,46.6,19.6,0,0,Rainy,Good,Night,1.8,7.9,6.65,7.7,1,2,7.5,2,5,6.2,19.2,,0.49,0.31,-3.8000000000000007,0.7594931901941834,-1.4000000000000004,-2.4000000000000004,-1.1900000000000004,-0.09999999999999964,-0.6450000000000005,-6.1000000000000005,-1.0499999999999998,-3,-1,-13.0,0.18,0,-3,2,1,0,1,0,-0.5,9.799999999999997,0.3362,0.374,-0.0378,0.4107,0.2857,-0.4,-0.1,-0.30000000000000004,0.3,0.3,0.4,12,1,11,Draw
ISL00716,2021-22,2022-01-26,Punjab FC,NorthEast United FC,Mohali,4-2-3-1,4-2-3-1,6.79,7.02,7.46,6.58,42.9,22.5,58.0,39.8,8,8,1,19,5,1,1,0,5,3,3,0,20.7,20.9,26.9,18.5,1,1,Overcast,Average,Night,7.9,1.5,6.03,5.54,3,2,1.3,9,6,8.1,21.4,,0.35,0.43,-15.100000000000001,0.7396550448870611,-17.299999999999997,2.1999999999999957,-0.6699999999999999,0.4399999999999995,-0.11500000000000021,6.4,0.4900000000000002,3,1,-13.299999999999999,-0.08000000000000002,0,7,-11,4,1,2,3,-6.199999999999999,2.3999999999999986,0.3644,0.3798,-0.015400000000000025,0.4091,0.3333,-0.1,0.3,-0.4,0.4444,0.3333,0.2222,1,1,0,Home_Win
ISL00717,2021-22,2022-01-30,Chennaiyin FC,Hyderabad FC,Chennai,5-3-2,4-4-2,5.96,6.86,7.73,6.17,53.9,35.5,40.3,23.2,5,10,9,12,3,3,1,0,6,3,2,0,20.6,52.2,37.6,21.3,0,0,Humid,Average,Night,1.5,8.8,5.94,7.47,0,3,2.9,7,3,27.0,16.9,,0.33,0.39,13.600000000000001,1.3374686507521958,12.3,1.3000000000000007,-1.7700000000000005,0.6900000000000004,-0.54,-7.300000000000001,-1.5299999999999994,4,-3,10.100000000000001,-0.06,0,-4,-2,2,3,4,3,-17.0,30.900000000000002,0.3125,0.3167,-0.0041999999999999815,0.375,0.2836,-0.6,0.1,-0.7,0.0,0.3333,0.6667,11,30,-19,Draw
ISL00718,2021-22,2022-02-01,Mumbai City FC,Chennaiyin FC,Mumbai,4-3-3,5-3-2,6.53,7.14,6.19,7.94,62.4,30.2,53.5,30.9,7,15,5,21,1,0,0,3,1,1,0,3,45.2,22.2,42.1,40.5,3,0,Humid,Good,Day,5.7,3.6,6.68,7.63,3,1,3.5,7,7,5.4,10.9,,0.41,0.32,8.899999999999999,1.16635492217665,-0.6999999999999993,9.600000000000001,0.33999999999999986,-0.8000000000000007,-0.23000000000000043,2.1,-0.9500000000000002,0,2,-5.5,0.08999999999999997,3,2,-6,1,-3,1,-2,3.1000000000000014,-18.3,0.3802,0.3097,0.07050000000000001,0.3833,0.25,0.5,-0.2,0.7,0.5,0.3,0.2,8,2,6,Draw
ISL00719,2021-22,2022-02-04,East Bengal FC,Mumbai City FC,Kolkata,3-4-3,4-4-2,7.59,6.95,6.86,6.62,43.8,23.2,56.4,30.7,9,9,4,13,1,3,1,2,1,3,1,2,36.9,29.4,36.4,24.5,2,2,Clear,Good,Day,1.5,4.3,6.35,7.25,2,3,5.1,5,8,26.5,27.2,Away,0.33,0.44,-12.600000000000001,0.7765956069865945,-7.5,-5.100000000000001,0.7299999999999995,0.33000000000000007,0.5299999999999994,-2.8,-0.9000000000000004,-3,-1,-0.6999999999999993,-0.10999999999999999,0,5,-4,0,1,0,1,0.5,4.899999999999999,0.3712,0.377,-0.005800000000000027,0.44,0.377,-0.1,0.5,-0.6,0.4545,0.0909,0.4545,9,3,6,Draw
ISL00720,2021-22,2022-02-05,East Bengal FC,ATK Mohun Bagan,Kolkata,5-3-2,5-3-2,8.02,5.51,6.52,7.09,36.9,25.3,33.8,18.0,7,14,11,12,2,2,1,2,2,2,2,4,29.1,45.1,17.7,42.5,3,0,Overcast,Average,Night,7.7,8.1,4.94,8.13,2,0,9.7,3,5,16.8,10.6,Home,0.4,0.5,3.1000000000000014,1.0917156533385641,7.300000000000001,-4.199999999999999,1.5,-1.58,-0.040000000000000036,-0.39999999999999947,-3.1900000000000004,-2,2,6.200000000000001,-0.09999999999999998,3,-4,2,1,0,0,-2,11.400000000000002,2.6000000000000014,0.3684,0.3217,0.04670000000000002,0.4342,0.2769,0.0,0.1,-0.1,0.5,0.4,0.1,1,21,-20,Draw
ISL00721,2021-22,2022-02-05,Kerala Blasters,ATK Mohun Bagan,Kochi,5-3-2,3-5-2,5.98,6.91,6.17,6.6,61.7,31.5,57.3,29.1,11,13,7,15,4,3,1,1,4,3,1,1,25.8,26.9,19.7,54.0,7,4,Overcast,Average,Night,9.1,4.5,6.17,7.5,3,2,4.2,3,3,9.6,11.4,,0.31,0.32,4.400000000000006,1.0767886427943032,2.3999999999999986,2.000000000000007,-0.1899999999999995,0.3100000000000005,0.0600000000000005,4.6,-1.33,0,1,-1.8000000000000007,-0.010000000000000009,3,4,-2,3,2,3,2,6.100000000000001,-27.1,0.3333,0.319,0.01429999999999998,0.4035,0.2727,-0.3,0.0,-0.3,0.3636,0.3636,0.2727,10,1,9,Draw
ISL00722,2021-22,2022-02-07,Bengaluru FC,NorthEast United FC,Bengaluru,4-2-3-1,4-3-3,5.86,7.37,6.14,8.0,41.7,26.4,39.3,27.0,12,11,11,11,3,0,0,3,3,0,1,3,51.1,32.1,44.1,36.2,1,0,Rainy,Good,Night,9.3,1.6,7.63,6.43,0,4,5.2,4,6,28.0,11.6,,0.41,0.38,2.4000000000000057,1.061068432298109,-0.6000000000000014,3.000000000000007,-0.27999999999999936,-0.6299999999999999,-0.45500000000000007,7.700000000000001,1.2000000000000002,-2,-4,16.4,0.02999999999999997,1,1,0,3,-3,2,-3,7.0,-4.100000000000001,0.3482,0.3769,-0.028700000000000003,0.4074,0.3288,-0.1,0.1,-0.2,0.2222,0.2222,0.5556,14,12,2,Draw
ISL00723,2021-22,2022-02-08,Jamshedpur FC,Punjab FC,Jamshedpur,4-4-2,4-2-3-1,5.95,7.97,6.18,6.7,51.9,24.4,54.0,34.2,6,10,8,10,3,0,2,2,3,0,3,2,35.9,18.4,44.2,44.0,0,1,Rainy,Average,Night,4.6,5.1,7.28,6.26,2,3,1.3,9,9,15.5,9.7,,0.45,0.43,-2.1000000000000014,0.9611109331276049,-9.800000000000004,7.700000000000003,-0.22999999999999954,1.2699999999999996,0.5200000000000005,-0.5,1.0200000000000005,0,-1,5.800000000000001,0.020000000000000018,-1,-2,0,1,-2,0,-2,-8.300000000000004,-25.6,0.4538,0.3697,0.08410000000000001,0.5373,0.3077,0.3,0.3,0.0,0.3333,0.1667,0.5,30,13,17,Home_Win
ISL00724,2021-22,2022-02-08,East Bengal FC,Kerala Blasters,Kolkata,5-3-2,3-4-3,6.68,6.44,8.01,6.19,72.3,42.2,43.9,25.0,14,14,6,13,4,1,3,0,5,1,5,0,52.3,33.0,35.3,43.7,0,2,Humid,Good,Night,9.3,4.4,8.08,6.84,1,1,9.1,3,3,29.5,29.3,Home,0.35,0.4,28.4,1.646924454003541,17.200000000000003,11.199999999999996,-1.33,0.25,-0.5399999999999991,4.9,1.2400000000000002,0,0,0.1999999999999993,-0.050000000000000044,-2,8,1,1,1,0,1,17.0,-10.700000000000003,0.3657,0.3305,0.03520000000000001,0.4286,0.2667,0.0,-0.4,0.4,0.3636,0.3636,0.2727,3,3,0,Away_Win
ISL00725,2021-22,2022-02-11,Bengaluru FC,Hyderabad FC,Bengaluru,4-3-3,4-3-3,6.14,7.63,7.05,7.2,57.2,35.2,49.1,29.4,9,11,11,22,1,1,1,0,1,1,2,0,16.1,40.8,22.9,33.8,1,2,Humid,Average,Night,9.5,3.0,4.59,8.77,1,2,6.4,4,3,5.0,12.8,Home,0.35,0.47,8.100000000000001,1.1649692128372275,5.800000000000004,2.299999999999997,-0.9100000000000001,0.4299999999999997,-0.2400000000000002,6.5,-4.18,1,-1,-7.800000000000001,-0.12,-1,-2,-11,0,1,-1,1,-6.799999999999997,7.0,0.3451,0.314,0.031100000000000017,0.4,0.2794,0.1,-0.3,0.4,0.5,0.3333,0.1667,4,12,-8,Home_Win
ISL00726,2021-22,2022-02-13,Hyderabad FC,NorthEast United FC,Hyderabad,4-4-2,4-3-3,5.98,7.55,6.53,7.71,38.5,19.3,60.6,40.0,12,7,13,11,3,1,2,0,3,2,4,1,53.1,54.9,29.3,21.9,2,4,Overcast,Average,Night,3.5,4.8,5.86,5.66,1,2,2.6,2,7,25.3,27.7,,0.32,0.33,-22.1,0.6353134265159361,-20.7,-1.4000000000000021,-0.5499999999999998,-0.16000000000000014,-0.35499999999999954,-1.2999999999999998,0.20000000000000018,-5,-1,-2.3999999999999986,-0.010000000000000009,-2,-1,-4,1,1,-1,1,23.8,33.0,0.3115,0.374,-0.0625,0.3585,0.3243,-0.5,0.1,-0.6,0.125,0.5,0.375,2,6,-4,Away_Win
ISL00727,2021-22,2022-02-18,Chennaiyin FC,NorthEast United FC,Chennai,4-3-3,4-4-2,7.49,7.8,7.02,6.92,51.7,27.5,37.0,20.1,7,9,5,21,1,0,1,2,1,1,1,2,23.6,20.5,15.5,24.9,1,3,Humid,Average,Day,0.1,7.9,6.64,9.08,2,3,2.4,5,10,26.8,24.3,,0.48,0.37,14.700000000000003,1.397296919649481,7.399999999999999,7.300000000000004,0.47000000000000064,0.8799999999999999,0.6749999999999998,-7.800000000000001,-2.4400000000000004,-5,-1,2.5,0.10999999999999999,-2,2,-12,0,-2,0,-1,8.100000000000001,-4.399999999999999,0.307,0.3788,-0.07180000000000003,0.3684,0.3333,0.0,0.0,0.0,0.2222,0.1111,0.6667,17,5,12,Draw
ISL00728,2021-22,2022-02-18,NorthEast United FC,Odisha FC,Guwahati,4-2-3-1,4-2-3-1,7.12,7.65,5.84,7.09,39.0,22.9,46.5,24.2,10,15,7,9,1,1,2,2,1,2,3,3,16.1,54.4,28.5,19.1,1,3,Clear,Good,Day,1.9,6.9,4.52,7.86,4,0,9.7,8,7,15.4,15.4,,0.48,0.41,-7.5,0.838709497051721,-1.3000000000000007,-6.199999999999999,1.2800000000000002,0.5600000000000005,0.9199999999999999,-5.0,-3.3400000000000007,1,4,0.0,0.07,-2,3,6,-1,-1,-2,-1,-12.399999999999999,35.3,0.3759,0.2821,0.0938,0.4386,0.2,0.0,-0.1,0.1,0.3846,0.3077,0.3077,1,30,-29,Home_Win
ISL00729,2021-22,2022-02-19,East Bengal FC,NorthEast United FC,Kolkata,4-4-2,3-4-3,6.44,7.42,7.05,7.31,43.8,26.2,45.6,26.0,3,12,15,16,3,1,2,1,3,1,3,1,34.5,33.8,17.6,24.1,2,1,Rainy,Good,Night,6.5,5.0,5.91,6.04,0,2,9.6,3,8,19.0,20.1,Away,0.46,0.32,-1.8000000000000043,0.9605261051477838,0.1999999999999993,-2.0000000000000036,-0.6099999999999994,0.11000000000000032,-0.25,1.5,-0.1299999999999999,-5,-2,-1.1000000000000014,0.14,1,-12,-4,1,0,0,0,16.9,9.699999999999996,0.363,0.3806,-0.017600000000000005,0.4231,0.3289,-0.3,0.3,-0.6,0.3529,0.2941,0.3529,11,1,10,Draw
ISL00730,2021-22,2022-02-20,Chennaiyin FC,FC Goa,Chennai,5-3-2,5-3-2,6.65,7.78,7.11,7.34,35.5,17.3,45.8,25.9,12,15,4,11,2,1,2,1,3,2,3,3,29.3,36.0,36.4,20.0,0,2,Humid,Good,Day,5.2,2.2,7.91,7.98,1,2,4.1,3,13,12.8,26.6,,0.47,0.38,-10.299999999999997,0.7751090010679037,-8.599999999999998,-1.6999999999999993,-0.45999999999999996,0.4400000000000004,-0.009999999999999787,3.0,-0.07000000000000028,-10,-1,-13.8,0.08999999999999997,-2,8,4,0,0,0,-1,-7.099999999999998,16.0,0.3043,0.4393,-0.135,0.3621,0.4091,-0.1,0.8,-0.9,0.2,0.2,0.6,2,26,-24,Draw
ISL00731,2021-22,2022-02-21,Odisha FC,NorthEast United FC,Bhubaneswar,5-3-2,3-4-3,7.5,7.13,6.99,6.89,34.9,19.3,34.1,22.4,4,16,8,23,2,0,0,1,2,1,1,2,38.4,42.6,24.2,41.4,0,2,Clear,Poor,Night,0.9,9.3,9.56,5.16,0,4,7.2,6,9,12.9,17.6,,0.37,0.48,0.7999999999999972,1.023460110422255,-3.099999999999998,3.899999999999995,0.5099999999999998,0.2400000000000002,0.375,-8.4,4.4,-3,-4,-4.700000000000001,-0.10999999999999999,-2,-4,-7,2,-1,1,-1,14.2,1.2000000000000028,0.2797,0.3778,-0.09810000000000002,0.3684,0.3247,-0.3,0.5,-0.8,0.2857,0.2857,0.4286,3,2,1,Home_Win
ISL00732,2021-22,2022-02-21,Odisha FC,Kerala Blasters,Bhubaneswar,5-3-2,4-2-3-1,6.89,6.15,6.55,7.39,67.5,47.2,42.5,28.6,8,12,14,22,3,1,2,0,4,1,2,1,27.6,17.7,47.8,46.8,0,0,Rainy,Average,Night,10.0,4.1,8.73,7.94,2,1,1.2,9,5,21.5,12.2,Home,0.36,0.34,25.0,1.5882349204153128,18.6,6.399999999999999,0.33999999999999986,-1.2399999999999993,-0.4500000000000002,5.9,0.79,4,1,9.3,0.019999999999999962,0,-6,-10,1,1,2,0,-20.199999999999996,-29.099999999999998,0.2857,0.3361,-0.0504,0.3793,0.2787,-0.1,-0.5,0.4,0.3333,0.3333,0.3333,1,13,-12,Home_Win
ISL00733,2021-22,2022-02-26,NorthEast United FC,Hyderabad FC,Guwahati,4-2-3-1,5-3-2,6.9,7.11,6.82,7.71,42.6,22.6,55.9,37.2,10,20,7,18,2,1,1,1,2,1,1,2,33.2,54.6,29.7,34.7,1,1,Clear,Good,Night,0.8,0.6,4.03,8.3,3,0,2.9,8,1,12.5,27.6,,0.43,0.48,-13.299999999999997,0.7620749978398931,-14.600000000000001,1.3000000000000043,0.08000000000000007,-0.5999999999999996,-0.2599999999999998,0.20000000000000007,-4.2700000000000005,7,3,-15.100000000000001,-0.04999999999999999,0,3,2,1,0,1,-1,3.5000000000000036,19.9,0.375,0.3089,0.06609999999999999,0.4483,0.2754,0.5,-0.5,1.0,0.4444,0.4444,0.1111,5,13,-8,Draw
ISL00734,2021-22,2022-02-27,Bengaluru FC,Hyderabad FC,Bengaluru,4-3-3,4-3-3,7.56,6.74,7.3,7.12,36.9,23.8,43.8,27.3,6,12,9,9,1,3,2,1,1,3,2,1,25.0,53.8,51.1,28.6,0,0,Clear,Good,Night,3.9,1.1,6.37,7.08,2,2,8.3,4,2,8.3,9.9,,0.43,0.36,-6.899999999999999,0.8424655610809221,-3.5,-3.3999999999999986,0.2599999999999998,-0.3799999999999999,-0.05999999999999961,2.8,-0.71,2,0,-1.5999999999999996,0.07,0,-3,3,-1,2,-1,2,-26.1,25.199999999999996,0.3509,0.3065,0.044399999999999995,0.4107,0.2714,0.2,-0.3,0.5,0.5385,0.3077,0.1538,16,1,15,Draw
ISL00735,2021-22,2022-02-28,Chennaiyin FC,Kerala Blasters,Chennai,4-3-3,4-3-3,6.51,6.03,7.66,7.6,43.4,21.7,34.3,20.0,14,9,7,12,2,1,2,0,3,1,2,1,25.0,22.1,24.8,17.3,1,5,Humid,Poor,Night,4.6,2.7,7.1,8.19,2,2,6.6,4,5,19.6,21.3,,0.45,0.45,9.100000000000001,1.265305753555174,1.6999999999999993,7.400000000000002,-1.1500000000000004,-1.5699999999999994,-1.3600000000000003,1.8999999999999995,-1.0899999999999999,-1,0,-1.6999999999999993,0.0,-4,7,-3,0,1,1,0,0.1999999999999993,4.800000000000001,0.3017,0.3333,-0.03159999999999996,0.3559,0.2742,-0.4,-0.7,0.29999999999999993,0.5,0.125,0.375,8,7,1,Away_Win
ISL00736,2021-22,2022-02-28,Punjab FC,Mumbai City FC,Mohali,3-4-3,4-3-3,6.97,7.63,7.78,7.4,45.0,25.4,45.3,22.4,6,10,7,13,0,2,3,0,2,2,4,1,22.9,24.8,49.1,26.8,1,2,Overcast,Poor,Night,8.8,6.4,5.74,7.83,2,1,7.2,9,8,23.7,22.4,Home,0.41,0.41,-0.29999999999999716,0.9933772641551293,3.0,-3.299999999999997,-0.8100000000000005,0.22999999999999954,-0.29000000000000004,2.4000000000000004,-2.09,1,1,1.3000000000000007,0.0,-1,-1,-3,-3,2,-2,1,-26.200000000000003,-2.0,0.3667,0.374,-0.007299999999999973,0.4179,0.371,0.1,0.5,-0.4,0.375,0.5,0.125,20,24,-4,Away_Win
ISL00737,2021-22,2022-03-03,Punjab FC,Mumbai City FC,Mohali,4-2-3-1,3-4-3,6.1,7.18,6.51,8.36,36.6,21.2,51.2,35.0,10,16,9,8,2,1,0,2,4,3,0,2,18.3,54.2,49.2,37.8,0,2,Overcast,Poor,Night,1.6,0.7,6.67,7.28,2,1,4.1,6,8,8.1,28.2,,0.4,0.38,-14.600000000000001,0.7148436103821073,-13.8,-0.8000000000000007,-0.41000000000000014,-1.1799999999999997,-0.7949999999999999,0.9000000000000001,-0.6100000000000003,-2,1,-20.1,0.020000000000000018,-2,1,8,2,-1,4,1,-30.900000000000002,16.400000000000006,0.3636,0.379,-0.015400000000000025,0.4118,0.381,0.1,0.4,-0.30000000000000004,0.3333,0.4444,0.2222,3,3,0,Home_Win
ISL00738,2021-22,2022-03-03,FC Goa,Bengaluru FC,Goa,3-4-3,4-2-3-1,6.06,7.78,6.45,6.59,44.6,26.7,31.6,21.0,11,14,5,10,1,1,0,2,1,2,0,3,52.6,21.3,31.6,39.0,3,2,Clear,Poor,Night,0.6,7.2,4.72,6.66,2,1,5.9,13,5,12.7,16.3,,0.34,0.45,13.0,1.4113919584202663,5.699999999999999,7.300000000000001,-0.39000000000000057,1.1900000000000004,0.40000000000000036,-6.6000000000000005,-1.9400000000000004,8,1,-3.6000000000000014,-0.10999999999999999,1,6,4,1,-1,1,-1,21.0,-17.7,0.4352,0.3478,0.08739999999999998,0.4603,0.2931,1.1,0.1,1.0,0.2857,0.4286,0.2857,11,4,7,Home_Win
ISL00739,2021-22,2022-03-04,Bengaluru FC,FC Goa,Bengaluru,5-3-2,4-3-3,6.48,7.16,6.83,7.84,60.5,38.1,45.1,26.2,9,12,9,12,0,2,3,2,1,2,4,4,27.3,39.8,18.3,39.2,2,2,Humid,Good,Night,2.1,3.4,6.73,7.23,1,3,7.9,5,13,21.7,14.4,,0.43,0.47,15.399999999999999,1.3414631171922133,11.900000000000002,3.4999999999999964,-0.34999999999999964,-0.6799999999999997,-0.5149999999999997,-1.2999999999999998,-0.5,-8,-2,7.299999999999999,-0.03999999999999998,0,0,0,-3,0,-3,-2,9.0,0.5999999999999943,0.3448,0.4404,-0.09560000000000002,0.4035,0.4,-0.1,1.4,-1.5,0.25,0.375,0.375,1,1,0,Draw
ISL00740,2021-22,2022-03-06,ATK Mohun Bagan,FC Goa,Kolkata,4-3-3,4-4-2,7.53,7.28,6.53,6.57,64.2,41.7,32.2,20.6,10,13,5,11,2,3,1,0,3,3,2,1,45.5,35.9,44.2,28.8,2,2,Humid,Average,Night,3.2,6.4,6.56,7.14,1,2,7.0,4,11,26.4,22.3,,0.38,0.45,32.0,1.9937882006868939,21.1,10.899999999999999,1.0,0.71,0.8549999999999995,-3.2,-0.5800000000000001,-7,-1,4.099999999999998,-0.07,0,5,2,1,3,1,2,1.2999999999999972,7.099999999999998,0.3162,0.4364,-0.12020000000000003,0.38,0.3913,-0.1,0.9,-1.0,0.25,0.25,0.5,29,2,27,Home_Win
ISL00741,2021-22,2022-03-08,Bengaluru FC,Jamshedpur FC,Bengaluru,4-2-3-1,5-3-2,7.26,6.96,6.7,6.99,63.5,39.7,39.1,26.4,11,19,6,12,2,1,3,2,2,3,5,2,52.3,31.6,37.7,35.2,1,0,Clear,Average,Night,1.3,8.1,7.72,5.8,2,3,4.5,6,12,24.1,12.1,Away,0.48,0.48,24.4,1.6240405053604843,13.300000000000004,11.099999999999994,0.5599999999999996,-0.03000000000000025,0.2649999999999988,-6.8,1.92,-6,-1,12.000000000000002,0.0,1,5,7,-1,-1,-3,1,14.599999999999994,-3.6000000000000014,0.3419,0.458,-0.11610000000000004,0.3966,0.3651,-0.3,0.2,-0.5,0.4,0.2,0.4,4,28,-24,Home_Win
ISL00742,2021-22,2022-03-08,Punjab FC,East Bengal FC,Mohali,3-5-2,4-4-2,7.05,6.49,7.68,6.7,63.7,41.5,43.5,22.9,7,21,10,11,2,2,4,0,4,2,4,0,27.7,39.4,27.5,28.8,1,0,Humid,Poor,Day,0.8,5.2,6.59,6.1,3,2,7.0,6,4,20.4,28.5,,0.47,0.49,20.200000000000003,1.4643674794557517,18.6,1.6000000000000014,-0.6299999999999999,-0.20999999999999996,-0.41999999999999993,-4.4,0.4900000000000002,2,1,-8.100000000000001,-0.020000000000000018,1,-3,10,-2,2,0,2,0.1999999999999993,10.599999999999998,0.3689,0.3603,0.008599999999999997,0.4203,0.2807,0.3,-0.3,0.6,0.4375,0.1875,0.375,5,17,-12,Home_Win
ISL00743,2021-22,2022-03-12,Hyderabad FC,Punjab FC,Hyderabad,4-3-3,4-3-3,6.51,6.93,7.7,8.4,39.6,26.6,49.0,29.1,3,6,13,11,1,3,1,1,3,5,1,1,25.8,44.8,52.5,40.1,0,0,Overcast,Average,Night,2.9,8.5,5.99,6.15,3,2,4.9,3,9,16.7,12.8,,0.48,0.41,-9.399999999999999,0.8081631003748775,-2.5,-6.899999999999999,-1.1900000000000004,-1.4700000000000006,-1.330000000000001,-5.6,-0.16000000000000014,-6,1,3.8999999999999986,0.07,0,-10,-5,0,2,2,4,-26.7,4.699999999999996,0.304,0.374,-0.07,0.3519,0.3019,-0.7,0.2,-0.8999999999999999,0.3333,0.25,0.4167,13,4,9,Home_Win
ISL00744,2021-22,2022-03-12,FC Goa,Bengaluru FC,Goa,5-3-2,3-4-3,6.94,6.56,6.66,6.95,52.5,27.9,40.4,27.9,10,11,10,16,2,0,1,0,4,1,1,0,29.6,26.3,53.8,23.1,0,2,Rainy,Average,Day,4.2,6.2,7.26,7.63,3,0,1.9,8,8,18.6,27.1,,0.47,0.42,12.100000000000001,1.299504628835488,0.0,12.100000000000001,0.28000000000000025,-0.39000000000000057,-0.054999999999999716,-2.0,-0.3700000000000001,0,3,-8.5,0.04999999999999999,-2,0,-5,1,0,3,1,-24.199999999999996,3.1999999999999993,0.4324,0.3475,0.08490000000000003,0.4688,0.2881,0.8,-0.1,0.9,0.3333,0.4444,0.2222,6,4,2,Away_Win
ISL00745,2021-22,2022-03-13,East Bengal FC,NorthEast United FC,Kolkata,4-2-3-1,5-3-2,7.29,6.82,7.45,7.04,53.3,35.0,48.5,24.5,11,14,12,6,1,3,0,3,1,5,0,3,49.4,40.0,36.7,35.8,1,0,Clear,Average,Night,9.8,0.4,6.74,7.47,0,1,2.7,3,6,10.8,13.8,,0.35,0.46,4.799999999999997,1.0989688455734337,10.5,-5.700000000000003,-0.16000000000000014,-0.21999999999999975,-0.1900000000000004,9.4,-0.7299999999999995,-3,-1,-3.0,-0.11000000000000004,1,-1,8,1,0,1,2,12.699999999999996,4.200000000000003,0.3577,0.3723,-0.014600000000000002,0.4177,0.3205,-0.5,0.6,-1.1,0.3333,0.3333,0.3333,5,15,-10,Draw
ISL00746,2021-22,2022-03-17,Odisha FC,Bengaluru FC,Bhubaneswar,4-4-2,4-4-2,6.0,7.18,7.37,7.81,35.3,20.5,44.6,21.7,9,16,11,12,1,1,1,2,1,2,2,4,21.9,17.3,51.3,27.8,2,0,Humid,Good,Night,3.4,9.3,6.84,5.48,0,3,4.3,9,8,24.8,17.5,,0.47,0.43,-9.300000000000004,0.7914796431659992,-1.1999999999999993,-8.100000000000005,-1.37,-0.6299999999999999,-1.0,-5.9,1.3599999999999994,1,-3,7.300000000000001,0.03999999999999998,2,-2,4,0,-1,-1,-2,-29.4,-10.5,0.2917,0.3529,-0.06119999999999998,0.3898,0.3,0.3,-0.2,0.5,0.1,0.3,0.6,24,5,19,Away_Win
ISL00747,2021-22,2022-03-17,Jamshedpur FC,East Bengal FC,Jamshedpur,4-2-3-1,4-3-3,6.68,7.31,6.4,7.34,40.0,20.6,75.4,51.8,5,13,8,9,0,1,2,1,0,2,2,1,28.8,31.0,18.6,42.6,0,0,Clear,Average,Night,6.3,2.6,5.64,6.49,2,2,3.1,9,3,24.9,28.5,,0.39,0.48,-35.400000000000006,0.5305039084212323,-31.199999999999996,-4.20000000000001,0.27999999999999936,-0.03000000000000025,0.12499999999999911,3.6999999999999997,-0.8500000000000005,6,0,-3.6000000000000014,-0.08999999999999997,0,-3,4,-2,0,-2,1,10.2,-11.600000000000001,0.4545,0.3551,0.09939999999999999,0.5441,0.2759,-0.3,-0.6,0.3,0.4286,0.1429,0.4286,9,4,5,Home_Win
ISL00748,2021-22,2022-03-18,FC Goa,Punjab FC,Goa,4-4-2,5-3-2,7.38,6.73,5.6,6.91,49.8,24.6,56.6,37.9,7,11,8,11,1,1,1,1,1,1,1,1,30.9,17.1,49.3,54.2,1,2,Clear,Good,Night,7.6,7.3,6.17,7.01,2,2,7.8,5,6,9.8,16.6,,0.32,0.36,-6.800000000000004,0.879858501791784,-13.299999999999997,6.499999999999993,1.7800000000000002,-0.17999999999999972,0.7999999999999998,0.2999999999999998,-0.8399999999999999,-1,0,-6.800000000000001,-0.03999999999999998,-1,-1,0,0,0,0,0,-18.4,-37.1,0.4286,0.371,0.057599999999999985,0.4615,0.2963,0.6,-0.3,0.8999999999999999,0.4286,0.2857,0.2857,6,6,0,Away_Win
ISL00749,2021-22,2022-03-18,East Bengal FC,Bengaluru FC,Kolkata,5-3-2,5-3-2,7.27,6.16,7.04,7.78,53.7,34.4,39.2,18.1,9,10,7,13,3,1,1,1,3,1,3,1,23.0,47.7,33.6,51.9,0,2,Clear,Good,Night,4.2,2.6,7.92,7.45,1,2,4.1,2,10,11.9,28.5,Away,0.43,0.44,14.5,1.3698976097199973,16.299999999999997,-1.7999999999999972,0.22999999999999954,-1.62,-0.6950000000000003,1.6,0.46999999999999975,-8,-1,-16.6,-0.010000000000000009,-2,2,-3,2,0,0,0,-10.600000000000001,-4.199999999999996,0.3525,0.3583,-0.005800000000000027,0.4125,0.3115,-0.7,0.1,-0.7999999999999999,0.25,0.5,0.25,1,1,0,Draw
ISL00750,2021-22,2022-03-18,East Bengal FC,Punjab FC,Kolkata,4-2-3-1,5-3-2,6.56,6.33,6.79,7.02,32.9,20.0,60.0,35.7,8,15,3,20,1,0,3,1,1,1,5,2,31.7,51.5,31.9,50.7,2,2,Overcast,Average,Night,9.4,7.0,7.38,7.38,2,3,3.7,3,9,12.3,6.3,,0.31,0.43,-27.1,0.5483332419444596,-15.700000000000003,-11.399999999999999,-0.23000000000000043,-0.6899999999999995,-0.4599999999999991,2.4000000000000004,0.0,-6,-1,6.000000000000001,-0.12,0,5,-5,-2,-1,-4,-1,-0.1999999999999993,0.7999999999999972,0.35,0.376,-0.026000000000000023,0.4074,0.3091,-0.6,0.2,-0.8,0.3529,0.1765,0.4706,1,1,0,Away_Win
ISL00751,2021-22,2022-03-18,ATK Mohun Bagan,Jamshedpur FC,Kolkata,4-2-3-1,4-3-3,6.1,7.24,6.51,6.77,37.2,17.4,63.1,38.6,13,17,6,15,0,1,1,0,0,2,1,0,38.7,31.5,32.0,44.0,2,0,Overcast,Good,Night,5.4,4.5,5.58,6.56,1,2,2.9,6,9,27.9,14.6,Home,0.45,0.5,-25.9,0.5895403186148465,-21.200000000000003,-4.699999999999996,-0.41000000000000014,0.47000000000000064,0.03000000000000025,0.9000000000000004,-0.9799999999999995,-3,-1,13.299999999999999,-0.04999999999999999,2,7,2,-1,1,-1,2,6.700000000000003,-12.5,0.322,0.4586,-0.1366,0.3922,0.3594,0.0,-0.2,0.2,0.125,0.25,0.625,12,1,11,Home_Win
ISL00752,2021-22,2022-03-21,Odisha FC,NorthEast United FC,Bhubaneswar,5-3-2,3-4-3,6.79,6.8,5.78,7.28,54.2,32.3,43.2,27.2,8,15,8,17,2,0,1,2,2,1,1,2,50.0,32.9,29.2,44.9,1,1,Clear,Good,Day,4.8,0.2,4.28,6.18,1,3,6.6,6,6,23.0,7.0,,0.31,0.46,11.0,1.2546293392061714,5.099999999999998,5.900000000000002,1.0099999999999998,-0.4800000000000004,0.2649999999999997,4.6,-1.8999999999999995,0,-2,16.0,-0.15000000000000002,0,0,-2,1,-2,1,-1,20.8,-12.0,0.2893,0.3696,-0.08029999999999998,0.3833,0.3165,0.1,0.3,-0.19999999999999998,0.3333,0.2667,0.4,4,8,-4,Home_Win
ISL00753,2021-22,2022-03-22,Chennaiyin FC,Hyderabad FC,Chennai,4-3-3,4-4-2,6.97,7.59,6.98,6.83,50.9,23.5,37.2,22.5,9,9,8,10,1,1,0,1,2,1,1,1,33.7,32.8,27.0,30.5,0,1,Rainy,Average,Day,8.4,0.1,5.6,6.89,0,3,9.8,4,5,27.2,27.3,,0.33,0.4,13.699999999999996,1.368279202075483,1.0,12.699999999999996,-0.010000000000000675,0.7599999999999998,0.3749999999999991,8.3,-1.29,-1,-3,-0.10000000000000142,-0.07,-1,1,-1,1,0,1,0,6.700000000000003,2.299999999999997,0.2991,0.3095,-0.01040000000000002,0.35,0.2676,-0.3,-0.4,0.10000000000000003,0.0,0.4,0.6,22,10,12,Draw
ISL00754,2021-22,2022-03-27,Jamshedpur FC,Odisha FC,Jamshedpur,3-5-2,4-3-3,6.99,6.64,7.38,7.79,48.4,26.5,40.2,23.7,7,21,5,10,3,2,3,0,3,2,3,0,45.1,34.9,21.8,47.8,0,0,Clear,Good,Day,1.0,8.4,6.55,6.58,2,1,7.3,9,9,20.7,11.9,Home,0.35,0.35,8.199999999999996,1.2039798000050246,2.8000000000000007,5.399999999999995,-0.3899999999999997,-1.1500000000000004,-0.7700000000000005,-7.4,-0.03000000000000025,0,1,8.799999999999999,0.0,0,2,11,0,2,0,2,23.3,-12.899999999999999,0.4552,0.2951,0.16010000000000002,0.5507,0.1967,-0.5,0.1,-0.6,0.2941,0.4118,0.2941,9,6,3,Home_Win
ISL00755,2021-22,2022-03-29,ATK Mohun Bagan,FC Goa,Kolkata,5-3-2,4-4-2,5.49,6.24,6.9,7.09,40.1,23.8,24.1,14.5,3,12,8,7,1,0,2,3,3,0,5,6,53.9,44.3,50.5,24.4,1,1,Clear,Good,Day,9.6,4.9,7.39,6.17,1,2,7.9,8,4,21.2,21.0,,0.48,0.35,16.0,1.6638997245229359,9.3,6.699999999999999,-1.4100000000000001,-0.8499999999999996,-1.13,4.699999999999999,1.2199999999999998,4,-1,0.1999999999999993,0.13,0,-5,5,-1,-3,-2,-6,3.3999999999999986,19.9,0.3277,0.4248,-0.09710000000000002,0.4038,0.383,0.3,0.5,-0.2,0.3077,0.2308,0.4615,11,11,0,Away_Win
ISL00756,2021-22,2022-04-02,Kerala Blasters,NorthEast United FC,Kochi,4-2-3-1,3-5-2,6.3,7.87,6.4,6.82,59.7,36.6,36.7,22.2,11,14,5,15,0,1,0,2,1,1,0,3,39.3,39.3,49.8,33.6,2,2,Clear,Good,Night,6.3,8.5,7.39,4.63,2,1,1.5,8,3,15.4,21.1,,0.48,0.42,23.0,1.6267025540320015,14.400000000000002,8.599999999999998,-0.10000000000000053,1.0499999999999998,0.47499999999999964,-2.2,2.76,5,1,-5.700000000000001,0.06,0,6,-1,0,-1,1,-2,-10.5,5.699999999999996,0.3388,0.3669,-0.028100000000000014,0.3966,0.3125,-0.5,0.0,-0.5,0.3571,0.3571,0.2857,30,12,18,Home_Win
ISL00757,2021-22,2022-04-02,East Bengal FC,FC Goa,Kolkata,3-5-2,3-5-2,6.02,6.76,6.36,6.6,62.3,30.5,46.8,22.1,12,14,9,15,2,2,3,1,2,2,4,2,25.6,51.6,32.3,48.1,0,2,Overcast,Average,Night,6.5,2.0,9.37,6.57,2,3,4.5,2,4,24.0,16.5,,0.32,0.43,15.5,1.331196296752928,8.399999999999999,7.100000000000001,-0.34000000000000075,0.16000000000000014,-0.09000000000000075,4.5,2.799999999999999,-2,-1,7.5,-0.10999999999999999,-2,3,-1,-1,1,-2,0,-6.699999999999996,3.5,0.3475,0.4298,-0.08230000000000004,0.4024,0.3958,-0.6,0.3,-0.8999999999999999,0.4667,0.1333,0.4,15,4,11,Draw
ISL00758,2021-22,2022-04-02,FC Goa,Chennaiyin FC,Goa,3-4-3,4-2-3-1,7.34,6.81,7.84,6.24,57.3,26.4,55.8,27.5,10,14,11,13,1,3,2,1,3,4,3,2,43.1,29.8,39.1,17.5,1,0,Humid,Good,Day,5.1,3.3,7.63,6.8,2,1,9.4,4,4,16.1,24.0,,0.33,0.49,1.5,1.0268815364011583,-1.1000000000000014,2.6000000000000014,-0.5,0.5699999999999994,0.034999999999999254,1.7999999999999998,0.8300000000000001,0,1,-7.899999999999999,-0.15999999999999998,1,-1,1,-1,2,0,2,4.0,12.3,0.4261,0.2966,0.1295,0.4545,0.2456,0.2,-0.3,0.5,0.5455,0.2727,0.1818,1,11,-10,Draw
ISL00759,2021-22,2022-04-02,Jamshedpur FC,Hyderabad FC,Jamshedpur,4-3-3,3-5-2,7.35,7.52,6.52,6.87,33.8,20.1,54.2,28.3,7,10,13,8,1,2,1,0,1,2,1,0,17.6,20.8,40.0,47.7,1,1,Overcast,Good,Night,2.5,6.6,4.65,6.87,3,0,6.8,9,6,18.4,6.5,,0.38,0.3,-20.400000000000006,0.6236161211040365,-8.2,-12.200000000000006,0.8300000000000001,0.6499999999999995,0.7399999999999993,-4.1,-2.2199999999999998,3,3,11.899999999999999,0.08000000000000002,0,-6,2,0,2,0,2,-22.4,-26.900000000000002,0.4593,0.3071,0.1522,0.5571,0.2639,-0.4,-0.4,0.0,0.4286,0.2857,0.2857,6,11,-5,Draw
ISL00760,2021-22,2022-04-03,Chennaiyin FC,FC Goa,Chennai,3-5-2,3-4-3,6.56,7.41,7.1,6.19,55.0,36.0,67.2,45.8,9,13,8,16,2,4,1,0,3,4,1,0,49.5,43.0,45.8,23.9,0,1,Overcast,Poor,Night,4.1,6.2,6.58,7.2,1,1,1.9,4,5,26.5,7.7,Home,0.48,0.37,-12.200000000000003,0.81845225915889,-9.799999999999997,-2.4000000000000057,-0.54,1.2199999999999998,0.33999999999999986,-2.1000000000000005,-0.6200000000000001,-1,0,18.8,0.10999999999999999,-1,1,-3,1,4,2,4,3.700000000000003,19.1,0.2941,0.4224,-0.12830000000000003,0.3443,0.3878,-0.4,0.1,-0.5,0.1667,0.3333,0.5,1,1,0,Home_Win
ISL00761,2021-22,2022-04-06,East Bengal FC,Mumbai City FC,Kolkata,3-4-3,4-3-3,6.41,7.72,7.1,6.27,24.9,16.2,28.8,16.3,7,13,8,18,3,0,2,2,3,3,2,2,27.1,53.6,45.4,27.5,0,2,Overcast,Poor,Day,3.0,3.2,8.98,8.06,2,2,8.4,3,5,24.1,23.9,Home,0.35,0.32,-3.900000000000002,0.8645830331308912,-0.10000000000000142,-3.8000000000000007,-0.6899999999999995,1.4500000000000002,0.3799999999999999,-0.20000000000000018,0.9199999999999999,-2,0,0.20000000000000284,0.02999999999999997,-2,-1,-5,1,-2,1,1,-18.299999999999997,26.1,0.3451,0.376,-0.030899999999999983,0.3976,0.375,-0.6,0.1,-0.7,0.4167,0.1667,0.4167,4,30,-26,Away_Win
ISL00762,2021-22,2022-04-07,Bengaluru FC,Mumbai City FC,Bengaluru,4-3-3,5-3-2,6.63,6.66,7.22,7.1,43.4,23.4,61.9,37.4,11,13,6,18,2,3,0,0,3,3,1,0,19.8,22.6,52.0,46.2,2,2,Overcast,Good,Day,3.9,2.6,6.46,4.87,1,4,8.8,11,8,28.4,26.2,Home,0.38,0.5,-18.5,0.7011307429514146,-14.0,-4.5,-0.5899999999999999,-0.4399999999999995,-0.5150000000000006,1.2999999999999998,1.5899999999999999,3,-3,2.1999999999999993,-0.12,0,5,-5,2,3,2,3,-32.2,-23.6,0.3554,0.381,-0.02560000000000001,0.4068,0.3846,0.2,0.3,-0.09999999999999998,0.1818,0.0909,0.7273,20,1,19,Home_Win
ISL00763,2021-22,2022-04-09,Jamshedpur FC,FC Goa,Jamshedpur,3-4-3,3-4-3,6.74,6.85,5.8,7.03,53.9,32.0,33.8,23.4,11,15,11,8,2,1,0,3,2,2,1,3,36.1,29.5,26.5,44.0,3,0,Clear,Average,Night,4.9,7.2,6.74,6.92,3,2,2.4,7,5,21.1,28.9,,0.42,0.44,20.1,1.5946740844159513,8.600000000000001,11.5,0.9400000000000004,-0.1800000000000006,0.3799999999999999,-2.3,-0.17999999999999972,2,1,-7.799999999999997,-0.020000000000000018,3,0,7,2,-2,1,-1,9.600000000000001,-14.5,0.4559,0.4188,0.03710000000000002,0.5493,0.38,0.1,-0.3,0.4,0.3,0.2,0.5,7,6,1,Away_Win
ISL00764,2021-22,2022-04-09,East Bengal FC,ATK Mohun Bagan,Kolkata,4-4-2,4-3-3,7.31,6.95,7.87,8.43,51.0,32.1,39.4,18.7,10,13,10,15,1,0,1,1,1,0,2,1,34.6,30.8,43.6,40.5,0,2,Overcast,Good,Night,4.2,2.9,7.32,5.52,2,0,6.8,2,8,7.5,6.0,Away,0.47,0.45,11.600000000000001,1.294415915122864,13.400000000000002,-1.8000000000000007,-0.5600000000000005,-1.4799999999999995,-1.0200000000000005,1.3000000000000003,1.8000000000000007,-6,2,1.5,0.019999999999999962,-2,0,-2,0,-1,-1,-1,-9.0,-9.7,0.3427,0.325,0.017699999999999994,0.3929,0.2687,-0.8,0.2,-1.0,0.4545,0.4545,0.0909,3,11,-8,Home_Win
ISL00765,2021-22,2022-04-12,Odisha FC,Mumbai City FC,Bhubaneswar,4-4-2,3-5-2,7.62,6.47,7.78,7.2,45.3,30.3,48.4,24.1,10,17,11,14,1,1,1,0,2,1,2,0,52.5,49.4,39.5,49.9,1,1,Humid,Average,Night,5.3,6.1,7.02,6.77,2,3,8.9,9,7,28.4,7.2,,0.48,0.35,-3.1000000000000014,0.9359502198449958,6.199999999999999,-9.3,-0.16000000000000014,-0.7300000000000004,-0.4450000000000003,-0.7999999999999998,0.25,2,-1,21.2,0.13,0,-1,3,0,1,0,1,13.0,-0.5,0.2927,0.378,-0.08529999999999999,0.3934,0.3788,0.0,0.4,-0.4,0.3,0.2,0.5,16,5,11,Away_Win
ISL00766,2021-22,2022-04-13,FC Goa,ATK Mohun Bagan,Goa,3-4-3,4-2-3-1,6.14,7.25,6.48,6.99,41.8,23.9,29.0,15.1,10,11,3,16,0,2,2,1,2,3,2,1,38.9,47.1,52.0,24.0,1,0,Overcast,Good,Day,7.3,0.4,8.08,6.73,2,1,1.2,8,7,7.4,12.0,,0.32,0.47,12.799999999999997,1.4413788133176506,8.799999999999999,3.9999999999999982,-0.34000000000000075,0.2599999999999998,-0.040000000000000036,6.8999999999999995,1.3499999999999996,1,1,-4.6,-0.14999999999999997,1,7,-5,-2,1,0,2,-13.100000000000001,23.1,0.4237,0.3223,0.10140000000000005,0.4478,0.2647,-0.1,-0.1,0.0,0.5,0.2143,0.2857,4,4,0,Away_Win
ISL00767,2021-22,2022-04-15,Jamshedpur FC,Chennaiyin FC,Jamshedpur,3-4-3,5-3-2,7.0,7.36,8.11,6.81,65.0,43.5,34.7,23.6,12,13,9,15,3,1,0,1,4,1,1,1,34.1,25.8,31.8,27.3,0,1,Clear,Good,Night,9.9,0.5,7.59,4.54,2,2,10.0,7,6,29.8,10.9,Both,0.35,0.45,30.299999999999997,1.873198307435646,19.9,10.399999999999999,-1.1099999999999994,0.5500000000000007,-0.27999999999999936,9.4,3.05,1,0,18.9,-0.10000000000000003,-1,3,-2,3,0,3,0,2.3000000000000007,-1.5,0.4526,0.3,0.1526,0.5417,0.2414,-0.2,-0.3,0.09999999999999998,0.5,0.2,0.3,6,12,-6,Home_Win
ISL00768,2021-22,2022-04-16,Bengaluru FC,East Bengal FC,Bengaluru,4-2-3-1,4-2-3-1,7.02,7.78,7.1,6.4,37.9,20.1,47.7,30.0,13,9,10,16,5,3,0,2,6,5,1,2,44.7,15.6,30.8,22.5,0,2,Clear,Poor,Night,6.2,5.7,7.48,5.01,1,1,9.6,13,5,28.8,5.1,,0.37,0.31,-9.800000000000004,0.794549099675241,-9.899999999999999,0.09999999999999432,-0.08000000000000007,1.38,0.6500000000000004,0.5,2.4700000000000006,8,0,23.700000000000003,0.06,-2,3,-7,5,1,5,3,13.900000000000002,-6.9,0.3607,0.3472,0.013500000000000012,0.4167,0.2712,0.6,-0.7,1.2999999999999998,0.2308,0.5385,0.2308,9,7,2,Home_Win
ISL00769,2021-22,2022-04-18,East Bengal FC,Jamshedpur FC,Kolkata,3-5-2,4-3-3,7.07,6.39,6.42,6.48,32.9,16.6,36.4,17.6,6,16,8,13,1,2,4,0,2,2,5,3,39.5,28.4,52.7,18.4,0,0,Clear,Poor,Night,5.5,2.9,8.09,7.31,2,3,2.0,4,7,24.2,23.9,Home,0.36,0.34,-3.5,0.9038459055368391,-1.0,-2.5,0.6500000000000004,-0.09000000000000075,0.28000000000000025,2.6,0.7800000000000002,-3,-1,0.3000000000000007,0.019999999999999962,0,-2,3,-3,2,-3,-1,-13.200000000000003,10.0,0.3448,0.4565,-0.11170000000000002,0.4,0.3538,-1.0,-0.2,-0.8,0.375,0.125,0.5,2,3,-1,Home_Win
ISL00770,2021-22,2022-04-19,Jamshedpur FC,Punjab FC,Jamshedpur,3-4-3,4-3-3,7.07,7.33,6.1,6.29,37.1,19.4,64.8,30.3,6,12,7,17,3,0,2,0,5,0,2,1,17.4,30.1,36.4,46.3,2,0,Humid,Good,Night,5.7,5.5,8.65,7.93,3,2,5.0,7,12,25.1,19.0,,0.49,0.4,-27.699999999999996,0.5725307758440161,-10.900000000000002,-16.799999999999997,0.9700000000000006,1.04,1.005,0.20000000000000018,0.7200000000000006,-5,1,6.100000000000001,0.08999999999999997,2,-1,-5,1,0,3,-1,-19.0,-16.199999999999996,0.4532,0.381,0.07219999999999999,0.5479,0.3214,-0.3,0.3,-0.6,0.3846,0.1538,0.4615,1,30,-29,Home_Win
ISL00771,2022-23,2022-10-01,Kerala Blasters,Chennaiyin FC,Kochi,4-3-3,4-3-3,5.99,7.46,7.17,6.45,48.1,30.4,40.0,19.7,12,5,10,8,3,2,1,0,3,2,1,1,36.7,15.5,35.5,30.1,1,2,Humid,Good,Night,3.3,3.9,8.68,7.44,2,2,7.5,10,5,28.9,26.9,Away,0.45,0.44,8.100000000000001,1.2024996993750752,10.7,-2.599999999999998,-1.1799999999999997,1.0099999999999998,-0.08500000000000085,-0.6000000000000001,1.2399999999999993,5,0,2.0,0.010000000000000009,-1,2,-3,2,2,2,1,1.2000000000000028,-14.600000000000001,0.3443,0.2975,0.04680000000000001,0.4068,0.2373,-0.3,-0.3,0.0,0.4444,0.1111,0.4444,30,30,0,Draw
ISL00772,2022-23,2022-10-02,FC Goa,NorthEast United FC,Goa,4-3-3,4-4-2,6.01,7.01,7.33,7.65,50.1,33.6,34.4,23.4,8,15,4,20,4,0,0,1,7,0,0,1,18.8,22.1,41.3,48.0,0,1,Clear,Poor,Night,5.7,4.3,7.19,8.19,3,2,7.6,5,2,21.2,14.3,Away,0.35,0.4,15.700000000000003,1.4563949254665913,10.200000000000003,5.5,-1.3200000000000003,-0.6400000000000006,-0.9800000000000004,1.4000000000000004,-0.9999999999999991,3,1,6.899999999999999,-0.050000000000000044,-1,4,-5,4,-1,7,-1,-22.499999999999996,-25.9,0.4202,0.3643,0.055900000000000005,0.4412,0.3086,-0.4,0.1,-0.5,0.5,0.1667,0.3333,30,30,0,Draw
ISL00773,2022-23,2022-10-03,East Bengal FC,Punjab FC,Kolkata,4-2-3-1,5-3-2,7.34,6.67,5.69,6.48,39.6,22.5,30.2,16.8,9,15,10,10,4,1,3,1,6,2,4,1,51.7,31.1,30.2,30.1,1,1,Clear,Good,Night,6.0,6.1,6.28,6.3,2,3,5.2,7,9,29.0,23.2,Home,0.5,0.49,9.400000000000002,1.3112578439543563,5.699999999999999,3.700000000000003,1.6499999999999995,0.1899999999999995,0.919999999999999,-0.09999999999999964,-0.019999999999999574,-2,-1,5.800000000000001,0.010000000000000009,0,-1,5,1,0,2,1,21.500000000000004,1.0,0.3493,0.378,-0.028700000000000003,0.407,0.3158,-0.8,0.1,-0.9,0.3333,0.1667,0.5,30,30,0,Away_Win
ISL00774,2022-23,2022-10-04,Jamshedpur FC,ATK Mohun Bagan,Jamshedpur,4-2-3-1,3-5-2,6.27,7.52,5.83,7.95,58.6,36.6,38.4,25.6,5,8,9,13,1,1,2,1,2,1,2,1,22.1,26.0,29.6,41.5,0,1,Rainy,Poor,Night,5.2,0.9,6.01,8.51,2,2,4.7,7,9,12.0,20.4,,0.45,0.35,20.200000000000003,1.5260412692600862,11.0,9.200000000000003,0.4399999999999995,-0.4300000000000006,0.004999999999999005,4.3,-2.5,-2,0,-8.399999999999999,0.10000000000000003,-1,-4,-5,-1,0,0,0,-7.5,-15.5,0.4571,0.3279,0.12919999999999998,0.5541,0.2754,-0.3,0.2,-0.5,0.5556,0.2222,0.2222,30,30,0,Draw
ISL00775,2022-23,2022-10-08,FC Goa,Chennaiyin FC,Goa,4-2-3-1,4-3-3,7.14,7.78,7.6,7.98,50.5,24.5,32.6,21.6,12,12,4,11,4,1,0,0,4,1,1,1,28.4,37.3,53.2,18.3,2,0,Rainy,Good,Day,7.0,2.7,6.71,6.46,1,2,4.9,5,6,16.9,14.0,,0.48,0.43,17.9,1.5490792794235337,2.8999999999999986,15.0,-0.45999999999999996,-0.20000000000000018,-0.33000000000000007,4.3,0.25,-1,-1,2.8999999999999986,0.04999999999999999,2,8,1,4,1,3,0,-24.800000000000004,18.999999999999996,0.4167,0.2951,0.12160000000000004,0.4348,0.2333,-0.4,0.0,-0.4,0.4615,0.3077,0.2308,6,7,-1,Draw
ISL00776,2022-23,2022-10-18,FC Goa,Bengaluru FC,Goa,4-4-2,5-3-2,6.17,6.97,6.88,7.03,48.3,27.9,19.8,13.7,11,12,6,12,3,0,2,1,3,0,4,1,22.3,42.0,40.9,40.9,0,2,Overcast,Good,Night,2.7,7.0,7.61,6.72,3,1,1.6,5,13,5.2,10.4,,0.31,0.37,28.499999999999996,2.4393927073774204,14.2,14.299999999999997,-0.71,-0.0600000000000005,-0.3849999999999998,-4.3,0.8900000000000006,-8,2,-5.2,-0.06,-2,5,0,1,-1,-1,-1,-18.599999999999998,1.1000000000000014,0.4132,0.3659,0.04730000000000001,0.4286,0.3065,-0.3,1.0,-1.3,0.3,0.4,0.3,10,30,-20,Home_Win
ISL00777,2022-23,2022-10-18,Jamshedpur FC,ATK Mohun Bagan,Jamshedpur,5-3-2,3-5-2,6.51,7.6,5.15,6.99,53.6,29.9,36.7,21.5,8,16,13,8,2,1,1,0,2,1,1,2,51.0,16.5,32.4,17.0,0,3,Overcast,Good,Night,2.9,1.1,7.71,5.53,2,1,8.6,7,7,20.1,26.5,Away,0.41,0.45,16.9,1.4604900652615624,8.399999999999999,8.5,1.3599999999999994,0.6099999999999994,0.9849999999999994,1.7999999999999998,2.1799999999999997,0,1,-6.399999999999999,-0.040000000000000036,-3,-5,8,1,1,1,-1,18.6,-0.5,0.4539,0.3252,0.12870000000000004,0.5467,0.2714,-0.4,0.2,-0.6000000000000001,0.5,0.3,0.2,14,14,0,Home_Win
ISL00778,2022-23,2022-10-19,Bengaluru FC,Hyderabad FC,Bengaluru,4-4-2,3-4-3,6.53,6.17,6.9,7.46,33.6,18.7,41.8,21.7,14,18,10,13,3,1,2,1,4,2,3,1,24.6,18.7,22.0,54.7,2,0,Overcast,Good,Day,9.2,3.7,5.92,8.46,2,1,1.5,10,7,5.1,7.2,,0.49,0.46,-8.199999999999996,0.8038275588929286,-3.0,-5.199999999999996,-0.3700000000000001,-1.29,-0.8300000000000001,5.499999999999999,-2.540000000000001,3,1,-2.1000000000000005,0.02999999999999997,2,4,5,1,0,1,1,2.6000000000000014,-36.0,0.3629,0.3047,0.058199999999999974,0.4262,0.2603,0.8,-0.4,1.2000000000000002,0.5,0.3571,0.1429,1,30,-29,Away_Win
ISL00779,2022-23,2022-10-20,ATK Mohun Bagan,Punjab FC,Kolkata,3-4-3,4-3-3,6.92,5.91,7.01,6.62,46.6,23.2,29.0,16.8,8,10,6,12,1,1,2,0,1,2,3,0,27.4,45.8,48.7,41.8,1,2,Overcast,Good,Night,1.8,5.8,6.24,6.85,3,0,4.7,4,9,12.7,25.9,,0.4,0.35,17.6,1.6068959976220698,6.399999999999999,11.200000000000003,-0.08999999999999986,-0.71,-0.39999999999999947,-4.0,-0.6099999999999994,-5,3,-13.2,0.050000000000000044,-1,2,-2,-1,1,-2,2,-21.300000000000004,4.0,0.3226,0.3828,-0.060199999999999976,0.3962,0.3276,0.1,0.3,-0.19999999999999998,0.5833,0.1667,0.25,2,17,-15,Home_Win
ISL00780,2022-23,2022-10-23,NorthEast United FC,Punjab FC,Guwahati,5-3-2,3-5-2,7.65,6.38,6.71,7.1,41.0,24.8,26.1,17.6,9,20,16,12,2,1,2,1,3,3,3,2,19.0,34.0,35.4,28.5,3,0,Humid,Poor,Night,5.7,0.0,6.23,7.18,1,4,7.2,3,9,12.8,11.0,,0.46,0.33,14.899999999999999,1.5708806241836688,7.199999999999999,7.699999999999999,0.9400000000000004,-0.7199999999999998,0.11000000000000121,5.7,-0.9499999999999993,-6,-3,1.8000000000000007,0.13,3,-7,8,0,0,0,1,-16.4,5.5,0.3617,0.3798,-0.018100000000000005,0.4407,0.322,0.1,0.0,0.1,0.2,0.3,0.5,21,3,18,Home_Win
ISL00781,2022-23,2022-10-24,Kerala Blasters,Chennaiyin FC,Kochi,4-2-3-1,5-3-2,6.36,6.73,6.66,6.87,45.4,28.1,32.1,22.1,9,17,10,5,1,2,3,2,4,3,3,2,53.0,39.6,51.8,22.1,0,3,Rainy,Good,Night,9.1,8.3,5.95,7.52,2,1,8.9,10,6,14.2,29.3,,0.44,0.37,13.299999999999997,1.4143297774673589,6.0,7.299999999999997,-0.2999999999999998,-0.13999999999999968,-0.22000000000000064,0.7999999999999989,-1.5699999999999994,4,1,-15.100000000000001,0.07,-3,-1,12,-2,0,1,1,1.2000000000000028,17.5,0.3415,0.2927,0.04880000000000001,0.4,0.2295,-0.3,0.0,-0.3,0.4,0.2,0.4,23,16,7,Home_Win
ISL00782,2022-23,2022-10-24,Hyderabad FC,Odisha FC,Hyderabad,4-3-3,4-2-3-1,6.25,6.65,6.54,6.87,37.2,22.7,19.6,10.8,2,11,12,16,1,1,3,3,3,1,3,4,46.3,36.2,21.4,37.4,1,0,Rainy,Good,Night,3.5,4.5,7.23,6.45,2,1,2.9,9,6,16.3,28.1,,0.38,0.34,17.6,1.8979582153274412,11.899999999999999,5.700000000000003,-0.29000000000000004,-0.21999999999999975,-0.2549999999999999,-1.0,0.7800000000000002,3,1,-11.8,0.03999999999999998,1,-10,-5,-2,-2,0,-3,24.9,-1.1999999999999957,0.3101,0.2903,0.019799999999999984,0.3636,0.1935,0.1,0.1,0.0,0.2857,0.4286,0.2857,5,30,-25,Home_Win
ISL00783,2022-23,2022-10-28,Odisha FC,Chennaiyin FC,Bhubaneswar,4-2-3-1,4-3-3,7.73,7.27,6.75,7.43,69.3,44.1,41.6,23.8,10,8,8,13,1,1,1,1,2,1,1,3,16.3,54.4,47.8,18.8,0,1,Humid,Average,Night,5.9,7.0,5.84,8.67,0,2,7.9,3,5,9.6,20.0,Both,0.45,0.37,27.699999999999996,1.665864984167071,20.3,7.399999999999995,0.9800000000000004,-0.16000000000000014,0.41000000000000014,-1.0999999999999996,-2.83,-2,-2,-10.4,0.08000000000000002,-1,2,-5,0,0,1,-2,-31.499999999999996,35.599999999999994,0.288,0.2903,-0.0023000000000000242,0.3871,0.2258,-0.4,-0.1,-0.30000000000000004,0.2308,0.3846,0.3846,4,4,0,Draw
ISL00784,2022-23,2022-10-30,East Bengal FC,Kerala Blasters,Kolkata,4-4-2,3-4-3,7.43,7.58,6.68,8.38,57.4,32.4,45.4,29.5,13,10,7,13,2,0,1,0,3,0,1,2,15.9,27.7,37.6,51.2,1,4,Rainy,Average,Day,4.6,9.1,7.26,6.33,1,2,2.0,6,10,13.8,21.6,Home,0.46,0.39,12.0,1.2643169021328409,2.8999999999999986,9.100000000000001,0.75,-0.8000000000000007,-0.025000000000000355,-4.5,0.9299999999999997,-4,-1,-7.800000000000001,0.07,-3,6,-3,1,0,2,-2,-21.700000000000003,-23.500000000000004,0.3469,0.3468,9.999999999998899e-05,0.4023,0.2857,-0.7,-0.2,-0.49999999999999994,0.3333,0.3333,0.3333,27,6,21,Away_Win
ISL00785,2022-23,2022-10-30,Jamshedpur FC,Odisha FC,Jamshedpur,4-2-3-1,4-3-3,7.28,6.39,7.06,7.3,33.8,22.4,32.4,17.8,10,15,12,12,6,1,1,0,6,1,2,0,18.4,16.2,43.2,19.0,1,4,Humid,Average,Day,1.0,7.3,7.46,6.21,3,1,7.3,10,4,27.6,17.2,Home,0.49,0.4,1.3999999999999986,1.0432095545649522,4.599999999999998,-3.1999999999999993,0.22000000000000064,-0.9100000000000001,-0.34499999999999975,-6.3,1.25,6,2,10.400000000000002,0.08999999999999997,-3,-2,3,5,1,4,1,-24.800000000000004,-2.8000000000000007,0.4577,0.2857,0.172,0.5526,0.1905,-0.1,-0.5,0.4,0.3333,0.3889,0.2778,12,2,10,Away_Win
ISL00786,2022-23,2022-11-10,Punjab FC,Bengaluru FC,Mohali,4-2-3-1,4-4-2,7.01,8.0,6.79,7.36,62.7,37.2,37.3,19.0,7,14,10,12,2,0,0,0,2,0,2,3,48.0,31.5,32.0,31.6,0,0,Humid,Good,Night,0.8,7.6,5.58,6.89,1,3,9.9,6,7,24.9,23.8,,0.35,0.43,25.400000000000006,1.6809646967923066,18.200000000000003,7.200000000000003,0.21999999999999975,0.6399999999999997,0.4299999999999997,-6.8,-1.3099999999999996,-1,-2,1.0999999999999979,-0.08000000000000002,0,-3,2,2,0,0,-3,16.0,-0.10000000000000142,0.3769,0.36,0.016900000000000026,0.4286,0.3016,-0.1,0.6,-0.7,0.0909,0.4545,0.4545,18,22,-4,Draw
ISL00787,2022-23,2022-11-14,Bengaluru FC,East Bengal FC,Bengaluru,5-3-2,5-3-2,6.99,7.78,5.72,6.08,32.9,22.1,33.8,17.6,12,11,9,20,2,0,2,1,3,0,2,1,48.5,29.9,29.6,38.4,1,1,Rainy,Average,Night,3.8,8.9,8.26,6.78,2,1,6.9,7,6,29.8,18.9,Home,0.32,0.47,-0.8999999999999986,0.9733724930850611,4.5,-5.399999999999999,1.2700000000000005,1.7000000000000002,1.4849999999999994,-5.1000000000000005,1.4799999999999995,1,1,10.900000000000002,-0.14999999999999997,0,3,-9,0,-1,1,-1,18.9,-8.5,0.3571,0.3446,0.012499999999999956,0.4194,0.2667,0.7,-0.9,1.6,0.2857,0.5,0.2143,4,15,-11,Draw
ISL00788,2022-23,2022-11-15,Chennaiyin FC,Punjab FC,Chennai,5-3-2,5-3-2,6.82,6.31,6.55,8.06,47.5,26.2,27.9,15.9,8,10,9,11,2,1,2,1,2,1,2,1,47.7,45.7,33.8,15.0,0,0,Clear,Average,Night,4.3,4.3,7.49,7.92,2,2,4.5,3,4,21.7,21.0,,0.42,0.48,19.6,1.7025083503554301,10.299999999999999,9.300000000000002,0.27000000000000046,-1.7500000000000009,-0.7400000000000002,0.0,-0.4299999999999997,-1,0,0.6999999999999993,-0.06,0,-1,-1,0,0,0,0,13.900000000000006,30.700000000000003,0.288,0.374,-0.08600000000000002,0.3548,0.3167,-0.1,0.0,-0.1,0.4,0.3333,0.2667,18,5,13,Draw
ISL00789,2022-23,2022-11-16,Punjab FC,Bengaluru FC,Mohali,4-4-2,4-3-3,7.22,7.81,6.08,6.11,64.7,40.4,47.8,24.4,6,18,12,9,2,0,3,3,2,0,4,3,44.4,26.5,47.0,37.0,3,2,Rainy,Good,Night,9.6,3.4,6.36,8.18,1,2,5.5,5,5,8.2,11.9,,0.35,0.4,16.900000000000006,1.353556202184895,16.0,0.9000000000000057,1.1399999999999997,1.6999999999999993,1.419999999999999,6.199999999999999,-1.8199999999999994,0,-1,-3.700000000000001,-0.050000000000000044,1,-6,9,-1,-3,-2,-3,-2.6000000000000014,-10.5,0.3712,0.3543,0.01689999999999997,0.4225,0.2969,-0.1,0.7,-0.7999999999999999,0.0833,0.5,0.4167,1,2,-1,Home_Win
ISL00790,2022-23,2022-11-18,East Bengal FC,Mumbai City FC,Kolkata,4-2-3-1,3-4-3,6.87,7.62,6.34,7.38,46.9,23.4,37.2,23.9,13,13,5,12,2,0,2,0,4,0,2,0,18.1,50.8,30.3,47.6,1,1,Rainy,Average,Night,3.1,8.3,6.94,5.88,2,2,6.3,4,9,20.8,27.1,,0.47,0.31,9.699999999999996,1.260752349260121,-0.5,10.199999999999996,0.5300000000000002,0.2400000000000002,0.3850000000000007,-5.200000000000001,1.0600000000000005,-5,0,-6.300000000000001,0.15999999999999998,0,8,1,0,0,2,0,-12.2,3.1999999999999957,0.3423,0.3828,-0.04049999999999998,0.3977,0.3881,-0.8,0.6,-1.4,0.3846,0.1538,0.4615,4,30,-26,Home_Win
ISL00791,2022-23,2022-11-19,NorthEast United FC,Jamshedpur FC,Guwahati,5-3-2,3-5-2,6.67,6.21,8.36,7.2,60.0,28.2,41.0,25.3,7,7,8,8,1,0,1,2,2,1,1,3,15.3,19.2,38.8,43.5,0,1,Rainy,Good,Day,7.4,6.2,6.96,9.17,0,0,9.9,5,7,11.2,18.9,,0.47,0.3,19.0,1.46341427721603,2.8999999999999986,16.1,-1.6899999999999995,-0.9900000000000002,-1.3399999999999999,1.2000000000000002,-2.21,-2,0,-7.699999999999999,0.16999999999999998,-1,-1,-1,0,-2,1,-2,-23.499999999999996,-24.3,0.3662,0.4545,-0.08829999999999999,0.45,0.3485,0.1,-0.4,0.5,0.125,0.4375,0.4375,27,20,7,Away_Win
ISL00792,2022-23,2022-11-21,Mumbai City FC,NorthEast United FC,Mumbai,3-4-3,5-3-2,7.51,7.09,7.88,7.53,33.4,22.8,68.2,46.6,16,18,9,13,1,0,2,1,1,1,2,3,38.1,44.1,44.4,52.5,2,0,Humid,Good,Night,9.0,7.5,7.33,6.8,1,1,5.1,6,4,18.4,11.1,,0.45,0.47,-34.800000000000004,0.48973599857243416,-23.8,-11.000000000000004,-0.3700000000000001,-0.4400000000000004,-0.40500000000000025,1.5,0.5300000000000002,2,0,7.299999999999999,-0.019999999999999962,2,7,5,-1,-1,-1,-2,-6.299999999999997,-8.399999999999999,0.3798,0.3636,0.016200000000000048,0.377,0.3049,0.4,-0.1,0.5,0.1667,0.3889,0.4444,3,2,1,Away_Win
ISL00793,2022-23,2022-11-21,East Bengal FC,Punjab FC,Kolkata,5-3-2,4-3-3,6.26,8.27,5.96,7.27,53.9,29.3,56.8,36.2,10,13,6,10,2,1,2,1,3,2,2,1,46.8,24.8,36.4,52.0,0,2,Rainy,Good,Night,1.6,2.4,6.63,7.36,1,4,3.6,7,5,25.3,13.7,,0.43,0.49,-2.8999999999999986,0.9489434949043143,-6.900000000000002,4.0000000000000036,0.2999999999999998,1.0,0.6499999999999995,-0.7999999999999998,-0.7300000000000004,2,-3,11.600000000000001,-0.06,-2,4,3,0,0,1,1,10.399999999999999,-27.2,0.3467,0.3759,-0.029200000000000004,0.4045,0.3115,-0.7,-0.1,-0.6,0.3158,0.1579,0.5263,3,5,-2,Draw
ISL00794,2022-23,2022-11-25,East Bengal FC,Jamshedpur FC,Kolkata,4-2-3-1,3-4-3,7.77,7.5,7.26,7.1,76.7,35.4,46.4,26.1,9,12,7,15,0,1,4,1,1,1,5,1,50.5,47.3,17.1,47.0,2,1,Overcast,Poor,Night,8.2,7.9,7.87,9.55,3,2,8.0,5,10,17.1,27.6,Away,0.39,0.48,30.300000000000004,1.6530168851256712,9.299999999999997,21.000000000000007,0.5099999999999998,0.40000000000000036,0.45500000000000007,0.29999999999999893,-1.6800000000000006,-5,1,-10.5,-0.08999999999999997,1,2,-3,-4,0,-4,0,33.4,0.29999999999999716,0.3444,0.4583,-0.1139,0.4,0.3582,-0.5,0.0,-0.5,0.4444,0.1111,0.4444,4,6,-2,Home_Win
ISL00795,2022-23,2022-11-26,Odisha FC,FC Goa,Bhubaneswar,3-5-2,4-2-3-1,7.29,6.27,6.53,5.98,34.9,21.1,37.1,18.4,6,8,6,8,1,1,2,0,1,1,2,2,16.5,40.9,38.0,16.8,1,1,Humid,Average,Day,1.0,7.3,6.1,6.21,0,2,2.2,4,8,18.2,10.2,Away,0.37,0.46,-2.200000000000003,0.9407005550672357,2.700000000000003,-4.900000000000006,0.7599999999999998,0.28999999999999915,0.5249999999999986,-6.3,-0.11000000000000032,-4,-2,8.0,-0.09000000000000002,0,0,0,-1,1,-1,-1,-21.5,24.099999999999998,0.2913,0.418,-0.12669999999999998,0.381,0.3922,-0.2,-0.1,-0.1,0.2,0.5,0.3,27,30,-3,Home_Win
ISL00796,2022-23,2022-11-27,East Bengal FC,NorthEast United FC,Kolkata,4-2-3-1,3-4-3,6.86,6.78,6.79,6.04,54.9,37.5,43.0,21.9,8,20,11,16,1,3,4,0,1,4,7,1,43.7,54.4,38.8,41.7,2,1,Overcast,Average,Day,6.4,0.3,8.82,7.69,0,0,1.4,8,7,7.5,12.3,Away,0.42,0.3,11.899999999999999,1.276743889129328,15.600000000000001,-3.700000000000003,0.07000000000000028,0.7400000000000002,0.40500000000000025,6.1000000000000005,1.13,1,0,-4.800000000000001,0.12,1,-3,4,-3,3,-6,3,4.900000000000006,12.699999999999996,0.3487,0.3681,-0.019399999999999973,0.4066,0.3133,-0.3,-0.2,-0.09999999999999998,0.3158,0.3684,0.3158,2,6,-4,Home_Win
ISL00797,2022-23,2022-11-28,Mumbai City FC,Punjab FC,Mumbai,4-3-3,3-5-2,6.42,6.87,5.27,7.05,40.6,26.1,38.7,26.0,7,14,12,12,3,1,0,1,3,1,2,2,49.5,25.7,33.1,39.6,0,0,Humid,Average,Night,4.6,5.2,6.06,5.48,1,3,8.8,6,6,5.9,20.3,,0.47,0.31,1.8999999999999986,1.0490953361510758,0.10000000000000142,1.7999999999999972,1.1500000000000004,-0.17999999999999972,0.48499999999999943,-0.6000000000000005,0.5799999999999992,0,-2,-14.4,0.15999999999999998,0,-5,2,3,0,1,-1,16.4,-13.900000000000002,0.3769,0.3731,0.0038000000000000256,0.371,0.3065,-0.1,0.2,-0.30000000000000004,0.2,0.4,0.4,7,7,0,Home_Win
ISL00798,2022-23,2022-11-30,East Bengal FC,Chennaiyin FC,Kolkata,3-4-3,3-5-2,6.75,7.18,5.63,7.09,44.9,31.3,62.9,38.3,9,12,7,18,2,1,4,1,3,1,5,1,52.0,18.6,31.3,31.4,1,1,Overcast,Average,Night,4.9,7.4,7.99,7.64,1,4,2.4,11,4,13.2,19.8,,0.45,0.35,-18.0,0.7138313650506574,-6.9999999999999964,-11.000000000000004,1.12,0.08999999999999986,0.6050000000000004,-2.5,0.35000000000000053,7,-3,-6.600000000000001,0.10000000000000003,0,2,-6,-2,0,-2,0,20.7,-12.799999999999997,0.3529,0.2857,0.06719999999999998,0.413,0.2222,0.1,-0.1,0.2,0.1429,0.2857,0.5714,3,15,-12,Away_Win
ISL00799,2022-23,2022-12-01,Hyderabad FC,NorthEast United FC,Hyderabad,3-4-3,5-3-2,7.39,8.36,7.46,6.7,33.5,22.9,46.2,22.0,9,13,12,12,3,2,3,0,3,3,3,1,42.2,18.0,22.4,53.8,2,0,Overcast,Good,Night,7.7,4.8,5.07,6.51,0,2,3.4,11,7,6.3,24.1,,0.36,0.49,-12.700000000000003,0.7251080681584268,0.8999999999999986,-13.600000000000001,-0.07000000000000028,1.6599999999999993,0.7949999999999999,2.9000000000000004,-1.4399999999999995,4,-2,-17.8,-0.13,2,-3,1,0,2,0,2,19.800000000000004,-35.8,0.3154,0.3655,-0.05009999999999998,0.375,0.3095,0.3,-0.4,0.7,0.1,0.5,0.4,30,4,26,Home_Win
ISL00800,2022-23,2022-12-02,Bengaluru FC,ATK Mohun Bagan,Bengaluru,4-3-3,3-4-3,6.76,6.79,5.72,6.62,57.9,32.6,34.4,19.8,7,17,13,14,2,2,2,3,5,2,2,3,49.6,51.0,17.0,42.0,1,0,Humid,Average,Night,9.2,3.5,4.94,7.3,3,0,3.7,2,7,9.5,29.1,,0.48,0.32,23.5,1.6831390455991144,12.8,10.7,1.04,0.16999999999999993,0.6050000000000004,5.699999999999999,-2.3599999999999994,-5,3,-19.6,0.15999999999999998,1,-6,3,0,-1,3,-1,32.6,9.0,0.3516,0.328,0.02360000000000001,0.4127,0.2676,0.3,0.3,0.0,0.4444,0.3333,0.2222,16,30,-14,Home_Win
ISL00801,2022-23,2022-12-03,Punjab FC,Mumbai City FC,Mohali,4-3-3,4-3-3,7.03,6.75,7.26,6.88,60.6,30.8,36.0,23.1,9,5,8,14,4,2,1,1,4,2,2,2,46.9,35.8,32.6,48.8,3,1,Overcast,Average,Night,0.2,10.0,6.37,6.92,2,2,8.9,6,6,25.5,16.8,,0.42,0.43,24.6,1.6833328657408706,7.699999999999999,16.900000000000002,-0.22999999999999954,-0.1299999999999999,-0.17999999999999972,-9.8,-0.5499999999999998,0,0,8.7,-0.010000000000000009,2,1,-9,3,1,2,0,14.299999999999997,-13.0,0.3704,0.3817,-0.011299999999999977,0.4306,0.3824,-0.1,0.2,-0.30000000000000004,0.3636,0.3636,0.2727,5,5,0,Draw
ISL00802,2022-23,2022-12-04,Mumbai City FC,Hyderabad FC,Mumbai,5-3-2,4-4-2,7.68,6.68,6.24,6.66,43.0,20.1,56.4,36.7,9,12,14,13,0,1,1,1,1,2,1,2,21.8,24.8,23.0,40.7,1,0,Clear,Good,Day,4.2,8.6,8.21,6.12,3,1,8.6,7,11,22.0,16.3,Home,0.44,0.33,-13.399999999999999,0.7624112123384374,-16.6,3.200000000000003,1.4399999999999995,0.019999999999999574,0.7299999999999995,-4.3999999999999995,2.0900000000000007,-4,2,5.699999999999999,0.10999999999999999,1,-5,-1,-1,0,0,0,-1.1999999999999993,-15.900000000000002,0.3788,0.3206,0.05820000000000003,0.381,0.2703,0.2,0.5,-0.3,0.4375,0.25,0.3125,1,3,-2,Home_Win
ISL00803,2022-23,2022-12-05,Jamshedpur FC,Mumbai City FC,Jamshedpur,4-4-2,3-5-2,7.57,7.1,8.39,6.93,81.0,42.0,50.3,33.2,2,11,13,16,1,0,2,0,1,1,2,0,29.8,45.4,34.4,53.1,1,1,Humid,Good,Night,3.9,8.7,8.02,7.18,4,0,1.4,7,7,26.6,24.8,,0.46,0.42,30.700000000000003,1.6103376520203474,8.799999999999997,21.900000000000006,-0.8200000000000003,0.16999999999999993,-0.3250000000000002,-4.799999999999999,0.8399999999999999,0,4,1.8000000000000007,0.040000000000000036,0,-11,-5,-1,0,-1,1,-4.599999999999998,-7.700000000000003,0.4552,0.3835,0.07169999999999999,0.5455,0.3768,-0.3,0.3,-0.6,0.7273,0.1818,0.0909,10,1,9,Away_Win
ISL00804,2022-23,2022-12-06,Odisha FC,Chennaiyin FC,Bhubaneswar,4-3-3,4-3-3,7.59,6.99,6.54,7.58,46.5,28.3,46.5,31.5,11,13,7,10,4,2,0,1,4,3,1,1,18.1,20.7,15.2,42.7,3,0,Rainy,Good,Day,7.6,1.3,3.95,9.21,0,2,7.2,7,6,23.3,9.8,,0.5,0.34,0.0,0.9999997849462827,-3.1999999999999993,3.1999999999999993,1.0499999999999998,-0.5899999999999999,0.22999999999999954,6.3,-5.260000000000001,1,-2,13.5,0.15999999999999998,3,4,3,4,1,3,2,2.900000000000002,-22.000000000000004,0.2969,0.2913,0.005599999999999994,0.3906,0.2344,0.3,0.2,0.09999999999999998,0.2143,0.4286,0.3571,10,6,4,Away_Win
ISL00805,2022-23,2022-12-06,Bengaluru FC,Punjab FC,Bengaluru,5-3-2,4-3-3,6.6,5.9,6.25,6.4,51.3,34.8,45.4,25.9,11,16,9,7,1,1,0,1,3,1,1,1,39.6,15.6,34.5,37.6,1,1,Clear,Good,Night,9.2,8.9,8.04,8.52,2,2,6.8,5,6,5.4,22.6,,0.34,0.44,5.899999999999999,1.1299556982476435,8.899999999999999,-3.0,0.34999999999999964,-0.5,-0.07500000000000018,0.29999999999999893,-0.4800000000000004,-1,0,-17.200000000000003,-0.09999999999999998,0,2,9,1,0,2,0,5.100000000000001,-22.0,0.3566,0.3676,-0.01100000000000001,0.4219,0.3016,0.6,-0.3,0.8999999999999999,0.3846,0.4615,0.1538,4,3,1,Draw
ISL00806,2022-23,2022-12-07,NorthEast United FC,Punjab FC,Guwahati,4-2-3-1,4-2-3-1,6.91,7.38,5.98,7.87,55.5,25.0,44.8,27.6,8,9,16,14,2,1,1,0,3,2,1,0,16.4,49.6,42.3,17.0,2,0,Rainy,Average,Night,4.4,2.5,7.35,7.18,2,3,4.1,6,6,22.7,11.3,,0.36,0.35,10.700000000000003,1.238839009187721,-2.6000000000000014,13.300000000000004,0.9299999999999997,-0.4900000000000002,0.21999999999999886,1.9000000000000004,0.16999999999999993,0,-1,11.399999999999999,0.010000000000000009,2,-8,-5,1,1,2,2,-25.9,32.6,0.363,0.365,-0.0020000000000000018,0.4426,0.2969,-0.5,-0.2,-0.3,0.2727,0.2727,0.4545,6,1,5,Away_Win
ISL00807,2022-23,2022-12-08,Bengaluru FC,Jamshedpur FC,Bengaluru,4-3-3,5-3-2,5.56,6.85,5.89,6.32,52.0,34.0,46.7,21.9,12,18,12,9,1,1,1,2,2,1,1,2,50.6,26.2,48.1,20.3,3,2,Overcast,Good,Night,1.1,6.3,8.99,5.22,3,2,9.8,6,6,15.8,22.0,,0.43,0.32,5.299999999999997,1.1134901255909795,12.100000000000001,-6.800000000000004,-0.33000000000000007,0.5299999999999994,0.09999999999999964,-5.199999999999999,3.7700000000000005,0,1,-6.199999999999999,0.10999999999999999,1,0,9,0,-1,1,-1,2.5,5.899999999999999,0.3538,0.4521,-0.0983,0.4154,0.3529,0.4,-0.4,0.8,0.4545,0.1818,0.3636,2,3,-1,Away_Win
ISL00808,2022-23,2022-12-10,East Bengal FC,FC Goa,Kolkata,4-2-3-1,5-3-2,7.72,6.87,5.92,6.18,31.9,20.5,53.1,32.7,12,14,6,17,3,3,1,0,3,3,1,2,52.1,44.1,29.0,45.5,0,1,Rainy,Average,Night,9.8,9.9,6.1,7.14,2,2,8.8,10,5,7.1,28.7,Away,0.31,0.34,-21.200000000000003,0.6007531825323572,-12.200000000000003,-9.0,1.7999999999999998,0.6900000000000004,1.245,-0.09999999999999964,-1.04,5,0,-21.6,-0.030000000000000027,-1,6,-3,2,3,2,1,23.1,-1.3999999999999986,0.3506,0.4146,-0.064,0.4086,0.3846,-0.2,-0.2,0.0,0.4375,0.1875,0.375,10,14,-4,Home_Win
ISL00809,2022-23,2022-12-10,Hyderabad FC,Jamshedpur FC,Hyderabad,4-3-3,4-4-2,6.89,6.83,6.48,6.85,46.9,29.2,30.6,17.7,12,19,5,8,0,1,3,2,0,1,4,2,41.9,32.9,38.0,49.1,1,1,Overcast,Average,Night,9.5,5.5,8.35,6.14,0,2,7.4,10,6,19.6,6.3,,0.34,0.34,16.299999999999997,1.5326792376865235,11.5,4.799999999999997,0.40999999999999925,-0.019999999999999574,0.1949999999999994,4.0,2.21,4,-2,13.3,0.0,0,7,11,-3,-1,-4,-1,3.8999999999999986,-16.200000000000003,0.3182,0.4558,-0.1376,0.386,0.3623,0.5,-0.1,0.6,0.2667,0.3333,0.4,6,2,4,Away_Win
ISL00810,2022-23,2022-12-12,Odisha FC,Chennaiyin FC,Bhubaneswar,4-3-3,3-5-2,7.38,7.4,6.75,6.2,39.7,19.1,42.3,21.3,5,9,11,15,0,2,2,0,1,3,2,0,40.2,49.8,33.2,30.4,1,1,Clear,Poor,Night,8.9,5.6,6.64,8.15,0,2,9.0,7,8,6.6,6.7,,0.44,0.45,-2.5999999999999943,0.9385340570841473,-2.1999999999999993,-0.399999999999995,0.6299999999999999,1.2000000000000002,0.9150000000000009,3.3000000000000007,-1.5100000000000007,-1,-2,-0.10000000000000053,-0.010000000000000009,0,-6,-6,-2,2,-1,3,7.0,19.4,0.2946,0.2969,-0.0023000000000000242,0.3846,0.2462,-0.1,0.5,-0.6,0.2,0.4,0.4,6,6,0,Home_Win
ISL00811,2022-23,2022-12-13,Bengaluru FC,NorthEast United FC,Bengaluru,3-5-2,4-2-3-1,6.7,6.94,7.5,6.84,61.2,28.4,47.2,24.2,8,13,7,14,1,1,2,0,2,1,3,1,27.9,51.6,29.0,26.6,0,2,Clear,Good,Day,2.3,8.6,6.56,8.02,0,3,2.6,5,3,16.7,27.0,,0.31,0.36,14.0,1.2966098947860392,4.199999999999999,9.8,-0.7999999999999998,0.10000000000000053,-0.34999999999999964,-6.3,-1.46,2,-3,-10.3,-0.04999999999999999,-2,1,-1,-1,1,-1,0,-1.1000000000000014,25.0,0.3511,0.3605,-0.009399999999999964,0.4091,0.3059,0.3,-0.6,0.8999999999999999,0.2,0.3,0.5,5,6,-1,Home_Win
ISL00812,2022-23,2022-12-15,Hyderabad FC,Punjab FC,Hyderabad,3-5-2,4-4-2,6.8,7.04,6.76,6.07,40.7,25.8,34.6,21.7,11,20,12,10,3,1,1,1,3,1,1,2,42.6,32.9,36.2,21.2,1,0,Overcast,Good,Night,8.1,3.7,8.3,6.61,3,2,4.2,9,6,7.4,8.9,Home,0.47,0.33,6.100000000000001,1.176300238063515,4.100000000000001,2.0,0.040000000000000036,0.9699999999999998,0.5049999999999999,4.3999999999999995,1.6900000000000004,3,1,-1.5,0.13999999999999996,1,-1,10,2,0,2,-1,6.399999999999999,11.7,0.3158,0.3696,-0.05379999999999996,0.3793,0.3077,0.4,-0.2,0.6000000000000001,0.3846,0.2308,0.3846,5,8,-3,Away_Win
ISL00813,2022-23,2022-12-20,FC Goa,Kerala Blasters,Goa,4-4-2,5-3-2,7.49,6.97,6.81,7.87,19.5,11.9,14.5,7.3,10,13,8,8,5,2,0,0,6,4,0,1,46.5,33.4,44.6,16.5,2,0,Rainy,Good,Night,8.6,3.6,7.47,4.38,3,1,9.0,5,13,27.5,10.6,,0.45,0.32,5.0,1.3448266587402353,4.6000000000000005,0.39999999999999947,0.6800000000000006,-0.9000000000000004,-0.10999999999999943,5.0,3.09,-8,2,16.9,0.13,2,2,5,5,2,6,3,1.8999999999999986,16.9,0.4113,0.352,0.05930000000000002,0.4366,0.2969,-0.4,0.1,-0.5,0.6667,0.2,0.1333,10,30,-20,Away_Win
ISL00814,2022-23,2022-12-20,Jamshedpur FC,Odisha FC,Jamshedpur,4-2-3-1,4-3-3,7.67,6.74,6.91,7.03,73.8,40.0,20.7,11.1,8,12,14,13,1,0,0,2,1,2,0,4,51.0,40.7,15.4,30.5,0,1,Humid,Good,Night,4.2,6.1,6.81,5.73,3,1,5.5,9,10,19.8,19.2,Home,0.48,0.45,53.099999999999994,3.5652156689779377,28.9,24.199999999999996,0.7599999999999998,-0.29000000000000004,0.23499999999999943,-1.8999999999999995,1.0799999999999992,-1,2,0.6000000000000014,0.02999999999999997,-1,-6,-1,1,-2,1,-2,35.6,10.200000000000003,0.4595,0.3,0.15950000000000003,0.5385,0.2031,0.1,-0.1,0.2,0.3158,0.3684,0.3158,10,8,2,Away_Win
ISL00815,2022-23,2022-12-26,East Bengal FC,Odisha FC,Kolkata,4-2-3-1,4-3-3,7.06,7.95,7.51,6.84,60.1,32.2,59.1,32.2,16,15,12,13,2,1,3,1,2,2,3,3,39.3,31.4,24.8,22.6,3,2,Rainy,Average,Night,5.9,8.0,6.77,5.19,2,3,7.0,10,12,5.9,7.7,,0.33,0.39,1.0,1.0169203017055326,0.0,1.0,-0.4500000000000002,1.1100000000000003,0.33000000000000007,-2.0999999999999996,1.5799999999999992,-2,-1,-1.7999999999999998,-0.06,1,4,2,-1,0,-1,-1,14.499999999999996,8.799999999999997,0.3548,0.3053,0.04949999999999999,0.4149,0.2154,0.3,0.2,0.09999999999999998,0.2667,0.2667,0.4667,16,6,10,Home_Win
ISL00816,2022-23,2022-12-27,East Bengal FC,Kerala Blasters,Kolkata,5-3-2,5-3-2,7.03,7.29,7.14,6.41,67.4,30.9,42.8,27.4,6,16,8,14,2,2,0,0,3,2,1,0,30.5,22.1,17.6,42.2,1,1,Rainy,Good,Night,4.5,3.1,6.89,7.19,1,2,9.8,12,13,15.0,18.1,,0.35,0.48,24.60000000000001,1.5747659872042088,3.5,21.10000000000001,-0.10999999999999943,0.8799999999999999,0.3849999999999998,1.4,-0.3000000000000007,-1,-1,-3.1000000000000014,-0.13,0,-2,2,2,2,2,2,12.899999999999999,-20.1,0.359,0.3571,0.0019000000000000128,0.4211,0.3077,0.3,0.5,-0.2,0.3077,0.3077,0.3846,1,7,-6,Away_Win
ISL00817,2022-23,2022-12-27,Punjab FC,Jamshedpur FC,Mohali,3-5-2,4-2-3-1,7.13,7.65,7.6,7.5,31.7,22.1,50.2,25.0,14,11,7,11,1,0,3,2,2,0,3,2,45.3,24.9,19.6,16.6,5,0,Humid,Good,Night,3.6,0.4,5.39,6.32,2,3,8.8,8,6,17.8,21.2,Away,0.37,0.42,-18.500000000000004,0.6314739777940283,-2.8999999999999986,-15.600000000000005,-0.46999999999999975,0.15000000000000036,-0.15999999999999925,3.2,-0.9300000000000006,2,-1,-3.3999999999999986,-0.04999999999999999,5,7,0,-2,-2,-1,-2,25.699999999999996,8.299999999999997,0.3741,0.4564,-0.08229999999999998,0.4247,0.3714,0.1,0.2,-0.1,0.4286,0.1429,0.4286,12,7,5,Draw
ISL00818,2022-23,2022-12-28,Bengaluru FC,Punjab FC,Bengaluru,3-5-2,4-4-2,6.72,7.71,6.45,7.9,37.5,24.7,53.5,25.1,6,14,8,11,1,1,1,2,1,1,2,3,35.4,51.2,44.9,31.0,0,1,Overcast,Good,Night,5.3,8.2,6.1,8.42,1,2,6.9,7,9,6.5,13.1,,0.41,0.33,-16.0,0.7009344484234675,-0.40000000000000213,-15.599999999999998,0.2699999999999996,-0.1900000000000004,0.03999999999999915,-2.8999999999999995,-2.3200000000000003,-2,-1,-6.6,0.07999999999999996,-1,-2,3,0,-1,-1,-2,-9.5,20.200000000000003,0.3561,0.3714,-0.01529999999999998,0.4179,0.3182,0.3,0.3,0.0,0.3571,0.5,0.1429,15,1,14,Draw
ISL00819,2022-23,2022-12-29,Chennaiyin FC,FC Goa,Chennai,4-2-3-1,4-3-3,7.18,7.05,7.39,6.6,54.6,37.9,44.6,22.1,7,14,7,13,2,0,1,4,2,0,1,4,51.7,15.0,41.7,22.1,5,5,Rainy,Average,Night,9.7,9.6,8.43,9.6,1,1,8.3,8,4,15.8,25.7,,0.32,0.4,10.0,1.2242149721491093,15.799999999999997,-5.799999999999997,-0.20999999999999996,0.4500000000000002,0.120000000000001,0.09999999999999964,-1.17,4,0,-9.899999999999999,-0.08000000000000002,0,0,1,1,-4,1,-4,10.0,-7.100000000000001,0.2946,0.408,-0.1134,0.3492,0.3774,0.3,-0.5,0.8,0.2143,0.3571,0.4286,17,9,8,Home_Win
ISL00820,2022-23,2022-12-30,ATK Mohun Bagan,Jamshedpur FC,Kolkata,4-4-2,4-3-3,6.49,7.96,7.11,7.42,57.1,37.4,56.1,35.2,9,12,9,10,3,2,1,0,4,3,2,0,44.9,30.3,45.1,50.9,2,0,Clear,Good,Night,0.9,8.4,8.71,8.06,1,3,4.7,7,7,16.1,16.2,,0.42,0.45,1.0,1.0178251305124544,2.1999999999999957,-1.1999999999999957,-0.6200000000000001,0.54,-0.040000000000000924,-7.5,0.6500000000000004,0,-2,-0.09999999999999787,-0.030000000000000027,2,0,2,2,2,2,3,-0.20000000000000284,-20.599999999999998,0.3254,0.4533,-0.12789999999999996,0.4074,0.3662,-0.1,0.1,-0.2,0.1818,0.2727,0.5455,28,3,25,Home_Win
ISL00821,2022-23,2022-12-30,Bengaluru FC,Hyderabad FC,Bengaluru,3-4-3,4-4-2,6.36,7.89,7.39,7.26,34.0,19.2,25.4,11.8,6,18,14,21,0,0,2,2,0,2,2,2,51.0,35.1,50.5,19.8,0,0,Humid,Average,Night,1.8,8.1,7.96,6.45,1,2,3.0,8,6,22.8,9.0,,0.3,0.37,8.600000000000001,1.3385821501645079,7.399999999999999,1.2000000000000028,-1.0299999999999994,0.6299999999999999,-0.1999999999999993,-6.3,1.5099999999999998,2,-1,13.8,-0.07,0,-8,-3,-2,-2,-2,0,0.5,15.3,0.3534,0.3134,0.03999999999999998,0.4118,0.2667,-0.1,0.2,-0.30000000000000004,0.4667,0.3333,0.2,2,15,-13,Draw
ISL00822,2022-23,2022-12-30,ATK Mohun Bagan,Hyderabad FC,Kolkata,4-3-3,3-5-2,5.09,6.61,7.1,7.61,41.3,27.3,51.7,30.4,17,14,5,14,2,0,5,1,2,0,6,2,27.6,37.6,18.9,54.9,2,2,Overcast,Good,Day,6.1,1.7,6.89,7.22,2,2,2.0,7,4,16.6,22.5,,0.39,0.47,-10.400000000000006,0.7988393038995543,-3.099999999999998,-7.300000000000008,-2.01,-1.0,-1.5050000000000008,4.3999999999999995,-0.33000000000000007,3,0,-5.899999999999999,-0.07999999999999996,0,12,0,-3,-1,-4,-2,8.700000000000003,-17.299999999999997,0.3307,0.3111,0.019600000000000006,0.4182,0.2632,0.0,0.2,-0.2,0.4615,0.2308,0.3077,1,1,0,Home_Win
ISL00823,2022-23,2023-01-01,Hyderabad FC,NorthEast United FC,Hyderabad,4-2-3-1,3-4-3,6.42,8.26,6.76,7.35,45.0,22.5,43.3,24.9,5,14,6,11,2,3,0,1,2,4,1,3,35.1,38.9,23.5,51.8,1,0,Clear,Average,Night,4.0,7.7,7.33,5.25,1,2,5.5,1,3,26.1,15.9,,0.5,0.42,1.7000000000000028,1.03926072996288,-2.3999999999999986,4.100000000000001,-0.33999999999999986,0.9100000000000001,0.28500000000000014,-3.7,2.08,-2,-1,10.200000000000001,0.08000000000000002,1,-1,3,2,2,1,1,11.600000000000001,-12.899999999999999,0.3088,0.3581,-0.049299999999999955,0.3729,0.3023,-0.2,-0.7,0.49999999999999994,0.1818,0.4545,0.3636,2,19,-17,Home_Win
ISL00824,2022-23,2023-01-05,Bengaluru FC,ATK Mohun Bagan,Bengaluru,3-5-2,4-2-3-1,6.54,7.73,6.12,6.55,58.3,36.0,63.0,34.2,12,8,7,13,1,0,0,1,1,0,0,2,51.7,35.6,47.2,41.8,1,3,Clear,Good,Day,8.7,8.4,7.33,6.56,3,0,9.0,6,9,11.1,10.6,,0.43,0.44,-4.700000000000003,0.9253966785084636,1.7999999999999972,-6.5,0.41999999999999993,1.1800000000000006,0.7999999999999998,0.29999999999999893,0.7700000000000005,-3,3,0.5,-0.010000000000000009,-2,5,-5,1,-1,1,-2,4.5,-6.199999999999996,0.3507,0.3359,0.014800000000000035,0.4058,0.2639,0.0,0.0,0.0,0.5,0.3,0.2,6,6,0,Away_Win
ISL00825,2022-23,2023-01-06,Bengaluru FC,Kerala Blasters,Bengaluru,3-5-2,4-2-3-1,6.47,6.08,8.18,6.89,42.5,21.6,44.5,23.9,10,10,7,17,0,1,2,1,3,1,2,1,25.8,35.2,32.7,36.1,1,2,Clear,Poor,Day,6.7,6.9,5.64,7.74,0,2,4.6,5,13,11.1,18.6,,0.31,0.37,-2.0,0.9550559651559628,-2.299999999999997,0.29999999999999716,-1.71,-0.8099999999999996,-1.2599999999999998,-0.20000000000000018,-2.1000000000000005,-8,-2,-7.500000000000002,-0.06,-1,3,-7,-2,0,1,0,-6.900000000000002,-0.8999999999999986,0.3481,0.3622,-0.014100000000000001,0.4,0.3182,0.1,0.6,-0.5,0.25,0.25,0.5,1,10,-9,Home_Win
ISL00826,2022-23,2023-01-10,Punjab FC,Kerala Blasters,Mohali,4-2-3-1,4-2-3-1,7.4,5.57,6.65,7.12,52.9,29.0,42.5,24.8,8,11,11,10,1,0,4,3,1,2,4,6,33.2,20.4,41.6,38.5,2,1,Humid,Good,Night,8.8,5.4,6.54,6.88,3,0,7.1,9,12,16.8,8.6,Home,0.35,0.31,10.399999999999999,1.2447055894810377,4.199999999999999,6.199999999999999,0.75,-1.5499999999999998,-0.39999999999999947,3.4000000000000004,-0.33999999999999986,-3,3,8.200000000000001,0.03999999999999998,1,-3,1,-3,-3,-3,-4,-8.399999999999999,-18.1,0.3688,0.3594,0.00940000000000002,0.4189,0.3134,0.3,0.4,-0.10000000000000003,0.5714,0.2857,0.1429,13,4,9,Home_Win
ISL00827,2022-23,2023-01-11,ATK Mohun Bagan,Kerala Blasters,Kolkata,4-2-3-1,3-4-3,6.02,6.52,6.75,6.46,29.7,19.8,36.5,17.0,5,11,10,9,1,0,2,0,2,0,3,0,53.0,49.6,50.5,54.9,2,3,Clear,Good,Day,3.7,7.0,8.38,8.47,2,2,2.0,12,9,20.9,11.7,,0.43,0.39,-6.800000000000001,0.8136984072059158,2.8000000000000007,-9.600000000000001,-0.7300000000000004,0.05999999999999961,-0.33500000000000085,-3.3,-0.08999999999999986,3,0,9.2,0.03999999999999998,-1,-5,2,-1,0,-1,0,2.5,-5.299999999999997,0.3411,0.3566,-0.015499999999999958,0.4286,0.3088,-0.1,0.2,-0.30000000000000004,0.25,0.4167,0.3333,6,1,5,Draw
ISL00828,2022-23,2023-01-11,Kerala Blasters,Hyderabad FC,Kochi,4-2-3-1,3-4-3,7.26,8.21,6.51,6.7,43.0,23.9,48.3,25.6,12,9,7,10,0,1,4,2,1,2,4,3,49.7,34.8,20.8,19.4,1,2,Rainy,Good,Night,7.1,4.6,5.76,7.03,3,1,9.8,7,4,11.8,22.1,Away,0.33,0.36,-5.299999999999997,0.8902689668180193,-1.7000000000000028,-3.5999999999999943,0.75,1.5100000000000007,1.13,2.5,-1.2700000000000005,3,2,-10.3,-0.02999999999999997,-1,5,-1,-4,-1,-3,-1,28.900000000000002,15.399999999999999,0.3538,0.3139,0.03989999999999999,0.4098,0.2597,0.4,-0.1,0.5,0.5455,0.1818,0.2727,1,10,-9,Away_Win
ISL00829,2022-23,2023-01-12,Bengaluru FC,East Bengal FC,Bengaluru,3-4-3,4-4-2,6.7,6.48,6.59,6.68,48.6,32.7,48.1,26.7,9,15,11,14,1,2,1,3,1,3,1,3,37.5,28.9,33.1,24.8,0,1,Clear,Good,Night,10.0,2.9,6.89,7.09,2,0,3.9,8,9,21.4,7.6,,0.4,0.38,0.5,1.0103948003337213,6.0000000000000036,-5.5000000000000036,0.11000000000000032,-0.1999999999999993,-0.04499999999999993,7.1,-0.20000000000000018,-1,2,13.799999999999999,0.020000000000000018,-1,-2,1,0,-1,0,0,4.399999999999999,4.099999999999998,0.3529,0.3567,-0.0038000000000000256,0.4085,0.2623,0.3,0.3,0.0,0.2667,0.5333,0.2,6,16,-10,Home_Win
ISL00830,2022-23,2023-01-12,East Bengal FC,Chennaiyin FC,Kolkata,4-3-3,3-5-2,6.99,7.21,7.08,6.02,43.1,25.9,51.6,25.0,4,11,2,19,2,0,2,2,3,0,2,3,34.3,32.1,40.4,34.6,3,2,Clear,Average,Night,9.7,7.6,7.9,8.34,0,5,5.9,6,10,7.9,27.2,Away,0.46,0.46,-8.5,0.8352711559552023,0.8999999999999986,-9.399999999999999,-0.08999999999999986,1.1900000000000004,0.5499999999999998,2.0999999999999996,-0.4399999999999995,-4,-5,-19.299999999999997,0.0,1,2,-8,0,-2,1,-3,-6.100000000000001,-2.5,0.3544,0.3,0.054400000000000004,0.4167,0.2424,0.0,0.3,-0.3,0.125,0.25,0.625,1,14,-13,Away_Win
ISL00831,2022-23,2023-01-13,Kerala Blasters,Mumbai City FC,Kochi,4-3-3,3-4-3,6.38,7.32,6.99,6.67,57.3,30.0,65.5,38.1,8,13,16,10,3,1,2,1,3,2,3,1,22.5,37.6,27.3,17.8,0,3,Overcast,Good,Night,3.3,5.4,7.06,8.27,3,1,3.3,4,10,5.3,22.3,,0.48,0.46,-8.200000000000003,0.8748090267467133,-8.100000000000001,-0.10000000000000142,-0.6100000000000003,0.6500000000000004,0.019999999999999574,-2.1000000000000005,-1.21,-6,2,-17.0,0.019999999999999962,-3,-8,3,1,0,0,1,-4.800000000000001,19.8,0.3511,0.3881,-0.03699999999999998,0.4032,0.3857,0.2,0.3,-0.09999999999999998,0.5714,0.1429,0.2857,2,30,-28,Home_Win
ISL00832,2022-23,2023-01-14,Bengaluru FC,Chennaiyin FC,Bengaluru,5-3-2,4-4-2,7.14,7.73,6.72,7.56,33.0,17.0,44.3,23.4,8,14,4,20,3,1,5,2,4,4,5,2,29.2,27.8,23.0,32.4,2,1,Overcast,Good,Night,9.9,9.4,4.8,5.94,1,2,7.3,8,12,26.1,16.1,Home,0.35,0.46,-11.299999999999997,0.7449208250743058,-6.399999999999999,-4.899999999999999,0.41999999999999993,0.17000000000000082,0.2950000000000008,0.5,-1.1400000000000006,-4,-1,10.0,-0.11000000000000004,1,4,-6,-2,-1,-1,2,6.199999999999999,-4.599999999999998,0.3577,0.3053,0.0524,0.4167,0.2537,0.8,0.5,0.30000000000000004,0.2222,0.4444,0.3333,2,2,0,Away_Win
ISL00833,2022-23,2023-01-22,ATK Mohun Bagan,Punjab FC,Kolkata,5-3-2,3-4-3,5.81,7.31,6.81,7.22,39.0,17.6,45.3,21.1,8,8,8,12,1,1,1,1,2,1,2,1,37.0,46.4,43.9,51.1,0,0,Overcast,Poor,Day,2.4,0.7,4.4,8.14,3,0,6.9,10,11,18.9,5.0,,0.33,0.47,-6.299999999999997,0.8609269622677788,-3.5,-2.799999999999997,-1.0,0.08999999999999986,-0.45500000000000007,1.7,-3.74,-1,3,13.899999999999999,-0.13999999999999996,0,0,-4,0,0,0,0,-6.899999999999999,-4.700000000000003,0.3385,0.3732,-0.03469999999999995,0.4211,0.3134,0.0,0.4,-0.4,0.6154,0.1538,0.2308,11,12,-1,Away_Win
ISL00834,2022-23,2023-01-25,Bengaluru FC,NorthEast United FC,Bengaluru,4-4-2,4-3-3,7.24,7.22,6.81,7.54,46.6,27.6,42.2,20.3,15,10,10,9,1,1,2,0,1,2,2,2,35.9,42.2,15.1,24.9,0,3,Humid,Good,Night,1.6,1.1,7.56,6.88,1,2,6.8,7,0,27.6,26.7,,0.41,0.4,4.399999999999999,1.1042651411693978,7.300000000000001,-2.900000000000002,0.4300000000000006,-0.3200000000000003,0.055000000000000604,0.5,0.6799999999999997,7,-1,0.9000000000000021,0.009999999999999953,-3,5,1,-1,1,-1,0,20.799999999999997,17.300000000000004,0.3551,0.3557,-0.0005999999999999894,0.411,0.2989,0.9,-0.6,1.5,0.2727,0.2727,0.4545,11,24,-13,Home_Win
ISL00835,2022-23,2023-01-26,East Bengal FC,FC Goa,Kolkata,3-5-2,3-4-3,6.49,7.18,6.92,6.61,31.2,20.6,30.1,16.0,6,9,8,7,2,3,1,1,3,4,1,1,44.7,36.8,49.8,47.4,2,1,Clear,Average,Night,7.8,7.4,8.19,5.87,3,1,8.0,6,3,28.9,22.2,,0.38,0.46,1.0999999999999979,1.0365445061313932,4.600000000000001,-3.5000000000000036,-0.4299999999999997,0.5699999999999994,0.0699999999999994,0.39999999999999947,2.3199999999999994,3,2,6.699999999999999,-0.08000000000000002,1,-2,2,1,2,2,3,-5.099999999999994,-10.600000000000001,0.3522,0.4048,-0.05259999999999998,0.4124,0.3704,-0.1,-0.7,0.6,0.4706,0.1765,0.3529,14,28,-14,Home_Win
ISL00836,2022-23,2023-01-26,East Bengal FC,Bengaluru FC,Kolkata,3-4-3,5-3-2,6.5,7.4,5.7,7.19,46.1,23.3,34.2,21.0,8,20,8,14,2,0,3,0,2,1,4,0,19.6,35.1,46.8,47.4,0,0,Clear,Good,Night,7.9,6.9,6.76,7.61,0,2,8.7,6,9,27.1,11.9,,0.33,0.32,11.899999999999999,1.3479528222360166,2.3000000000000007,9.599999999999998,0.7999999999999998,0.20999999999999996,0.5049999999999999,1.0,-0.8500000000000005,-3,-2,15.200000000000001,0.010000000000000009,0,0,6,-1,0,-2,1,-27.199999999999996,-12.299999999999997,0.3563,0.3597,-0.003400000000000014,0.4184,0.2923,0.2,0.7,-0.49999999999999994,0.1875,0.5,0.3125,1,1,0,Draw
ISL00837,2022-23,2023-01-30,Kerala Blasters,NorthEast United FC,Kochi,5-3-2,3-4-3,6.58,6.17,7.1,6.84,43.2,24.6,30.4,19.8,11,10,6,19,2,1,2,2,2,2,2,3,47.1,42.7,37.0,28.5,2,2,Rainy,Good,Day,3.1,9.8,5.17,3.8,3,0,2.3,4,0,26.0,8.3,Home,0.32,0.39,12.800000000000004,1.4210521641275777,4.800000000000001,8.000000000000004,-0.5199999999999996,-0.6699999999999999,-0.5949999999999998,-6.700000000000001,1.37,4,3,17.7,-0.07,0,5,-9,0,-1,0,-1,10.100000000000001,14.200000000000003,0.3561,0.3533,0.0028000000000000247,0.4127,0.2955,0.4,-0.7,1.1,0.4,0.3333,0.2667,17,5,12,Home_Win
ISL00838,2022-23,2023-02-01,Hyderabad FC,Kerala Blasters,Hyderabad,4-4-2,3-4-3,6.57,7.09,7.33,7.29,51.5,35.8,49.2,28.1,4,12,9,18,3,2,1,0,3,2,2,0,45.9,40.4,44.3,54.4,1,1,Overcast,Good,Night,0.2,5.3,8.02,8.21,2,2,4.1,7,7,23.8,26.1,,0.42,0.38,2.299999999999997,1.046747754726066,7.699999999999996,-5.399999999999999,-0.7599999999999998,-0.20000000000000018,-0.4800000000000004,-5.1,-0.19000000000000128,0,0,-2.3000000000000007,0.03999999999999998,0,-5,-6,2,2,1,2,1.6000000000000014,-14.0,0.3188,0.3609,-0.042100000000000026,0.3833,0.3043,0.0,0.5,-0.5,0.3333,0.1667,0.5,21,2,19,Home_Win
ISL00839,2022-23,2023-02-01,Bengaluru FC,Chennaiyin FC,Bengaluru,4-4-2,4-2-3-1,6.94,7.39,7.32,6.08,41.8,22.9,25.3,11.7,11,12,5,10,1,0,3,1,2,0,4,3,31.0,32.6,50.8,28.4,2,0,Overcast,Good,Night,9.4,2.9,6.37,6.25,1,3,9.5,10,12,21.5,11.2,,0.41,0.43,16.499999999999996,1.652173260010569,11.2,5.299999999999997,-0.3799999999999999,1.3099999999999996,0.46499999999999986,6.5,0.1200000000000001,-2,-2,10.3,-0.020000000000000018,2,6,2,-2,-1,-2,-3,-19.799999999999997,4.200000000000003,0.3571,0.3106,0.046499999999999986,0.4189,0.2647,0.7,0.6,0.09999999999999998,0.2,0.4,0.4,6,18,-12,Draw
ISL00840,2022-23,2023-02-05,Jamshedpur FC,Hyderabad FC,Jamshedpur,4-3-3,5-3-2,6.56,7.18,7.84,7.5,62.2,42.6,50.5,30.4,7,11,11,17,1,0,1,0,1,1,2,1,48.9,22.1,41.7,16.4,1,1,Humid,Good,Night,6.0,1.3,5.67,6.05,3,0,7.2,7,10,28.3,26.7,,0.45,0.34,11.700000000000003,1.231682924419223,12.200000000000003,-0.5,-1.2800000000000002,-0.3200000000000003,-0.8000000000000007,4.7,-0.3799999999999999,-3,3,1.6000000000000014,0.10999999999999999,0,-4,-6,0,0,-1,0,7.199999999999996,5.700000000000003,0.4503,0.3237,0.1266,0.5316,0.2692,0.0,0.1,-0.1,0.4375,0.3125,0.25,30,4,26,Home_Win
ISL00841,2022-23,2023-02-06,NorthEast United FC,Hyderabad FC,Guwahati,3-5-2,5-3-2,6.36,8.38,5.7,6.38,35.8,23.5,47.3,32.0,1,13,9,12,3,1,3,0,5,2,3,1,17.5,46.5,49.9,36.3,3,1,Humid,Average,Night,5.2,8.6,7.05,5.49,2,2,4.4,0,9,29.7,30.0,,0.44,0.48,-11.5,0.756870875925819,-8.5,-3.0,0.6600000000000001,2.000000000000001,1.330000000000001,-3.3999999999999995,1.5599999999999996,-9,0,-0.3000000000000007,-0.03999999999999998,2,-8,1,0,1,2,1,-32.4,10.200000000000003,0.351,0.3214,0.02959999999999996,0.4355,0.2658,-0.8,-0.3,-0.5,0.3333,0.4167,0.25,7,1,6,Draw
ISL00842,2022-23,2023-02-07,Bengaluru FC,Hyderabad FC,Bengaluru,3-5-2,3-5-2,5.79,7.0,6.92,6.44,36.9,21.2,30.7,14.2,11,9,13,14,2,1,3,2,3,1,4,3,49.6,33.3,48.4,47.3,1,0,Rainy,Good,Night,8.3,7.8,7.33,7.91,1,1,4.3,8,10,24.2,22.3,,0.32,0.47,6.199999999999999,1.201954005878174,7.0,-0.8000000000000007,-1.13,0.5599999999999996,-0.28500000000000014,0.5000000000000009,-0.5800000000000001,-2,0,1.8999999999999986,-0.14999999999999997,1,-2,-5,-1,-1,-1,-2,1.2000000000000028,-14.0,0.3546,0.3191,0.03550000000000003,0.4133,0.2625,0.8,-0.5,1.3,0.4375,0.375,0.1875,6,1,5,Draw
ISL00843,2022-23,2023-02-09,East Bengal FC,Jamshedpur FC,Kolkata,4-2-3-1,3-4-3,6.42,7.79,6.58,7.3,51.0,31.1,63.4,34.0,10,10,11,16,1,0,1,2,2,1,3,2,19.2,39.7,20.4,41.1,0,1,Humid,Good,Night,6.6,7.5,6.14,9.37,3,2,2.9,4,7,19.8,16.5,Away,0.39,0.38,-12.399999999999999,0.80441627690595,-2.8999999999999986,-9.5,-0.16000000000000014,0.4900000000000002,0.16500000000000092,-0.9000000000000004,-3.2299999999999995,-3,1,3.3000000000000007,0.010000000000000009,-1,-1,-6,0,-2,-1,-1,-1.1999999999999993,-1.3999999999999986,0.354,0.4539,-0.09990000000000004,0.4141,0.3611,0.2,0.2,0.0,0.5,0.1,0.4,14,4,10,Away_Win
ISL00844,2022-23,2023-02-10,FC Goa,NorthEast United FC,Goa,5-3-2,4-3-3,8.12,7.99,6.42,7.85,61.7,28.8,22.0,10.0,7,16,5,9,2,1,2,1,3,2,2,1,21.3,31.0,19.8,25.4,1,1,Rainy,Average,Night,9.8,9.9,8.02,6.85,2,2,5.9,0,1,13.0,25.7,Home,0.45,0.45,39.7,2.8045441797526456,18.8,20.900000000000006,1.6999999999999993,0.14000000000000057,0.9199999999999999,-0.09999999999999964,1.17,-1,0,-12.7,0.0,0,2,7,0,0,1,1,1.5,5.600000000000001,0.4016,0.3487,0.0529,0.4306,0.2921,-0.9,-1.0,0.09999999999999998,0.4286,0.2857,0.2857,15,4,11,Draw
ISL00845,2022-23,2023-02-10,East Bengal FC,Jamshedpur FC,Kolkata,4-2-3-1,4-3-3,7.32,7.39,7.35,6.96,28.2,16.3,51.1,30.4,7,15,6,12,1,3,4,0,2,4,4,0,37.1,35.6,49.5,20.4,1,0,Overcast,Average,Night,5.6,2.0,7.3,8.0,2,3,8.3,4,7,27.4,17.1,Home,0.41,0.45,-22.900000000000002,0.5518589918084165,-14.099999999999998,-8.800000000000004,-0.02999999999999936,0.4299999999999997,0.20000000000000107,3.5999999999999996,-0.7000000000000002,-3,-1,10.299999999999997,-0.040000000000000036,1,1,3,-3,3,-2,4,-12.399999999999999,15.200000000000003,0.3519,0.4575,-0.10560000000000003,0.41,0.3699,-0.1,0.5,-0.6,0.4545,0.0909,0.4545,1,1,0,Away_Win
ISL00846,2022-23,2023-02-15,Bengaluru FC,FC Goa,Bengaluru,3-5-2,3-5-2,6.89,7.26,6.31,6.48,43.1,27.6,20.7,9.9,14,14,7,11,3,1,0,0,3,1,1,0,23.7,23.8,46.7,41.0,1,2,Overcast,Average,Day,9.2,9.5,7.94,7.66,1,3,4.4,6,1,15.9,16.4,,0.49,0.45,22.400000000000002,2.0821245980074408,17.700000000000003,4.700000000000001,0.5800000000000001,0.7799999999999994,0.6799999999999997,-0.3000000000000007,0.28000000000000025,5,-2,-0.4999999999999982,0.03999999999999998,-1,7,3,3,1,2,1,-23.000000000000004,-17.2,0.3521,0.3984,-0.04629999999999995,0.4079,0.3636,0.7,-1.1,1.8,0.2727,0.3636,0.3636,8,5,3,Home_Win
ISL00847,2022-23,2023-02-15,Mumbai City FC,Punjab FC,Mumbai,5-3-2,3-4-3,6.11,6.32,7.02,8.34,52.9,26.9,30.4,20.8,11,13,6,10,2,1,0,0,2,3,0,1,42.0,24.0,33.1,30.5,0,3,Clear,Good,Night,6.2,1.8,5.65,8.37,2,1,8.7,10,11,11.4,5.7,,0.48,0.48,22.5,1.740131006535853,6.099999999999998,16.400000000000002,-0.9099999999999993,-2.0199999999999996,-1.4649999999999999,4.4,-2.719999999999999,-1,1,5.7,0.0,-3,5,3,2,1,2,2,8.899999999999999,-6.5,0.3852,0.3776,0.007599999999999996,0.3906,0.3235,0.1,0.4,-0.30000000000000004,0.25,0.4167,0.3333,30,24,6,Draw
ISL00848,2022-23,2023-02-18,Bengaluru FC,Punjab FC,Bengaluru,4-4-2,4-3-3,6.24,7.36,8.11,7.14,39.9,18.5,36.6,20.2,8,12,8,15,2,0,0,1,2,0,0,2,22.7,51.3,47.1,19.3,1,0,Clear,Average,Night,3.5,3.9,5.58,8.52,0,2,7.5,9,9,23.8,9.8,,0.48,0.38,3.299999999999997,1.0901636365673122,-1.6999999999999993,4.9999999999999964,-1.8699999999999992,0.22000000000000064,-0.8249999999999993,-0.3999999999999999,-2.9399999999999995,0,-2,14.0,0.09999999999999998,1,0,-3,2,-1,2,-2,-24.400000000000002,31.999999999999996,0.3566,0.375,-0.018400000000000027,0.4156,0.3188,0.8,0.4,0.4,0.3333,0.5333,0.1333,3,3,0,Away_Win
ISL00849,2022-23,2023-02-19,Mumbai City FC,ATK Mohun Bagan,Mumbai,5-3-2,3-4-3,7.3,7.21,6.4,6.62,32.6,14.9,59.5,36.0,4,17,4,16,2,1,1,0,4,2,1,2,25.0,40.0,51.8,20.8,0,0,Overcast,Good,Night,5.4,4.6,6.14,7.11,4,1,2.7,8,10,15.3,9.7,,0.48,0.37,-26.9,0.5478990675799886,-21.1,-5.799999999999997,0.8999999999999995,0.5899999999999999,0.7450000000000001,0.8000000000000007,-0.9700000000000006,-2,3,5.600000000000001,0.10999999999999999,0,0,1,1,1,3,0,-26.799999999999997,19.2,0.3824,0.3359,0.04650000000000004,0.3846,0.274,-0.1,-0.1,0.0,0.6364,0.0,0.3636,4,28,-24,Home_Win
ISL00850,2022-23,2023-02-21,Jamshedpur FC,FC Goa,Jamshedpur,3-4-3,5-3-2,6.59,6.32,7.02,7.14,51.0,25.0,55.0,29.3,8,17,9,9,1,0,1,1,2,0,1,1,31.7,39.7,44.0,50.5,0,1,Rainy,Good,Day,0.6,2.4,7.48,6.32,2,3,1.0,10,1,21.0,16.3,,0.47,0.35,-4.0,0.9272725586777165,-4.300000000000001,0.3000000000000007,-0.4299999999999997,-0.8199999999999994,-0.625,-1.7999999999999998,1.1600000000000001,9,-1,4.699999999999999,0.12,-1,-1,8,0,-1,1,-1,-12.3,-10.799999999999997,0.461,0.3953,0.06570000000000004,0.5375,0.3571,0.4,-1.0,1.4,0.2727,0.1818,0.5455,11,6,5,Draw
ISL00851,2022-23,2023-02-21,Kerala Blasters,FC Goa,Kochi,3-4-3,4-4-2,7.06,7.62,6.28,7.28,69.4,35.4,54.6,29.2,11,14,13,13,1,0,1,0,4,1,1,1,45.2,23.9,30.6,36.8,1,2,Clear,Average,Night,7.2,4.6,6.55,6.52,2,2,2.2,7,2,5.5,18.8,Away,0.33,0.47,14.800000000000004,1.271062038267026,6.199999999999999,8.600000000000005,0.7799999999999994,0.33999999999999986,0.5599999999999996,2.6000000000000005,0.03000000000000025,5,0,-13.3,-0.13999999999999996,-1,-2,1,0,0,3,0,14.600000000000001,-12.899999999999999,0.3582,0.3923,-0.034099999999999964,0.4219,0.3509,0.1,-1.0,1.1,0.1875,0.1875,0.625,20,1,19,Home_Win
ISL00852,2022-23,2023-02-22,Kerala Blasters,East Bengal FC,Kochi,4-2-3-1,4-4-2,6.77,7.89,6.49,7.54,39.7,25.9,23.0,10.4,11,12,9,13,4,0,4,1,5,1,4,1,47.9,23.7,34.1,32.7,2,0,Overcast,Good,Night,1.7,7.7,5.77,6.42,3,1,3.6,9,4,16.2,23.4,Home,0.31,0.46,16.700000000000003,1.7260862060494757,15.499999999999998,1.2000000000000046,0.27999999999999936,0.34999999999999964,0.3149999999999995,-6.0,-0.6500000000000004,5,2,-7.199999999999999,-0.15000000000000002,2,2,-1,0,-1,1,0,13.799999999999997,-9.000000000000004,0.363,0.3497,0.013299999999999979,0.4308,0.2581,0.0,-0.4,0.4,0.4286,0.2857,0.2857,1,12,-11,Away_Win
ISL00853,2022-23,2023-02-24,ATK Mohun Bagan,NorthEast United FC,Kolkata,5-3-2,3-4-3,7.2,5.69,6.0,8.4,59.2,33.4,38.0,25.3,19,8,12,9,2,0,1,0,3,2,2,1,27.2,15.7,32.9,33.1,1,1,Overcast,Good,Day,5.5,5.5,5.21,5.11,0,4,6.1,7,2,7.3,14.7,Away,0.34,0.32,21.200000000000003,1.557894326869914,8.099999999999998,13.100000000000005,1.2000000000000002,-2.71,-0.7549999999999999,0.0,0.09999999999999964,5,-4,-7.3999999999999995,0.020000000000000018,0,7,-1,1,0,1,1,-5.699999999999999,-17.400000000000002,0.3333,0.3464,-0.0131,0.4138,0.2889,-0.8,-0.8,0.0,0.1,0.3,0.6,5,14,-9,Home_Win
ISL00854,2022-23,2023-02-25,Punjab FC,ATK Mohun Bagan,Mohali,5-3-2,3-5-2,7.24,7.13,6.48,7.92,32.8,19.2,56.7,29.3,16,7,7,11,1,0,1,2,3,1,1,2,41.2,37.8,20.4,43.1,4,1,Clear,Poor,Day,0.4,5.3,5.96,8.28,1,3,1.4,11,7,16.8,10.9,Home,0.31,0.35,-23.900000000000006,0.578483143124666,-10.100000000000001,-13.800000000000004,0.7599999999999998,-0.79,-0.01499999999999968,-4.8999999999999995,-2.3199999999999994,4,-2,5.9,-0.03999999999999998,3,9,-4,0,-2,2,-1,20.800000000000004,-5.300000000000004,0.3793,0.3383,0.041000000000000036,0.4267,0.2703,0.8,-0.7,1.5,0.2857,0.1429,0.5714,7,1,6,Away_Win
ISL00855,2022-23,2023-02-25,Chennaiyin FC,Mumbai City FC,Chennai,4-3-3,5-3-2,6.71,7.07,7.94,7.12,56.2,29.7,39.9,20.4,8,7,10,14,1,0,2,2,1,0,2,2,36.7,41.4,44.2,28.9,1,2,Clear,Good,Night,1.8,4.6,8.56,8.65,1,2,7.0,10,10,22.9,17.6,,0.41,0.3,16.300000000000004,1.408520950245376,9.3,7.0000000000000036,-1.2300000000000004,-0.04999999999999982,-0.6399999999999997,-2.8,-0.08999999999999986,0,-1,5.299999999999997,0.10999999999999999,-1,-2,-7,-1,-2,-1,-2,-7.5,12.5,0.3083,0.3869,-0.0786,0.3594,0.3803,0.6,0.5,0.09999999999999998,0.1818,0.3636,0.4545,24,6,18,Away_Win
ISL00856,2022-23,2023-02-27,Kerala Blasters,Jamshedpur FC,Kochi,4-2-3-1,4-3-3,6.22,6.06,5.84,6.92,42.7,22.4,47.7,25.8,8,11,4,13,2,0,2,3,3,0,2,3,19.0,28.8,27.5,24.1,2,2,Humid,Average,Night,5.0,3.6,5.92,6.05,1,3,6.3,9,10,16.2,18.2,,0.47,0.38,-5.0,0.8951780093966437,-3.400000000000002,-1.5999999999999979,0.3799999999999999,-0.8600000000000003,-0.2400000000000002,1.4,-0.1299999999999999,-1,-2,-2.0,0.08999999999999997,0,4,-2,0,-3,1,-3,-8.5,4.699999999999999,0.3603,0.4581,-0.0978,0.4242,0.3784,-0.3,0.6,-0.8999999999999999,0.2,0.2,0.6,5,6,-1,Away_Win
ISL00857,2022-23,2023-02-28,Kerala Blasters,FC Goa,Kochi,3-4-3,4-3-3,7.51,7.72,6.66,6.74,38.3,22.5,45.3,22.5,11,8,14,10,1,1,1,1,1,2,1,1,50.7,35.3,38.8,37.0,0,0,Overcast,Good,Night,8.6,6.0,7.39,7.29,3,2,3.5,6,2,18.2,9.3,Home,0.39,0.34,-7.0,0.8454744270475878,0.0,-7.0,0.8499999999999996,0.9799999999999995,0.915,2.5999999999999996,0.09999999999999964,4,1,8.899999999999999,0.04999999999999999,0,-3,-2,0,0,0,1,11.900000000000006,-1.7000000000000028,0.3577,0.3893,-0.03159999999999996,0.4179,0.3448,-0.5,-1.1,0.6000000000000001,0.2353,0.1765,0.5882,1,7,-6,Home_Win
ISL00858,2022-23,2023-02-28,East Bengal FC,FC Goa,Kolkata,3-5-2,3-4-3,6.91,7.38,6.06,8.23,36.1,23.0,51.2,27.0,6,16,8,16,3,1,0,0,3,2,0,0,38.7,28.0,51.9,28.9,3,0,Overcast,Average,Night,0.1,5.7,5.64,6.67,3,1,6.1,7,2,15.6,17.9,Home,0.48,0.4,-15.100000000000001,0.7050779872894556,-4.0,-11.100000000000001,0.8500000000000005,-0.8500000000000005,0.0,-5.6000000000000005,-1.0300000000000002,5,2,-2.299999999999999,0.07999999999999996,3,-2,0,3,1,3,2,-13.199999999999996,-0.8999999999999986,0.3537,0.3864,-0.03270000000000001,0.4059,0.339,0.0,-1.3,1.3,0.5,0.1667,0.3333,6,1,5,Away_Win
ISL00859,2022-23,2023-03-05,Odisha FC,Mumbai City FC,Bhubaneswar,4-3-3,4-3-3,7.21,6.44,6.6,7.54,63.9,31.6,48.5,25.2,6,15,6,17,2,2,1,2,3,3,2,2,28.1,41.4,44.1,27.7,0,1,Overcast,Average,Night,2.4,5.0,6.39,6.73,2,3,5.5,9,10,16.2,16.5,,0.48,0.4,15.399999999999999,1.3175255015411336,6.400000000000002,8.999999999999996,0.6100000000000003,-1.0999999999999996,-0.2450000000000001,-2.6,-0.34000000000000075,-1,-1,-0.3000000000000007,0.07999999999999996,-1,0,-2,1,0,1,1,-16.0,13.7,0.303,0.3913,-0.08829999999999999,0.3939,0.3889,-0.2,0.5,-0.7,0.2727,0.1818,0.5455,30,8,22,Home_Win
ISL00860,2022-23,2023-03-12,East Bengal FC,Bengaluru FC,Kolkata,5-3-2,5-3-2,5.9,6.89,5.53,7.1,50.6,28.3,49.6,34.4,9,13,12,10,1,1,1,1,2,2,1,1,54.7,38.6,28.8,24.8,1,3,Overcast,Poor,Night,7.0,3.4,6.28,6.14,0,2,5.1,4,6,9.6,13.4,Away,0.44,0.35,1.0,1.0201610846449425,-6.099999999999998,7.099999999999998,0.3700000000000001,-0.20999999999999996,0.08000000000000007,3.6,0.14000000000000057,-2,-2,-3.8000000000000007,0.09000000000000002,-2,-3,3,0,0,1,1,25.900000000000002,13.8,0.3515,0.3542,-0.0027000000000000357,0.402,0.2879,-0.4,0.6,-1.0,0.1765,0.5294,0.2941,12,22,-10,Draw
ISL00861,2022-23,2023-03-17,NorthEast United FC,Jamshedpur FC,Guwahati,3-5-2,3-5-2,6.93,6.86,6.36,6.99,55.2,33.7,37.8,25.3,8,10,5,17,0,1,3,0,1,1,4,0,30.9,46.0,44.9,48.8,1,1,Overcast,Average,Night,5.5,7.8,7.72,6.84,0,1,7.7,2,13,27.1,8.1,Home,0.42,0.42,17.400000000000006,1.460317073990192,8.400000000000002,9.000000000000004,0.5699999999999994,-0.1299999999999999,0.21999999999999886,-2.3,0.8799999999999999,-11,-1,19.0,0.0,0,3,-7,-3,1,-3,1,-14.0,-2.799999999999997,0.3442,0.4615,-0.11730000000000002,0.4286,0.3867,-1.1,0.8,-1.9000000000000001,0.1176,0.4118,0.4706,21,18,3,Home_Win
ISL00862,2022-23,2023-03-21,Odisha FC,NorthEast United FC,Bhubaneswar,5-3-2,4-3-3,6.31,6.79,7.11,7.71,41.7,28.8,28.1,14.6,12,12,12,7,4,2,0,1,4,2,0,1,28.2,45.6,20.6,45.3,2,3,Humid,Average,Night,1.0,7.0,8.17,8.06,2,3,4.2,9,5,23.0,14.2,,0.49,0.33,13.600000000000001,1.4839852370159299,14.200000000000001,-0.5999999999999996,-0.8000000000000007,-0.9199999999999999,-0.8600000000000003,-6.0,0.10999999999999943,4,-1,8.8,0.15999999999999998,-1,0,5,4,1,4,1,7.599999999999998,0.30000000000000426,0.3083,0.3484,-0.04009999999999997,0.403,0.2857,0.0,-0.8,0.8,0.375,0.25,0.375,16,4,12,Away_Win
ISL00863,2022-23,2023-03-22,Jamshedpur FC,Chennaiyin FC,Jamshedpur,3-5-2,4-2-3-1,5.66,6.71,7.56,6.68,44.3,22.9,31.4,20.7,6,17,11,14,3,1,3,2,3,3,5,2,39.3,21.6,32.1,28.2,1,1,Overcast,Good,Night,6.4,6.8,6.2,7.04,3,2,7.8,10,10,14.6,9.3,Both,0.39,0.38,12.899999999999999,1.4108275761695617,2.1999999999999993,10.7,-1.8999999999999995,0.03000000000000025,-0.9349999999999987,-0.39999999999999947,-0.8399999999999999,0,1,5.299999999999999,0.010000000000000009,0,-5,3,0,-1,-2,1,7.199999999999996,-6.599999999999998,0.4586,0.306,0.1526,0.5309,0.2609,0.6,0.5,0.09999999999999998,0.5455,0.1818,0.2727,5,25,-20,Away_Win
ISL00864,2022-23,2023-03-23,ATK Mohun Bagan,Punjab FC,Kolkata,3-5-2,5-3-2,6.65,7.23,7.09,7.9,60.1,32.9,49.0,22.5,9,13,7,12,3,1,1,3,5,1,1,3,46.3,53.1,41.8,23.2,1,1,Clear,Average,Day,0.7,2.0,4.64,7.99,4,1,4.7,7,10,7.2,9.9,,0.41,0.34,11.100000000000001,1.2265303619325791,10.399999999999999,0.7000000000000028,-0.4399999999999995,-0.6699999999999999,-0.5549999999999997,-1.3,-3.3500000000000005,-3,3,-2.7,0.06999999999999995,0,2,1,2,-2,4,-2,4.5,29.900000000000002,0.3433,0.3767,-0.033399999999999985,0.4237,0.3286,-0.4,0.6,-1.0,0.6,0.1333,0.2667,26,26,0,Away_Win
ISL00865,2022-23,2023-03-24,Chennaiyin FC,ATK Mohun Bagan,Chennai,3-5-2,4-3-3,6.08,7.43,7.18,6.22,55.5,32.9,44.8,26.5,8,17,10,11,1,0,2,1,3,1,2,2,38.7,20.5,48.1,43.6,0,1,Humid,Good,Night,2.6,1.9,7.9,6.62,0,3,1.4,10,6,8.4,10.1,Away,0.38,0.42,10.700000000000003,1.238839009187721,6.399999999999999,4.300000000000004,-1.0999999999999996,1.21,0.055000000000000604,0.7000000000000002,1.2800000000000002,4,-3,-1.6999999999999993,-0.03999999999999998,-1,-2,6,-1,-1,1,-1,-9.399999999999999,-23.1,0.3111,0.3407,-0.029600000000000015,0.3538,0.28,0.6,-0.9,1.5,0.3333,0.1667,0.5,2,1,1,Away_Win
ISL00866,2022-23,2023-03-24,ATK Mohun Bagan,Chennaiyin FC,Kolkata,5-3-2,5-3-2,6.67,7.86,7.68,6.93,61.1,29.7,34.5,23.0,8,12,4,19,1,2,1,0,1,3,3,0,25.2,53.5,28.7,52.2,1,2,Humid,Poor,Day,7.9,2.9,5.93,6.21,4,0,2.0,9,7,21.1,7.1,,0.33,0.42,26.6,1.7710139794162378,6.699999999999999,19.900000000000002,-1.0099999999999998,0.9300000000000006,-0.03999999999999915,5.0,-0.28000000000000025,2,4,14.000000000000002,-0.08999999999999997,-1,4,-7,0,2,-2,3,-3.5,1.2999999999999972,0.3456,0.3088,0.0368,0.4167,0.2714,-0.3,0.4,-0.7,0.5385,0.1538,0.3077,1,1,0,Home_Win
ISL00867,2022-23,2023-03-27,Hyderabad FC,NorthEast United FC,Hyderabad,4-3-3,4-3-3,6.95,6.95,6.12,7.86,44.8,27.0,67.6,34.1,10,10,13,6,1,0,1,1,2,0,2,4,33.9,45.2,26.6,42.0,0,1,Rainy,Average,Night,1.0,9.5,4.51,7.29,2,1,9.2,8,8,9.5,10.9,,0.39,0.36,-22.799999999999997,0.6627217954553557,-7.100000000000001,-15.699999999999996,0.8300000000000001,-0.9100000000000001,-0.040000000000000036,-8.5,-2.7800000000000002,0,1,-1.4000000000000004,0.030000000000000027,-1,-3,4,0,-1,0,-4,7.299999999999997,3.200000000000003,0.3169,0.3526,-0.03570000000000001,0.3934,0.2935,-0.4,-0.4,0.0,0.2308,0.4615,0.3077,30,6,24,Away_Win
ISL00868,2022-23,2023-03-29,FC Goa,Kerala Blasters,Goa,4-3-3,3-5-2,6.49,7.9,8.4,8.0,40.7,28.2,51.0,25.0,3,17,5,9,1,2,1,0,1,3,2,1,42.4,31.0,53.4,53.1,2,1,Rainy,Poor,Day,6.2,6.8,7.68,5.3,2,3,3.5,4,6,22.7,29.1,,0.49,0.4,-10.299999999999997,0.7980390592080276,3.1999999999999993,-13.499999999999996,-1.9100000000000001,-0.09999999999999964,-1.004999999999999,-0.5999999999999996,2.38,-2,-1,-6.400000000000002,0.08999999999999997,1,-2,8,0,2,-1,2,-11.0,-22.1,0.391,0.3623,0.028700000000000003,0.4247,0.3,-0.8,-0.2,-0.6000000000000001,0.5556,0.1667,0.2778,29,29,0,Away_Win
ISL00869,2022-23,2023-03-29,Odisha FC,FC Goa,Bhubaneswar,4-3-3,3-4-3,8.33,6.25,6.66,6.28,43.5,22.5,43.5,28.2,14,10,6,16,2,0,2,5,2,0,2,5,18.5,51.0,16.0,36.1,0,1,Clear,Good,Night,4.4,9.8,6.45,5.89,1,2,6.0,9,4,11.5,10.6,Home,0.48,0.34,0.0,0.9999997701149953,-5.699999999999999,5.699999999999999,1.67,-0.03000000000000025,0.8199999999999994,-5.4,0.5600000000000005,5,-1,0.9000000000000004,0.13999999999999996,-1,8,-6,0,-5,0,-5,2.5,14.899999999999999,0.306,0.3881,-0.0821,0.3971,0.35,0.0,-0.9,0.9,0.2727,0.4545,0.2727,8,1,7,Home_Win
ISL00870,2022-23,2023-03-30,Hyderabad FC,Bengaluru FC,Hyderabad,4-2-3-1,3-4-3,6.51,7.8,6.65,6.94,51.2,29.2,36.8,22.6,7,20,13,18,2,2,1,0,2,3,2,1,28.5,42.6,24.5,23.6,0,0,Clear,Good,Night,6.8,2.6,8.23,8.63,1,1,8.1,5,6,26.4,9.0,,0.42,0.48,14.400000000000006,1.391303969754356,6.599999999999998,7.800000000000008,-0.14000000000000057,0.8599999999999994,0.35999999999999943,4.199999999999999,-0.40000000000000036,-1,0,17.4,-0.06,0,-6,2,1,2,0,2,4.0,19.0,0.3147,0.3517,-0.03700000000000003,0.3871,0.2836,-0.3,0.7,-1.0,0.1765,0.4118,0.4118,3,18,-15,Away_Win
ISL00871,2022-23,2023-04-04,Chennaiyin FC,ATK Mohun Bagan,Chennai,3-4-3,5-3-2,6.27,7.49,6.21,6.63,35.7,17.1,10.0,6.9,7,10,5,14,1,1,0,1,1,2,1,1,24.3,47.9,53.3,45.6,3,2,Overcast,Poor,Day,2.1,0.4,7.68,5.05,0,4,1.9,4,12,23.9,18.8,,0.35,0.45,25.700000000000003,3.5699964300035703,10.200000000000001,15.500000000000002,0.05999999999999961,0.8600000000000003,0.45999999999999996,1.7000000000000002,2.63,-8,-4,5.099999999999998,-0.10000000000000003,1,2,-4,1,0,0,1,-28.999999999999996,2.299999999999997,0.3066,0.3504,-0.043800000000000006,0.3485,0.2895,0.0,-0.2,0.2,0.2857,0.1429,0.5714,11,11,0,Draw
ISL00872,2022-23,2023-04-07,ATK Mohun Bagan,NorthEast United FC,Kolkata,3-5-2,4-2-3-1,6.16,6.21,7.46,6.17,37.0,21.4,60.7,29.7,7,12,10,14,0,1,4,0,0,1,5,1,53.9,50.9,15.0,33.1,2,0,Overcast,Good,Night,9.5,9.1,5.64,6.93,1,3,7.3,10,10,19.0,13.4,Away,0.33,0.37,-23.700000000000003,0.6095550890354053,-8.3,-15.400000000000002,-1.2999999999999998,0.040000000000000036,-0.629999999999999,0.40000000000000036,-1.29,0,-2,5.6,-0.03999999999999998,2,-3,-2,-4,1,-5,0,38.9,17.799999999999997,0.3478,0.3567,-0.008900000000000019,0.4262,0.3011,-0.3,-0.1,-0.19999999999999998,0.1818,0.2727,0.5455,3,11,-8,Home_Win
ISL00873,2022-23,2023-04-07,Mumbai City FC,Kerala Blasters,Mumbai,3-4-3,3-4-3,7.06,6.74,7.02,7.24,45.7,31.7,51.4,25.0,7,8,12,11,0,2,0,0,0,3,0,1,43.1,54.5,41.5,45.5,1,2,Clear,Good,Night,9.6,7.3,5.47,5.47,1,3,9.4,7,9,11.8,18.4,,0.34,0.5,-5.699999999999996,0.8891048853881546,6.699999999999999,-12.399999999999995,0.040000000000000036,-0.5,-0.22999999999999954,2.3,0.0,-2,-2,-6.599999999999998,-0.15999999999999998,-1,-5,-3,0,2,0,2,1.6000000000000014,9.0,0.3885,0.3669,0.021600000000000008,0.3939,0.3099,0.5,0.1,0.4,0.25,0.125,0.625,30,9,21,Home_Win
ISL00874,2022-23,2023-04-07,East Bengal FC,Odisha FC,Kolkata,4-4-2,3-5-2,7.4,7.08,6.35,6.51,50.9,29.8,47.9,22.2,10,17,7,12,1,1,2,0,1,2,4,1,51.2,28.0,43.7,27.7,0,2,Clear,Good,Night,7.8,6.4,7.46,5.06,2,3,5.7,4,9,19.5,20.8,,0.42,0.42,3.0,1.0626302583235367,7.600000000000001,-4.600000000000001,1.0500000000000007,0.5700000000000003,0.8100000000000005,1.3999999999999995,2.4000000000000004,-5,-1,-1.3000000000000007,0.0,-2,3,5,-1,1,-3,1,7.5,0.3000000000000007,0.3494,0.3111,0.0383,0.3981,0.2121,-0.6,0.2,-0.8,0.3125,0.25,0.4375,26,9,17,Home_Win
ISL00875,2022-23,2023-04-10,FC Goa,Bengaluru FC,Goa,3-5-2,5-3-2,7.38,7.48,6.45,6.56,34.3,17.3,42.0,22.3,6,12,10,10,4,3,3,0,4,3,4,0,31.9,38.3,23.8,42.0,1,2,Humid,Good,Night,1.9,1.2,8.26,7.37,2,2,4.6,3,8,9.7,12.8,,0.41,0.43,-7.700000000000003,0.8166664722222684,-5.0,-2.700000000000003,0.9299999999999997,0.9200000000000008,0.9249999999999998,0.7,0.8899999999999997,-5,0,-3.1000000000000014,-0.020000000000000018,-1,-4,2,1,3,0,3,8.099999999999998,-3.700000000000003,0.3852,0.3562,0.02899999999999997,0.4189,0.2941,-0.9,0.6,-1.5,0.3333,0.3333,0.3333,12,11,1,Away_Win
ISL00876,2022-23,2023-04-10,East Bengal FC,Odisha FC,Kolkata,4-2-3-1,5-3-2,7.29,7.59,7.96,6.98,59.3,31.3,51.9,24.0,10,17,8,10,1,1,1,1,1,1,1,3,17.0,49.6,33.7,43.9,0,3,Clear,Good,Night,2.2,4.2,7.74,6.01,3,2,4.6,7,6,25.3,11.1,,0.42,0.41,7.399999999999999,1.1425816680960177,7.300000000000001,0.09999999999999787,-0.6699999999999999,0.6099999999999994,-0.030000000000001137,-2.0,1.7300000000000004,1,1,14.200000000000001,0.010000000000000009,-3,2,7,0,0,0,-2,-16.700000000000003,5.700000000000003,0.3533,0.3088,0.044499999999999984,0.4038,0.209,-0.3,0.0,-0.3,0.3529,0.2353,0.4118,3,3,0,Away_Win
ISL00877,2022-23,2023-04-12,Chennaiyin FC,Odisha FC,Chennai,4-3-3,4-3-3,6.75,6.95,6.55,6.91,38.9,23.6,44.6,26.9,10,15,11,15,0,1,1,2,0,1,3,3,44.5,53.4,39.6,47.3,0,2,Rainy,Good,Night,4.8,9.6,6.87,8.43,2,1,8.4,4,9,28.5,12.6,,0.31,0.32,-5.700000000000003,0.8721971138571493,-3.299999999999997,-2.4000000000000057,0.20000000000000018,0.040000000000000036,0.11999999999999922,-4.8,-1.5599999999999996,-5,1,15.9,-0.010000000000000009,-2,-1,0,-1,-1,-3,-2,4.899999999999999,6.100000000000001,0.3043,0.3139,-0.009599999999999997,0.3433,0.2206,-0.3,-0.1,-0.19999999999999998,0.375,0.375,0.25,8,2,6,Home_Win
ISL00878,2022-23,2023-04-16,FC Goa,ATK Mohun Bagan,Goa,5-3-2,4-2-3-1,7.97,5.96,7.37,6.16,62.1,41.3,41.7,19.7,13,20,11,12,2,0,0,0,2,1,2,1,36.0,19.5,54.6,42.4,2,1,Rainy,Good,Night,7.4,5.7,7.46,8.48,2,2,4.5,3,10,28.2,8.8,,0.37,0.39,20.4,1.4892082759692382,21.599999999999998,-1.1999999999999993,0.5999999999999996,-0.20000000000000018,0.1999999999999993,1.7000000000000002,-1.0200000000000005,-7,0,19.4,-0.020000000000000018,1,2,8,2,0,0,0,-18.6,-22.9,0.3824,0.3525,0.029900000000000038,0.4133,0.2857,-0.9,-0.3,-0.6000000000000001,0.4667,0.2,0.3333,6,9,-3,Home_Win
ISL00879,2022-23,2023-04-17,Jamshedpur FC,Odisha FC,Jamshedpur,3-4-3,4-3-3,5.82,7.97,8.42,6.9,37.3,21.0,29.3,16.5,9,20,11,16,2,0,0,2,4,0,0,4,47.0,29.1,33.4,44.3,1,1,Humid,Average,Day,2.7,3.2,5.68,7.54,2,2,1.3,7,6,20.1,20.8,,0.45,0.44,7.9999999999999964,1.2730371081784613,4.5,3.4999999999999964,-2.5999999999999996,1.0699999999999994,-0.7650000000000006,-0.5,-1.8600000000000003,1,0,-0.6999999999999993,0.010000000000000009,0,-2,4,2,-2,4,-4,13.600000000000001,-15.199999999999996,0.4557,0.3116,0.1441,0.5244,0.2174,0.2,-0.5,0.7,0.3,0.35,0.35,26,5,21,Draw
ISL00880,2022-23,2023-04-18,Kerala Blasters,Hyderabad FC,Kochi,4-2-3-1,3-4-3,7.22,7.39,6.51,7.77,24.2,13.9,50.2,29.1,15,19,12,19,3,1,0,0,4,1,0,0,52.5,18.3,38.9,46.4,0,1,Humid,Good,Night,4.8,2.2,8.01,8.05,2,2,7.1,6,2,25.0,26.2,,0.5,0.33,-26.000000000000004,0.4820716171172077,-15.200000000000001,-10.800000000000002,0.71,-0.3799999999999999,0.16500000000000004,2.5999999999999996,-0.040000000000000924,4,0,-1.1999999999999993,0.16999999999999998,-1,3,0,3,1,4,1,13.600000000000001,-28.099999999999998,0.3643,0.3125,0.05180000000000001,0.4265,0.2593,-0.2,-0.2,0.0,0.4615,0.1538,0.3846,11,19,-8,Home_Win
ISL00881,2023-24,2023-10-03,NorthEast United FC,Hyderabad FC,Guwahati,5-3-2,5-3-2,5.48,6.98,6.68,6.19,27.6,18.0,66.2,31.2,8,7,13,15,3,3,2,0,3,3,3,0,45.5,17.1,39.2,38.0,1,1,Clear,Good,Night,5.6,1.6,7.41,6.86,1,2,9.3,9,2,10.1,22.4,,0.43,0.38,-38.6,0.416918366024416,-13.2,-25.4,-1.1999999999999993,0.79,-0.20500000000000007,3.9999999999999996,0.5499999999999998,7,-1,-12.299999999999999,0.04999999999999999,0,-5,-8,1,3,0,3,6.299999999999997,-20.9,0.3544,0.3103,0.04409999999999997,0.4375,0.2561,-0.1,-0.3,0.19999999999999998,0.3571,0.4286,0.2143,30,30,0,Draw
ISL00882,2023-24,2023-10-04,Jamshedpur FC,Hyderabad FC,Jamshedpur,5-3-2,3-4-3,6.74,6.16,6.39,7.04,49.7,23.7,54.0,33.6,12,21,6,11,3,0,4,2,3,0,5,2,48.1,52.2,39.3,49.3,0,1,Clear,Good,Night,9.9,8.1,8.91,6.48,3,0,4.0,5,2,17.9,20.8,,0.45,0.46,-4.299999999999997,0.9203701999314444,-9.900000000000002,5.600000000000005,0.35000000000000053,-0.8799999999999999,-0.2649999999999997,1.8000000000000007,2.4299999999999997,3,3,-2.900000000000002,-0.010000000000000009,-1,6,10,-1,-2,-2,-2,8.800000000000004,2.9000000000000057,0.4528,0.3082,0.1446,0.5181,0.253,0.3,-0.2,0.5,0.4706,0.2941,0.2353,30,1,29,Away_Win
ISL00883,2023-24,2023-10-05,Jamshedpur FC,Chennaiyin FC,Jamshedpur,3-5-2,4-2-3-1,6.72,6.67,7.49,6.36,47.3,32.5,27.2,19.0,10,16,8,13,3,2,2,1,4,2,2,1,44.0,39.3,20.6,43.8,0,2,Overcast,Good,Night,9.1,1.5,5.77,6.0,2,3,3.3,4,7,19.6,20.0,Home,0.31,0.33,20.099999999999998,1.738969948908107,13.5,6.599999999999998,-0.7700000000000005,0.3099999999999996,-0.23000000000000043,7.6,-0.23000000000000043,-3,-1,-0.3999999999999986,-0.020000000000000018,-2,2,3,1,1,2,1,23.4,-4.5,0.45,0.3094,0.1406,0.5119,0.2676,0.2,0.1,0.1,0.5,0.1667,0.3333,1,30,-29,Draw
ISL00884,2023-24,2023-10-05,ATK Mohun Bagan,NorthEast United FC,Kolkata,3-4-3,3-5-2,6.74,6.38,7.19,7.22,60.1,34.0,55.1,30.2,10,7,8,11,2,1,0,1,2,1,1,4,44.4,41.6,23.5,30.9,0,1,Rainy,Poor,Night,9.7,7.9,7.15,6.11,2,3,3.1,10,10,5.7,21.0,,0.37,0.36,5.0,1.0907439036762425,3.8000000000000007,1.1999999999999993,-0.4500000000000002,-0.8399999999999999,-0.6449999999999996,1.799999999999999,1.04,0,-1,-15.3,0.010000000000000009,-1,2,-4,2,0,1,-3,20.9,10.700000000000003,0.35,0.3522,-0.0022000000000000353,0.4355,0.2979,-0.4,0.0,-0.4,0.25,0.25,0.5,30,2,28,Home_Win
ISL00885,2023-24,2023-10-06,Kerala Blasters,Jamshedpur FC,Kochi,3-5-2,4-4-2,7.49,6.02,6.08,7.1,57.5,30.6,41.1,23.8,7,9,7,24,2,1,2,0,3,1,4,3,53.3,22.2,53.6,40.6,0,3,Rainy,Average,Night,6.1,6.1,6.65,6.93,0,4,8.8,9,2,17.2,15.9,Away,0.41,0.38,16.4,1.399026423594544,6.800000000000001,9.599999999999998,1.4100000000000001,-1.08,0.16500000000000004,0.0,-0.27999999999999936,7,-4,1.299999999999999,0.02999999999999997,-3,0,-15,0,1,-1,-2,-0.30000000000000426,-18.400000000000002,0.3688,0.4472,-0.07839999999999997,0.4348,0.3816,0.0,0.3,-0.3,0.1875,0.1875,0.625,30,1,29,Draw
ISL00886,2023-24,2023-10-07,ATK Mohun Bagan,Jamshedpur FC,Kolkata,3-5-2,4-3-3,7.2,7.02,6.92,7.55,51.5,33.2,41.3,22.5,10,12,5,18,1,0,1,0,3,1,1,0,20.4,51.4,28.4,22.5,2,0,Humid,Good,Night,6.8,7.1,8.4,6.7,2,2,4.8,10,3,23.7,21.7,,0.4,0.43,10.200000000000003,1.2469730636869094,10.700000000000003,-0.5,0.28000000000000025,-0.5300000000000002,-0.125,-0.2999999999999998,1.7000000000000002,7,0,2.0,-0.02999999999999997,2,5,-6,0,0,2,1,-8.0,28.9,0.3546,0.4444,-0.08979999999999999,0.4444,0.3766,-0.1,0.0,-0.1,0.25,0.25,0.5,2,1,1,Draw
ISL00887,2023-24,2023-10-12,Odisha FC,East Bengal FC,Bhubaneswar,4-3-3,4-4-2,5.89,7.29,5.72,7.27,47.7,24.5,43.4,30.2,8,12,6,15,0,1,1,0,0,3,1,0,53.1,34.1,30.6,17.4,2,1,Overcast,Good,Night,1.6,7.8,9.15,6.49,2,3,7.3,7,7,8.4,29.3,,0.48,0.38,4.300000000000004,1.099078087770026,-5.699999999999999,10.000000000000004,0.16999999999999993,0.020000000000000462,0.09500000000000064,-6.199999999999999,2.66,0,-1,-20.9,0.09999999999999998,1,2,-3,-1,1,-1,3,22.5,16.700000000000003,0.3094,0.3512,-0.041800000000000004,0.4058,0.2698,-0.2,0.1,-0.30000000000000004,0.4444,0.2222,0.3333,30,30,0,Home_Win
ISL00888,2023-24,2023-10-12,East Bengal FC,FC Goa,Kolkata,3-4-3,3-4-3,6.78,8.14,6.89,7.4,57.7,28.1,51.8,34.3,13,12,4,12,2,1,1,0,2,3,1,0,36.9,42.7,28.4,20.3,1,3,Humid,Average,Night,5.2,9.3,6.57,6.62,2,2,8.2,4,6,27.3,20.5,,0.41,0.43,5.900000000000006,1.1138993988611199,-6.199999999999996,12.100000000000001,-0.10999999999999943,0.7400000000000002,0.3150000000000013,-4.1000000000000005,-0.04999999999999982,-2,0,6.800000000000001,-0.020000000000000018,-2,9,0,1,1,1,3,8.5,22.400000000000002,0.3491,0.3869,-0.0378,0.4,0.3443,-0.3,-0.4,0.10000000000000003,0.4737,0.1579,0.3684,1,30,-29,Away_Win
ISL00889,2023-24,2023-10-14,FC Goa,Bengaluru FC,Goa,4-2-3-1,3-5-2,6.53,6.55,7.46,8.33,24.4,12.6,33.9,23.5,8,17,5,9,2,3,2,0,3,4,3,0,23.7,50.3,50.2,40.5,2,1,Rainy,Average,Night,5.2,7.8,5.79,6.08,1,3,5.8,6,10,5.1,18.4,,0.42,0.47,-9.5,0.719763799479705,-10.9,1.4000000000000004,-0.9299999999999997,-1.7800000000000002,-1.3549999999999995,-2.5999999999999996,-0.29000000000000004,-4,-2,-13.299999999999999,-0.04999999999999999,1,3,8,0,3,0,4,-26.500000000000004,9.799999999999997,0.3913,0.3605,0.030799999999999994,0.4211,0.3043,-0.3,0.3,-0.6,0.3077,0.3077,0.3846,2,30,-28,Away_Win
ISL00890,2023-24,2023-10-14,Bengaluru FC,Kerala Blasters,Bengaluru,3-4-3,4-3-3,6.18,7.29,6.78,7.56,42.1,26.0,42.5,23.2,11,8,3,20,1,1,3,2,3,1,3,4,41.9,52.5,18.8,47.1,0,2,Humid,Good,Night,9.8,8.2,7.92,8.02,1,2,1.4,10,10,18.7,13.9,Away,0.39,0.39,-0.3999999999999986,0.9905880022145876,2.8000000000000007,-3.1999999999999993,-0.6000000000000005,-0.2699999999999996,-0.4350000000000005,1.6000000000000014,-0.09999999999999964,0,-1,4.799999999999999,0.0,-2,8,-12,-2,-1,0,-3,23.099999999999998,5.399999999999999,0.3649,0.3662,-0.0013000000000000234,0.4103,0.3056,0.7,-0.3,1.0,0.3077,0.2308,0.4615,1,8,-7,Away_Win
ISL00891,2023-24,2023-10-16,Chennaiyin FC,Jamshedpur FC,Chennai,4-3-3,4-2-3-1,6.02,6.39,7.48,7.27,40.8,19.4,39.8,21.1,9,14,9,14,2,2,2,2,2,3,2,3,42.8,49.5,23.8,16.0,1,0,Humid,Poor,Night,7.7,3.7,7.84,7.69,3,1,7.5,5,4,16.3,14.2,,0.34,0.45,1.0,1.0251253705715149,-1.7000000000000028,2.700000000000003,-1.4600000000000009,-0.8799999999999999,-1.17,4.0,0.14999999999999947,1,2,2.1000000000000014,-0.10999999999999999,1,0,0,0,0,0,0,18.999999999999996,33.5,0.3071,0.4417,-0.1346,0.3529,0.3718,-0.1,-0.1,0.0,0.3077,0.2308,0.4615,11,9,2,Draw
ISL00892,2023-24,2023-10-18,FC Goa,Bengaluru FC,Goa,3-5-2,4-4-2,7.62,6.61,7.09,7.91,59.2,33.3,57.1,25.9,9,14,7,17,5,1,1,0,6,1,2,1,20.7,29.3,27.0,49.5,1,0,Clear,Average,Night,4.5,4.4,8.49,8.12,1,4,4.7,6,10,18.8,8.9,,0.39,0.45,2.1000000000000014,1.036777401615166,7.399999999999999,-5.299999999999997,0.5300000000000002,-1.2999999999999998,-0.3849999999999998,0.09999999999999964,0.370000000000001,-4,-3,9.9,-0.06,1,2,-3,4,1,4,0,-6.300000000000001,-20.2,0.3885,0.3624,0.026100000000000012,0.4156,0.3143,-0.5,0.4,-0.9,0.2857,0.2857,0.4286,4,4,0,Away_Win
ISL00893,2023-24,2023-10-19,Bengaluru FC,ATK Mohun Bagan,Bengaluru,3-5-2,4-2-3-1,6.88,6.48,6.65,7.19,58.0,29.5,36.4,17.1,10,15,12,13,1,0,5,1,2,1,5,1,41.5,49.4,21.9,28.4,1,0,Overcast,Good,Night,8.8,1.8,6.85,8.73,3,1,8.6,12,8,25.5,27.4,,0.33,0.49,21.6,1.5934061556576495,12.399999999999999,9.200000000000003,0.22999999999999954,-0.71,-0.2400000000000002,7.000000000000001,-1.8800000000000008,4,2,-1.8999999999999986,-0.15999999999999998,1,-2,2,-4,-1,-3,0,19.6,21.0,0.3667,0.3521,0.014600000000000002,0.4051,0.2821,0.5,0.4,0.09999999999999998,0.4545,0.2727,0.2727,1,12,-11,Draw
ISL00894,2023-24,2023-10-22,Punjab FC,East Bengal FC,Mohali,3-4-3,3-5-2,7.77,7.15,7.53,6.86,27.9,16.4,51.3,35.3,4,18,5,9,3,2,1,2,3,3,1,4,37.3,36.6,45.4,21.9,0,0,Humid,Good,Night,3.3,6.0,7.43,7.67,4,0,9.8,10,4,22.0,29.3,Home,0.36,0.46,-23.4,0.5438595431073016,-18.9,-4.5,0.23999999999999932,0.29000000000000004,0.2649999999999997,-2.7,-0.2400000000000002,6,4,-7.300000000000001,-0.10000000000000003,0,-1,9,2,0,2,-1,-8.100000000000001,14.700000000000003,0.381,0.3471,0.033899999999999986,0.4211,0.2656,1.0,-0.8,1.8,0.5,0.2,0.3,30,10,20,Home_Win
ISL00895,2023-24,2023-10-23,Mumbai City FC,Bengaluru FC,Mumbai,4-3-3,4-4-2,5.87,7.64,6.92,7.13,47.5,23.0,69.1,41.2,6,12,13,11,3,1,2,2,4,1,2,2,16.3,24.4,38.2,36.4,2,2,Rainy,Good,Day,4.4,4.0,7.07,6.2,4,1,4.9,10,10,22.4,20.1,,0.41,0.39,-21.599999999999994,0.6874094518944354,-18.200000000000003,-3.3999999999999915,-1.0499999999999998,0.5099999999999998,-0.27000000000000046,0.40000000000000036,0.8700000000000001,0,3,2.299999999999997,0.019999999999999962,0,-7,1,1,-1,2,-1,-21.900000000000002,-12.0,0.3929,0.3642,0.028700000000000003,0.403,0.3239,1.0,0.5,0.5,0.6667,0.0833,0.25,30,4,26,Home_Win
ISL00896,2023-24,2023-10-26,FC Goa,Kerala Blasters,Goa,5-3-2,4-3-3,6.73,7.54,6.54,7.44,59.0,38.0,38.9,21.8,10,11,13,7,3,1,5,1,3,1,7,1,25.6,49.9,40.2,24.6,1,2,Humid,Good,Day,3.6,9.8,10.0,7.19,1,4,7.7,6,10,14.8,15.2,,0.31,0.34,20.1,1.5167091216686062,16.2,3.900000000000002,0.1900000000000004,0.09999999999999964,0.14499999999999957,-6.200000000000001,2.8099999999999996,-4,-3,-0.3999999999999986,-0.030000000000000027,-1,-3,4,-2,0,-4,0,-14.600000000000001,25.299999999999997,0.3857,0.3706,0.015100000000000002,0.4103,0.3151,-0.6,-0.3,-0.3,0.5263,0.1579,0.3158,8,12,-4,Home_Win
ISL00897,2023-24,2023-10-28,NorthEast United FC,Mumbai City FC,Guwahati,3-4-3,4-2-3-1,6.47,6.95,6.45,7.5,65.1,44.3,44.2,21.6,6,22,8,12,2,2,2,1,2,2,2,2,38.9,17.1,36.2,30.4,1,1,Humid,Good,Night,9.5,5.0,7.61,8.85,1,1,7.8,7,12,17.9,6.6,,0.5,0.38,20.89999999999999,1.4728503455089712,22.699999999999996,-1.8000000000000043,0.019999999999999574,-0.5499999999999998,-0.2649999999999997,4.5,-1.2399999999999993,-5,0,11.299999999999999,0.12,0,-2,10,0,1,0,0,2.6999999999999957,-13.299999999999997,0.35,0.3972,-0.04720000000000002,0.4308,0.3836,0.1,1.1,-1.0,0.4737,0.3684,0.1579,23,5,18,Home_Win
ISL00898,2023-24,2023-10-29,FC Goa,Hyderabad FC,Goa,3-4-3,3-4-3,6.38,7.58,6.04,7.02,30.1,15.9,34.3,23.5,9,18,7,16,4,2,0,1,4,3,2,1,34.9,23.1,43.3,39.6,0,4,Rainy,Good,Night,0.1,1.5,7.42,10.0,1,2,2.0,9,4,6.8,25.7,,0.39,0.5,-4.199999999999996,0.8775507645624594,-7.6,3.400000000000004,0.33999999999999986,0.5600000000000005,0.45000000000000107,-1.4,-2.58,5,-1,-18.9,-0.10999999999999999,-4,2,2,4,1,2,2,-8.399999999999999,-16.5,0.3901,0.3129,0.07719999999999999,0.4177,0.2619,-0.4,-0.2,-0.2,0.1429,0.5714,0.2857,3,25,-22,Away_Win
ISL00899,2023-24,2023-10-29,Odisha FC,Hyderabad FC,Bhubaneswar,4-2-3-1,4-3-3,7.27,7.05,7.13,6.02,33.5,18.0,40.9,18.8,7,17,9,11,2,2,2,1,3,2,3,3,21.8,16.2,41.9,22.8,0,2,Humid,Average,Night,0.9,9.7,5.79,7.1,1,3,8.3,7,7,11.3,26.0,,0.41,0.37,-7.399999999999999,0.8190707043836908,-0.8000000000000007,-6.599999999999998,0.13999999999999968,1.0300000000000002,0.5850000000000009,-8.799999999999999,-1.3099999999999996,0,-2,-14.7,0.03999999999999998,-2,-2,6,0,1,0,-1,-20.099999999999998,-6.600000000000001,0.3143,0.3176,-0.0032999999999999696,0.4143,0.2706,0.1,-0.2,0.30000000000000004,0.25,0.375,0.375,17,1,16,Home_Win
ISL00900,2023-24,2023-10-29,ATK Mohun Bagan,Odisha FC,Kolkata,4-4-2,3-5-2,7.58,6.73,6.1,7.47,31.7,19.0,50.6,31.0,6,11,11,17,3,1,2,0,3,1,3,1,33.6,36.7,29.0,27.1,1,2,Overcast,Average,Night,7.7,1.0,7.44,7.63,1,2,5.3,8,10,15.7,16.4,,0.37,0.42,-18.900000000000002,0.6264820896280454,-12.0,-6.900000000000002,1.4800000000000004,-0.7399999999999993,0.3700000000000001,6.7,-0.1899999999999995,-2,-1,-0.6999999999999993,-0.04999999999999999,-1,-5,-6,1,1,0,0,4.600000000000001,9.600000000000001,0.3497,0.3191,0.030600000000000016,0.4375,0.2143,0.3,0.3,0.0,0.4286,0.2857,0.2857,10,1,9,Home_Win
ISL00901,2023-24,2023-11-06,East Bengal FC,Kerala Blasters,Kolkata,4-3-3,4-4-2,6.67,6.84,7.67,7.35,49.8,31.6,40.4,24.2,12,10,9,10,1,0,2,2,1,0,2,2,17.6,29.9,32.8,50.8,3,2,Humid,Average,Night,5.8,0.9,5.33,6.01,1,3,6.1,3,7,26.1,8.3,Away,0.45,0.33,9.399999999999999,1.2326729622096626,7.400000000000002,1.9999999999999964,-1.0,-0.5099999999999998,-0.7549999999999999,4.8999999999999995,-0.6799999999999997,-4,-2,17.8,0.12,1,3,0,-1,-2,-1,-2,-15.199999999999996,-20.9,0.345,0.3681,-0.02310000000000001,0.3962,0.3108,-0.9,-0.1,-0.8,0.3333,0.2667,0.4,15,11,4,Away_Win
ISL00902,2023-24,2023-11-07,Hyderabad FC,FC Goa,Hyderabad,4-2-3-1,3-4-3,6.73,7.04,6.64,7.37,37.3,17.3,52.6,33.3,6,18,9,7,0,3,1,1,2,5,1,1,16.1,26.6,23.4,21.3,1,1,Rainy,Good,Day,1.4,9.6,6.56,6.81,3,0,3.8,7,6,9.0,11.5,Away,0.31,0.35,-15.300000000000004,0.7091253404704675,-15.999999999999996,0.6999999999999922,0.09000000000000075,-0.33000000000000007,-0.1200000000000001,-8.2,-0.25,1,3,-2.5,-0.03999999999999998,0,-3,11,-1,2,1,4,-7.299999999999997,5.300000000000001,0.3154,0.3873,-0.07189999999999996,0.381,0.3548,-0.8,-0.4,-0.4,0.375,0.5,0.125,9,9,0,Home_Win
ISL00903,2023-24,2023-11-07,Kerala Blasters,Odisha FC,Kochi,4-2-3-1,4-4-2,6.85,7.47,7.97,6.16,43.6,27.0,54.6,34.7,7,14,7,11,0,0,2,2,0,0,2,2,39.4,30.7,30.7,53.3,0,1,Overcast,Good,Night,2.7,8.6,5.34,7.89,1,3,2.3,10,7,24.2,14.0,Home,0.5,0.43,-11.0,0.7985346522830307,-7.700000000000003,-3.299999999999997,-1.12,1.3099999999999996,0.09500000000000064,-5.8999999999999995,-2.55,3,-2,10.2,0.07,-1,0,3,-2,-2,-2,-2,8.7,-22.599999999999998,0.3724,0.3169,0.055499999999999994,0.4286,0.2113,-0.1,0.4,-0.5,0.2857,0.2857,0.4286,1,9,-8,Home_Win
ISL00904,2023-24,2023-11-09,Odisha FC,FC Goa,Bhubaneswar,3-4-3,5-3-2,6.72,6.71,6.41,7.96,46.0,30.1,39.8,24.6,9,17,4,17,2,0,1,2,3,1,1,2,43.3,49.8,45.1,15.3,0,1,Clear,Good,Night,4.3,4.5,5.01,7.8,2,1,2.7,7,3,15.4,26.2,,0.39,0.43,6.200000000000003,1.1557786040757276,5.5,0.7000000000000028,0.3099999999999996,-1.25,-0.47000000000000064,-0.20000000000000018,-2.79,4,1,-10.799999999999999,-0.03999999999999998,-1,5,0,1,-2,2,-1,-1.8000000000000043,34.5,0.3147,0.3846,-0.06990000000000002,0.4225,0.3492,-0.1,-0.8,0.7000000000000001,0.3333,0.4167,0.25,2,2,0,Home_Win
ISL00905,2023-24,2023-11-13,Hyderabad FC,Punjab FC,Hyderabad,4-4-2,4-3-3,7.33,7.0,7.13,7.67,47.3,30.7,75.5,44.4,7,19,9,12,0,2,2,1,1,2,2,2,27.3,52.3,18.1,25.0,2,1,Overcast,Poor,Day,8.7,8.6,6.84,6.46,2,3,8.1,10,10,14.7,21.6,Both,0.41,0.36,-28.200000000000003,0.6264899832463597,-13.7,-14.500000000000004,0.20000000000000018,-0.6699999999999999,-0.23500000000000032,0.09999999999999964,0.3799999999999999,0,-1,-6.900000000000002,0.04999999999999999,1,-2,7,-2,1,-1,0,9.2,27.299999999999997,0.32,0.3851,-0.06509999999999999,0.3906,0.338,-0.4,1.0,-1.4,0.3571,0.2143,0.4286,6,22,-16,Home_Win
ISL00906,2023-24,2023-11-13,ATK Mohun Bagan,Jamshedpur FC,Kolkata,4-2-3-1,5-3-2,7.07,7.89,6.56,7.31,40.4,22.6,32.8,18.3,9,16,10,13,5,0,2,1,5,0,2,1,48.9,46.3,30.2,47.8,0,2,Clear,Good,Night,2.7,3.7,6.53,7.89,2,1,9.9,8,4,6.7,27.2,,0.36,0.37,7.600000000000001,1.2317069415527617,4.300000000000001,3.3000000000000007,0.5100000000000007,0.5800000000000001,0.5450000000000008,-1.0,-1.3599999999999994,4,1,-20.5,-0.010000000000000009,-2,-1,3,3,-1,3,-1,18.7,-1.5,0.3542,0.439,-0.08479999999999999,0.4462,0.3671,0.2,-0.2,0.4,0.2308,0.3077,0.4615,15,28,-13,Away_Win
ISL00907,2023-24,2023-11-18,Hyderabad FC,Odisha FC,Hyderabad,3-5-2,3-5-2,6.82,6.85,6.92,7.68,57.7,37.8,56.7,36.9,12,18,9,11,3,1,2,0,6,1,4,0,39.6,38.3,28.6,42.7,0,1,Overcast,Good,Night,7.9,3.1,6.26,7.68,3,2,9.1,12,9,24.1,12.8,,0.37,0.34,1.0,1.0176365048260132,0.8999999999999986,0.10000000000000142,-0.09999999999999964,-0.8300000000000001,-0.46499999999999986,4.800000000000001,-1.42,3,1,11.3,0.02999999999999997,-1,3,7,1,1,2,1,11.0,-4.400000000000006,0.3245,0.3194,0.005099999999999993,0.4,0.2083,-0.2,0.2,-0.4,0.3333,0.3333,0.3333,5,9,-4,Away_Win
ISL00908,2023-24,2023-11-21,Chennaiyin FC,FC Goa,Chennai,4-4-2,3-4-3,5.97,7.0,5.81,8.15,46.9,27.5,45.1,21.8,5,15,6,7,2,0,2,1,4,0,2,1,47.9,53.4,48.0,44.6,1,3,Humid,Average,Night,8.9,7.4,7.81,7.47,2,0,3.6,6,3,17.3,12.5,,0.32,0.45,1.7999999999999972,1.039911077625038,5.699999999999999,-3.900000000000002,0.16000000000000014,-1.1500000000000004,-0.495000000000001,1.5,0.33999999999999986,3,2,4.800000000000001,-0.13,-2,-1,8,0,-1,2,-1,-0.10000000000000142,8.799999999999997,0.305,0.3819,-0.07690000000000002,0.3478,0.3438,-0.2,-0.7,0.49999999999999994,0.2667,0.3333,0.4,30,12,18,Home_Win
ISL00909,2023-24,2023-11-21,East Bengal FC,Hyderabad FC,Kolkata,4-4-2,3-4-3,6.79,7.25,6.31,6.88,61.1,30.3,59.4,30.9,7,10,8,13,0,3,3,1,0,4,3,1,17.2,24.7,37.4,38.5,1,1,Clear,Average,Night,8.0,5.9,6.05,6.04,3,2,4.9,0,9,29.1,6.7,,0.33,0.34,1.7000000000000028,1.028619355451287,-0.5999999999999979,2.3000000000000007,0.4800000000000004,0.3700000000000001,0.4249999999999998,2.0999999999999996,0.009999999999999787,-9,1,22.400000000000002,-0.010000000000000009,0,-1,-3,-3,2,-3,3,-20.2,-13.8,0.343,0.3224,0.020600000000000007,0.3925,0.2674,-0.9,-0.5,-0.4,0.4545,0.0909,0.4545,15,3,12,Away_Win
ISL00910,2023-24,2023-11-22,FC Goa,Jamshedpur FC,Goa,4-3-3,4-2-3-1,6.37,8.49,6.16,7.54,26.6,13.9,32.8,21.2,9,13,7,7,3,1,3,4,3,1,3,6,50.7,51.0,19.1,40.2,1,1,Overcast,Good,Day,8.6,4.9,5.82,7.97,2,2,8.6,3,7,16.8,22.8,,0.34,0.49,-6.199999999999996,0.8109753625075115,-7.299999999999999,1.1000000000000032,0.20999999999999996,0.9500000000000002,0.5800000000000001,3.6999999999999993,-2.1499999999999995,-4,0,-6.0,-0.14999999999999997,0,2,6,0,-3,0,-5,31.6,10.799999999999997,0.3793,0.4424,-0.06309999999999999,0.4125,0.375,-0.7,0.1,-0.7999999999999999,0.5,0.25,0.25,1,9,-8,Draw
ISL00911,2023-24,2023-11-23,ATK Mohun Bagan,Bengaluru FC,Kolkata,4-2-3-1,5-3-2,7.22,7.1,6.86,7.42,42.3,25.3,48.8,32.8,10,13,9,21,3,1,3,1,6,2,3,1,16.8,21.7,21.4,17.7,0,2,Humid,Good,Night,0.3,8.7,7.43,8.61,1,2,9.7,8,7,24.2,14.9,Away,0.39,0.33,-6.5,0.8668031010649383,-7.4999999999999964,0.9999999999999964,0.35999999999999943,-0.3200000000000003,0.019999999999999574,-8.399999999999999,-1.1799999999999997,1,-1,9.299999999999999,0.06,-2,1,-8,0,0,3,1,-4.599999999999998,4.0,0.3517,0.3618,-0.010099999999999998,0.4394,0.3194,0.3,0.2,0.09999999999999998,0.25,0.3333,0.4167,10,30,-20,Home_Win
ISL00912,2023-24,2023-11-24,Mumbai City FC,Chennaiyin FC,Mumbai,3-5-2,3-4-3,7.39,7.19,6.37,7.86,44.7,26.3,10.0,6.2,4,10,7,9,2,0,2,5,2,0,2,5,36.6,52.8,31.6,36.2,3,2,Humid,Good,Night,5.8,1.5,7.34,8.27,3,0,2.7,9,9,13.1,16.2,Home,0.47,0.45,34.7,4.4699955300044705,20.1,14.600000000000001,1.0199999999999996,-0.6699999999999999,0.17499999999999982,4.3,-0.9299999999999997,0,3,-3.0999999999999996,0.019999999999999962,1,-3,1,0,-5,0,-5,5.0,16.599999999999994,0.3944,0.3099,0.08449999999999996,0.4118,0.2639,0.8,-0.2,1.0,0.5,0.3333,0.1667,27,3,24,Away_Win
ISL00913,2023-24,2023-11-29,Mumbai City FC,Punjab FC,Mumbai,4-4-2,3-4-3,7.68,7.81,7.83,7.05,60.1,39.1,14.3,6.6,11,9,12,8,4,3,3,0,4,5,4,0,41.8,35.9,35.6,22.2,2,2,Overcast,Average,Night,0.3,3.6,7.65,8.9,2,1,2.6,6,9,12.2,23.1,,0.32,0.34,45.8,4.202794263780235,32.5,13.299999999999999,-0.15000000000000036,0.7599999999999998,0.3049999999999997,-3.3000000000000003,-1.25,-3,1,-10.900000000000002,-0.020000000000000018,0,-1,1,1,3,0,5,6.199999999999996,13.7,0.3916,0.3826,0.009000000000000008,0.4058,0.3333,0.6,0.6,0.0,0.2308,0.4615,0.3077,5,16,-11,Home_Win
ISL00914,2023-24,2023-11-29,Mumbai City FC,Jamshedpur FC,Mumbai,3-4-3,4-2-3-1,5.83,7.91,7.35,7.64,29.3,18.4,58.1,38.2,8,14,9,15,1,2,4,1,2,2,5,1,39.7,17.6,46.2,45.3,1,4,Humid,Good,Night,4.9,9.3,8.19,4.76,1,3,1.7,9,7,10.3,8.9,,0.41,0.36,-28.8,0.5043028391905612,-19.800000000000004,-8.999999999999996,-1.5199999999999996,0.27000000000000046,-0.6249999999999991,-4.4,3.4299999999999997,2,-2,1.4000000000000004,0.04999999999999999,-3,-1,-1,-3,1,-3,1,-6.5,-27.699999999999996,0.3958,0.4398,-0.04400000000000004,0.4143,0.3704,0.8,0.0,0.8,0.1667,0.1667,0.6667,1,7,-6,Away_Win
ISL00915,2023-24,2023-12-02,Odisha FC,ATK Mohun Bagan,Bhubaneswar,4-3-3,3-5-2,6.47,6.97,6.11,6.66,67.4,33.9,41.9,29.0,7,12,8,11,2,0,1,1,4,2,2,1,54.4,32.8,53.9,22.1,2,1,Humid,Good,Night,6.2,2.4,5.94,7.05,2,1,2.9,9,8,23.0,28.4,,0.38,0.36,25.500000000000007,1.6085915015294747,4.899999999999999,20.60000000000001,0.35999999999999943,0.3099999999999996,0.33499999999999996,3.8000000000000003,-1.1099999999999994,1,1,-5.399999999999999,0.020000000000000018,1,-1,1,1,-1,2,1,0.5,10.699999999999996,0.3241,0.3562,-0.03210000000000002,0.4306,0.2785,0.4,0.2,0.2,0.25,0.25,0.5,14,9,5,Away_Win
ISL00916,2023-24,2023-12-02,Bengaluru FC,Punjab FC,Bengaluru,3-4-3,4-4-2,7.29,6.01,6.06,7.34,39.6,21.8,63.2,35.7,5,8,7,9,2,2,1,2,3,2,1,2,47.5,54.7,35.2,21.6,0,1,Overcast,Good,Night,6.3,8.1,5.88,8.53,0,2,5.7,4,6,19.0,6.6,,0.35,0.44,-23.6,0.6265821793382628,-13.900000000000002,-9.7,1.2300000000000004,-1.33,-0.049999999999998934,-1.7999999999999998,-2.6499999999999995,-2,-2,12.4,-0.09000000000000002,-1,-2,-1,1,0,2,0,12.299999999999997,33.1,0.3595,0.38,-0.020500000000000018,0.4,0.3288,0.0,0.3,-0.3,0.3125,0.5,0.1875,9,3,6,Home_Win
ISL00917,2023-24,2023-12-03,Punjab FC,Hyderabad FC,Mohali,3-5-2,3-4-3,6.64,7.28,7.06,6.8,46.6,30.0,62.4,34.2,8,16,13,6,4,2,4,1,6,2,4,1,54.5,34.7,34.6,27.9,1,3,Humid,Good,Day,4.8,9.5,8.76,6.32,3,2,6.1,6,9,25.2,19.0,,0.38,0.36,-15.799999999999997,0.7467947521162256,-4.200000000000003,-11.599999999999994,-0.41999999999999993,0.4800000000000004,0.03000000000000025,-4.7,2.4399999999999995,-3,1,6.199999999999999,0.020000000000000018,-2,-5,10,0,1,2,1,19.9,6.800000000000004,0.3775,0.3268,0.05070000000000002,0.4286,0.2759,-0.3,0.0,-0.3,0.4,0.2,0.4,1,12,-11,Home_Win
ISL00918,2023-24,2023-12-05,Bengaluru FC,Kerala Blasters,Bengaluru,4-4-2,5-3-2,6.75,6.76,7.12,6.62,46.8,26.4,46.2,24.9,6,13,9,11,3,2,4,2,3,2,4,2,29.4,52.9,45.0,48.3,2,3,Rainy,Good,Night,7.6,5.8,7.46,7.34,1,3,1.1,7,10,11.4,9.5,,0.39,0.48,0.5999999999999943,1.0129867937258021,1.5,-0.9000000000000057,-0.3700000000000001,0.13999999999999968,-0.11500000000000021,1.7999999999999998,0.1200000000000001,-3,-2,1.9000000000000004,-0.08999999999999997,-1,-3,2,-1,0,-1,0,-15.600000000000001,4.600000000000001,0.3636,0.3767,-0.0131,0.4074,0.32,0.8,0.5,0.30000000000000004,0.2857,0.2143,0.5,3,28,-25,Away_Win
ISL00919,2023-24,2023-12-06,Hyderabad FC,Punjab FC,Hyderabad,5-3-2,4-4-2,7.1,6.39,6.42,7.15,43.1,21.8,38.6,23.2,8,13,7,12,2,1,2,2,2,3,2,3,30.1,27.6,35.3,22.6,0,0,Overcast,Good,Night,8.8,7.8,6.79,7.07,2,3,2.5,9,6,21.4,13.2,,0.31,0.32,4.5,1.1165800216113932,-1.3999999999999986,5.899999999999999,0.6799999999999997,-0.7600000000000007,-0.040000000000000924,1.0000000000000009,-0.28000000000000025,3,-1,8.2,-0.010000000000000009,0,1,1,0,-1,0,0,-5.199999999999996,5.0,0.3247,0.3816,-0.056900000000000006,0.3939,0.3243,-0.2,-0.1,-0.1,0.375,0.1875,0.4375,3,3,0,Home_Win
ISL00920,2023-24,2023-12-08,FC Goa,East Bengal FC,Goa,4-2-3-1,4-2-3-1,6.68,7.24,7.38,7.54,48.5,33.2,29.3,14.4,9,9,11,17,1,2,1,2,1,4,2,2,23.3,17.3,46.3,16.9,3,1,Overcast,Average,Night,1.5,4.5,7.72,7.0,2,2,1.5,1,0,28.7,11.2,,0.39,0.31,19.2,1.6552895374438439,18.800000000000004,0.3999999999999968,-0.7000000000000002,-0.2999999999999998,-0.5,-3.0,0.7199999999999998,1,0,17.5,0.08000000000000002,2,-2,-8,0,0,-1,2,-22.999999999999996,0.40000000000000213,0.3767,0.341,0.035699999999999954,0.4074,0.2615,-0.5,-1.1,0.6000000000000001,0.4,0.15,0.45,16,17,-1,Away_Win
ISL00921,2023-24,2023-12-09,FC Goa,Punjab FC,Goa,4-4-2,4-3-3,6.09,8.0,6.45,6.69,57.5,32.3,36.6,17.7,9,7,7,10,1,2,2,0,3,2,2,0,39.9,46.7,18.0,20.3,3,0,Rainy,Average,Day,4.3,9.1,5.93,6.51,2,3,4.0,1,3,24.5,15.7,,0.41,0.38,20.9,1.5710378221208134,14.599999999999998,6.300000000000001,-0.3600000000000003,1.3099999999999996,0.47499999999999964,-4.8,-0.5800000000000001,-2,-1,8.8,0.02999999999999997,3,2,-3,-1,2,1,2,21.9,26.400000000000002,0.3741,0.3791,-0.0050000000000000044,0.4024,0.32,-0.7,-0.4,-0.29999999999999993,0.375,0.25,0.375,1,3,-2,Home_Win
ISL00922,2023-24,2023-12-09,Jamshedpur FC,Kerala Blasters,Jamshedpur,4-4-2,4-3-3,6.54,8.1,6.69,7.38,10.0,5.3,55.0,38.4,8,12,5,12,4,1,2,1,4,1,2,2,16.0,40.6,45.1,36.6,2,0,Humid,Good,Day,6.9,1.8,7.59,6.72,3,0,7.3,9,12,19.3,6.4,,0.44,0.46,-45.0,0.18181814876033658,-33.1,-11.900000000000002,-0.15000000000000036,0.7199999999999998,0.28500000000000014,5.1000000000000005,0.8700000000000001,-3,3,12.9,-0.020000000000000018,2,3,0,2,0,2,-1,-29.1,4.0,0.4431,0.381,0.06209999999999999,0.5059,0.3289,0.5,0.9,-0.4,0.5882,0.2353,0.1765,10,4,6,Home_Win
ISL00923,2023-24,2023-12-12,NorthEast United FC,ATK Mohun Bagan,Guwahati,4-3-3,4-4-2,7.12,6.99,7.21,7.33,44.3,25.6,56.0,32.2,6,4,6,13,3,0,2,1,4,0,2,2,35.2,47.6,42.4,19.4,0,1,Rainy,Good,Night,3.2,8.8,7.51,7.75,2,3,3.9,7,10,5.9,8.5,,0.34,0.43,-11.700000000000003,0.7910712873086986,-6.600000000000001,-5.100000000000001,-0.08999999999999986,-0.33999999999999986,-0.21499999999999986,-5.6000000000000005,-0.2400000000000002,-3,-1,-2.5999999999999996,-0.08999999999999997,-1,0,-9,1,-1,2,-2,-7.199999999999996,28.200000000000003,0.354,0.3605,-0.006500000000000006,0.4394,0.2875,0.5,0.1,0.4,0.4615,0.2308,0.3077,30,10,20,Away_Win
ISL00924,2023-24,2023-12-13,Mumbai City FC,ATK Mohun Bagan,Mumbai,4-4-2,4-2-3-1,6.43,7.66,6.14,6.98,32.8,17.2,66.3,38.4,14,16,11,12,1,1,2,0,1,1,3,0,28.8,24.1,44.3,31.2,2,1,Humid,Good,Night,4.8,5.2,7.19,6.4,4,1,4.1,6,12,21.0,10.5,,0.34,0.38,-33.5,0.494720890690665,-21.2,-12.3,0.29000000000000004,0.6799999999999997,0.48499999999999943,-0.40000000000000036,0.79,-6,3,10.5,-0.03999999999999998,1,3,4,-1,1,-2,1,-15.499999999999996,-7.099999999999998,0.3931,0.3649,0.028200000000000003,0.4085,0.2963,0.7,0.2,0.49999999999999994,0.6667,0.0,0.3333,14,1,13,Away_Win
ISL00925,2023-24,2023-12-14,Chennaiyin FC,FC Goa,Chennai,3-4-3,3-4-3,7.7,7.73,6.67,7.06,31.0,16.0,36.9,19.4,11,11,14,15,5,0,2,2,6,1,5,3,32.3,38.7,28.0,16.6,1,4,Humid,Average,Night,4.9,5.6,7.17,6.15,3,0,6.9,11,4,8.6,6.7,Both,0.39,0.42,-5.899999999999999,0.8401081734124191,-3.3999999999999986,-2.5,1.0300000000000002,0.6700000000000008,0.8499999999999996,-0.6999999999999993,1.0199999999999996,7,3,1.8999999999999995,-0.02999999999999997,-3,-3,-4,3,-2,1,-2,4.299999999999997,22.1,0.3147,0.3784,-0.06370000000000003,0.3571,0.3385,-0.1,-0.7,0.6,0.3125,0.3125,0.375,20,5,15,Home_Win
ISL00926,2023-24,2023-12-18,Punjab FC,FC Goa,Mohali,3-5-2,4-4-2,6.39,6.43,6.75,7.39,63.5,39.1,58.0,26.7,7,5,6,10,1,1,1,0,2,3,1,1,37.4,43.3,51.9,43.1,1,1,Clear,Average,Day,8.0,7.2,7.04,8.57,3,2,4.7,3,4,25.1,5.8,Home,0.33,0.45,5.5,1.094827397443552,12.400000000000002,-6.900000000000002,-0.3600000000000003,-0.96,-0.6600000000000001,0.7999999999999998,-1.5300000000000002,-1,1,19.3,-0.12,0,1,-5,0,1,1,2,-14.5,0.19999999999999574,0.3766,0.3758,0.0007999999999999674,0.4359,0.3333,-0.5,-0.7,0.19999999999999996,0.3333,0.2222,0.4444,9,4,5,Away_Win
ISL00927,2023-24,2023-12-18,NorthEast United FC,Punjab FC,Guwahati,4-2-3-1,4-4-2,6.81,7.55,6.87,6.73,51.0,33.1,37.2,17.3,12,10,10,18,4,3,1,0,5,4,1,0,22.8,42.8,24.6,15.6,1,1,Overcast,Average,Night,0.8,8.7,7.85,7.11,2,3,7.0,4,3,23.0,16.9,Away,0.35,0.4,13.799999999999997,1.3709673733958672,15.8,-2.0000000000000036,-0.0600000000000005,0.8199999999999994,0.379999999999999,-7.8999999999999995,0.7399999999999993,1,-1,6.100000000000001,-0.050000000000000044,0,2,-8,3,3,4,4,-1.8000000000000007,27.199999999999996,0.3519,0.3742,-0.022299999999999986,0.4328,0.3158,0.4,-1.0,1.4,0.25,0.25,0.5,6,1,5,Home_Win
ISL00928,2023-24,2023-12-22,Mumbai City FC,Chennaiyin FC,Mumbai,4-2-3-1,4-3-3,7.09,6.13,6.79,7.83,51.9,28.7,22.3,10.4,8,14,10,10,3,1,0,1,4,1,0,1,30.2,32.5,25.5,48.2,1,2,Clear,Good,Night,9.2,1.3,6.99,8.34,2,1,1.2,3,11,29.3,16.4,,0.48,0.38,29.599999999999998,2.327353216433535,18.299999999999997,11.299999999999999,0.2999999999999998,-1.7000000000000002,-0.7000000000000011,7.8999999999999995,-1.3499999999999996,-8,1,12.900000000000002,0.09999999999999998,-1,-2,4,3,0,4,0,4.699999999999999,-15.700000000000003,0.3904,0.3194,0.07100000000000001,0.4028,0.274,0.4,0.4,0.0,0.4615,0.3077,0.2308,9,8,1,Away_Win
ISL00929,2023-24,2023-12-22,Chennaiyin FC,NorthEast United FC,Chennai,5-3-2,4-2-3-1,7.12,7.38,5.84,7.83,47.5,23.3,51.8,32.4,11,9,11,16,3,0,2,1,3,0,2,2,49.6,17.0,43.0,29.7,1,2,Humid,Good,Night,0.1,5.2,10.0,7.25,1,3,7.6,13,7,18.3,20.8,,0.32,0.32,-4.299999999999997,0.9169882399636602,-9.099999999999998,4.800000000000001,1.2800000000000002,-0.4500000000000002,0.41500000000000004,-5.1000000000000005,2.75,6,-2,-2.5,0.0,-1,0,-7,1,-1,1,-2,6.600000000000001,-12.7,0.3241,0.3558,-0.031700000000000006,0.3662,0.2947,0.4,0.5,-0.09999999999999998,0.2,0.2,0.6,1,4,-3,Home_Win
ISL00930,2023-24,2023-12-24,FC Goa,ATK Mohun Bagan,Goa,4-4-2,5-3-2,6.75,8.12,6.82,6.68,29.0,16.5,39.2,25.3,11,14,9,14,1,2,4,2,1,2,4,3,16.2,54.6,21.4,39.3,1,0,Clear,Poor,Night,5.4,5.8,5.71,8.38,3,2,1.3,7,12,13.5,8.6,,0.35,0.38,-10.200000000000003,0.7397957296439464,-8.8,-1.4000000000000021,-0.07000000000000028,1.4399999999999995,0.6849999999999996,-0.39999999999999947,-2.670000000000001,-5,1,4.9,-0.030000000000000027,1,2,0,-3,0,-3,-1,-5.199999999999999,15.300000000000004,0.38,0.3691,0.01090000000000002,0.4096,0.3049,-0.3,0.4,-0.7,0.5,0.1875,0.3125,6,11,-5,Home_Win
ISL00931,2023-24,2023-12-27,Punjab FC,FC Goa,Mohali,3-4-3,3-5-2,6.16,7.44,6.76,6.43,45.1,24.8,55.5,38.2,6,18,14,15,1,1,2,1,2,3,2,1,25.2,17.5,43.1,53.3,0,3,Overcast,Good,Day,9.6,5.9,5.26,8.06,2,3,8.8,3,9,5.7,12.1,,0.35,0.3,-10.399999999999999,0.8126124661959521,-13.400000000000002,3.0000000000000036,-0.5999999999999996,1.0100000000000007,0.20500000000000096,3.6999999999999993,-2.8000000000000007,-6,-1,-6.3999999999999995,0.04999999999999999,-3,-8,3,-1,0,0,2,-17.900000000000002,-35.8,0.3718,0.3841,-0.012299999999999978,0.4304,0.3433,-0.9,-0.3,-0.6000000000000001,0.3,0.2,0.5,9,3,6,Home_Win
ISL00932,2023-24,2023-12-28,NorthEast United FC,Chennaiyin FC,Guwahati,5-3-2,5-3-2,6.64,8.01,6.87,6.02,30.9,17.3,48.4,33.6,10,20,6,10,1,0,0,2,2,1,1,2,25.4,34.7,32.1,42.1,2,1,Rainy,Average,Day,8.4,9.2,5.73,8.14,3,1,1.8,6,15,10.7,12.9,Away,0.45,0.4,-17.5,0.6384296201591694,-16.3,-1.1999999999999993,-0.23000000000000043,1.9900000000000002,0.879999999999999,-0.7999999999999989,-2.41,-9,2,-2.200000000000001,0.04999999999999999,1,4,10,1,-2,1,-1,-6.700000000000003,-7.399999999999999,0.3537,0.3288,0.024900000000000033,0.4412,0.2838,0.5,0.7,-0.19999999999999996,0.5455,0.1818,0.2727,6,6,0,Draw
ISL00933,2023-24,2023-12-29,FC Goa,Punjab FC,Goa,4-2-3-1,5-3-2,6.66,7.63,6.46,7.72,38.3,19.5,41.0,20.0,9,8,8,18,0,0,1,2,0,0,2,2,54.5,43.8,28.0,36.2,1,0,Overcast,Good,Night,7.2,8.5,9.34,7.54,3,2,9.0,9,3,24.5,27.5,,0.33,0.45,-2.700000000000003,0.934146113622899,-0.5,-2.200000000000003,0.20000000000000018,-0.08999999999999986,0.054999999999999716,-1.2999999999999998,1.7999999999999998,6,1,-3.0,-0.12,1,1,-10,-1,-2,-2,-2,26.5,7.599999999999994,0.3816,0.3758,0.005799999999999972,0.4167,0.3117,-0.4,-1.1,0.7000000000000001,0.4545,0.1818,0.3636,2,2,0,Draw
ISL00934,2023-24,2023-12-29,Bengaluru FC,FC Goa,Bengaluru,4-3-3,3-4-3,5.98,6.89,7.34,6.94,59.2,38.0,39.6,18.0,10,9,13,14,2,2,2,0,3,2,2,1,32.4,35.9,27.5,49.8,1,0,Rainy,Average,Night,4.2,3.3,7.86,7.82,4,1,4.2,4,7,29.8,29.3,Both,0.48,0.42,19.6,1.4949491174370915,20.0,-0.3999999999999986,-1.3599999999999994,-0.05000000000000071,-0.7050000000000001,0.9000000000000004,0.040000000000000036,-3,3,0.5,0.06,1,-3,-5,0,2,1,1,4.899999999999999,-13.899999999999999,0.3613,0.3791,-0.017799999999999983,0.4024,0.3382,0.5,-0.3,0.8,0.4667,0.2667,0.2667,24,1,23,Home_Win
ISL00935,2023-24,2024-01-01,ATK Mohun Bagan,Mumbai City FC,Kolkata,4-4-2,4-2-3-1,6.31,6.65,6.91,7.2,38.3,19.2,44.8,27.8,9,15,10,14,3,2,2,0,4,3,2,0,19.3,41.7,22.5,35.6,2,0,Clear,Good,Night,9.1,6.5,7.46,7.18,2,3,8.4,12,3,11.8,14.6,Home,0.34,0.43,-6.5,0.8549105234574724,-8.600000000000001,2.1000000000000014,-0.6000000000000005,-0.5499999999999998,-0.5749999999999993,2.5999999999999996,0.28000000000000025,9,-1,-2.799999999999999,-0.08999999999999997,2,-1,1,1,2,2,3,-3.1999999999999993,6.100000000000001,0.3667,0.3878,-0.021099999999999952,0.4478,0.3784,0.4,-0.2,0.6000000000000001,0.3846,0.0,0.6154,8,10,-2,Away_Win
ISL00936,2023-24,2024-01-02,Kerala Blasters,FC Goa,Kochi,4-2-3-1,4-2-3-1,7.0,6.93,7.66,6.8,45.6,21.0,11.8,6.2,6,18,3,10,1,0,1,0,1,0,2,1,25.3,43.0,17.6,38.1,2,0,Clear,Good,Night,5.2,6.9,6.91,7.05,4,1,3.7,9,7,23.9,16.7,,0.47,0.38,33.8,3.8644035047427927,14.8,19.0,-0.6600000000000001,0.1299999999999999,-0.26500000000000057,-1.7000000000000002,-0.13999999999999968,2,3,7.199999999999999,0.08999999999999997,2,3,8,0,0,-1,-1,7.699999999999999,4.899999999999999,0.3784,0.3766,0.0018000000000000238,0.4366,0.3333,0.5,-0.3,0.8,0.3,0.15,0.55,24,4,20,Home_Win
ISL00937,2023-24,2024-01-04,Jamshedpur FC,East Bengal FC,Jamshedpur,4-3-3,4-4-2,6.15,6.32,6.12,8.69,51.4,32.1,22.8,15.5,11,10,6,15,3,0,2,0,4,1,2,1,34.6,27.7,39.4,53.5,1,3,Humid,Good,Day,9.7,0.0,5.11,5.93,3,2,6.4,11,3,18.3,18.2,,0.42,0.5,28.599999999999998,2.25438497614694,16.6,11.999999999999996,0.03000000000000025,-2.369999999999999,-1.169999999999999,9.7,-0.8199999999999994,8,1,0.10000000000000142,-0.08000000000000002,-2,5,-5,1,0,2,0,-4.799999999999997,-25.8,0.4464,0.3448,0.10160000000000002,0.5116,0.2727,0.9,-1.2,2.1,0.5,0.0833,0.4167,26,27,-1,Home_Win
ISL00938,2023-24,2024-01-05,Chennaiyin FC,Mumbai City FC,Chennai,3-5-2,3-5-2,6.64,7.92,6.65,7.51,40.4,25.7,45.9,26.3,10,14,8,8,3,2,0,3,3,4,0,5,27.2,23.6,24.5,21.3,3,1,Rainy,Average,Night,9.6,0.4,8.53,8.9,2,2,4.9,13,6,11.5,15.3,Home,0.48,0.41,-5.5,0.8801741001799346,-0.6000000000000014,-4.899999999999999,-0.010000000000000675,0.41000000000000014,0.1999999999999993,9.2,-0.370000000000001,7,0,-3.8000000000000007,0.07,2,2,6,3,-1,3,-1,2.6999999999999993,2.3000000000000007,0.3265,0.3919,-0.06540000000000001,0.375,0.3867,0.9,-0.3,1.2,0.2857,0.2857,0.4286,8,4,4,Away_Win
ISL00939,2023-24,2024-01-06,Mumbai City FC,East Bengal FC,Mumbai,3-5-2,3-5-2,6.07,7.12,7.59,6.87,29.2,14.9,38.3,21.4,11,18,8,9,1,2,4,0,1,3,4,2,19.4,53.4,23.1,45.8,2,0,Overcast,Good,Night,6.3,0.5,7.47,7.32,1,3,7.6,6,3,13.5,27.4,Home,0.43,0.39,-9.099999999999998,0.7624018897123003,-6.499999999999998,-2.5999999999999996,-1.5199999999999996,0.25,-0.6349999999999998,5.8,0.14999999999999947,3,-2,-13.899999999999999,0.03999999999999998,2,3,9,-3,2,-3,1,-3.700000000000003,7.600000000000001,0.396,0.3429,0.053100000000000036,0.3973,0.2687,-0.1,-1.0,0.9,0.4286,0.1429,0.4286,1,2,-1,Away_Win
ISL00940,2023-24,2024-01-07,FC Goa,ATK Mohun Bagan,Goa,4-3-3,4-3-3,6.53,7.89,6.58,6.98,39.4,19.4,36.2,20.1,13,16,5,16,2,1,2,3,2,2,3,3,40.6,51.6,20.7,46.3,3,1,Rainy,Average,Night,4.5,6.1,9.44,7.65,3,2,3.5,4,9,27.6,21.5,Away,0.32,0.38,3.1999999999999957,1.0883974893929584,-0.7000000000000028,3.8999999999999986,-0.04999999999999982,0.9099999999999993,0.4299999999999997,-1.5999999999999996,1.7899999999999991,-5,1,6.100000000000001,-0.06,2,8,0,0,-2,-1,-1,19.900000000000002,5.300000000000004,0.3742,0.3642,0.009999999999999953,0.4118,0.3012,-0.5,0.2,-0.7,0.5294,0.1765,0.2941,5,6,-1,Home_Win
ISL00941,2023-24,2024-01-08,East Bengal FC,Hyderabad FC,Kolkata,4-2-3-1,4-4-2,6.59,7.19,5.65,7.66,14.3,8.5,41.4,21.8,5,15,5,15,0,1,3,1,0,3,3,1,36.1,29.6,46.4,46.5,0,1,Humid,Good,Night,2.3,9.1,8.85,5.31,2,3,7.0,6,9,25.1,24.0,,0.42,0.4,-27.099999999999998,0.34541054458682496,-13.3,-13.799999999999997,0.9399999999999995,-0.46999999999999975,0.23500000000000032,-6.8,3.54,-3,-1,1.1000000000000014,0.019999999999999962,-1,0,0,-3,0,-3,2,-10.299999999999997,-16.9,0.3466,0.329,0.017600000000000005,0.3889,0.2727,-0.8,0.0,-0.8,0.4167,0.0833,0.5,2,30,-28,Home_Win
ISL00942,2023-24,2024-01-14,East Bengal FC,Hyderabad FC,Kolkata,5-3-2,3-5-2,6.24,7.63,7.02,6.86,68.6,46.6,60.4,35.7,2,12,9,18,1,2,1,1,2,3,2,2,50.7,49.9,31.1,35.5,1,0,Overcast,Average,Day,6.8,1.2,8.25,5.15,3,2,4.0,9,6,16.8,27.4,Home,0.44,0.33,8.199999999999996,1.1357614013640063,10.899999999999999,-2.700000000000003,-0.7799999999999994,0.7699999999999996,-0.004999999999999005,5.6,3.0999999999999996,3,1,-10.599999999999998,0.10999999999999999,1,-7,-6,0,1,0,1,19.6,14.399999999999999,0.3503,0.3269,0.023399999999999976,0.3945,0.2697,-0.7,-0.3,-0.39999999999999997,0.4615,0.0769,0.4615,6,6,0,Home_Win
ISL00943,2023-24,2024-01-17,Odisha FC,ATK Mohun Bagan,Bhubaneswar,5-3-2,3-5-2,7.26,6.33,6.86,7.46,25.0,12.8,57.7,28.6,5,14,12,8,4,0,2,0,5,2,2,3,47.4,53.7,40.2,22.3,1,2,Rainy,Average,Night,9.8,4.0,6.17,7.73,1,2,2.4,6,6,27.0,22.6,,0.33,0.43,-32.7,0.4332754881671597,-15.8,-16.900000000000002,0.39999999999999947,-1.13,-0.3650000000000002,5.800000000000001,-1.5600000000000005,0,-1,4.399999999999999,-0.09999999999999998,-1,-7,6,2,0,3,-1,7.199999999999996,31.400000000000002,0.3219,0.3618,-0.03989999999999999,0.4247,0.2976,0.5,0.1,0.4,0.2222,0.2222,0.5556,30,10,20,Home_Win
ISL00944,2023-24,2024-01-19,ATK Mohun Bagan,Kerala Blasters,Kolkata,5-3-2,3-4-3,7.05,7.54,6.32,6.76,27.9,16.3,43.4,30.1,13,9,7,17,1,1,1,1,1,2,1,1,47.4,45.8,29.4,30.7,1,1,Rainy,Good,Night,0.3,3.6,4.66,6.82,1,2,6.3,3,12,12.5,7.7,Home,0.36,0.39,-15.5,0.6428569947334113,-13.8,-1.6999999999999993,0.7299999999999995,0.7800000000000002,0.7549999999999999,-3.3000000000000003,-2.16,-9,-1,4.8,-0.030000000000000027,0,6,-8,0,0,0,1,18.0,15.099999999999998,0.3595,0.3826,-0.02310000000000001,0.4412,0.3247,-0.2,0.6,-0.8,0.2308,0.4615,0.3077,2,17,-15,Draw
ISL00945,2023-24,2024-01-21,NorthEast United FC,Mumbai City FC,Guwahati,4-3-3,3-5-2,6.76,7.09,6.68,8.28,44.2,22.8,12.3,8.0,7,13,11,14,1,0,1,0,2,1,1,0,26.8,33.6,42.4,21.7,0,0,Clear,Good,Night,2.4,3.0,5.54,8.66,2,1,4.1,7,6,24.7,15.4,,0.4,0.33,31.900000000000002,3.5934930134203142,14.8,17.1,0.08000000000000007,-1.1899999999999995,-0.5549999999999997,-0.6000000000000001,-3.12,1,1,9.299999999999999,0.07,0,-4,-1,0,0,1,1,-15.599999999999998,11.900000000000002,0.3515,0.3933,-0.041800000000000004,0.4348,0.3947,0.4,-0.6,1.0,0.5,0.35,0.15,24,15,9,Away_Win
ISL00946,2023-24,2024-01-22,Odisha FC,East Bengal FC,Bhubaneswar,5-3-2,4-3-3,6.78,7.12,7.43,6.68,51.4,32.7,54.2,36.0,10,15,5,12,0,0,1,2,3,0,2,4,37.3,20.5,33.7,17.1,0,1,Overcast,Poor,Night,3.8,6.0,7.12,8.94,3,2,5.4,9,12,8.9,28.7,,0.35,0.41,-2.8000000000000043,0.9483393084244817,-3.299999999999997,0.4999999999999929,-0.6499999999999995,0.4400000000000004,-0.10499999999999954,-2.2,-1.8199999999999994,-3,1,-19.799999999999997,-0.06,-1,5,3,-1,-2,1,-4,3.5999999999999943,3.3999999999999986,0.3265,0.3539,-0.02739999999999998,0.4324,0.2794,0.7,-0.5,1.2,0.4737,0.2105,0.3158,5,8,-3,Away_Win
ISL00947,2023-24,2024-01-24,Mumbai City FC,Chennaiyin FC,Mumbai,3-4-3,3-5-2,6.66,6.5,7.42,6.83,62.6,35.5,47.9,32.9,7,15,6,13,3,1,3,2,4,2,5,3,47.7,40.1,25.0,42.1,0,1,Clear,Average,Night,8.1,6.2,8.69,6.29,2,2,7.2,9,10,6.6,5.9,,0.36,0.45,14.700000000000003,1.3068890799814028,2.6000000000000014,12.100000000000001,-0.7599999999999998,-0.33000000000000007,-0.5449999999999999,1.8999999999999995,2.3999999999999995,-1,0,0.6999999999999993,-0.09000000000000002,-1,1,2,0,-1,-1,-1,22.700000000000003,-2.0,0.3974,0.3243,0.0731,0.3919,0.28,-0.8,0.8,-1.6,0.4667,0.2667,0.2667,3,19,-16,Home_Win
ISL00948,2023-24,2024-01-28,Mumbai City FC,Hyderabad FC,Mumbai,4-3-3,3-5-2,7.53,5.95,6.49,7.17,63.8,34.8,27.1,16.8,7,12,18,14,2,0,3,3,3,1,5,4,52.0,25.6,34.3,43.6,1,3,Overcast,Average,Day,1.4,5.7,8.04,7.19,3,1,6.4,12,6,12.7,20.2,Away,0.48,0.38,36.699999999999996,2.35424267371119,17.999999999999996,18.7,1.04,-1.2199999999999998,-0.08999999999999986,-4.300000000000001,0.8499999999999988,6,2,-7.5,0.09999999999999998,-2,-11,-2,-1,-3,-2,-3,17.700000000000003,-18.0,0.4013,0.3248,0.07650000000000001,0.4,0.2667,-0.4,-0.5,0.09999999999999998,0.4706,0.2353,0.2941,4,14,-10,Draw
ISL00949,2023-24,2024-01-29,Chennaiyin FC,Kerala Blasters,Chennai,5-3-2,3-5-2,8.17,7.22,7.87,7.36,47.9,29.4,43.0,29.0,10,16,13,13,0,1,3,1,0,1,3,1,41.9,31.6,37.2,40.1,1,0,Humid,Average,Night,9.6,2.2,7.36,7.5,0,3,1.4,7,10,11.7,20.2,,0.45,0.46,4.899999999999999,1.1139532293132024,0.3999999999999986,4.5,0.2999999999999998,-0.14000000000000057,0.08000000000000007,7.3999999999999995,-0.13999999999999968,-3,-3,-8.5,-0.010000000000000009,1,-3,3,-3,0,-3,0,4.699999999999996,-8.5,0.3221,0.38,-0.05790000000000001,0.3699,0.3205,0.5,0.9,-0.4,0.3636,0.1818,0.4545,5,10,-5,Draw
ISL00950,2023-24,2024-02-01,ATK Mohun Bagan,Kerala Blasters,Kolkata,4-4-2,4-2-3-1,7.41,8.06,6.76,6.78,57.8,33.7,59.1,37.5,13,15,15,17,2,2,2,2,3,3,2,2,24.3,43.1,50.2,32.7,2,1,Clear,Good,Night,0.8,5.7,5.96,7.78,1,1,8.0,1,8,22.7,27.6,Home,0.33,0.35,-1.3000000000000043,0.9780032186119765,-3.799999999999997,2.499999999999993,0.6500000000000004,1.2800000000000002,0.9650000000000007,-4.9,-1.8200000000000003,-7,0,-4.900000000000002,-0.019999999999999962,1,-2,-2,0,0,1,1,-25.900000000000002,10.399999999999999,0.3571,0.3775,-0.02040000000000003,0.4348,0.3165,-0.3,0.8,-1.1,0.2143,0.5,0.2857,13,3,10,Away_Win
ISL00951,2023-24,2024-02-08,Jamshedpur FC,Bengaluru FC,Jamshedpur,4-3-3,3-5-2,7.16,7.79,7.14,7.01,38.5,19.3,54.2,30.8,6,14,5,7,1,0,1,2,1,0,1,2,24.1,38.2,28.6,25.7,1,3,Overcast,Good,Day,0.0,1.7,7.33,5.1,3,2,4.9,13,6,15.0,6.7,Home,0.32,0.31,-15.700000000000003,0.7103319722634737,-11.5,-4.200000000000003,0.020000000000000462,0.7800000000000002,0.40000000000000036,-1.7,2.2300000000000004,7,1,8.3,0.010000000000000009,-2,1,7,0,-2,0,-2,-4.5,12.500000000000004,0.4497,0.3654,0.08429999999999999,0.5172,0.3151,1.0,0.5,0.5,0.4167,0.1667,0.4167,30,30,0,Draw
ISL00952,2023-24,2024-02-11,Jamshedpur FC,Chennaiyin FC,Jamshedpur,3-5-2,4-3-3,7.03,6.21,5.98,6.22,53.5,29.6,27.6,12.6,6,11,10,8,1,1,2,1,2,1,2,1,31.2,26.2,29.9,51.0,0,3,Clear,Average,Night,3.7,0.7,8.18,5.25,1,2,8.0,11,5,14.0,21.8,Away,0.41,0.46,25.9,1.9384050947807627,17.0,8.899999999999997,1.0499999999999998,-0.009999999999999787,0.5200000000000005,3.0,2.9299999999999997,6,-1,-7.800000000000001,-0.050000000000000044,-3,-4,3,-1,0,0,0,1.3000000000000007,-24.8,0.4471,0.32,0.1271,0.5114,0.2763,1.1,0.5,0.6000000000000001,0.4286,0.2857,0.2857,3,13,-10,Home_Win
ISL00953,2023-24,2024-02-12,Jamshedpur FC,East Bengal FC,Jamshedpur,4-3-3,4-3-3,6.63,6.57,6.89,7.38,13.1,9.0,57.1,33.1,5,15,7,9,1,2,2,3,2,2,2,4,50.3,50.5,16.7,54.9,0,1,Clear,Good,Night,7.5,6.6,7.85,6.57,3,2,5.6,13,12,26.0,22.8,,0.47,0.34,-44.0,0.22942202637092354,-24.1,-19.9,-0.2599999999999998,-0.8099999999999996,-0.5350000000000001,0.9000000000000004,1.2799999999999994,1,1,3.1999999999999993,0.12999999999999995,-1,-2,6,-1,-1,0,-2,33.599999999999994,-4.399999999999999,0.4503,0.3575,0.0928,0.5169,0.2899,1.2,0.3,0.8999999999999999,0.5385,0.0769,0.3846,1,21,-20,Draw
ISL00954,2023-24,2024-02-12,Punjab FC,Jamshedpur FC,Mohali,4-4-2,4-4-2,7.93,7.24,6.32,6.84,50.1,32.6,40.5,23.7,8,19,5,14,0,1,3,0,0,2,4,0,17.1,54.4,16.2,37.8,0,2,Rainy,Poor,Night,7.9,1.7,6.3,5.34,1,3,3.5,4,11,12.7,23.9,Away,0.35,0.46,9.600000000000001,1.2370367315958686,8.900000000000002,0.6999999999999993,1.6099999999999994,0.40000000000000036,1.005,6.2,0.96,-7,-2,-11.2,-0.11000000000000004,-2,3,5,-3,1,-4,2,0.9000000000000021,16.6,0.3734,0.4477,-0.07429999999999998,0.4375,0.378,-1.2,1.2,-2.4,0.4,0.2,0.4,30,1,29,Away_Win
ISL00955,2023-24,2024-02-15,East Bengal FC,FC Goa,Kolkata,4-4-2,3-5-2,6.74,6.62,6.95,7.42,72.6,42.0,33.8,21.4,12,7,9,17,0,1,2,1,1,3,2,1,22.2,28.7,38.3,51.7,0,0,Overcast,Poor,Night,6.8,4.8,8.59,4.65,3,2,8.5,13,4,30.0,12.8,Away,0.44,0.33,38.8,2.147928358601077,20.6,18.199999999999996,-0.20999999999999996,-0.7999999999999998,-0.5050000000000008,2.0,3.9399999999999995,9,1,17.2,0.10999999999999999,0,3,-10,-2,0,-1,2,-16.099999999999998,-23.000000000000004,0.3556,0.3782,-0.022599999999999953,0.4,0.3286,0.4,-0.4,0.8,0.4762,0.1429,0.381,3,30,-27,Home_Win
ISL00956,2023-24,2024-02-17,Mumbai City FC,Jamshedpur FC,Mumbai,3-4-3,3-4-3,6.11,7.64,7.58,7.16,33.0,20.3,36.4,24.3,8,13,7,9,0,0,1,0,3,0,2,1,50.7,53.3,50.5,16.1,1,2,Rainy,Poor,Night,7.6,3.6,7.76,6.92,1,3,5.2,10,11,27.0,20.9,,0.35,0.32,-3.3999999999999986,0.9065931575293523,-4.0,0.6000000000000014,-1.4699999999999998,0.47999999999999954,-0.4950000000000001,3.9999999999999996,0.8399999999999999,-1,-2,6.100000000000001,0.02999999999999997,-1,1,4,-1,0,1,-1,0.20000000000000284,37.199999999999996,0.3987,0.4509,-0.052200000000000024,0.3947,0.3855,-0.3,1.4,-1.7,0.1538,0.1538,0.6923,20,5,15,Away_Win
ISL00957,2023-24,2024-02-18,Chennaiyin FC,East Bengal FC,Chennai,4-3-3,3-5-2,5.28,8.2,7.04,8.02,48.3,23.5,46.8,28.4,8,14,15,11,0,3,1,3,0,5,3,4,33.0,38.9,50.9,48.9,2,1,Humid,Average,Night,4.1,3.9,6.0,6.41,5,0,6.8,2,13,26.8,20.5,,0.4,0.31,1.5,1.0320510615275509,-4.899999999999999,6.399999999999999,-1.7599999999999998,0.17999999999999972,-0.7899999999999991,0.19999999999999973,-0.41000000000000014,-11,5,6.300000000000001,0.09000000000000002,1,-7,3,-1,0,-3,1,-17.9,-10.0,0.3179,0.3591,-0.04119999999999996,0.3649,0.2857,0.4,0.7,-0.29999999999999993,0.6667,0.2222,0.1111,7,3,4,Home_Win
ISL00958,2023-24,2024-02-25,Chennaiyin FC,Jamshedpur FC,Chennai,3-5-2,4-2-3-1,6.42,7.6,7.14,7.8,38.9,21.5,30.8,14.5,14,10,9,9,1,1,3,1,1,1,3,2,27.1,17.0,21.7,40.7,1,0,Clear,Average,Night,3.6,1.5,6.25,6.35,1,2,4.9,4,11,29.0,14.0,,0.33,0.36,8.099999999999998,1.2629866029264276,7.0,1.0999999999999979,-0.7199999999999998,-0.20000000000000018,-0.45999999999999996,2.1,-0.09999999999999964,-7,-1,15.0,-0.02999999999999997,1,5,1,-2,0,-2,-1,5.400000000000002,-23.700000000000003,0.3224,0.454,-0.1316,0.3733,0.3929,0.7,1.5,-0.8,0.2667,0.2667,0.4667,7,8,-1,Draw
ISL00959,2023-24,2024-02-27,Bengaluru FC,Chennaiyin FC,Bengaluru,4-4-2,4-4-2,6.17,7.03,7.17,5.37,55.9,37.7,27.4,13.0,12,13,11,12,2,1,3,1,4,2,3,4,25.7,15.7,18.0,39.9,1,1,Clear,Good,Day,5.7,6.6,6.74,8.09,1,2,7.4,7,5,16.6,13.3,,0.46,0.5,28.5,2.040145240822905,24.700000000000003,3.799999999999997,-1.0,1.6600000000000001,0.33000000000000007,-0.8999999999999995,-1.3499999999999996,2,-1,3.3000000000000007,-0.03999999999999998,0,1,1,-1,0,1,-2,7.699999999999999,-24.2,0.3631,0.3203,0.042800000000000005,0.4096,0.2727,0.3,0.6,-0.3,0.1818,0.4545,0.3636,19,2,17,Away_Win
ISL00960,2023-24,2024-03-01,NorthEast United FC,Jamshedpur FC,Guwahati,3-5-2,3-5-2,8.27,8.28,7.27,6.82,53.5,26.6,21.5,14.4,11,15,5,12,0,0,2,0,0,0,3,0,27.8,34.2,44.0,30.7,1,3,Humid,Average,Day,7.2,3.0,7.79,7.72,1,1,4.0,4,11,5.1,12.6,Both,0.34,0.42,32.0,2.4883709356414254,12.200000000000001,19.799999999999997,1.0,1.459999999999999,1.2299999999999986,4.2,0.07000000000000028,-7,0,-7.5,-0.07999999999999996,-2,6,3,-2,0,-3,0,-16.2,3.5000000000000036,0.3494,0.4514,-0.10200000000000004,0.4286,0.3882,0.1,1.2,-1.0999999999999999,0.1667,0.3889,0.4444,30,5,25,Away_Win
ISL00961,2023-24,2024-03-06,Chennaiyin FC,FC Goa,Chennai,4-3-3,4-3-3,6.04,6.63,6.86,6.15,34.5,24.0,53.1,35.6,12,18,9,21,3,2,5,1,4,2,5,1,49.1,33.0,47.6,51.0,1,0,Clear,Good,Night,9.2,1.4,6.47,6.38,4,0,5.5,8,4,25.4,11.7,,0.33,0.38,-18.6,0.6497173917669695,-11.600000000000001,-7.0,-0.8200000000000003,0.47999999999999954,-0.17000000000000082,7.799999999999999,0.08999999999999986,4,4,13.7,-0.04999999999999999,1,3,-3,-2,1,-1,1,1.5,-18.0,0.3247,0.3758,-0.051100000000000034,0.3684,0.3239,0.5,-0.5,1.0,0.3529,0.2941,0.3529,8,20,-12,Away_Win
ISL00962,2023-24,2024-03-07,NorthEast United FC,Jamshedpur FC,Guwahati,4-2-3-1,4-4-2,6.53,7.75,7.26,7.06,40.1,26.5,44.6,24.5,8,13,6,6,1,2,1,0,1,3,3,0,53.3,46.9,26.6,30.0,2,0,Humid,Good,Night,7.2,0.5,8.39,7.75,1,2,6.2,4,11,27.8,12.7,,0.43,0.36,-4.5,0.899102937420866,2.0,-6.5,-0.7299999999999995,0.6900000000000004,-0.019999999999999574,6.7,0.6400000000000006,-7,-1,15.100000000000001,0.07,2,2,7,0,2,-2,3,26.699999999999996,16.9,0.3473,0.4545,-0.10720000000000002,0.4225,0.3953,-0.2,1.3,-1.5,0.1579,0.3684,0.4737,6,6,0,Away_Win
ISL00963,2023-24,2024-03-07,East Bengal FC,ATK Mohun Bagan,Kolkata,4-4-2,4-2-3-1,7.13,7.56,6.09,7.33,14.3,8.9,48.5,22.7,5,14,11,11,2,3,1,1,4,3,2,1,33.6,41.2,37.0,53.3,0,2,Clear,Good,Night,4.0,6.3,6.97,6.67,2,0,9.5,10,1,12.1,25.4,,0.36,0.31,-34.2,0.2948453000318969,-13.799999999999999,-20.4,1.04,0.22999999999999954,0.6349999999999998,-2.3,0.2999999999999998,9,2,-13.299999999999999,0.04999999999999999,-2,-6,3,1,2,2,2,-3.3999999999999986,-12.099999999999994,0.3571,0.3548,0.0022999999999999687,0.4054,0.2941,0.4,-0.2,0.6000000000000001,0.5,0.4167,0.0833,18,30,-12,Home_Win
ISL00964,2023-24,2024-03-08,Odisha FC,Bengaluru FC,Bhubaneswar,3-4-3,5-3-2,7.03,6.48,7.31,7.45,36.5,19.8,39.4,18.8,5,16,9,10,1,1,1,0,2,2,1,0,27.0,20.0,28.4,52.8,3,1,Overcast,Good,Day,1.5,7.8,6.33,4.99,0,4,6.7,9,7,10.2,17.2,,0.34,0.45,-2.8999999999999986,0.9263957039604812,1.0,-3.8999999999999986,-0.27999999999999936,-0.9699999999999998,-0.6249999999999991,-6.3,1.3399999999999999,2,-4,-7.0,-0.10999999999999999,2,-4,6,0,1,1,2,-1.3999999999999986,-32.8,0.3243,0.3608,-0.03650000000000003,0.4267,0.3108,0.6,-0.2,0.8,0.0909,0.2727,0.6364,30,10,20,Away_Win
ISL00965,2023-24,2024-03-08,Chennaiyin FC,NorthEast United FC,Chennai,4-3-3,3-4-3,7.7,7.02,7.16,6.66,43.9,20.8,50.6,24.2,12,10,8,16,1,1,1,1,1,1,1,3,29.2,28.5,36.1,47.5,0,3,Clear,Average,Night,7.1,5.5,5.99,7.35,1,2,2.9,7,1,10.4,15.1,Both,0.3,0.48,-6.700000000000003,0.8675887613460945,-3.3999999999999986,-3.3000000000000043,0.54,0.35999999999999943,0.4499999999999993,1.5999999999999996,-1.3599999999999994,6,-1,-4.699999999999999,-0.18,-3,4,-6,0,0,0,-2,-6.900000000000002,-19.0,0.3226,0.3452,-0.02260000000000001,0.3636,0.2917,0.3,-0.2,0.5,0.25,0.25,0.5,2,1,1,Away_Win
ISL00966,2023-24,2024-03-15,Hyderabad FC,FC Goa,Hyderabad,4-3-3,4-4-2,7.52,6.92,7.06,6.52,69.5,36.4,48.8,33.1,6,9,6,12,1,0,4,2,3,0,4,2,38.8,32.8,51.6,25.5,1,1,Overcast,Good,Day,1.9,2.6,7.41,4.74,4,0,2.2,4,6,17.1,17.8,,0.33,0.33,20.700000000000003,1.4241800360286812,3.299999999999997,17.400000000000006,0.45999999999999996,0.40000000000000036,0.4300000000000006,-0.7000000000000002,2.67,-2,4,-0.6999999999999993,0.0,0,0,-3,-3,-2,-1,-2,-12.800000000000004,7.299999999999997,0.3228,0.3797,-0.056900000000000006,0.403,0.3333,-0.6,-0.5,-0.09999999999999998,0.4444,0.4444,0.1111,30,9,21,Draw
ISL00967,2023-24,2024-03-16,Chennaiyin FC,East Bengal FC,Chennai,3-4-3,3-4-3,6.5,7.68,6.34,7.19,32.4,20.6,53.0,29.2,9,14,10,11,0,2,2,0,1,2,3,0,35.3,52.4,43.3,23.6,1,1,Overcast,Average,Night,0.3,8.2,7.98,7.35,5,0,4.6,7,10,27.4,11.6,,0.37,0.49,-20.6,0.6113206393734643,-8.599999999999998,-12.000000000000004,0.16000000000000014,0.4899999999999993,0.3249999999999993,-7.8999999999999995,0.6300000000000008,-3,5,15.799999999999999,-0.12,0,-1,3,-2,2,-2,2,-8.0,28.799999999999997,0.3205,0.3607,-0.040200000000000014,0.359,0.2817,0.1,0.8,-0.7000000000000001,0.7,0.2,0.1,8,9,-1,Away_Win
ISL00968,2023-24,2024-03-16,Kerala Blasters,Bengaluru FC,Kochi,5-3-2,3-5-2,7.52,6.65,6.58,7.48,53.6,29.8,38.7,21.9,12,10,15,16,1,0,1,0,3,0,1,0,24.9,43.3,37.5,16.6,5,0,Rainy,Good,Night,3.2,9.7,6.18,6.0,4,1,8.1,8,7,14.3,27.8,,0.31,0.45,14.899999999999999,1.3850125620122578,7.900000000000002,6.9999999999999964,0.9399999999999995,-0.8300000000000001,0.054999999999999716,-6.499999999999999,0.17999999999999972,1,3,-13.5,-0.14,5,-3,-6,0,0,2,0,-12.600000000000001,26.699999999999996,0.3816,0.3648,0.01679999999999998,0.4444,0.32,1.0,0.0,1.0,0.5333,0.2,0.2667,30,8,22,Draw
ISL00969,2023-24,2024-03-17,Punjab FC,East Bengal FC,Mohali,3-5-2,3-5-2,6.32,7.54,6.43,7.26,28.5,18.5,41.9,27.4,15,13,9,12,2,1,2,1,3,2,2,2,30.1,35.8,51.4,28.0,0,1,Overcast,Good,Night,7.3,5.9,7.62,8.57,4,0,3.1,4,10,27.9,13.7,,0.45,0.35,-13.399999999999999,0.6801907684508905,-8.899999999999999,-4.5,-0.10999999999999943,0.28000000000000025,0.08499999999999996,1.3999999999999995,-0.9500000000000002,-6,4,14.2,0.10000000000000003,-1,6,1,0,0,1,0,-21.299999999999997,7.799999999999997,0.3711,0.3641,0.007000000000000006,0.4321,0.2917,-1.2,1.0,-2.2,0.5238,0.1905,0.2857,30,1,29,Draw
ISL00970,2023-24,2024-03-18,Mumbai City FC,Hyderabad FC,Mumbai,4-4-2,3-5-2,6.22,5.83,7.98,8.03,36.3,18.3,44.5,22.7,9,19,9,13,1,0,2,2,1,0,2,2,41.0,32.0,21.4,27.9,0,0,Overcast,Good,Night,4.6,1.7,6.19,7.06,2,1,9.8,7,5,22.1,12.0,,0.38,0.38,-8.200000000000003,0.8157301537685047,-4.399999999999999,-3.8000000000000043,-1.7600000000000007,-2.1999999999999993,-1.9799999999999986,2.8999999999999995,-0.8699999999999992,2,1,10.100000000000001,0.0,0,0,6,-1,-2,-1,-2,19.6,4.100000000000001,0.3961,0.3208,0.07530000000000003,0.3896,0.2637,-0.7,-0.3,-0.39999999999999997,0.4444,0.2778,0.2778,30,3,27,Away_Win
ISL00971,2023-24,2024-03-18,Bengaluru FC,Chennaiyin FC,Bengaluru,3-5-2,5-3-2,5.91,6.84,6.64,7.77,45.8,30.0,30.9,18.0,9,17,13,19,1,0,2,1,2,0,2,1,22.0,23.5,28.8,23.5,0,2,Humid,Average,Night,7.1,1.5,6.12,7.44,1,2,5.4,8,4,23.1,17.8,,0.38,0.41,14.899999999999999,1.4822001675727614,12.0,2.8999999999999986,-0.7299999999999995,-0.9299999999999997,-0.8300000000000001,5.6,-1.3200000000000003,4,-1,5.300000000000001,-0.02999999999999997,-2,-4,-2,-1,-1,0,-1,-6.800000000000001,0.0,0.3625,0.3185,0.043999999999999984,0.4048,0.2821,-0.1,-0.2,0.1,0.1667,0.4167,0.4167,2,2,0,Away_Win
ISL00972,2023-24,2024-03-18,Odisha FC,Mumbai City FC,Bhubaneswar,3-5-2,5-3-2,7.49,6.72,7.01,5.93,34.0,22.6,27.5,16.4,13,17,11,17,3,1,0,2,3,2,0,2,28.9,54.3,53.2,52.0,1,0,Clear,Poor,Day,4.2,7.9,7.21,7.16,3,2,4.5,6,7,24.2,17.6,Home,0.37,0.34,6.5,1.236363186777023,6.200000000000003,0.29999999999999716,0.4800000000000004,0.79,0.6350000000000007,-3.7,0.04999999999999982,-1,1,6.599999999999998,0.02999999999999997,1,2,0,3,-1,3,0,-24.300000000000004,2.299999999999997,0.3221,0.3935,-0.07140000000000002,0.4211,0.4026,0.5,-0.4,0.9,0.3333,0.1667,0.5,10,1,9,Home_Win
ISL00973,2023-24,2024-03-20,Jamshedpur FC,Hyderabad FC,Jamshedpur,4-2-3-1,5-3-2,7.69,7.03,5.39,6.91,14.1,8.9,59.6,33.0,8,6,11,9,2,1,3,4,3,2,5,5,24.8,27.8,37.9,16.8,0,2,Overcast,Good,Day,2.0,1.0,5.91,6.51,3,1,9.8,13,5,11.2,17.0,,0.39,0.31,-45.5,0.2365771415139024,-24.1,-21.400000000000002,2.3000000000000007,0.1200000000000001,1.21,1.0,-0.5999999999999996,8,2,-5.800000000000001,0.08000000000000002,-2,-3,-3,-1,-3,-2,-3,-13.099999999999998,11.0,0.4576,0.325,0.1326,0.5111,0.2717,1.0,-0.3,1.3,0.4444,0.2778,0.2778,13,2,11,Home_Win
ISL00974,2023-24,2024-03-20,Kerala Blasters,Jamshedpur FC,Kochi,4-3-3,4-2-3-1,7.57,6.63,6.01,6.67,33.1,16.6,57.9,27.8,12,16,9,12,2,0,3,1,2,1,3,4,39.8,46.0,35.6,50.7,1,1,Overcast,Good,Day,3.0,4.5,7.24,5.67,0,3,4.9,9,13,19.2,17.8,,0.41,0.43,-24.799999999999997,0.5716752035103275,-11.2,-13.599999999999998,1.5600000000000005,-0.040000000000000036,0.7599999999999998,-1.5,1.5700000000000003,-4,-3,1.3999999999999986,-0.020000000000000018,0,3,4,-1,-1,-1,-3,4.199999999999996,-4.700000000000003,0.3791,0.4607,-0.0816,0.4384,0.4023,0.9,0.8,0.09999999999999998,0.1667,0.2222,0.6111,4,1,3,Home_Win
ISL00975,2023-24,2024-03-24,Kerala Blasters,FC Goa,Kochi,4-2-3-1,4-2-3-1,5.77,6.74,5.73,6.34,49.2,24.9,44.5,24.7,8,10,11,9,3,2,4,1,3,2,4,2,22.9,44.7,34.9,20.9,2,1,Rainy,Good,Night,9.8,8.3,4.93,6.16,4,1,1.8,9,7,21.9,12.9,,0.41,0.45,4.700000000000003,1.1056177290746676,0.1999999999999993,4.5000000000000036,0.03999999999999915,0.40000000000000036,0.21999999999999975,1.5,-1.2300000000000004,2,3,8.999999999999998,-0.040000000000000036,1,-3,1,-1,1,-1,0,-12.0,23.800000000000004,0.3831,0.3774,0.005699999999999983,0.4459,0.3288,1.1,-0.2,1.3,0.3333,0.1429,0.5238,4,9,-5,Home_Win
ISL00976,2023-24,2024-03-24,Kerala Blasters,Bengaluru FC,Kochi,3-4-3,3-4-3,6.13,7.71,7.29,6.71,48.5,22.6,70.3,33.6,12,8,7,12,1,1,2,1,1,2,3,2,20.4,31.1,27.0,24.7,0,2,Clear,Good,Night,2.0,8.8,6.42,9.04,3,1,10.0,11,5,14.3,28.7,Home,0.37,0.44,-21.799999999999997,0.6899003286059276,-11.0,-10.799999999999997,-1.1600000000000001,1.0,-0.08000000000000007,-6.800000000000001,-2.619999999999999,6,2,-14.399999999999999,-0.07,-2,5,-4,-1,0,-2,0,-6.600000000000001,6.400000000000002,0.3871,0.3602,0.02689999999999998,0.4533,0.3158,1.1,-0.3,1.4000000000000001,0.5,0.25,0.25,1,6,-5,Away_Win
ISL00977,2023-24,2024-03-26,Punjab FC,FC Goa,Mohali,4-2-3-1,4-4-2,6.62,7.7,7.98,7.0,62.0,28.7,30.1,15.9,7,14,8,14,2,1,3,1,2,2,3,1,42.1,35.0,34.4,54.3,1,1,Overcast,Good,Night,7.7,6.7,6.89,6.07,2,2,7.0,5,7,22.3,5.1,,0.36,0.32,31.9,2.059799980132897,12.799999999999999,19.099999999999994,-1.3600000000000003,0.7000000000000002,-0.33000000000000007,1.0,0.8199999999999994,-2,0,17.200000000000003,0.03999999999999998,0,-1,0,-1,0,-1,1,7.700000000000003,-19.299999999999997,0.3688,0.375,-0.006199999999999983,0.4268,0.3243,-0.9,-0.6,-0.30000000000000004,0.3333,0.25,0.4167,9,2,7,Home_Win
ISL00978,2023-24,2024-03-26,Mumbai City FC,Hyderabad FC,Mumbai,4-3-3,3-5-2,5.97,8.42,6.84,7.45,33.8,21.5,31.4,17.3,7,6,14,9,2,4,3,3,2,6,3,3,34.6,26.8,28.2,51.9,2,0,Overcast,Good,Night,0.1,1.7,7.54,5.83,2,1,4.7,4,5,22.9,27.4,,0.38,0.5,2.3999999999999986,1.0764327782061216,4.199999999999999,-1.8000000000000007,-0.8700000000000001,0.9699999999999998,0.05000000000000071,-1.5999999999999999,1.71,-1,1,-4.5,-0.12,2,-7,-3,-1,1,-1,3,6.400000000000002,-25.099999999999998,0.391,0.323,0.068,0.3846,0.2688,-0.3,-0.6,0.3,0.4211,0.2632,0.3158,8,6,2,Away_Win
ISL00979,2023-24,2024-03-27,Mumbai City FC,East Bengal FC,Mumbai,5-3-2,4-2-3-1,6.55,6.24,5.83,6.58,30.4,17.4,49.2,24.5,7,10,12,16,1,1,3,3,3,2,3,4,35.5,42.9,30.9,18.1,3,2,Rainy,Good,Day,4.4,1.5,7.52,7.53,1,3,8.9,1,10,6.6,27.6,,0.31,0.36,-18.800000000000004,0.6178860532751923,-7.100000000000001,-11.700000000000003,0.7199999999999998,-0.33999999999999986,0.1899999999999995,2.9000000000000004,-0.010000000000000675,-9,-2,-21.0,-0.04999999999999999,1,-5,-6,-2,-2,0,-2,4.600000000000001,24.799999999999997,0.3885,0.3622,0.02629999999999999,0.3797,0.2877,-0.4,1.1,-1.5,0.4,0.1333,0.4667,1,10,-9,Draw
ISL00980,2023-24,2024-03-27,East Bengal FC,ATK Mohun Bagan,Kolkata,4-4-2,4-3-3,6.51,7.53,5.97,6.36,39.1,25.0,54.7,38.3,7,17,4,10,2,2,6,1,3,2,7,1,19.3,49.5,52.1,37.7,2,1,Humid,Good,Night,6.6,1.9,8.12,8.26,3,0,5.9,8,1,16.8,29.8,Away,0.3,0.37,-15.600000000000001,0.714807913197822,-13.299999999999997,-2.3000000000000043,0.54,1.17,0.8549999999999995,4.699999999999999,-0.14000000000000057,7,3,-13.0,-0.07,1,3,7,-4,1,-4,1,-32.8,11.799999999999997,0.3602,0.3526,0.007599999999999996,0.4107,0.2907,0.9,-0.4,1.3,0.5385,0.3846,0.0769,1,20,-19,Home_Win
ISL00981,2023-24,2024-03-30,East Bengal FC,ATK Mohun Bagan,Kolkata,4-3-3,3-4-3,6.4,8.35,6.68,7.93,37.1,19.3,58.2,36.2,4,7,7,11,0,1,2,0,0,3,3,0,39.7,23.3,44.1,36.3,0,2,Humid,Poor,Night,7.6,4.9,8.6,8.86,3,0,7.8,11,1,7.5,20.3,,0.37,0.41,-21.1,0.6374569351448565,-16.900000000000002,-4.199999999999999,-0.27999999999999936,0.41999999999999993,0.07000000000000028,2.6999999999999993,-0.2599999999999998,10,3,-12.8,-0.03999999999999998,-2,-3,-4,-2,1,-3,3,-4.399999999999999,-12.999999999999996,0.3636,0.3503,0.013299999999999979,0.4159,0.2874,1.0,-0.9,1.9,0.5714,0.3571,0.0714,3,3,0,Away_Win
ISL00982,2023-24,2024-04-04,Chennaiyin FC,Odisha FC,Chennai,5-3-2,5-3-2,7.56,6.98,7.09,7.65,39.6,21.2,29.3,20.0,14,15,8,18,4,0,3,1,4,0,3,2,21.3,19.8,30.0,24.3,3,0,Overcast,Good,Night,5.8,7.9,7.83,6.88,3,1,3.2,6,6,8.0,24.9,,0.41,0.43,10.3,1.3515353749026024,1.1999999999999993,9.100000000000001,0.46999999999999975,-0.6699999999999999,-0.10000000000000053,-2.1000000000000005,0.9500000000000002,0,2,-16.9,-0.020000000000000018,3,6,-3,1,-1,1,-2,-8.7,-4.5,0.3228,0.3267,-0.0039000000000000146,0.3544,0.2192,0.1,0.2,-0.1,0.4118,0.3529,0.2353,17,17,0,Draw
ISL00983,2023-24,2024-04-04,East Bengal FC,NorthEast United FC,Kolkata,3-5-2,5-3-2,5.89,7.4,6.46,6.62,38.6,26.0,43.6,29.8,2,12,8,20,2,1,3,2,2,1,5,3,38.1,28.3,18.7,21.5,3,2,Rainy,Average,Night,8.8,7.1,7.79,4.81,1,0,2.3,8,4,16.1,24.6,Away,0.45,0.43,-5.0,0.8853208978621794,-3.8000000000000007,-1.1999999999999993,-0.5700000000000003,0.7800000000000002,0.10499999999999954,1.700000000000001,2.9800000000000004,4,1,-8.5,0.020000000000000018,1,-6,-8,-1,-1,-3,-2,19.400000000000002,6.800000000000001,0.3617,0.3491,0.0126,0.4123,0.299,0.6,-0.1,0.7,0.35,0.35,0.3,5,27,-22,Home_Win
ISL00984,2023-24,2024-04-06,Odisha FC,NorthEast United FC,Bhubaneswar,4-4-2,5-3-2,6.64,7.69,6.35,6.22,41.9,29.3,38.1,19.9,15,13,9,9,3,3,3,3,4,3,3,4,31.2,45.8,27.1,50.4,0,2,Clear,Good,Day,1.6,3.2,6.0,9.17,2,3,3.8,7,3,28.9,24.0,,0.47,0.36,3.799999999999997,1.0997372441634528,9.400000000000002,-5.600000000000005,0.29000000000000004,1.4700000000000006,0.8799999999999999,-1.6,-3.17,4,-1,4.899999999999999,0.10999999999999999,-2,6,4,0,0,1,-1,4.099999999999998,-4.600000000000001,0.3245,0.3471,-0.02260000000000001,0.4286,0.2959,-0.1,-0.1,0.0,0.3529,0.2353,0.4118,2,2,0,Home_Win
ISL00985,2023-24,2024-04-07,Jamshedpur FC,Odisha FC,Jamshedpur,4-3-3,3-5-2,7.0,7.97,5.75,6.49,44.0,20.9,31.3,15.2,9,19,11,11,1,1,0,2,1,1,0,3,27.8,32.3,16.8,25.8,1,1,Clear,Good,Night,3.2,7.8,5.21,5.34,2,2,9.2,10,7,16.9,10.9,,0.5,0.35,12.7,1.4057503496005272,5.699999999999999,7.0,1.25,1.4799999999999995,1.3649999999999993,-4.6,-0.1299999999999999,3,0,5.999999999999998,0.15000000000000002,0,-2,8,1,-1,1,-2,11.0,6.4999999999999964,0.4581,0.3289,0.12919999999999998,0.5165,0.2162,0.6,0.2,0.39999999999999997,0.2857,0.381,0.3333,18,1,17,Home_Win
ISL00986,2023-24,2024-04-07,Jamshedpur FC,ATK Mohun Bagan,Jamshedpur,4-4-2,3-4-3,7.57,7.16,7.21,7.5,50.5,32.6,31.9,22.3,7,9,10,12,0,0,2,1,2,0,2,2,26.8,20.4,28.9,50.6,0,1,Rainy,Good,Day,3.8,6.3,8.15,5.99,2,1,4.2,12,4,16.5,21.9,,0.46,0.43,18.6,1.5830716040527888,10.3,8.3,0.3600000000000003,-0.33999999999999986,0.009999999999999787,-2.5,2.16,8,1,-5.399999999999999,0.030000000000000027,-1,-3,-3,-2,-1,0,-2,-2.099999999999998,-30.200000000000003,0.4611,0.3544,0.10670000000000002,0.5217,0.2955,0.7,-0.7,1.4,0.5,0.2857,0.2143,1,8,-7,Away_Win
ISL00987,2023-24,2024-04-10,Chennaiyin FC,ATK Mohun Bagan,Chennai,4-3-3,4-2-3-1,7.15,7.27,6.24,6.8,47.1,27.7,51.4,29.7,13,13,10,17,3,2,3,1,4,2,3,1,46.9,15.7,45.6,26.8,2,1,Overcast,Poor,Night,3.3,1.3,8.64,5.82,0,3,9.9,4,6,21.3,27.9,,0.35,0.36,-4.299999999999997,0.9163422341746627,-2.0,-2.299999999999997,0.9100000000000001,0.46999999999999975,0.6900000000000004,1.9999999999999998,2.8200000000000003,-2,-3,-6.599999999999998,-0.010000000000000009,1,3,-4,0,1,1,1,1.2999999999999972,-11.100000000000001,0.3208,0.3585,-0.03770000000000001,0.35,0.3034,0.2,-0.6,0.8,0.2667,0.2,0.5333,6,3,3,Home_Win
ISL00988,2023-24,2024-04-11,Punjab FC,Odisha FC,Mohali,4-2-3-1,4-2-3-1,7.04,7.22,6.12,7.39,48.2,21.7,48.5,30.0,10,12,12,14,2,0,2,2,2,2,2,3,36.7,21.1,43.0,53.7,3,1,Overcast,Good,Night,8.7,9.9,8.38,7.7,2,2,2.5,8,7,17.9,21.6,,0.43,0.43,-0.29999999999999716,0.9938142280795406,-8.3,8.000000000000004,0.9199999999999999,-0.16999999999999993,0.375,-1.200000000000001,0.6800000000000006,1,0,-3.700000000000003,0.0,2,-2,-2,0,-2,0,-1,-6.299999999999997,-32.6,0.3727,0.3268,0.045899999999999996,0.4337,0.2133,-0.2,0.5,-0.7,0.4444,0.3333,0.2222,16,4,12,Away_Win
ISL00989,2023-24,2024-04-15,East Bengal FC,Bengaluru FC,Kolkata,4-2-3-1,4-3-3,7.8,7.4,6.07,6.79,25.1,15.2,35.7,23.8,11,12,15,10,2,0,1,2,2,1,1,2,29.4,50.9,46.8,32.1,1,2,Humid,Good,Night,5.8,4.6,6.86,8.99,0,2,9.2,8,7,27.4,8.1,,0.37,0.45,-10.600000000000001,0.7030810355515306,-8.600000000000001,-2.0,1.7299999999999995,0.6100000000000003,1.17,1.2000000000000002,-2.13,1,-2,19.299999999999997,-0.08000000000000002,-1,-4,2,1,-2,1,-1,-17.4,18.799999999999997,0.3651,0.3642,0.0008999999999999564,0.4174,0.3247,0.4,0.2,0.2,0.1667,0.5556,0.2778,11,22,-11,Home_Win
ISL00990,2023-24,2024-04-16,NorthEast United FC,Odisha FC,Guwahati,4-3-3,3-5-2,7.15,5.76,6.38,7.96,60.1,31.3,30.0,16.0,11,15,9,14,0,0,1,3,0,0,2,5,54.2,39.7,51.4,44.8,1,1,Humid,Good,Night,9.3,8.3,8.08,5.71,2,3,9.7,3,10,18.3,19.1,,0.37,0.41,30.1,2.0033326655557784,15.3,14.8,0.7700000000000005,-2.2,-0.7149999999999999,1.0,2.37,-7,-1,-0.8000000000000007,-0.03999999999999998,0,2,1,-1,-3,-2,-5,2.8000000000000043,-5.099999999999994,0.345,0.3312,0.013799999999999979,0.4167,0.2237,-0.6,0.6,-1.2,0.3889,0.2222,0.3889,10,5,5,Home_Win
ISL00991,2024-25,2024-10-02,FC Goa,ATK Mohun Bagan,Goa,3-4-3,3-5-2,6.21,7.47,6.77,6.39,33.6,18.1,40.5,24.2,13,14,13,17,4,0,1,0,5,1,4,0,29.6,52.5,47.2,25.0,0,0,Clear,Poor,Day,8.6,0.5,5.63,5.9,4,1,1.1,4,6,24.9,22.6,,0.37,0.32,-6.899999999999999,0.8296294247828581,-6.099999999999998,-0.8000000000000007,-0.5599999999999996,1.08,0.2599999999999998,8.1,-0.27000000000000046,-2,3,2.299999999999997,0.04999999999999999,0,0,-3,3,0,1,1,-17.6,27.5,0.3727,0.3563,0.01639999999999997,0.4186,0.3,-0.8,-0.6,-0.20000000000000007,0.5556,0.1667,0.2778,30,30,0,Away_Win
ISL00992,2024-25,2024-10-03,Mumbai City FC,Bengaluru FC,Mumbai,5-3-2,4-4-2,6.94,5.97,7.34,6.81,45.3,31.4,36.7,19.3,9,15,16,17,2,2,2,3,2,2,2,3,35.5,50.7,19.3,52.7,1,0,Rainy,Good,Day,4.2,0.7,5.42,6.74,4,1,2.9,1,7,7.0,15.8,,0.39,0.48,8.599999999999994,1.2343320887378502,12.099999999999998,-3.5000000000000036,-0.39999999999999947,-0.8399999999999999,-0.6199999999999992,3.5,-1.3200000000000003,-6,3,-8.8,-0.08999999999999997,1,-7,-2,0,-1,0,-1,16.2,-2.0,0.3861,0.362,0.02410000000000001,0.375,0.3205,-0.5,0.2,-0.7,0.6923,0.0769,0.2308,30,30,0,Away_Win
ISL00993,2024-25,2024-10-05,FC Goa,Chennaiyin FC,Goa,3-5-2,3-5-2,7.12,7.35,6.25,6.97,29.3,18.6,37.2,18.7,9,12,11,8,2,3,1,1,3,5,1,2,27.9,46.4,50.8,19.0,2,0,Clear,Good,Night,2.1,5.5,6.2,5.9,1,3,4.0,4,7,23.0,23.4,Home,0.34,0.38,-7.900000000000002,0.7876341968725276,-0.09999999999999787,-7.800000000000004,0.8700000000000001,0.3799999999999999,0.625,-3.4,0.2999999999999998,-3,-2,-0.3999999999999986,-0.03999999999999998,2,-2,4,1,2,2,3,-22.9,27.4,0.3704,0.325,0.045399999999999996,0.4138,0.2911,-0.8,0.3,-1.1,0.3889,0.2778,0.3333,3,30,-27,Draw
ISL00994,2024-25,2024-10-09,FC Goa,Bengaluru FC,Goa,5-3-2,3-4-3,7.19,7.3,8.18,6.68,28.7,13.3,59.1,27.1,11,14,11,19,4,2,3,3,4,2,5,3,26.2,46.9,42.6,37.1,0,2,Humid,Average,Day,8.2,2.1,9.24,7.77,0,5,6.0,2,7,18.9,19.3,,0.33,0.37,-30.400000000000002,0.48561751512393986,-13.8,-16.6,-0.9899999999999993,0.6200000000000001,-0.1849999999999996,6.1,1.4700000000000006,-5,-5,-0.40000000000000213,-0.03999999999999998,-2,0,-5,1,-1,-1,-1,-16.400000000000002,9.799999999999997,0.3681,0.3659,0.0021999999999999797,0.4091,0.3291,-0.8,-0.2,-0.6000000000000001,0.25,0.25,0.5,4,6,-2,Draw
ISL00995,2024-25,2024-10-10,NorthEast United FC,Bengaluru FC,Guwahati,3-5-2,3-4-3,5.72,7.09,7.6,6.89,42.4,26.3,58.8,29.9,8,10,8,13,3,2,3,2,4,5,3,5,22.2,25.4,21.8,19.3,1,1,Humid,Good,Night,7.7,5.7,6.82,6.86,1,2,4.6,6,7,29.4,8.5,,0.35,0.4,-16.4,0.7210883127400829,-3.599999999999998,-12.8,-1.88,0.20000000000000018,-0.8399999999999999,2.0,-0.040000000000000036,-1,-1,20.9,-0.050000000000000044,0,0,-3,0,0,1,0,0.3999999999999986,6.099999999999998,0.3488,0.3636,-0.01479999999999998,0.4247,0.325,-0.4,0.1,-0.5,0.4167,0.25,0.3333,30,1,29,Draw
ISL00996,2024-25,2024-10-10,Jamshedpur FC,ATK Mohun Bagan,Jamshedpur,3-5-2,4-4-2,6.26,6.96,6.37,5.52,42.2,19.1,19.2,9.8,3,10,9,14,2,0,3,2,3,3,3,4,52.1,24.5,23.8,26.2,3,1,Humid,Good,Night,1.4,9.5,6.13,5.58,2,2,9.5,9,9,29.4,27.0,,0.35,0.36,23.000000000000004,2.197915521918999,9.3,13.700000000000003,-0.11000000000000032,1.4400000000000004,0.6649999999999991,-8.1,0.5499999999999998,0,0,2.3999999999999986,-0.010000000000000009,2,-6,-4,-1,-2,0,-1,28.3,-1.6999999999999993,0.4586,0.3602,0.09839999999999999,0.5161,0.3077,0.2,-0.3,0.5,0.4667,0.2667,0.2667,30,8,22,Home_Win
ISL00997,2024-25,2024-10-14,Bengaluru FC,Hyderabad FC,Bengaluru,4-2-3-1,4-2-3-1,6.58,6.88,6.71,7.18,51.5,34.6,49.5,31.5,11,8,11,12,1,0,2,2,2,1,2,2,43.5,40.5,50.5,28.5,1,2,Humid,Good,Day,8.7,2.6,6.48,10.0,1,1,3.6,8,8,15.4,17.5,,0.35,0.35,2.0,1.0404038302214484,3.1000000000000014,-1.1000000000000014,-0.1299999999999999,-0.2999999999999998,-0.21499999999999986,6.1,-3.5199999999999996,0,0,-2.0999999999999996,0.0,-1,0,-4,-1,-2,0,-1,-7.0,12.0,0.3614,0.3272,0.03420000000000001,0.4,0.2766,0.0,-0.1,0.1,0.4444,0.3889,0.1667,4,30,-26,Away_Win
ISL00998,2024-25,2024-10-16,Punjab FC,East Bengal FC,Mohali,4-3-3,4-3-3,8.1,7.06,7.3,6.4,65.3,39.1,35.3,20.4,14,15,2,12,1,1,2,0,3,3,2,0,32.9,41.5,21.5,42.6,0,1,Rainy,Good,Night,7.9,7.5,6.84,8.12,3,0,7.8,5,10,20.8,5.1,,0.4,0.42,30.0,1.8498578329014637,18.700000000000003,11.299999999999997,0.7999999999999998,0.6599999999999993,0.7300000000000004,0.40000000000000036,-1.2799999999999994,-5,3,15.700000000000001,-0.019999999999999962,-1,12,3,-1,1,1,3,11.399999999999999,-1.1000000000000014,0.3704,0.3684,0.0020000000000000018,0.4286,0.2838,-0.7,0.5,-1.2,0.5,0.2273,0.2727,30,30,0,Home_Win
ISL00999,2024-25,2024-10-19,Chennaiyin FC,Mumbai City FC,Chennai,4-4-2,4-3-3,7.29,6.49,7.53,6.47,34.3,20.8,57.6,37.1,10,16,11,9,2,2,3,0,4,2,5,0,39.1,29.4,30.9,33.2,2,1,Overcast,Good,Night,0.5,0.5,8.23,10.0,2,3,1.0,8,1,20.8,17.2,,0.34,0.3,-23.300000000000004,0.5954860077281235,-16.3,-7.0000000000000036,-0.2400000000000002,0.020000000000000462,-0.10999999999999943,0.0,-1.7699999999999996,7,-1,3.6000000000000014,0.040000000000000036,1,-1,7,-1,2,-1,2,8.200000000000003,-3.8000000000000043,0.323,0.3836,-0.06059999999999999,0.358,0.3974,0.4,-0.8,1.2000000000000002,0.25,0.25,0.5,14,16,-2,Away_Win
ISL01000,2024-25,2024-10-20,Chennaiyin FC,Hyderabad FC,Chennai,3-4-3,5-3-2,6.6,8.59,6.51,6.72,50.3,22.8,47.8,24.9,12,16,7,8,4,3,1,1,4,3,1,1,51.5,25.7,15.1,28.5,0,2,Humid,Average,Day,6.0,8.1,5.11,6.72,0,2,3.0,8,10,14.7,23.8,,0.5,0.41,2.5,1.0523010350834654,-2.099999999999998,4.599999999999998,0.08999999999999986,1.87,0.9799999999999995,-2.0999999999999996,-1.6099999999999994,-2,-2,-9.100000000000001,0.09000000000000002,-2,5,8,3,2,3,2,36.4,-2.8000000000000007,0.321,0.3313,-0.010299999999999976,0.3537,0.2842,-0.2,-0.3,0.09999999999999998,0.0,0.4545,0.5455,1,6,-5,Away_Win
ISL01001,2024-25,2024-10-21,Punjab FC,Odisha FC,Mohali,4-2-3-1,3-5-2,7.12,7.15,6.57,6.95,60.7,28.6,31.7,16.0,5,15,8,18,1,1,2,2,2,1,2,3,49.0,15.7,25.1,43.2,1,3,Humid,Good,Night,5.6,6.6,6.13,8.39,2,3,3.7,7,7,23.7,12.7,,0.48,0.33,29.000000000000004,1.9148258943766896,12.600000000000001,16.400000000000002,0.5499999999999998,0.20000000000000018,0.375,-1.0,-2.2600000000000007,0,-1,11.0,0.14999999999999997,-2,-3,-3,-1,-1,0,-2,23.9,-27.500000000000004,0.3742,0.329,0.04519999999999996,0.4353,0.2208,-0.3,0.2,-0.5,0.4,0.3,0.3,5,30,-25,Home_Win
ISL01002,2024-25,2024-10-21,Odisha FC,ATK Mohun Bagan,Bhubaneswar,3-5-2,4-2-3-1,6.98,8.13,5.72,6.97,49.5,28.8,69.2,41.1,8,12,12,11,0,1,1,1,0,1,1,1,41.1,52.3,38.8,50.4,1,2,Overcast,Good,Night,5.7,7.7,6.94,7.98,2,2,1.7,6,9,28.0,12.4,,0.45,0.48,-19.700000000000003,0.7153178157055179,-12.3,-7.400000000000002,1.2600000000000007,1.160000000000001,1.2100000000000009,-2.0,-1.04,-3,0,15.6,-0.02999999999999997,-1,-4,1,-1,0,-1,0,2.3000000000000043,1.8999999999999986,0.3269,0.358,-0.03109999999999996,0.4359,0.3043,0.1,-0.5,0.6,0.3,0.2,0.5,1,11,-10,Home_Win
ISL01003,2024-25,2024-10-22,Jamshedpur FC,East Bengal FC,Jamshedpur,4-4-2,4-4-2,6.96,6.27,6.77,6.92,55.0,30.0,34.2,17.7,7,9,12,15,2,1,2,0,2,3,2,0,48.0,24.9,39.2,28.4,0,1,Rainy,Good,Night,8.7,3.9,8.39,7.55,3,1,6.1,9,9,12.4,18.2,Both,0.47,0.36,20.799999999999997,1.6081866642729048,12.3,8.499999999999996,0.1900000000000004,-0.6500000000000004,-0.22999999999999954,4.799999999999999,0.8400000000000007,0,2,-5.799999999999999,0.10999999999999999,-1,-5,-6,0,1,0,3,8.799999999999997,-3.5,0.4615,0.3665,0.09500000000000003,0.5213,0.28,0.5,0.0,0.5,0.5,0.1429,0.3571,12,6,6,Away_Win
ISL01004,2024-25,2024-10-23,Odisha FC,FC Goa,Bhubaneswar,3-4-3,3-5-2,5.8,7.55,6.92,7.17,54.1,35.4,31.2,19.9,9,8,10,11,0,1,2,0,1,2,3,1,25.7,51.2,21.5,53.2,1,2,Rainy,Good,Day,0.9,4.0,5.86,7.26,3,1,5.2,6,2,16.2,12.9,,0.45,0.4,22.900000000000002,1.7339738032135248,15.5,7.400000000000002,-1.12,0.3799999999999999,-0.3700000000000001,-3.1,-1.3999999999999995,4,2,3.299999999999999,0.04999999999999999,-1,-1,-3,-2,1,-2,1,4.199999999999999,-2.0,0.3312,0.3659,-0.03470000000000001,0.443,0.32,-0.1,-0.7,0.6,0.3846,0.3846,0.2308,2,14,-12,Away_Win
ISL01005,2024-25,2024-10-29,Mumbai City FC,Chennaiyin FC,Mumbai,3-4-3,5-3-2,5.88,5.79,7.17,7.27,49.6,25.8,65.3,35.6,9,19,6,9,0,2,0,1,0,2,1,1,47.7,46.3,38.8,42.3,0,1,Overcast,Good,Night,9.7,4.7,7.18,7.69,3,2,1.8,4,5,18.6,18.5,,0.44,0.36,-15.699999999999996,0.7595710934806902,-9.8,-5.899999999999995,-1.29,-1.4799999999999995,-1.3849999999999998,4.999999999999999,-0.5100000000000007,-1,1,0.10000000000000142,0.08000000000000002,-1,3,10,0,1,-1,1,8.900000000000006,4.0,0.3875,0.319,0.0685,0.3704,0.2875,-0.4,-0.3,-0.10000000000000003,0.5294,0.2353,0.2353,10,9,1,Away_Win
ISL01006,2024-25,2024-11-04,East Bengal FC,Kerala Blasters,Kolkata,3-4-3,3-4-3,6.42,7.43,7.36,7.16,61.6,33.9,68.9,35.8,4,11,10,11,0,1,0,2,0,5,0,3,42.3,41.8,22.5,41.4,2,1,Humid,Poor,Night,6.3,7.5,5.67,5.39,1,4,6.2,9,10,12.4,7.2,,0.47,0.31,-7.300000000000004,0.8940492171191265,-1.8999999999999986,-5.400000000000006,-0.9400000000000004,0.2699999999999996,-0.33499999999999996,-1.2000000000000002,0.28000000000000025,-1,-3,5.2,0.15999999999999998,1,-6,0,0,-1,0,2,19.799999999999997,0.3999999999999986,0.3698,0.3846,-0.01479999999999998,0.4224,0.325,0.5,0.5,0.0,0.3125,0.25,0.4375,13,30,-17,Home_Win
ISL01007,2024-25,2024-11-05,East Bengal FC,Bengaluru FC,Kolkata,3-5-2,5-3-2,7.2,7.16,6.34,7.28,64.4,30.9,47.3,30.2,8,11,7,8,3,2,2,1,3,2,2,2,36.9,27.2,26.2,45.7,0,1,Clear,Average,Night,7.6,1.5,7.51,3.08,1,1,1.9,12,5,17.4,8.7,,0.46,0.49,17.10000000000001,1.361521910883317,0.6999999999999993,16.40000000000001,0.8600000000000003,-0.1200000000000001,0.3699999999999992,6.1,4.43,7,0,8.7,-0.02999999999999997,-1,1,3,1,1,1,0,10.7,-18.500000000000004,0.3731,0.3593,0.013799999999999979,0.4274,0.321,0.6,-0.1,0.7,0.2105,0.5263,0.2632,1,22,-21,Home_Win
ISL01008,2024-25,2024-11-06,Mumbai City FC,ATK Mohun Bagan,Mumbai,4-2-3-1,4-4-2,6.55,6.54,8.22,7.31,58.3,33.6,56.9,28.3,8,15,8,15,2,1,2,0,3,1,2,1,39.9,49.1,54.9,30.4,2,1,Clear,Average,Night,5.3,4.1,6.43,6.8,4,1,6.4,4,6,22.3,5.5,,0.42,0.4,1.3999999999999986,1.024604389348965,5.300000000000001,-3.900000000000002,-1.6700000000000008,-0.7699999999999996,-1.2200000000000006,1.2000000000000002,-0.3700000000000001,-2,3,16.8,0.019999999999999962,1,0,0,0,1,1,0,-15.0,18.700000000000003,0.3851,0.3558,0.029299999999999993,0.3659,0.3011,-0.6,-0.3,-0.3,0.6429,0.0,0.3571,8,16,-8,Home_Win
ISL01009,2024-25,2024-11-06,NorthEast United FC,Kerala Blasters,Guwahati,3-4-3,3-5-2,7.25,7.23,7.3,8.49,25.0,17.2,62.6,39.5,5,14,6,15,0,0,0,2,0,0,1,3,29.2,15.8,23.0,43.2,3,0,Rainy,Average,Night,0.3,6.5,6.37,7.15,0,4,7.5,7,7,15.2,6.1,,0.48,0.31,-37.6,0.39936095856853693,-22.3,-15.3,-0.04999999999999982,-1.2599999999999998,-0.6549999999999994,-6.2,-0.7800000000000002,0,-4,9.1,0.16999999999999998,3,-1,-1,0,-2,-1,-3,6.199999999999999,-27.400000000000002,0.3468,0.3822,-0.03539999999999999,0.4189,0.321,-0.5,0.0,-0.5,0.25,0.3125,0.4375,27,2,25,Away_Win
ISL01010,2024-25,2024-11-12,ATK Mohun Bagan,FC Goa,Kolkata,4-4-2,4-4-2,6.33,6.83,7.39,7.84,37.3,19.3,25.5,14.0,9,11,5,13,6,1,0,1,6,1,1,1,20.1,26.7,54.6,50.3,2,0,Humid,Good,Night,2.7,6.7,8.51,7.47,2,3,8.3,3,5,23.4,22.2,Both,0.46,0.47,11.799999999999997,1.462744524413912,5.300000000000001,6.4999999999999964,-1.0599999999999996,-1.0099999999999998,-1.0350000000000001,-4.0,1.04,-2,-1,1.1999999999999993,-0.009999999999999953,2,4,-2,6,0,5,0,-34.5,-23.599999999999998,0.3537,0.3697,-0.01599999999999996,0.4286,0.3289,-0.4,-0.2,-0.2,0.3158,0.1579,0.5263,6,20,-14,Away_Win
ISL01011,2024-25,2024-11-13,East Bengal FC,Mumbai City FC,Kolkata,3-4-3,4-4-2,6.22,6.99,5.9,7.09,58.6,38.0,57.6,27.1,13,15,12,12,0,0,3,2,2,0,3,2,22.7,38.8,29.4,52.8,1,0,Clear,Average,Day,5.3,2.5,7.64,5.55,2,1,9.2,12,7,16.0,22.4,Away,0.49,0.4,1.0,1.0173609344859489,10.899999999999999,-9.899999999999999,0.3199999999999994,-0.09999999999999964,0.11000000000000032,2.8,2.09,5,1,-6.399999999999999,0.08999999999999997,1,1,3,-3,-2,-1,-2,-6.699999999999999,-14.0,0.3763,0.3889,-0.0126,0.4322,0.4051,0.5,-0.6,1.1,0.4375,0.1875,0.375,8,7,1,Home_Win
ISL01012,2024-25,2024-11-16,Bengaluru FC,Odisha FC,Bengaluru,3-4-3,3-4-3,7.25,6.68,6.85,7.61,64.7,31.8,56.3,34.2,4,13,12,17,2,2,2,1,3,2,4,3,30.2,26.7,19.4,25.4,1,2,Humid,Average,Night,6.3,2.0,8.18,8.38,4,0,3.5,5,6,13.4,27.9,Away,0.43,0.3,8.400000000000006,1.1492005063587023,-2.400000000000002,10.800000000000011,0.40000000000000036,-0.9300000000000006,-0.26500000000000057,4.3,-0.20000000000000107,-1,4,-14.499999999999998,0.13,-1,-8,-4,0,1,-1,-1,10.8,1.3000000000000007,0.3571,0.3291,0.02799999999999997,0.3953,0.2179,-0.1,0.0,-0.1,0.6667,0.25,0.0833,11,24,-13,Home_Win
ISL01013,2024-25,2024-11-17,Punjab FC,Bengaluru FC,Mohali,3-5-2,3-5-2,8.1,8.02,5.95,8.22,42.9,28.8,58.6,35.3,5,8,11,21,3,3,0,1,3,3,1,2,16.7,43.6,38.4,28.1,3,2,Overcast,Average,Day,6.7,1.4,9.38,7.82,2,1,3.9,10,5,8.9,8.7,,0.38,0.35,-15.700000000000003,0.7320817863341661,-6.4999999999999964,-9.200000000000006,2.1499999999999995,-0.20000000000000107,0.9749999999999979,5.300000000000001,1.5600000000000005,5,1,0.20000000000000107,0.030000000000000027,1,-6,-13,3,2,2,1,-21.7,15.5,0.378,0.3609,0.017100000000000004,0.4419,0.3171,0.0,0.0,0.0,0.1765,0.4706,0.3529,27,1,26,Home_Win
ISL01014,2024-25,2024-11-27,Mumbai City FC,East Bengal FC,Mumbai,4-2-3-1,3-5-2,7.7,7.57,6.06,6.95,53.7,31.0,63.2,30.0,8,12,10,9,3,3,0,1,3,5,0,1,50.8,19.0,41.9,48.3,0,0,Overcast,Average,Night,8.9,9.3,9.15,6.75,1,3,3.6,6,12,28.6,27.1,,0.46,0.37,-9.5,0.84968340986022,1.0,-10.5,1.6400000000000006,0.6200000000000001,1.13,-0.40000000000000036,2.4000000000000004,-6,-2,1.5,0.09000000000000002,0,-2,3,3,2,3,4,8.899999999999999,-29.299999999999997,0.3865,0.3795,0.007000000000000006,0.3735,0.2895,-0.9,0.8,-1.7000000000000002,0.3529,0.1765,0.4706,14,14,0,Home_Win
ISL01015,2024-25,2024-11-30,East Bengal FC,NorthEast United FC,Kolkata,3-5-2,4-3-3,6.62,7.44,7.66,8.89,43.2,20.8,63.3,35.8,10,11,5,9,1,2,3,1,2,3,5,1,51.7,36.6,36.4,18.8,1,0,Clear,Average,Night,9.8,1.9,8.2,6.44,2,0,9.3,12,4,21.5,16.4,,0.49,0.48,-20.099999999999994,0.6824643471620305,-14.999999999999996,-5.099999999999998,-1.04,-1.4500000000000002,-1.245,7.9,1.759999999999999,8,2,5.100000000000001,0.010000000000000009,1,5,2,-2,1,-3,2,15.300000000000004,17.8,0.3776,0.3448,0.032799999999999996,0.437,0.2929,0.5,-0.9,1.4,0.381,0.3333,0.2857,3,24,-21,Away_Win
ISL01016,2024-25,2024-12-02,ATK Mohun Bagan,Odisha FC,Kolkata,4-2-3-1,3-5-2,6.43,6.87,7.29,7.73,39.5,25.5,43.8,24.8,8,15,10,17,1,0,0,0,1,0,0,0,45.9,49.9,17.1,50.5,0,2,Clear,Average,Night,1.1,8.7,8.77,5.84,2,3,6.8,3,3,27.7,11.5,,0.37,0.46,-4.299999999999997,0.9018262781218543,0.6999999999999993,-4.9999999999999964,-0.8600000000000003,-0.8600000000000003,-0.8599999999999994,-7.6,2.9299999999999997,0,-1,16.2,-0.09000000000000002,-2,-2,-2,1,0,1,0,28.799999999999997,-0.6000000000000014,0.3515,0.327,0.024499999999999966,0.4225,0.2152,-0.3,-0.1,-0.19999999999999998,0.4545,0.1818,0.3636,20,16,4,Home_Win
ISL01017,2024-25,2024-12-06,Chennaiyin FC,Bengaluru FC,Chennai,4-2-3-1,4-4-2,7.63,7.9,7.29,6.97,22.2,14.9,32.7,20.6,11,10,7,9,2,0,3,1,3,0,3,1,52.6,49.9,43.1,37.3,1,3,Overcast,Poor,Day,2.3,9.8,6.19,8.45,3,1,3.9,7,4,15.9,12.1,Both,0.31,0.31,-10.500000000000004,0.6788988749544723,-5.700000000000001,-4.8000000000000025,0.33999999999999986,0.9300000000000006,0.6350000000000007,-7.500000000000001,-2.259999999999999,3,2,3.8000000000000007,0.0,-2,4,1,-1,-1,0,-1,9.5,12.600000000000001,0.3232,0.3588,-0.03560000000000002,0.3494,0.3133,-0.4,-0.2,-0.2,0.4615,0.3846,0.1538,30,19,11,Away_Win
ISL01018,2024-25,2024-12-08,Kerala Blasters,FC Goa,Kochi,4-2-3-1,4-3-3,7.8,8.02,7.13,7.33,39.5,19.2,54.2,27.1,15,13,6,8,3,1,1,2,3,1,1,2,28.1,20.5,36.7,25.0,1,2,Overcast,Average,Night,1.2,7.1,5.46,6.52,4,1,2.2,9,8,24.1,6.8,,0.48,0.45,-14.700000000000003,0.7287821533612262,-7.900000000000002,-6.800000000000001,0.6699999999999999,0.6899999999999995,0.6799999999999997,-5.8999999999999995,-1.0599999999999996,1,3,17.3,0.02999999999999997,-1,9,5,2,-1,2,-1,-8.600000000000001,-4.5,0.3861,0.3735,0.0126,0.4474,0.3377,0.8,-0.2,1.0,0.3636,0.1364,0.5,30,26,4,Away_Win
ISL01019,2024-25,2024-12-11,Jamshedpur FC,Odisha FC,Jamshedpur,4-3-3,5-3-2,7.37,5.64,6.37,6.75,52.9,25.4,65.9,38.9,10,13,10,10,3,5,1,2,3,5,1,2,48.8,26.3,47.8,35.4,2,0,Clear,Good,Day,8.4,7.9,4.76,5.65,2,2,7.1,6,3,12.8,24.4,Away,0.31,0.4,-13.000000000000007,0.8027312894186206,-13.5,0.4999999999999929,1.0,-1.1100000000000003,-0.055000000000000604,0.5,-0.8900000000000006,3,0,-11.599999999999998,-0.09000000000000002,2,0,3,2,3,2,3,1.0,-9.099999999999998,0.459,0.325,0.134,0.5158,0.2125,0.2,-0.7,0.8999999999999999,0.3182,0.3636,0.3182,30,9,21,Away_Win
ISL01020,2024-25,2024-12-14,Punjab FC,Chennaiyin FC,Mohali,4-4-2,4-4-2,5.69,7.67,7.62,7.92,44.6,22.9,48.3,33.7,8,15,13,17,3,3,2,1,4,5,3,1,31.9,39.8,33.8,38.9,0,1,Clear,Good,Night,0.6,0.2,8.28,6.78,1,2,2.7,12,4,5.3,14.8,,0.43,0.49,-3.6999999999999957,0.923395253955434,-10.800000000000004,7.1000000000000085,-1.9299999999999997,-0.25,-1.0899999999999999,0.39999999999999997,1.4999999999999991,8,-1,-9.5,-0.06,-1,-5,-2,1,2,1,4,-1.8999999999999986,0.8999999999999986,0.3818,0.3212,0.06059999999999999,0.4483,0.2963,0.5,-0.4,0.9,0.25,0.375,0.375,27,8,19,Draw
ISL01021,2024-25,2024-12-15,Punjab FC,Chennaiyin FC,Mohali,4-2-3-1,4-4-2,6.72,6.99,6.76,7.12,25.5,14.8,41.6,18.9,12,16,9,10,4,1,0,0,4,1,2,1,54.2,17.1,30.7,43.5,1,1,Overcast,Good,Day,7.3,1.1,9.03,7.61,0,2,5.1,10,4,16.4,17.4,,0.38,0.39,-16.1,0.6129806218796582,-4.099999999999998,-12.000000000000004,-0.040000000000000036,-0.1299999999999999,-0.08499999999999908,6.199999999999999,1.419999999999999,6,-2,-1.0,-0.010000000000000009,0,3,6,4,1,2,0,23.500000000000004,-26.4,0.3795,0.3193,0.06020000000000003,0.4432,0.2927,0.6,-0.3,0.8999999999999999,0.2353,0.4118,0.3529,1,1,0,Home_Win
ISL01022,2024-25,2024-12-17,East Bengal FC,ATK Mohun Bagan,Kolkata,4-4-2,3-4-3,7.47,7.02,5.45,7.16,37.0,25.4,54.5,34.3,6,14,11,20,1,0,1,0,1,1,1,3,46.9,29.2,34.8,51.8,4,0,Overcast,Good,Night,0.2,4.6,4.88,8.36,3,1,5.0,9,3,28.5,25.4,,0.32,0.39,-17.5,0.6788989580001912,-8.899999999999999,-8.600000000000001,2.0199999999999996,-0.14000000000000057,0.9399999999999995,-4.3999999999999995,-3.4799999999999995,6,2,3.1000000000000014,-0.07,4,-5,-6,0,0,0,-2,12.100000000000001,-22.599999999999998,0.3756,0.3554,0.020199999999999996,0.4333,0.2979,0.0,0.2,-0.2,0.5333,0.3333,0.1333,17,15,2,Home_Win
ISL01023,2024-25,2024-12-19,Punjab FC,NorthEast United FC,Mohali,4-2-3-1,5-3-2,5.95,8.16,6.56,7.81,43.6,29.0,14.5,7.8,13,8,7,10,2,1,0,2,3,1,0,3,32.6,46.1,15.2,52.6,0,3,Clear,Average,Night,3.1,9.9,7.82,7.25,2,3,9.7,13,7,10.6,12.0,,0.42,0.46,29.1,3.0068944780038085,21.2,7.900000000000001,-0.6099999999999994,0.35000000000000053,-0.1299999999999999,-6.800000000000001,0.5700000000000003,6,-1,-1.4000000000000004,-0.040000000000000036,-3,6,-2,2,-1,3,-2,17.400000000000002,-6.5,0.3832,0.3486,0.034599999999999964,0.4494,0.3,0.6,-0.8,1.4,0.4615,0.2308,0.3077,4,19,-15,Home_Win
ISL01024,2024-25,2024-12-24,Hyderabad FC,Punjab FC,Hyderabad,4-2-3-1,4-2-3-1,5.36,7.12,6.72,7.31,20.9,11.1,51.1,29.2,12,10,7,12,4,1,3,2,5,1,3,2,16.1,16.1,19.9,53.3,0,1,Clear,Good,Night,4.2,0.6,7.03,5.82,3,2,5.2,12,13,15.9,16.7,,0.38,0.35,-30.200000000000003,0.4090018769076561,-18.1,-12.100000000000003,-1.3599999999999994,-0.1899999999999995,-0.7749999999999995,3.6,1.21,-1,1,-0.7999999999999989,0.030000000000000027,-1,5,-2,1,-1,2,-1,-3.799999999999997,-37.199999999999996,0.3354,0.3869,-0.051500000000000046,0.3971,0.3077,0.1,0.7,-0.6,0.4118,0.1765,0.4118,30,5,25,Home_Win
ISL01025,2024-25,2024-12-27,ATK Mohun Bagan,Odisha FC,Kolkata,3-4-3,4-2-3-1,6.99,7.03,6.86,6.9,64.6,29.7,54.5,28.4,13,15,15,15,2,1,0,0,3,2,0,0,34.5,32.4,21.8,27.9,1,3,Clear,Good,Day,7.8,1.6,6.58,6.25,3,2,3.1,3,6,23.3,21.4,,0.35,0.35,10.099999999999994,1.1853208834273607,1.3000000000000007,8.79999999999999,0.1299999999999999,0.1299999999999999,0.129999999999999,6.199999999999999,0.33000000000000007,-3,1,1.9000000000000021,0.0,-2,-2,0,2,1,3,2,12.7,4.5,0.3533,0.3292,0.02410000000000001,0.4306,0.2222,0.4,-0.5,0.9,0.5,0.1667,0.3333,10,16,-6,Away_Win
ISL01026,2024-25,2024-12-30,NorthEast United FC,Punjab FC,Guwahati,3-4-3,3-5-2,6.01,6.24,6.11,7.26,42.7,25.6,63.3,35.8,13,7,9,12,3,0,2,0,5,0,3,2,24.7,37.6,48.2,24.3,0,2,Overcast,Good,Day,2.7,10.0,3.99,7.05,2,3,6.1,7,10,27.5,22.7,,0.49,0.4,-20.599999999999994,0.6745654542550625,-10.199999999999996,-10.399999999999999,-0.10000000000000053,-1.0199999999999996,-0.5600000000000005,-7.3,-3.0599999999999996,-3,-1,4.800000000000001,0.08999999999999997,-2,4,-5,1,0,2,-2,-23.500000000000004,13.3,0.3466,0.3846,-0.03799999999999998,0.4133,0.3038,-0.8,0.8,-1.6,0.2857,0.2143,0.5,11,6,5,Home_Win
ISL01027,2024-25,2024-12-30,East Bengal FC,Mumbai City FC,Kolkata,3-5-2,5-3-2,7.12,7.75,7.31,7.19,36.3,21.6,49.8,28.6,4,10,11,15,1,0,2,1,1,1,2,2,39.8,42.2,40.5,38.9,0,0,Rainy,Good,Day,9.6,7.0,8.87,8.3,3,1,2.2,9,9,5.1,16.0,,0.39,0.46,-13.5,0.7289155162820248,-7.0,-6.5,-0.1899999999999995,0.5599999999999996,0.1850000000000005,2.5999999999999996,0.5699999999999985,0,2,-10.9,-0.07,0,-7,-5,-1,-1,-1,-1,-0.7000000000000028,3.3000000000000043,0.3788,0.3902,-0.011399999999999966,0.438,0.4,0.5,-0.5,1.0,0.4444,0.1667,0.3889,13,30,-17,Home_Win
ISL01028,2024-25,2025-01-02,Hyderabad FC,Chennaiyin FC,Hyderabad,3-4-3,4-3-3,5.67,6.48,6.87,7.04,39.6,20.2,28.2,19.2,7,15,5,16,4,0,2,1,4,1,3,3,40.9,20.1,16.0,27.1,0,1,Humid,Good,Night,2.1,4.1,6.28,5.77,2,0,2.4,12,4,9.9,8.0,,0.33,0.38,11.400000000000002,1.4042548211862338,1.0,10.400000000000002,-1.2000000000000002,-0.5599999999999996,-0.8799999999999999,-1.9999999999999996,0.5100000000000007,8,2,1.9000000000000004,-0.04999999999999999,-1,2,-1,2,-1,1,-2,24.9,-7.0,0.3394,0.3174,0.021999999999999964,0.4058,0.2892,0.1,-0.2,0.30000000000000004,0.5833,0.4167,0.0,9,18,-9,Home_Win
ISL01029,2024-25,2025-01-03,Odisha FC,East Bengal FC,Bhubaneswar,4-3-3,3-5-2,7.26,7.74,5.53,7.74,30.6,18.4,33.2,22.2,9,12,9,13,2,3,0,3,2,4,0,4,42.3,34.1,32.0,25.2,0,2,Overcast,Good,Night,8.1,8.2,6.75,8.13,2,3,3.1,6,9,28.0,11.7,Away,0.34,0.43,-2.6000000000000014,0.9216864693715452,-3.8000000000000007,1.1999999999999993,1.7299999999999995,0.0,0.8650000000000002,-0.09999999999999964,-1.3800000000000008,-3,-1,16.3,-0.08999999999999997,-2,0,-1,2,0,2,0,10.299999999999997,8.900000000000002,0.3333,0.3819,-0.04860000000000003,0.4375,0.2857,-0.6,0.5,-1.1,0.45,0.2,0.35,7,4,3,Home_Win
ISL01030,2024-25,2025-01-07,East Bengal FC,NorthEast United FC,Kolkata,4-2-3-1,4-4-2,7.25,7.37,6.95,6.49,51.1,35.5,46.5,31.7,5,17,6,10,3,0,1,1,4,0,2,1,28.0,23.7,54.1,40.3,1,1,Overcast,Good,Night,0.8,8.5,9.4,4.91,2,1,5.0,6,7,26.6,13.0,Home,0.38,0.45,4.600000000000001,1.0989244948549473,3.8000000000000007,0.8000000000000007,0.2999999999999998,0.8799999999999999,0.5899999999999999,-7.7,4.49,-1,1,13.600000000000001,-0.07,0,-1,7,2,-1,2,-1,-26.1,-16.599999999999998,0.38,0.3503,0.029700000000000004,0.4426,0.297,0.3,-0.6,0.8999999999999999,0.3636,0.3182,0.3182,4,8,-4,Draw
ISL01031,2024-25,2025-01-14,Bengaluru FC,ATK Mohun Bagan,Bengaluru,4-3-3,4-4-2,6.99,7.32,7.29,7.21,31.8,15.5,25.2,17.4,10,9,6,11,1,4,2,4,1,4,2,4,42.1,38.6,24.4,35.0,2,1,Humid,Good,Night,7.6,4.3,6.96,4.3,2,2,7.9,6,3,18.9,25.7,,0.31,0.48,6.600000000000001,1.2619042611491027,-1.8999999999999986,8.5,-0.2999999999999998,0.11000000000000032,-0.09499999999999975,3.3,2.66,3,0,-6.800000000000001,-0.16999999999999998,1,4,-2,-1,0,-1,0,17.700000000000003,3.6000000000000014,0.3626,0.3512,0.011399999999999966,0.4023,0.2947,0.1,0.0,0.1,0.3846,0.3077,0.3077,30,18,12,Home_Win
ISL01032,2024-25,2025-01-15,Mumbai City FC,Jamshedpur FC,Mumbai,3-4-3,3-5-2,7.29,7.88,7.13,7.98,48.9,25.9,41.9,23.0,14,7,13,15,0,1,2,0,0,1,2,0,37.2,32.0,25.8,36.9,1,0,Overcast,Average,Night,9.4,1.9,7.34,6.73,1,3,3.8,6,6,25.2,12.6,,0.33,0.49,7.0,1.1670641606052121,2.8999999999999986,4.100000000000001,0.16000000000000014,-0.10000000000000053,0.03000000000000025,7.5,0.6099999999999994,0,-2,12.6,-0.15999999999999998,1,1,-8,-2,1,-2,1,11.400000000000002,-4.899999999999999,0.3879,0.4565,-0.0686,0.381,0.3977,-0.5,-0.1,-0.4,0.1429,0.1429,0.7143,16,30,-14,Draw
ISL01033,2024-25,2025-01-16,Hyderabad FC,ATK Mohun Bagan,Hyderabad,4-4-2,3-5-2,6.64,6.64,6.74,7.34,46.5,30.8,71.8,46.3,9,4,6,11,2,2,2,0,4,2,3,0,49.0,15.7,20.6,49.9,2,2,Clear,Average,Night,8.9,5.1,6.21,5.72,2,3,9.3,15,3,21.2,5.5,,0.3,0.44,-25.299999999999997,0.6476322217782421,-15.499999999999996,-9.8,-0.10000000000000053,-0.7000000000000002,-0.40000000000000036,3.8000000000000007,0.4900000000000002,12,-1,15.7,-0.14,0,3,-7,0,2,1,2,28.4,-34.2,0.3434,0.3491,-0.005700000000000038,0.4143,0.2917,0.6,-0.6,1.2,0.2857,0.2143,0.5,14,2,12,Away_Win
ISL01034,2024-25,2025-01-17,Punjab FC,ATK Mohun Bagan,Mohali,4-2-3-1,4-4-2,7.28,7.22,7.04,6.99,64.6,31.6,67.4,45.3,8,10,9,10,0,0,0,2,1,1,0,3,46.4,31.6,41.5,33.5,0,1,Humid,Good,Day,5.6,1.4,4.36,5.78,2,3,2.5,7,6,5.6,8.0,Home,0.35,0.34,-2.8000000000000114,0.9584568310894908,-13.699999999999996,10.899999999999984,0.2400000000000002,0.22999999999999954,0.23499999999999943,4.199999999999999,-1.42,1,-1,-2.4000000000000004,0.009999999999999953,-1,-1,0,0,-2,1,-2,4.899999999999999,-1.8999999999999986,0.3824,0.3529,0.029500000000000026,0.4556,0.299,0.7,-0.4,1.1,0.3125,0.125,0.5625,18,1,17,Draw
ISL01035,2024-25,2025-01-17,East Bengal FC,Jamshedpur FC,Kolkata,4-2-3-1,3-4-3,6.96,7.0,6.59,6.71,37.5,18.1,48.9,23.4,10,12,10,15,2,0,2,1,2,0,2,1,42.2,21.6,16.8,30.6,4,1,Humid,Good,Day,0.2,3.3,7.77,6.22,1,3,8.1,7,4,25.4,7.5,Home,0.32,0.34,-11.399999999999999,0.7668710088198346,-5.299999999999997,-6.100000000000001,0.3700000000000001,0.29000000000000004,0.33000000000000007,-3.0999999999999996,1.5499999999999998,3,-2,17.9,-0.020000000000000018,3,0,-3,0,-1,0,-1,25.400000000000002,-9.0,0.3781,0.4541,-0.07600000000000001,0.439,0.3933,0.6,-0.1,0.7,0.4,0.1333,0.4667,10,2,8,Away_Win
ISL01036,2024-25,2025-01-17,Kerala Blasters,Mumbai City FC,Kochi,4-4-2,3-4-3,6.93,6.76,7.08,7.16,24.1,11.9,63.0,39.8,14,17,9,13,2,2,3,3,2,2,4,4,18.7,23.4,24.8,35.1,0,1,Humid,Good,Day,9.9,8.5,6.87,7.71,2,2,3.2,6,7,8.0,16.5,,0.38,0.43,-38.9,0.38253962181910767,-27.9,-11.000000000000002,-0.15000000000000036,-0.40000000000000036,-0.27500000000000036,1.4000000000000004,-0.8399999999999999,-1,0,-8.5,-0.04999999999999999,-1,5,4,-1,-1,-2,-2,-6.100000000000001,-11.700000000000003,0.3836,0.3855,-0.0019000000000000128,0.4416,0.3951,0.4,-0.3,0.7,0.5556,0.1111,0.3333,30,2,28,Away_Win
ISL01037,2024-25,2025-01-20,ATK Mohun Bagan,Hyderabad FC,Kolkata,5-3-2,4-4-2,7.4,6.89,6.44,6.76,32.7,21.0,45.9,27.3,9,15,9,19,2,1,2,1,5,1,2,1,54.8,33.3,45.1,41.2,0,0,Humid,Good,Night,1.8,5.8,6.25,7.71,4,1,2.6,4,12,21.7,25.4,Home,0.41,0.41,-13.199999999999996,0.7124181454426699,-6.300000000000001,-6.899999999999995,0.96,0.1299999999999999,0.5449999999999999,-4.0,-1.46,-8,3,-3.6999999999999993,0.0,0,0,-4,0,0,3,0,9.699999999999996,-7.900000000000006,0.3509,0.3413,0.009599999999999997,0.4247,0.2917,-0.6,0.6,-1.2,0.5333,0.2,0.2667,3,4,-1,Away_Win
ISL01038,2024-25,2025-01-24,Bengaluru FC,ATK Mohun Bagan,Bengaluru,4-3-3,3-4-3,7.57,6.81,6.98,6.13,23.1,11.1,32.1,16.0,9,16,6,18,4,1,3,2,4,1,3,2,51.0,31.7,16.8,42.9,2,2,Clear,Good,Day,7.1,7.2,8.22,7.08,2,2,7.0,9,4,28.9,5.5,Away,0.49,0.33,-9.0,0.719625944041762,-4.9,-4.1,0.5899999999999999,0.6799999999999997,0.6349999999999998,-0.10000000000000053,1.1400000000000006,5,0,23.4,0.15999999999999998,0,3,-2,1,-1,1,-1,34.2,-11.2,0.3663,0.3488,0.017500000000000016,0.4091,0.2959,0.1,-0.4,0.5,0.4286,0.2857,0.2857,10,4,6,Draw
ISL01039,2024-25,2025-01-25,Mumbai City FC,Hyderabad FC,Mumbai,5-3-2,4-3-3,6.38,7.89,7.58,7.18,49.5,23.4,24.8,15.1,10,14,6,15,2,0,4,0,4,0,4,0,44.1,38.9,23.6,18.4,1,0,Clear,Average,Night,2.6,8.4,6.37,7.92,1,2,9.1,7,12,11.6,19.4,Home,0.31,0.48,24.7,1.995966937110106,8.299999999999999,16.4,-1.2000000000000002,0.71,-0.2450000000000001,-5.800000000000001,-1.5499999999999998,-5,-1,-7.799999999999999,-0.16999999999999998,1,4,-1,-2,0,0,0,20.5,20.5,0.3892,0.3452,0.043999999999999984,0.3765,0.299,0.1,0.7,-0.6,0.4,0.25,0.35,8,5,3,Home_Win
ISL01040,2024-25,2025-01-25,Mumbai City FC,Punjab FC,Mumbai,4-2-3-1,5-3-2,7.45,6.75,6.95,7.78,47.2,28.6,34.7,21.6,12,7,10,18,0,2,2,1,0,4,2,1,35.6,38.2,36.7,50.8,0,1,Humid,Average,Night,0.7,4.3,6.99,6.26,2,1,5.3,10,7,12.0,10.5,,0.4,0.36,12.5,1.3602301555532692,7.0,5.5,0.5,-1.0300000000000002,-0.26500000000000057,-3.5999999999999996,0.7300000000000004,3,1,1.5,0.040000000000000036,-1,2,-11,-2,1,-2,3,-1.1000000000000014,-12.599999999999994,0.3929,0.3801,0.012800000000000034,0.3837,0.3,0.2,0.6,-0.39999999999999997,0.2857,0.4286,0.2857,1,8,-7,Away_Win
ISL01041,2024-25,2025-01-25,Kerala Blasters,Odisha FC,Kochi,3-5-2,3-4-3,7.17,7.06,5.99,6.42,62.9,40.4,30.4,18.6,9,12,6,8,4,0,2,1,5,1,4,1,47.6,54.2,19.3,31.3,2,1,Overcast,Average,Night,2.5,4.6,7.23,8.83,2,2,6.1,3,9,7.2,8.3,,0.31,0.49,32.5,2.0690782667505703,21.799999999999997,10.700000000000003,1.1799999999999997,0.6399999999999997,0.9100000000000001,-2.0999999999999996,-1.5999999999999996,-6,0,-1.1000000000000005,-0.18,1,3,4,2,-1,1,0,28.3,22.900000000000002,0.3812,0.3374,0.043800000000000006,0.4359,0.2317,0.2,-0.4,0.6000000000000001,0.375,0.25,0.375,8,22,-14,Home_Win
ISL01042,2024-25,2025-01-28,East Bengal FC,FC Goa,Kolkata,5-3-2,4-3-3,6.48,7.4,6.62,7.65,63.9,40.8,27.2,12.3,10,10,6,18,6,0,2,2,8,2,2,3,28.0,24.4,21.2,44.0,2,2,Rainy,Good,Night,6.2,2.3,7.14,8.48,3,2,4.6,7,11,9.6,6.9,Away,0.4,0.44,36.7,2.349263842182411,28.499999999999996,8.200000000000003,-0.13999999999999968,-0.25,-0.1949999999999994,3.9000000000000004,-1.3400000000000007,-4,1,2.6999999999999993,-0.03999999999999998,0,4,-8,4,-2,6,-1,6.800000000000001,-19.6,0.3762,0.3772,-0.0010000000000000009,0.4355,0.3462,0.4,0.1,0.30000000000000004,0.5,0.1364,0.3636,11,30,-19,Away_Win
ISL01043,2024-25,2025-01-29,Kerala Blasters,ATK Mohun Bagan,Kochi,5-3-2,4-3-3,6.48,7.35,7.57,7.61,38.2,21.3,46.9,31.9,8,15,11,13,2,1,1,1,3,2,1,1,44.2,43.0,42.2,21.5,1,2,Rainy,Average,Night,0.9,5.7,7.03,8.26,2,0,3.1,6,5,18.9,14.6,,0.48,0.36,-8.699999999999996,0.8144987602348059,-10.599999999999998,1.9000000000000021,-1.0899999999999999,-0.2600000000000007,-0.6749999999999998,-4.8,-1.2299999999999995,1,2,4.299999999999999,0.12,-1,-3,2,1,0,2,1,2.0,21.5,0.3851,0.3468,0.0383,0.443,0.2929,0.3,-0.3,0.6,0.3333,0.4667,0.2,4,5,-1,Away_Win
ISL01044,2024-25,2025-01-29,Chennaiyin FC,Bengaluru FC,Chennai,4-2-3-1,4-3-3,5.97,7.29,6.29,6.73,45.2,30.7,40.8,21.9,6,14,7,13,1,0,1,1,1,1,2,3,52.9,50.0,23.6,45.7,0,3,Rainy,Average,Night,0.4,7.0,6.65,7.07,3,1,2.3,4,10,21.8,27.3,,0.49,0.41,4.400000000000006,1.1078428657247879,8.8,-4.399999999999995,-0.3200000000000003,0.5599999999999996,0.1200000000000001,-6.6,-0.41999999999999993,-6,2,-5.5,0.08000000000000002,-3,-1,1,0,-1,-1,-2,29.299999999999997,4.299999999999997,0.3155,0.3642,-0.04870000000000002,0.3452,0.3214,-0.6,0.2,-0.8,0.4286,0.3571,0.2143,27,5,22,Away_Win
ISL01045,2024-25,2025-01-29,Hyderabad FC,Kerala Blasters,Hyderabad,5-3-2,4-4-2,7.93,6.6,6.29,6.86,39.7,19.4,37.7,24.5,7,21,11,11,0,2,2,1,0,2,2,1,46.7,26.6,50.7,44.0,0,2,Humid,Good,Night,5.6,4.4,6.56,7.93,2,2,6.6,9,6,6.5,19.3,,0.4,0.39,2.0,1.053050118554345,-5.100000000000001,7.100000000000001,1.6399999999999997,-0.2600000000000007,0.6899999999999995,1.1999999999999993,-1.37,3,0,-12.8,0.010000000000000009,-2,-4,10,-2,1,-2,1,-4.0,-17.4,0.3432,0.3827,-0.03949999999999998,0.4085,0.3293,0.6,0.0,0.6,0.3571,0.1429,0.5,4,1,3,Draw
ISL01046,2024-25,2025-01-30,East Bengal FC,FC Goa,Kolkata,4-2-3-1,4-3-3,7.14,7.66,6.53,6.09,63.0,35.3,36.2,17.7,11,14,6,18,1,0,1,0,1,1,2,1,23.1,40.9,15.7,52.6,1,2,Clear,Average,Day,8.8,9.7,6.6,6.61,2,3,4.2,4,13,29.8,15.1,Away,0.43,0.36,26.799999999999997,1.740331010958284,17.599999999999998,9.2,0.6099999999999994,1.5700000000000003,1.0899999999999999,-0.8999999999999986,-0.010000000000000675,-9,-1,14.700000000000001,0.07,-1,5,-4,0,0,-1,0,7.400000000000002,-11.700000000000003,0.3744,0.381,-0.006599999999999995,0.432,0.3544,0.1,0.1,0.0,0.4783,0.1304,0.3913,2,2,0,Home_Win
ISL01047,2024-25,2025-02-01,Mumbai City FC,ATK Mohun Bagan,Mumbai,4-4-2,4-3-3,6.14,7.59,7.32,6.85,70.9,38.5,64.4,38.7,7,13,7,15,2,0,0,1,2,1,0,2,26.4,45.7,52.3,50.6,1,0,Clear,Good,Day,4.0,6.7,7.64,5.31,4,1,1.3,7,8,26.1,15.5,Home,0.37,0.41,6.5,1.1009315060665363,-0.20000000000000284,6.700000000000003,-1.1800000000000006,0.7400000000000002,-0.21999999999999975,-2.7,2.33,-1,3,10.600000000000001,-0.03999999999999998,1,0,-2,2,-1,2,-1,-25.9,-4.899999999999999,0.3905,0.3506,0.03989999999999999,0.3793,0.3,0.2,-0.1,0.30000000000000004,0.6667,0.0,0.3333,7,3,4,Away_Win
ISL01048,2024-25,2025-02-01,FC Goa,Chennaiyin FC,Goa,4-2-3-1,3-4-3,7.12,7.23,7.35,7.1,46.4,27.2,48.4,22.5,15,19,8,10,3,2,1,0,3,3,1,1,27.6,40.2,48.8,21.9,0,0,Overcast,Good,Night,2.0,7.9,5.68,6.74,1,3,9.8,12,1,25.2,10.7,,0.42,0.5,-2.0,0.958677487876552,4.699999999999999,-6.699999999999999,-0.22999999999999954,0.13000000000000078,-0.049999999999998934,-5.9,-1.0600000000000005,11,-2,14.5,-0.08000000000000002,0,7,9,2,2,2,2,-21.199999999999996,18.300000000000004,0.3787,0.3136,0.06509999999999999,0.4045,0.2857,-0.2,-0.7,0.49999999999999994,0.3684,0.3158,0.3158,2,3,-1,Draw
ISL01049,2024-25,2025-02-02,Kerala Blasters,Bengaluru FC,Kochi,3-4-3,3-5-2,6.56,6.43,6.54,6.68,21.2,10.6,34.9,20.6,9,13,13,22,1,1,2,2,1,1,2,3,25.2,45.4,19.1,18.0,3,1,Overcast,Poor,Night,4.9,1.6,7.9,7.47,2,2,6.8,4,10,12.1,28.7,,0.38,0.38,-13.7,0.607449682679174,-10.000000000000002,-3.6999999999999975,0.019999999999999574,-0.25,-0.11500000000000021,3.3000000000000003,0.4300000000000006,-6,0,-16.6,0.0,2,-4,-9,-1,-1,-1,-2,6.099999999999998,27.4,0.3804,0.3678,0.0126,0.4375,0.3294,0.0,0.1,-0.1,0.4706,0.2353,0.2941,4,4,0,Home_Win
ISL01050,2024-25,2025-02-05,Bengaluru FC,FC Goa,Bengaluru,3-4-3,4-4-2,7.37,7.48,6.71,6.05,32.2,15.7,36.6,22.4,9,17,11,15,3,3,2,1,4,4,2,3,27.7,24.5,27.2,28.8,2,1,Humid,Poor,Night,1.7,2.2,6.69,9.34,4,0,3.0,10,10,15.0,19.2,Home,0.45,0.36,-4.399999999999999,0.8797811803876556,-6.699999999999999,2.3000000000000007,0.6600000000000001,1.4300000000000006,1.0450000000000008,-0.5000000000000002,-2.6499999999999995,0,4,-4.199999999999999,0.09000000000000002,1,-2,2,1,2,2,1,0.5,-4.300000000000001,0.3657,0.3765,-0.010799999999999976,0.4045,0.35,0.0,-0.1,0.1,0.4706,0.2941,0.2353,3,4,-1,Home_Win
ISL01051,2024-25,2025-02-06,FC Goa,Mumbai City FC,Goa,3-4-3,3-5-2,6.95,6.41,5.15,6.94,68.5,47.7,45.9,25.1,7,10,9,17,1,0,3,1,1,2,4,1,37.6,46.4,48.1,52.6,0,2,Rainy,Good,Night,7.1,0.5,6.84,7.05,2,0,3.2,7,7,28.2,20.7,,0.42,0.39,22.6,1.4923744025328098,22.6,0.0,1.7999999999999998,-0.5300000000000002,0.6349999999999998,6.6,-0.20999999999999996,0,2,7.5,0.02999999999999997,-2,-2,-7,-2,-1,-3,1,-10.5,-6.200000000000003,0.3743,0.3882,-0.013899999999999968,0.4,0.4024,-0.1,-0.2,0.1,0.25,0.5,0.25,1,5,-4,Draw
ISL01052,2024-25,2025-02-08,Jamshedpur FC,Kerala Blasters,Jamshedpur,4-3-3,4-4-2,6.74,6.57,6.76,6.44,45.6,24.0,41.4,26.1,6,11,8,11,1,1,2,0,2,1,2,1,41.1,35.1,54.7,27.7,4,2,Clear,Good,Night,8.2,1.7,6.25,6.95,2,1,1.6,7,7,27.2,23.7,,0.37,0.42,4.200000000000003,1.1014490093118334,-2.1000000000000014,6.300000000000004,-0.019999999999999574,0.1299999999999999,0.055000000000000604,6.499999999999999,-0.7000000000000002,0,1,3.5,-0.04999999999999999,2,-2,0,-1,1,0,0,-13.600000000000001,7.400000000000002,0.457,0.3841,0.07290000000000002,0.5104,0.3253,-0.1,0.0,-0.1,0.5789,0.2105,0.2105,22,6,16,Draw
ISL01053,2024-25,2025-02-09,Jamshedpur FC,Punjab FC,Jamshedpur,4-3-3,4-2-3-1,7.47,6.74,7.09,7.08,37.9,21.8,59.0,33.5,7,12,6,14,2,1,2,1,3,1,2,2,49.9,33.4,33.8,18.8,2,1,Humid,Average,Day,1.3,5.8,6.2,6.91,4,0,2.4,5,7,8.3,23.0,,0.45,0.45,-21.1,0.642372772479191,-11.7,-9.400000000000002,0.3799999999999999,-0.33999999999999986,0.020000000000000462,-4.5,-0.71,-2,4,-14.7,0.0,1,1,-2,0,0,1,-1,16.1,14.599999999999998,0.4545,0.3837,0.07080000000000003,0.5052,0.3086,-0.2,1.0,-1.2,0.4375,0.1875,0.375,1,15,-14,Home_Win
ISL01054,2024-25,2025-02-10,Kerala Blasters,Mumbai City FC,Kochi,4-3-3,3-4-3,6.98,7.59,7.08,7.49,52.7,35.8,41.8,19.4,12,14,8,17,0,0,1,2,1,0,3,4,34.7,38.3,22.9,40.7,1,1,Overcast,Good,Night,6.5,7.2,6.44,7.19,2,2,5.8,8,7,29.5,15.9,,0.34,0.44,10.900000000000006,1.260765248620754,16.4,-5.499999999999993,-0.09999999999999964,0.09999999999999964,0.0,-0.7000000000000002,-0.75,1,0,13.6,-0.09999999999999998,0,4,-3,-1,-2,-2,-4,11.800000000000004,-2.4000000000000057,0.3818,0.386,-0.004200000000000037,0.4444,0.3976,-0.1,-0.1,0.0,0.5,0.1,0.4,2,4,-2,Home_Win
ISL01055,2024-25,2025-02-11,Bengaluru FC,East Bengal FC,Bengaluru,4-4-2,4-4-2,6.91,6.61,5.77,6.28,25.9,13.6,47.7,21.9,7,12,10,13,0,2,3,1,3,2,4,1,38.8,21.1,45.3,36.9,2,0,Rainy,Average,Night,7.3,5.9,7.28,8.43,1,2,9.2,10,4,20.9,11.9,,0.32,0.39,-21.800000000000004,0.5429768253717346,-8.299999999999999,-13.500000000000005,1.1400000000000006,0.33000000000000007,0.7349999999999994,1.3999999999999995,-1.1499999999999995,6,-1,8.999999999999998,-0.07,2,-3,-1,-3,1,-1,1,-6.5,-15.799999999999997,0.3693,0.3775,-0.008199999999999985,0.4111,0.2821,0.1,0.2,-0.1,0.25,0.5,0.25,6,12,-6,Draw
ISL01056,2024-25,2025-02-12,Odisha FC,Chennaiyin FC,Bhubaneswar,3-5-2,5-3-2,7.16,6.59,6.89,7.16,45.0,24.4,37.3,17.3,15,14,11,13,0,1,1,0,0,1,1,0,29.8,22.8,25.9,49.0,2,4,Overcast,Average,Night,7.8,5.2,9.08,5.62,1,2,5.9,9,2,16.4,18.1,,0.35,0.42,7.700000000000003,1.2064339929131387,7.099999999999998,0.600000000000005,0.27000000000000046,-0.5700000000000003,-0.15000000000000036,2.5999999999999996,3.46,7,-1,-1.7000000000000028,-0.07,-2,4,1,-1,1,-1,1,3.900000000000002,-26.2,0.3354,0.3118,0.023599999999999954,0.4444,0.2824,-0.7,-0.8,0.10000000000000009,0.2222,0.3889,0.3889,18,11,7,Home_Win
ISL01057,2024-25,2025-02-14,Punjab FC,ATK Mohun Bagan,Mohali,5-3-2,4-3-3,8.38,7.26,6.18,6.63,24.0,14.2,51.5,27.5,6,13,11,14,1,0,0,1,1,0,0,1,33.5,24.5,17.8,28.2,5,3,Humid,Good,Night,7.8,0.2,5.5,7.49,2,2,8.5,4,8,5.6,29.3,Home,0.42,0.46,-27.5,0.4660193269865384,-13.3,-14.2,2.200000000000001,0.6299999999999999,1.415000000000001,7.6,-1.9900000000000002,-4,0,-23.700000000000003,-0.040000000000000036,2,-5,-1,1,-1,1,-1,15.7,-3.6999999999999993,0.3815,0.3543,0.027200000000000002,0.4505,0.3069,0.5,0.2,0.3,0.2941,0.1765,0.5294,5,13,-8,Home_Win
ISL01058,2024-25,2025-02-16,Hyderabad FC,Jamshedpur FC,Hyderabad,4-4-2,4-4-2,5.82,8.26,7.3,7.26,28.4,13.3,72.5,49.5,8,17,8,9,0,0,3,1,1,0,4,2,31.0,23.9,48.8,30.6,4,2,Humid,Good,Night,3.6,1.1,7.7,5.62,1,3,2.2,7,8,9.6,22.2,Home,0.33,0.5,-44.1,0.3917240839001263,-36.2,-7.900000000000002,-1.4799999999999995,1.0,-0.23999999999999932,2.5,2.08,-1,-2,-12.6,-0.16999999999999998,2,0,8,-3,-1,-3,-2,-17.799999999999997,-6.700000000000003,0.3412,0.4574,-0.11619999999999997,0.4028,0.4,0.5,-0.1,0.6,0.2632,0.2632,0.4737,18,7,11,Home_Win
ISL01059,2024-25,2025-02-17,FC Goa,Punjab FC,Goa,3-5-2,4-2-3-1,6.78,6.64,6.84,7.18,62.9,28.7,46.1,24.5,14,11,7,19,4,0,1,4,4,0,1,4,50.2,25.1,44.2,51.1,0,1,Humid,Average,Night,6.3,9.7,9.05,5.15,2,2,1.4,5,7,24.7,27.2,Home,0.42,0.4,16.799999999999997,1.3644248667191177,4.199999999999999,12.600000000000001,-0.05999999999999961,-0.54,-0.2999999999999998,-3.3999999999999995,3.9000000000000004,-2,0,-2.5,0.019999999999999962,-1,7,-8,3,-4,3,-4,6.0,-26.0,0.3721,0.3851,-0.013000000000000012,0.3956,0.3049,0.1,0.4,-0.30000000000000004,0.3846,0.2308,0.3846,11,3,8,Draw
ISL01060,2024-25,2025-02-19,NorthEast United FC,Kerala Blasters,Guwahati,4-4-2,3-5-2,6.64,7.53,7.01,7.12,22.0,13.4,25.8,16.9,14,20,15,8,2,1,1,0,3,3,5,1,15.7,39.8,16.5,44.2,0,1,Humid,Poor,Night,1.3,7.1,5.46,7.48,0,4,9.4,7,8,26.7,8.1,,0.34,0.32,-3.8000000000000007,0.8527128477857179,-3.4999999999999982,-0.3000000000000025,-0.3700000000000001,0.41000000000000014,0.020000000000000462,-5.8,-2.0200000000000005,-1,-4,18.6,0.020000000000000018,-1,-1,12,1,1,-2,2,-0.8000000000000007,-4.400000000000006,0.3483,0.3855,-0.03720000000000001,0.4211,0.3214,-0.5,0.3,-0.8,0.2353,0.2941,0.4706,30,9,21,Away_Win
ISL01061,2024-25,2025-02-22,Punjab FC,Odisha FC,Mohali,4-3-3,4-2-3-1,7.79,7.68,7.07,7.25,40.6,22.0,53.8,32.9,7,11,9,10,0,2,4,2,1,2,6,2,17.4,47.2,30.7,26.5,1,1,Humid,Good,Night,3.3,3.3,7.68,7.56,3,2,7.9,8,12,22.4,6.2,,0.39,0.34,-13.199999999999996,0.7546466998797956,-10.899999999999999,-2.299999999999997,0.7199999999999998,0.4299999999999997,0.5749999999999993,0.0,0.1200000000000001,-4,1,16.2,0.04999999999999999,0,-2,1,-4,0,-5,0,-13.3,20.700000000000003,0.3829,0.3394,0.04350000000000004,0.4565,0.2289,0.2,-0.3,0.5,0.4545,0.2727,0.2727,5,10,-5,Draw
ISL01062,2024-25,2025-02-23,FC Goa,Hyderabad FC,Goa,4-4-2,4-2-3-1,6.75,8.0,6.58,6.88,14.0,6.6,29.3,18.3,16,9,9,16,0,2,0,0,1,2,2,2,46.6,50.1,23.2,26.4,1,1,Humid,Good,Night,8.1,6.8,7.67,6.08,0,3,2.9,3,7,11.8,14.9,,0.45,0.31,-15.3,0.47781553658172815,-11.700000000000001,-3.5999999999999996,0.16999999999999993,1.12,0.6449999999999996,1.2999999999999998,1.5899999999999999,-4,-3,-3.0999999999999996,0.14,0,7,-7,0,2,-1,0,23.400000000000002,23.700000000000003,0.3699,0.345,0.024900000000000033,0.3913,0.2959,0.1,0.8,-0.7000000000000001,0.1,0.5,0.4,6,7,-1,Home_Win
ISL01063,2024-25,2025-02-24,FC Goa,Hyderabad FC,Goa,4-3-3,4-2-3-1,6.77,6.78,7.74,6.85,70.0,36.5,45.8,28.1,8,12,10,11,1,1,3,0,1,1,3,2,20.9,17.8,53.8,27.2,1,1,Rainy,Average,Night,4.2,5.3,6.72,7.01,1,3,7.5,6,7,22.9,28.1,,0.47,0.5,24.200000000000003,1.5283839457676973,8.399999999999999,15.800000000000004,-0.9700000000000006,-0.0699999999999994,-0.5199999999999996,-1.0999999999999996,-0.29000000000000004,-1,-2,-5.200000000000003,-0.030000000000000027,0,-2,1,-2,1,-2,-1,-32.9,-9.399999999999999,0.3736,0.343,0.03059999999999996,0.3978,0.2929,0.4,0.3,0.10000000000000003,0.1818,0.4545,0.3636,1,1,0,Draw
ISL01064,2024-25,2025-02-25,Punjab FC,Kerala Blasters,Mohali,3-4-3,3-5-2,6.66,6.74,6.62,6.6,40.6,25.3,62.6,31.3,9,17,15,9,1,4,0,1,1,5,0,1,30.0,41.9,39.2,49.3,0,1,Rainy,Average,Night,8.8,9.2,6.62,8.89,3,0,6.3,8,11,13.5,11.1,,0.45,0.39,-22.0,0.648562196715304,-6.0,-16.0,0.040000000000000036,0.14000000000000057,0.09000000000000075,-0.3999999999999986,-2.2700000000000005,-3,3,2.4000000000000004,0.06,-1,-6,8,1,3,1,4,-9.200000000000003,-7.399999999999999,0.3807,0.3892,-0.008500000000000008,0.4516,0.3294,0.2,0.6,-0.39999999999999997,0.625,0.25,0.125,3,6,-3,Home_Win
ISL01065,2024-25,2025-02-25,Bengaluru FC,ATK Mohun Bagan,Bengaluru,3-4-3,5-3-2,7.36,7.04,7.09,6.91,35.6,22.8,59.0,39.4,9,10,9,14,3,2,1,1,3,4,1,1,29.2,39.8,48.7,52.1,1,0,Clear,Good,Night,0.2,2.5,5.2,6.05,1,2,5.8,8,7,22.5,18.7,,0.3,0.37,-23.4,0.6033897282390291,-16.599999999999998,-6.800000000000001,0.27000000000000046,0.1299999999999999,0.20000000000000018,-2.3,-0.8499999999999996,1,-1,3.8000000000000007,-0.07,1,0,-4,2,1,2,3,-19.500000000000004,-12.300000000000004,0.3672,0.3523,0.014900000000000024,0.4066,0.3039,0.2,-0.3,0.5,0.4,0.3333,0.2667,14,11,3,Draw
ISL01066,2024-25,2025-02-26,Mumbai City FC,Hyderabad FC,Mumbai,4-2-3-1,4-2-3-1,6.62,6.84,7.44,7.54,54.6,31.5,14.8,8.2,8,19,15,11,0,2,0,0,0,3,2,1,21.4,37.4,32.5,25.9,0,0,Humid,Good,Night,3.4,8.1,6.46,5.33,2,2,1.9,4,5,17.4,21.7,Home,0.46,0.46,39.8,3.6891866964954754,23.3,16.5,-0.8200000000000003,-0.7000000000000002,-0.7599999999999998,-4.699999999999999,1.13,-1,0,-4.300000000000001,0.0,0,-7,8,0,2,-2,2,-11.100000000000001,11.5,0.3837,0.341,0.04269999999999996,0.375,0.29,-0.4,0.2,-0.6000000000000001,0.4286,0.2381,0.3333,16,2,14,Home_Win
ISL01067,2024-25,2025-02-26,Kerala Blasters,Chennaiyin FC,Kochi,5-3-2,4-3-3,6.69,8.22,7.52,7.56,20.9,10.6,36.6,25.0,8,10,10,17,4,2,1,1,4,2,2,2,52.7,24.3,43.9,38.3,3,1,Humid,Good,Night,6.9,3.3,6.74,7.31,3,0,1.9,10,1,22.1,7.8,,0.4,0.34,-15.700000000000003,0.5710380953447826,-14.4,-1.3000000000000025,-0.8299999999999992,0.660000000000001,-0.08499999999999908,3.6000000000000005,-0.5699999999999994,9,3,14.3,0.06,2,-2,-7,3,1,2,0,8.800000000000004,-13.999999999999996,0.3869,0.3099,0.07700000000000001,0.4512,0.2791,0.0,-1.1,1.1,0.4167,0.25,0.3333,1,14,-13,Home_Win
ISL01068,2024-25,2025-02-26,Jamshedpur FC,Kerala Blasters,Jamshedpur,4-4-2,4-2-3-1,6.95,7.0,6.13,7.4,51.2,33.8,50.1,22.7,11,8,12,16,1,2,0,0,1,2,0,1,27.5,15.8,29.3,28.1,0,2,Overcast,Poor,Night,4.8,4.8,7.67,8.45,2,1,2.9,8,10,14.2,26.8,Away,0.34,0.34,1.1000000000000014,1.0219558838411409,11.099999999999998,-9.999999999999996,0.8200000000000003,-0.40000000000000036,0.20999999999999908,0.0,-0.7799999999999994,-2,1,-12.600000000000001,0.0,-2,-1,-8,1,2,1,1,-1.8000000000000007,-12.3,0.455,0.3905,0.0645,0.5102,0.3256,-0.2,0.2,-0.4,0.55,0.25,0.2,10,1,9,Away_Win
ISL01069,2024-25,2025-03-02,Kerala Blasters,FC Goa,Kochi,4-2-3-1,4-2-3-1,7.59,7.13,6.29,6.83,42.6,21.4,50.8,24.3,12,20,4,16,0,0,3,0,1,0,3,2,48.6,17.3,29.9,16.7,0,0,Rainy,Good,Day,9.4,1.1,5.53,5.85,3,2,9.5,12,6,17.0,7.8,,0.45,0.46,-8.199999999999996,0.8385825120900567,-2.900000000000002,-5.299999999999994,1.2999999999999998,0.2999999999999998,0.7999999999999989,8.3,-0.3199999999999994,6,1,9.2,-0.010000000000000009,0,8,4,-3,0,-2,-2,18.700000000000003,0.6000000000000014,0.3941,0.3714,0.022699999999999998,0.4578,0.3457,0.6,0.2,0.39999999999999997,0.3478,0.1304,0.5217,4,6,-2,Home_Win
ISL01070,2024-25,2025-03-04,Odisha FC,Kerala Blasters,Bhubaneswar,4-3-3,3-5-2,6.79,6.13,7.58,7.58,33.2,21.2,59.8,28.9,6,11,7,16,4,1,1,0,4,1,4,0,27.1,20.8,32.0,34.4,1,1,Overcast,Good,Night,7.1,5.4,6.68,5.47,2,2,2.0,10,12,10.3,22.8,,0.42,0.37,-26.599999999999994,0.555183853648185,-7.699999999999999,-18.899999999999995,-0.79,-1.4500000000000002,-1.12,1.6999999999999993,1.21,-2,0,-12.5,0.04999999999999999,0,-1,-5,3,1,0,1,-4.899999999999999,-13.599999999999998,0.3373,0.3977,-0.06040000000000001,0.4512,0.3333,-0.1,0.6,-0.7,0.3333,0.2222,0.4444,10,2,8,Away_Win
ISL01071,2024-25,2025-03-04,FC Goa,Bengaluru FC,Goa,5-3-2,4-4-2,6.64,7.84,6.61,6.59,54.8,26.8,57.3,36.2,9,11,9,8,2,1,3,1,2,1,4,2,17.3,48.8,30.7,32.6,2,1,Overcast,Good,Night,8.1,1.3,7.98,7.35,0,4,9.5,6,8,7.1,23.6,Both,0.34,0.32,-2.5,0.956369815642266,-9.400000000000002,6.900000000000002,0.02999999999999936,1.25,0.6400000000000006,6.8,0.6300000000000008,-2,-4,-16.5,0.020000000000000018,1,0,3,-1,0,-2,-1,-13.399999999999999,16.199999999999996,0.3693,0.3652,0.0040999999999999925,0.3936,0.3256,0.0,0.4,-0.4,0.2222,0.2778,0.5,2,7,-5,Away_Win
ISL01072,2024-25,2025-03-06,ATK Mohun Bagan,Hyderabad FC,Kolkata,3-4-3,5-3-2,7.05,6.03,5.99,7.64,46.1,31.5,37.4,17.8,8,12,9,6,2,1,2,4,2,1,3,4,22.8,23.3,20.7,23.5,1,2,Clear,Good,Night,7.2,2.8,5.21,5.09,3,2,8.4,8,5,23.8,26.0,,0.43,0.46,8.700000000000003,1.232619991278077,13.7,-4.9999999999999964,1.0599999999999996,-1.6099999999999994,-0.27499999999999947,4.4,0.1200000000000001,3,1,-2.1999999999999993,-0.030000000000000027,-1,-1,6,0,-3,-1,-3,2.1000000000000014,-0.1999999999999993,0.3503,0.3391,0.011199999999999988,0.4189,0.2871,-0.1,-0.2,0.1,0.5,0.1875,0.3125,9,8,1,Away_Win
ISL01073,2024-25,2025-03-06,Odisha FC,Hyderabad FC,Bhubaneswar,3-4-3,4-4-2,6.78,7.59,6.18,7.21,36.1,23.2,60.3,33.6,12,12,10,18,1,0,0,1,2,0,1,2,16.9,15.7,42.0,54.1,1,1,Overcast,Good,Night,8.1,7.5,5.77,4.44,3,2,9.2,7,7,20.9,12.1,,0.46,0.43,-24.199999999999996,0.5986732008833829,-10.400000000000002,-13.799999999999994,0.6000000000000005,0.3799999999999999,0.4900000000000002,0.5999999999999996,1.3299999999999992,0,1,8.799999999999999,0.030000000000000027,0,2,-6,1,-1,1,-2,-25.1,-38.400000000000006,0.3353,0.3429,-0.007599999999999996,0.4458,0.2941,-0.4,-0.1,-0.30000000000000004,0.4,0.3,0.3,2,1,1,Draw
ISL01074,2024-25,2025-03-09,Mumbai City FC,Jamshedpur FC,Mumbai,4-4-2,3-4-3,6.35,7.82,7.92,5.77,51.2,29.5,20.3,11.7,9,15,8,16,0,4,2,1,0,5,2,1,28.9,40.5,37.1,53.9,0,3,Overcast,Average,Night,2.9,5.6,5.37,6.57,1,2,3.7,4,7,26.4,20.3,Both,0.46,0.34,30.900000000000002,2.522166245238303,17.8,13.100000000000001,-1.5700000000000003,2.0500000000000007,0.2400000000000002,-2.6999999999999997,-1.2000000000000002,-3,-1,6.099999999999998,0.12,-3,1,-1,-2,3,-2,4,-8.200000000000003,-13.399999999999999,0.3873,0.4526,-0.06530000000000002,0.382,0.3956,0.2,-0.5,0.7,0.1333,0.2,0.6667,11,11,0,Draw
ISL01075,2024-25,2025-03-11,Bengaluru FC,NorthEast United FC,Bengaluru,3-5-2,4-3-3,7.2,5.61,6.39,7.44,42.5,23.7,54.7,31.6,7,19,3,11,1,1,1,0,3,1,2,0,46.2,24.5,34.8,33.3,2,2,Clear,Average,Night,4.0,0.8,8.25,7.03,2,1,2.5,8,7,6.8,29.1,,0.49,0.37,-12.200000000000003,0.7769651230411109,-7.900000000000002,-4.300000000000001,0.8100000000000005,-1.83,-0.5099999999999998,3.2,1.2199999999999998,1,1,-22.3,0.12,0,4,8,0,1,1,1,11.400000000000006,-8.799999999999997,0.3687,0.3464,0.022300000000000042,0.4022,0.2941,0.3,-0.7,1.0,0.3077,0.3077,0.3846,7,20,-13,Home_Win
ISL01076,2024-25,2025-03-11,East Bengal FC,Chennaiyin FC,Kolkata,4-3-3,3-4-3,7.25,6.81,5.56,7.18,36.5,21.7,47.2,24.7,8,16,12,9,3,2,1,0,4,3,4,0,44.8,54.5,46.6,47.6,1,1,Overcast,Good,Night,5.3,0.6,7.03,7.38,1,4,7.3,5,1,7.5,24.9,Away,0.48,0.36,-10.700000000000003,0.7733049209099743,-3.0,-7.700000000000003,1.6900000000000004,-0.3700000000000001,0.6600000000000001,4.7,-0.34999999999999964,4,-3,-17.4,0.12,0,-4,7,2,2,0,3,-1.8000000000000043,6.899999999999999,0.3756,0.3081,0.0675,0.4365,0.2759,-0.1,-1.0,0.9,0.1818,0.1818,0.6364,28,13,15,Away_Win
ISL01077,2024-25,2025-03-12,Punjab FC,FC Goa,Mohali,4-4-2,4-2-3-1,6.06,6.57,6.54,7.32,46.3,28.5,30.0,20.1,12,11,9,16,5,1,4,2,5,1,5,2,27.3,35.1,19.2,34.2,1,1,Overcast,Average,Night,3.6,7.4,8.62,7.11,2,1,8.7,8,5,10.0,11.6,Home,0.43,0.45,16.299999999999997,1.5433328188890603,8.399999999999999,7.899999999999999,-0.4800000000000004,-0.75,-0.6150000000000002,-3.8000000000000003,1.509999999999999,3,1,-1.5999999999999996,-0.020000000000000018,0,3,-5,1,-1,0,-1,8.100000000000001,0.8999999999999986,0.3842,0.3672,0.01699999999999996,0.4574,0.3415,0.1,-0.2,0.30000000000000004,0.3571,0.2857,0.3571,15,8,7,Draw
ISL01078,2024-25,2025-03-14,Punjab FC,Odisha FC,Mohali,4-3-3,3-5-2,5.7,6.04,7.34,6.43,20.1,11.8,61.0,34.4,8,15,7,16,1,0,1,1,1,0,2,1,38.6,47.8,27.8,16.4,0,1,Overcast,Good,Night,7.2,8.8,6.23,6.85,2,2,3.3,9,5,20.1,9.6,Home,0.46,0.44,-40.9,0.3295081427035832,-22.599999999999998,-18.3,-1.6399999999999997,-0.3899999999999997,-1.0149999999999997,-1.6000000000000005,-0.6199999999999992,4,0,10.500000000000002,0.020000000000000018,-1,1,-1,0,-1,-1,-1,10.8,31.4,0.382,0.3333,0.04870000000000002,0.4526,0.2262,0.0,-0.2,0.2,0.4167,0.3333,0.25,2,8,-6,Home_Win
ISL01079,2024-25,2025-03-15,ATK Mohun Bagan,East Bengal FC,Kolkata,4-4-2,4-2-3-1,6.64,6.55,7.16,6.44,30.0,18.7,37.9,18.7,12,14,7,9,3,0,1,1,3,1,2,1,26.2,29.9,50.7,50.1,0,0,Rainy,Good,Day,7.8,8.9,9.5,6.74,1,4,3.7,7,4,6.8,16.4,,0.34,0.31,-7.899999999999999,0.791556519378227,0.0,-7.899999999999999,-0.5200000000000005,0.10999999999999943,-0.20500000000000096,-1.1000000000000005,2.76,3,-3,-9.599999999999998,0.030000000000000027,0,5,5,2,-1,1,0,-24.500000000000004,-20.200000000000003,0.3483,0.3738,-0.025500000000000023,0.4133,0.2785,-0.2,0.1,-0.30000000000000004,0.125,0.3125,0.5625,9,4,5,Home_Win
ISL01080,2024-25,2025-03-18,Chennaiyin FC,Odisha FC,Chennai,3-5-2,3-4-3,7.74,7.16,5.85,7.85,23.2,10.9,70.7,41.7,6,13,8,12,1,1,2,2,3,2,3,3,31.2,52.3,52.8,31.0,0,0,Humid,Average,Night,0.8,1.9,7.05,5.09,2,2,4.9,4,5,5.7,20.7,Home,0.48,0.31,-47.5,0.32814705401031763,-30.800000000000004,-16.700000000000003,1.8900000000000006,-0.6899999999999995,0.6000000000000005,-1.0999999999999999,1.96,-1,0,-15.0,0.16999999999999998,0,-2,1,-1,-1,0,-1,-21.599999999999998,21.299999999999997,0.3121,0.3314,-0.019299999999999984,0.3412,0.2235,-0.8,-0.2,-0.6000000000000001,0.3684,0.3684,0.2632,7,4,3,Draw
ISL01081,2024-25,2025-03-19,Mumbai City FC,FC Goa,Mumbai,3-5-2,3-4-3,6.68,6.35,7.2,7.26,59.4,32.9,43.2,20.7,9,16,10,10,4,0,0,1,5,0,2,1,42.6,40.9,41.0,52.3,1,2,Clear,Good,Night,7.2,1.0,7.13,6.26,0,2,7.6,5,5,12.3,19.9,,0.41,0.38,16.199999999999996,1.3749996817130363,12.2,3.9999999999999964,-0.5200000000000005,-0.9100000000000001,-0.7150000000000007,6.2,0.8700000000000001,0,-2,-7.599999999999998,0.02999999999999997,-1,-1,6,4,-1,3,-1,1.6000000000000014,-11.399999999999999,0.3851,0.3652,0.019899999999999973,0.3778,0.3373,-0.1,-0.3,0.19999999999999998,0.2222,0.5556,0.2222,10,7,3,Draw
ISL01082,2024-25,2025-03-21,East Bengal FC,NorthEast United FC,Kolkata,4-4-2,4-4-2,5.08,7.08,6.42,7.69,30.9,19.7,32.6,20.1,14,12,16,13,2,1,3,1,4,2,3,1,35.1,38.9,44.4,26.7,1,2,Overcast,Good,Night,2.6,6.5,6.31,7.41,2,1,8.9,4,4,5.9,24.0,,0.47,0.36,-1.7000000000000028,0.9478524699839047,-0.40000000000000213,-1.3000000000000007,-1.3399999999999999,-0.6100000000000003,-0.9749999999999996,-3.9,-1.1000000000000005,0,1,-18.1,0.10999999999999999,-1,-2,-1,-1,0,1,1,-9.299999999999997,12.2,0.372,0.3444,0.027600000000000013,0.4331,0.2913,-0.1,-0.9,0.8,0.3478,0.3478,0.3043,6,10,-4,Away_Win
ISL01083,2024-25,2025-03-25,FC Goa,ATK Mohun Bagan,Goa,3-5-2,3-5-2,6.85,7.94,6.68,7.22,47.6,26.6,70.4,34.7,9,11,5,19,2,2,0,0,3,2,0,1,27.5,27.4,27.3,17.8,2,0,Humid,Poor,Night,4.4,6.1,7.9,7.91,4,1,2.1,3,7,10.5,27.8,,0.37,0.3,-22.800000000000004,0.6761362675942801,-8.100000000000001,-14.700000000000003,0.16999999999999993,0.7200000000000006,0.4450000000000003,-1.6999999999999993,-0.009999999999999787,-4,3,-17.3,0.07,2,4,-8,2,2,3,1,0.1999999999999993,9.599999999999998,0.3631,0.352,0.011099999999999999,0.3895,0.301,0.0,0.3,-0.3,0.55,0.15,0.3,6,10,-4,Home_Win
ISL01084,2024-25,2025-03-26,Punjab FC,Mumbai City FC,Mohali,5-3-2,3-4-3,7.43,7.71,7.98,7.7,30.3,21.0,51.5,34.6,9,20,7,11,2,1,5,0,3,1,5,0,27.9,52.6,18.3,42.3,1,1,Humid,Good,Night,0.7,7.8,8.95,8.36,1,2,9.4,9,6,14.5,15.0,,0.38,0.39,-21.2,0.5883494003205048,-13.600000000000001,-7.599999999999998,-0.5500000000000007,0.009999999999999787,-0.2699999999999996,-7.1,0.5899999999999999,3,-1,-0.5,-0.010000000000000009,0,2,9,-3,1,-2,1,9.599999999999998,10.300000000000004,0.3855,0.3829,0.002599999999999991,0.4583,0.3929,0.3,0.0,0.3,0.3333,0.4,0.2667,12,7,5,Home_Win
ISL01085,2024-25,2025-03-27,NorthEast United FC,Kerala Blasters,Guwahati,5-3-2,4-4-2,6.43,6.7,7.66,6.88,43.3,25.3,72.2,33.9,3,12,7,18,0,3,4,0,0,4,5,1,54.0,17.3,40.3,22.5,2,0,Overcast,Average,Night,2.7,1.4,7.93,6.57,0,4,2.4,7,12,21.7,11.0,Home,0.49,0.47,-28.900000000000006,0.5997229086256358,-8.599999999999998,-20.300000000000008,-1.2300000000000004,-0.17999999999999972,-0.7050000000000001,1.3000000000000003,1.3599999999999994,-5,-4,10.7,0.020000000000000018,2,-4,-6,-4,3,-5,3,13.700000000000003,-5.199999999999999,0.3481,0.4012,-0.05309999999999998,0.4156,0.3409,-0.6,0.9,-1.5,0.2222,0.2778,0.5,6,23,-17,Home_Win
ISL01086,2024-25,2025-03-28,FC Goa,Kerala Blasters,Goa,3-4-3,4-3-3,7.62,6.4,6.05,6.63,73.7,38.9,50.0,26.4,6,12,12,18,2,0,1,1,2,1,1,1,15.1,33.3,30.7,27.0,1,1,Rainy,Good,Night,7.8,0.4,5.97,8.33,2,3,6.9,5,12,22.5,13.8,,0.43,0.39,23.700000000000003,1.4739997052000589,12.5,11.200000000000003,1.5700000000000003,-0.22999999999999954,0.6699999999999999,7.3999999999999995,-2.3600000000000003,-7,-1,8.7,0.03999999999999998,0,-6,-6,1,-1,1,0,-15.6,6.299999999999997,0.3667,0.3988,-0.03209999999999996,0.3958,0.3371,0.1,0.8,-0.7000000000000001,0.5,0.125,0.375,3,1,2,Draw
ISL01087,2024-25,2025-03-30,Chennaiyin FC,Jamshedpur FC,Chennai,3-4-3,4-2-3-1,6.92,5.9,7.13,7.08,51.4,34.6,42.1,21.2,8,8,8,11,2,2,1,0,2,4,1,0,51.2,19.8,41.2,18.3,3,0,Rainy,Good,Night,2.5,6.5,5.99,6.84,1,1,2.7,5,5,20.9,9.9,,0.41,0.32,9.299999999999997,1.2209023228260514,13.400000000000002,-4.100000000000005,-0.20999999999999996,-1.1799999999999997,-0.6950000000000003,-4.0,-0.8499999999999996,0,0,10.999999999999998,0.08999999999999997,3,0,-3,1,2,1,4,10.0,1.5,0.3103,0.4503,-0.13999999999999996,0.3372,0.3913,-0.9,-0.1,-0.8,0.25,0.3125,0.4375,12,21,-9,Home_Win
ISL01088,2024-25,2025-04-01,NorthEast United FC,Punjab FC,Guwahati,4-2-3-1,4-2-3-1,6.95,6.95,6.3,7.05,48.3,26.8,61.0,36.1,9,14,9,16,2,0,5,1,3,0,5,2,22.8,53.6,37.7,37.3,4,1,Clear,Good,Night,0.6,9.2,6.76,9.1,3,2,6.5,7,11,16.3,16.1,,0.48,0.46,-12.700000000000003,0.7918031488847296,-9.3,-3.400000000000002,0.6500000000000004,-0.09999999999999964,0.27500000000000036,-8.6,-2.34,-4,1,0.1999999999999993,0.019999999999999962,3,0,-2,-3,-1,-2,-2,-14.900000000000002,16.300000000000004,0.3516,0.3889,-0.0373,0.4231,0.3012,-0.6,0.5,-1.1,0.3333,0.2,0.4667,5,6,-1,Away_Win
ISL01089,2024-25,2025-04-03,Jamshedpur FC,East Bengal FC,Jamshedpur,5-3-2,3-5-2,6.68,7.01,6.52,6.5,51.3,30.1,59.9,33.0,11,13,9,14,3,1,2,1,4,3,3,1,36.6,27.9,50.6,32.8,2,2,Overcast,Average,Night,4.5,3.3,7.45,6.24,3,1,2.7,4,4,26.9,9.4,,0.42,0.49,-8.600000000000001,0.8564272359887752,-2.8999999999999986,-5.700000000000003,0.16000000000000014,0.5099999999999998,0.33499999999999996,1.2000000000000002,1.21,0,2,17.5,-0.07,0,2,-1,1,0,1,2,-14.0,-4.899999999999999,0.4479,0.3702,0.07770000000000005,0.5051,0.275,-0.7,-0.4,-0.29999999999999993,0.5,0.125,0.375,4,13,-9,Home_Win
ISL01090,2024-25,2025-04-05,East Bengal FC,Mumbai City FC,Kolkata,4-3-3,4-2-3-1,7.53,7.64,5.87,8.47,46.3,28.3,63.5,35.8,11,12,11,5,5,0,3,0,7,0,3,1,52.8,46.2,27.4,17.4,0,1,Clear,Good,Night,5.9,1.7,6.83,4.9,3,1,6.1,1,5,16.2,14.9,,0.47,0.42,-17.200000000000003,0.7291337434435049,-7.4999999999999964,-9.700000000000006,1.6600000000000001,-0.830000000000001,0.41500000000000004,4.2,1.9299999999999997,-4,2,1.299999999999999,0.04999999999999999,-1,0,7,2,0,4,-1,25.4,28.800000000000004,0.3684,0.3807,-0.012299999999999978,0.4297,0.3882,-0.7,-0.1,-0.6,0.4737,0.1579,0.3684,2,10,-8,Draw
ISL01091,2024-25,2025-04-05,Bengaluru FC,Chennaiyin FC,Bengaluru,4-4-2,4-4-2,6.98,6.77,5.67,6.59,50.9,33.8,41.6,23.4,10,11,8,15,2,1,1,2,2,2,1,2,41.1,25.1,40.3,53.1,1,1,Humid,Average,Night,3.6,6.4,7.44,6.31,2,2,9.3,11,7,23.9,14.6,,0.35,0.43,9.299999999999997,1.2235573981833177,10.399999999999999,-1.1000000000000014,1.3100000000000005,0.17999999999999972,0.7450000000000001,-2.8000000000000003,1.1300000000000008,4,0,9.299999999999999,-0.08000000000000002,0,2,-4,1,-1,1,0,0.8000000000000043,-28.0,0.3722,0.3143,0.05789999999999995,0.4086,0.2841,0.8,-0.5,1.3,0.2667,0.3333,0.4,25,6,19,Home_Win
ISL01092,2024-25,2025-04-06,Punjab FC,Bengaluru FC,Mohali,4-2-3-1,4-3-3,6.42,6.79,7.39,7.75,61.6,30.9,47.3,28.5,8,16,4,9,0,0,1,0,0,0,1,0,25.3,50.7,16.5,29.0,1,1,Humid,Poor,Night,0.9,2.3,6.92,6.7,2,1,6.3,13,11,28.6,8.7,,0.47,0.38,14.300000000000004,1.3023253060623032,2.3999999999999986,11.900000000000006,-0.9699999999999998,-0.96,-0.9649999999999999,-1.4,0.21999999999999975,2,1,19.900000000000002,0.08999999999999997,0,4,7,-1,0,-1,0,8.8,21.700000000000003,0.3923,0.3757,0.016600000000000004,0.4639,0.3333,0.7,0.9,-0.20000000000000007,0.2222,0.4444,0.3333,5,1,4,Home_Win
ISL01093,2024-25,2025-04-06,East Bengal FC,ATK Mohun Bagan,Kolkata,3-5-2,4-2-3-1,7.32,8.28,5.48,6.59,55.9,37.4,50.2,25.9,13,10,3,16,1,1,4,1,1,1,5,2,51.5,25.3,46.2,39.4,1,0,Humid,Poor,Night,5.2,0.7,7.12,8.37,3,2,8.9,1,4,17.5,22.3,,0.34,0.3,5.699999999999996,1.1135455949112358,11.5,-5.800000000000004,1.8399999999999999,1.6899999999999995,1.7649999999999997,4.5,-1.2499999999999991,-3,1,-4.800000000000001,0.040000000000000036,1,10,-6,-3,0,-4,-1,5.299999999999997,-14.099999999999998,0.3667,0.35,0.016700000000000048,0.4264,0.2981,-0.6,0.1,-0.7,0.5294,0.2941,0.1765,1,12,-11,Draw
ISL01094,2024-25,2025-04-06,Odisha FC,Hyderabad FC,Bhubaneswar,3-4-3,3-4-3,6.48,6.91,7.02,6.62,49.0,29.1,28.4,15.1,10,14,11,16,0,2,1,1,1,3,3,2,36.0,46.4,41.4,44.1,2,4,Clear,Good,Day,8.8,6.1,9.41,6.99,2,2,7.9,3,5,9.6,22.0,,0.33,0.46,20.6,1.725351505157921,14.000000000000002,6.6,-0.5399999999999991,0.29000000000000004,-0.125,2.700000000000001,2.42,-2,0,-12.4,-0.13,-2,-1,-2,-1,1,-2,1,-5.399999999999999,2.299999999999997,0.3294,0.3409,-0.011499999999999955,0.4405,0.2913,0.2,-0.3,0.5,0.3636,0.3636,0.2727,19,30,-11,Home_Win
ISL01095,2024-25,2025-04-08,Mumbai City FC,ATK Mohun Bagan,Mumbai,4-3-3,5-3-2,6.99,7.38,6.59,6.84,35.3,19.1,44.1,22.7,12,12,7,9,0,1,3,1,1,2,3,1,36.8,16.2,24.3,18.0,1,0,Rainy,Good,Night,6.5,1.0,6.22,7.55,3,2,8.7,6,5,28.9,17.8,,0.4,0.45,-8.800000000000004,0.8004533332305366,-3.599999999999998,-5.200000000000006,0.40000000000000036,0.54,0.47000000000000064,5.5,-1.33,1,1,11.099999999999998,-0.04999999999999999,1,5,3,-3,0,-2,1,12.499999999999996,-1.8000000000000007,0.3785,0.3481,0.030399999999999983,0.3736,0.2952,-0.3,0.1,-0.4,0.625,0.0,0.375,3,2,1,Away_Win
ISL01096,2024-25,2025-04-10,NorthEast United FC,East Bengal FC,Guwahati,3-4-3,3-5-2,6.9,7.89,5.73,6.27,38.4,20.5,61.8,30.0,8,13,8,17,0,1,5,2,4,2,6,2,38.2,50.7,30.9,54.1,2,2,Overcast,Average,Night,3.6,0.1,7.95,8.3,2,2,8.3,6,2,25.3,13.8,,0.31,0.33,-23.4,0.6213591227574234,-9.5,-13.899999999999999,1.17,1.62,1.3949999999999996,3.5,-0.35000000000000053,4,0,11.5,-0.020000000000000018,0,0,-4,-5,-1,-2,0,7.300000000000004,-3.3999999999999986,0.3497,0.3649,-0.015199999999999991,0.4177,0.2716,-0.8,-0.6,-0.20000000000000007,0.3333,0.3333,0.3333,9,4,5,Home_Win
ISL01097,2024-25,2025-04-11,Punjab FC,Jamshedpur FC,Mohali,5-3-2,4-2-3-1,6.1,8.89,6.25,7.83,63.5,44.2,27.6,16.7,9,9,4,15,3,2,1,0,3,2,1,0,17.0,33.4,31.4,17.9,1,1,Overcast,Good,Day,0.1,0.3,5.91,6.85,0,4,6.9,13,4,28.2,8.2,,0.39,0.41,35.9,2.300723804085578,27.500000000000004,8.399999999999995,-0.15000000000000036,1.0600000000000005,0.45500000000000007,-0.19999999999999998,-0.9399999999999995,9,-4,20.0,-0.019999999999999962,0,5,-6,2,2,2,2,-14.399999999999999,15.5,0.3956,0.4508,-0.05519999999999997,0.4694,0.3871,0.6,-0.4,1.0,0.3529,0.1765,0.4706,5,8,-3,Home_Win
ISL01098,2024-25,2025-04-18,Bengaluru FC,Chennaiyin FC,Bengaluru,4-3-3,3-5-2,6.41,6.98,6.03,6.33,40.9,28.1,51.5,35.2,7,15,12,16,1,3,0,1,1,3,1,1,42.0,53.6,50.9,21.0,1,1,Humid,Good,Night,3.6,9.9,8.14,3.79,3,2,1.7,10,7,12.3,15.5,,0.46,0.44,-10.600000000000001,0.7941746030728926,-7.100000000000001,-3.5,0.3799999999999999,0.6500000000000004,0.5150000000000006,-6.300000000000001,4.3500000000000005,3,1,-3.1999999999999993,0.020000000000000018,0,-5,-1,1,2,0,2,-8.899999999999999,32.6,0.3736,0.3125,0.06109999999999999,0.4149,0.2809,0.6,-0.7,1.2999999999999998,0.3125,0.3125,0.375,12,13,-1,Home_Win
ISL01099,2024-25,2025-04-18,Chennaiyin FC,ATK Mohun Bagan,Chennai,4-3-3,3-5-2,6.23,6.96,6.34,6.9,48.4,28.4,56.5,38.3,9,13,10,19,5,2,0,1,5,3,0,1,21.3,45.0,24.1,21.7,1,0,Rainy,Good,Night,7.2,1.8,6.12,7.16,1,3,5.9,7,7,28.3,24.3,,0.45,0.47,-8.100000000000001,0.8566370165244218,-9.899999999999999,1.7999999999999972,-0.10999999999999943,0.05999999999999961,-0.024999999999999467,5.4,-1.04,0,-2,4.0,-0.019999999999999962,1,-1,-6,5,1,5,2,-2.8000000000000007,23.3,0.3107,0.3516,-0.04090000000000005,0.3448,0.3019,-0.6,0.3,-0.8999999999999999,0.3125,0.1875,0.5,1,10,-9,Away_Win
ISL01100,2024-25,2025-04-19,Bengaluru FC,FC Goa,Bengaluru,4-3-3,3-4-3,6.7,6.97,6.61,7.84,47.9,25.7,64.9,44.9,9,16,8,12,3,0,2,0,5,3,2,0,26.5,44.6,25.4,41.8,2,1,Rainy,Poor,Night,2.5,2.6,7.27,7.0,4,0,3.9,12,6,18.0,16.3,,0.4,0.36,-17.000000000000007,0.738058437895464,-19.2,2.199999999999992,0.08999999999999986,-0.8700000000000001,-0.3899999999999997,-0.10000000000000009,0.2699999999999996,6,4,1.6999999999999993,0.040000000000000036,1,1,4,1,0,3,3,1.1000000000000014,2.8000000000000043,0.377,0.3646,0.012400000000000022,0.4211,0.3333,0.7,0.2,0.49999999999999994,0.5263,0.2632,0.2105,1,22,-21,Home_Win
