Match_ID,Season,Match_Date,Home_Team,Away_Team,Venue_City,Home_Formation,Away_Formation,Home_Possession_Pct,Away_Possession_Pct,Home_Shots_On_Target,Away_Shots_On_Target,Home_Goals,Away_Goals,Home_Foreign_Goal_Contribution,Home_Indian_Goal_Contribution,Away_Foreign_Goal_Contribution,Away_Indian_Goal_Contribution,Home_Corners,Away_Corners,Home_Yellow_Cards,Away_Yellow_Cards,Home_Red_Cards,Away_Red_Cards,Home_Indian_Player_Rating_Avg,Home_Foreign_Player_Rating_Avg,Away_Indian_Player_Rating_Avg,Away_Foreign_Player_Rating_Avg,Home_Squad_Market_Value_Cr,Home_Foreign_Player_Market_Value_Cr,Away_Squad_Market_Value_Cr,Away_Foreign_Player_Market_Value_Cr,Home_Foreign_Clearances_Tackles,Home_Indian_Clearances_Tackles,Away_Foreign_Clearances_Tackles,Away_Indian_Clearances_Tackles,Home_Foreign_Big_Chances_Created,Home_Indian_Big_Chances_Created,Away_Foreign_Big_Chances_Created,Away_Indian_Big_Chances_Created,Home_Foreign_Big_Chances_Missed,Home_Indian_Big_Chances_Missed,Away_Foreign_Big_Chances_Missed,Away_Indian_Big_Chances_Missed,Home_Foreign_Interception_Rate,Home_Indian_Interception_Rate,Away_Foreign_Interception_Rate,Away_Indian_Interception_Rate,Home_Injury_Count,Away_Injury_Count,Weather_Condition,Pitch_Condition,Match_Condition,Home_Fatigue_Index,Away_Fatigue_Index,Home_Team_Chemistry_Score,Away_Team_Chemistry_Score,H2H_Home_Wins_Last5,H2H_Away_Wins_Last5,Referee_Strictness_Index,Home_Recent_Form_Pts,Away_Recent_Form_Pts,Home_Set_Piece_Conversion_Pct,Away_Set_Piece_Conversion_Pct,Key_Player_Missing_Side,Home_Foreign_Player_Ratio,Away_Foreign_Player_Ratio,Match_Result,Home_Points,Away_Points
ISL00001,2015-16,2015-10-02,ATK Mohun Bagan,Kerala Blasters,Kolkata,4-4-2,3-5-2,54.0,46.0,4,5,1,1,0,1,0,1,4,6,6,1,0,0,6.72,7.49,7.71,6.96,42.2,19.8,64.0,44.4,8,11,9,11,5,2,3,1,5,2,4,2,36.9,43.7,34.5,35.6,0,2,Overcast,Good,Night,1.8,1.8,7.92,7.29,0,0,4.9,0,0,12.3,20.3,,0.33,0.36,Draw,1,1
ISL00002,2015-16,2015-10-07,Kerala Blasters,FC Goa,Kochi,3-4-3,3-5-2,56.2,43.8,4,2,1,2,1,0,1,1,6,2,5,4,0,0,6.48,6.29,6.27,6.42,46.6,30.1,52.0,23.6,11,15,8,11,0,2,2,1,0,4,3,1,27.4,31.7,16.9,20.2,2,1,Humid,Good,Night,8.6,6.2,8.07,6.42,0,0,3.8,1,0,13.1,23.2,,0.43,0.48,Away_Win,0,3
ISL00003,2015-16,2015-10-07,Odisha FC,East Bengal FC,Bhubaneswar,4-2-3-1,4-3-3,60.2,39.8,3,8,0,2,0,0,2,0,3,2,2,2,0,0,6.62,5.51,7.01,6.86,41.5,23.2,50.4,23.3,4,9,13,17,0,2,0,0,1,2,0,0,42.7,47.0,43.7,20.0,1,1,Rainy,Good,Night,9.7,9.6,6.8,6.98,0,0,3.7,0,0,12.1,5.9,,0.42,0.4,Away_Win,0,3
ISL00004,2015-16,2015-10-08,Punjab FC,Jamshedpur FC,Mohali,5-3-2,3-5-2,43.7,56.3,4,8,0,1,0,0,1,0,6,6,0,1,0,0,6.61,7.59,6.06,7.24,60.7,38.3,25.7,14.7,11,16,9,18,1,1,2,1,2,3,2,1,29.6,50.3,18.7,53.5,0,3,Overcast,Average,Night,3.5,7.3,7.22,7.74,0,0,1.8,0,0,9.0,27.5,Away,0.42,0.3,Away_Win,0,3
ISL00005,2015-16,2015-10-09,Odisha FC,NorthEast United FC,Bhubaneswar,4-3-3,4-3-3,48.2,51.8,6,4,5,3,2,3,2,1,5,2,5,2,0,0,7.23,7.38,6.76,6.59,26.8,18.6,39.6,23.6,13,15,6,19,2,0,2,1,2,1,2,1,47.4,31.1,38.3,22.9,0,3,Overcast,Good,Night,1.0,6.2,8.03,8.27,0,0,7.7,0,0,22.4,22.6,,0.37,0.36,Home_Win,3,0
ISL00006,2015-16,2015-10-12,ATK Mohun Bagan,Mumbai City FC,Kolkata,4-3-3,3-4-3,54.0,46.0,5,6,2,1,2,0,1,0,4,8,0,0,0,0,7.32,6.38,6.6,6.82,37.2,21.7,66.2,29.9,7,14,9,15,4,0,1,3,5,0,1,4,35.7,23.3,52.4,53.6,1,3,Humid,Good,Night,4.2,2.5,7.49,8.52,0,0,1.1,1,0,7.9,6.2,Home,0.31,0.47,Home_Win,3,0
ISL00007,2015-16,2015-10-12,Odisha FC,FC Goa,Bhubaneswar,4-4-2,4-2-3-1,46.1,53.9,4,12,3,3,0,3,2,1,4,2,2,0,0,0,6.92,7.63,6.52,6.73,40.7,23.4,56.4,28.0,12,8,16,10,1,1,2,0,1,1,3,0,27.5,51.9,23.8,51.3,3,0,Overcast,Good,Night,7.5,8.1,8.74,6.97,0,0,4.3,3,3,24.4,13.5,,0.49,0.47,Draw,1,1
ISL00008,2015-16,2015-10-18,Hyderabad FC,Jamshedpur FC,Hyderabad,3-5-2,5-3-2,54.5,45.5,9,4,2,1,2,0,0,1,6,6,3,8,0,0,7.32,7.79,6.51,6.7,61.3,28.7,20.6,9.7,14,14,8,12,1,0,3,1,2,0,4,2,44.6,19.2,37.0,52.3,1,1,Clear,Good,Night,4.7,0.6,8.88,8.53,0,0,6.3,0,3,29.1,14.4,,0.36,0.47,Home_Win,3,0
ISL00009,2015-16,2015-10-19,Mumbai City FC,East Bengal FC,Mumbai,5-3-2,3-5-2,52.4,47.6,9,3,2,2,1,1,1,1,3,6,5,3,1,0,6.14,7.3,6.75,7.27,48.3,25.0,15.6,8.0,4,8,8,11,1,1,3,0,2,4,4,0,39.9,21.7,22.7,23.6,0,0,Rainy,Poor,Day,8.6,8.1,5.92,8.82,0,0,9.5,0,3,26.2,11.2,,0.39,0.33,Draw,1,1
ISL00010,2015-16,2015-10-21,Odisha FC,Bengaluru FC,Bhubaneswar,4-2-3-1,4-4-2,59.0,41.0,6,7,2,2,0,2,2,0,5,4,0,1,0,0,5.94,7.03,6.75,6.44,50.9,29.3,54.0,26.8,11,7,10,11,0,1,4,1,1,1,5,2,25.2,35.6,44.9,54.2,2,0,Rainy,Average,Night,0.4,1.7,6.65,6.02,0,0,1.8,4,0,8.0,16.5,Both,0.34,0.37,Draw,1,1
ISL00011,2015-16,2015-10-21,Bengaluru FC,Jamshedpur FC,Bengaluru,4-4-2,3-4-3,51.7,48.3,3,4,1,0,1,0,0,0,8,4,2,3,0,0,7.35,7.73,7.19,6.58,45.0,27.9,73.5,35.4,8,9,10,18,1,4,0,1,1,5,0,1,19.6,21.3,16.1,54.9,2,0,Rainy,Average,Night,3.6,6.5,8.22,4.7,0,0,9.9,1,3,20.1,10.9,Away,0.32,0.33,Home_Win,3,0
ISL00012,2015-16,2015-10-23,Jamshedpur FC,FC Goa,Jamshedpur,4-3-3,4-3-3,48.8,51.2,5,7,0,2,0,0,2,0,6,7,1,5,0,0,6.56,6.74,7.26,7.76,54.3,35.3,36.3,17.5,6,7,4,16,2,2,1,2,3,2,2,4,49.2,50.5,38.4,19.6,1,3,Rainy,Good,Night,7.3,9.4,9.92,7.59,0,0,8.6,3,4,8.5,24.9,Home,0.34,0.33,Away_Win,0,3
ISL00013,2015-16,2015-10-24,Jamshedpur FC,Punjab FC,Jamshedpur,4-4-2,5-3-2,60.3,39.7,7,6,0,6,0,0,4,2,4,2,4,3,0,0,6.53,6.84,6.47,7.68,56.7,30.9,61.6,33.4,8,16,9,19,0,0,1,1,0,1,1,3,35.0,18.0,50.2,34.1,1,1,Rainy,Average,Night,9.1,5.8,8.21,5.93,1,0,9.5,3,0,8.8,19.7,,0.4,0.42,Away_Win,0,3
ISL00014,2015-16,2015-10-24,Mumbai City FC,NorthEast United FC,Mumbai,3-5-2,4-3-3,49.9,50.1,3,4,0,1,0,0,1,0,6,3,1,1,0,0,6.01,7.58,6.71,7.75,22.9,10.7,32.8,15.8,6,14,12,17,3,0,0,2,3,0,0,3,22.2,49.1,39.2,33.4,1,1,Clear,Average,Night,10.0,5.0,7.62,6.19,0,0,7.7,1,0,10.2,27.5,,0.34,0.34,Away_Win,0,3
ISL00015,2015-16,2015-10-25,FC Goa,Mumbai City FC,Goa,4-4-2,3-4-3,54.0,46.0,6,5,1,1,0,1,0,1,4,5,2,2,0,0,6.17,6.89,6.66,7.59,33.7,17.6,47.8,30.8,7,11,14,17,3,1,2,0,4,2,3,0,34.3,38.3,53.7,25.4,1,0,Overcast,Good,Night,2.9,9.0,7.3,7.39,0,0,4.8,7,1,27.3,25.4,Home,0.37,0.35,Draw,1,1
ISL00016,2015-16,2015-10-26,Jamshedpur FC,Bengaluru FC,Jamshedpur,4-3-3,3-4-3,63.0,37.0,3,5,2,2,2,0,1,1,8,4,2,7,0,0,7.74,6.5,7.11,7.01,54.7,37.1,49.6,27.3,8,10,12,7,2,1,4,0,2,1,6,3,27.1,35.4,54.6,27.5,0,0,Overcast,Average,Night,7.4,0.8,4.16,5.28,0,1,4.5,3,4,12.2,13.9,Both,0.44,0.36,Draw,1,1
ISL00017,2015-16,2015-10-27,Bengaluru FC,Chennaiyin FC,Bengaluru,5-3-2,5-3-2,56.5,43.5,2,8,3,0,2,1,0,0,8,4,0,4,0,0,6.88,7.37,6.67,7.78,44.0,22.1,39.4,18.9,8,15,10,18,2,0,0,3,6,0,1,4,19.0,46.7,29.5,39.7,1,1,Overcast,Good,Night,1.2,0.8,8.06,5.75,0,0,7.5,5,0,6.6,12.9,Both,0.41,0.46,Home_Win,3,0
ISL00018,2015-16,2015-10-27,Jamshedpur FC,Kerala Blasters,Jamshedpur,3-4-3,3-5-2,48.7,51.3,6,6,2,0,2,0,0,0,4,4,1,5,0,0,6.3,8.49,6.4,7.8,64.5,36.3,26.2,16.1,8,15,6,5,1,0,2,1,1,1,2,3,17.8,20.1,46.0,32.7,0,0,Overcast,Good,Night,1.9,7.8,7.09,6.4,0,0,9.7,1,1,27.1,28.2,Both,0.5,0.33,Home_Win,3,0
ISL00019,2015-16,2015-10-29,East Bengal FC,NorthEast United FC,Kolkata,4-2-3-1,5-3-2,54.7,45.3,7,6,1,2,1,0,0,2,4,5,1,0,0,0,6.58,7.45,7.47,7.59,51.1,34.9,57.8,37.4,6,14,7,12,3,1,1,2,3,2,1,3,22.9,23.5,50.4,54.3,2,2,Overcast,Good,Day,8.3,1.3,8.4,8.45,0,0,2.4,4,3,25.4,25.8,,0.4,0.3,Away_Win,0,3
ISL00020,2015-16,2015-11-01,Kerala Blasters,Mumbai City FC,Kochi,3-5-2,4-4-2,55.9,44.1,6,7,3,0,3,0,0,0,5,4,3,1,0,0,7.45,6.08,6.56,6.36,42.9,19.6,52.8,28.5,11,14,13,8,3,1,3,0,4,1,3,0,38.6,38.3,52.6,54.7,0,0,Humid,Good,Day,6.8,6.5,8.18,6.73,0,0,9.5,1,2,15.5,21.0,,0.38,0.35,Home_Win,3,0
ISL00021,2015-16,2015-11-05,ATK Mohun Bagan,Mumbai City FC,Kolkata,3-4-3,3-4-3,69.8,30.2,2,5,0,1,0,0,0,1,4,7,5,1,0,0,6.5,7.71,6.14,7.32,50.7,30.4,44.7,20.2,11,6,12,10,2,0,2,2,4,1,2,2,22.5,28.9,35.8,29.9,0,0,Clear,Average,Night,9.9,1.4,6.31,9.88,1,0,7.3,4,2,19.0,5.2,,0.37,0.4,Away_Win,0,3
ISL00022,2015-16,2015-11-09,ATK Mohun Bagan,NorthEast United FC,Kolkata,4-4-2,5-3-2,41.7,58.3,8,7,1,2,1,0,1,1,7,5,3,3,0,0,6.48,7.47,7.48,8.88,43.8,30.1,33.8,20.7,11,17,10,7,0,1,1,5,0,2,2,5,17.8,43.7,46.6,51.2,3,1,Humid,Average,Day,0.3,2.6,7.9,8.31,0,0,7.5,4,6,23.6,15.6,,0.37,0.37,Away_Win,0,3
ISL00023,2015-16,2015-11-10,Hyderabad FC,Kerala Blasters,Hyderabad,5-3-2,4-3-3,58.0,42.0,4,3,1,0,0,1,0,0,7,2,3,3,0,0,6.5,6.17,6.54,8.0,55.2,28.0,40.8,26.1,6,16,11,8,1,0,3,0,1,0,5,1,18.4,32.7,21.4,23.3,0,2,Overcast,Good,Night,8.4,8.1,6.58,8.24,0,0,2.9,3,4,7.8,11.7,,0.31,0.41,Home_Win,3,0
ISL00024,2015-16,2015-11-11,Hyderabad FC,Odisha FC,Hyderabad,4-3-3,4-4-2,51.2,48.8,3,6,2,2,2,0,2,0,2,8,2,7,0,0,7.02,8.54,6.77,7.22,57.6,33.8,58.3,39.2,6,10,6,13,1,1,0,0,3,1,1,0,27.8,31.2,49.7,51.8,0,1,Clear,Good,Night,6.5,1.1,8.42,8.21,0,0,8.0,6,5,19.2,23.5,,0.48,0.38,Draw,1,1
ISL00025,2015-16,2015-11-11,NorthEast United FC,Odisha FC,Guwahati,4-2-3-1,4-2-3-1,56.1,43.9,6,8,1,1,1,0,0,1,7,5,3,0,0,0,6.97,7.16,6.76,6.65,41.6,28.2,24.7,15.5,7,7,8,14,1,0,2,0,2,3,2,0,49.3,29.5,41.1,20.0,0,1,Clear,Good,Day,5.4,3.1,6.88,8.82,0,1,3.5,9,6,15.3,8.0,,0.34,0.44,Draw,1,1
ISL00026,2015-16,2015-11-13,East Bengal FC,Mumbai City FC,Kolkata,4-4-2,4-2-3-1,37.7,62.3,3,5,1,0,0,1,0,0,6,6,2,3,0,0,6.96,7.98,5.79,7.29,45.0,21.7,50.0,30.0,11,11,6,15,1,2,1,0,2,2,1,1,18.8,51.5,32.6,17.0,1,3,Rainy,Good,Day,1.0,7.2,6.07,5.05,0,0,1.7,4,5,7.1,27.4,Home,0.34,0.36,Home_Win,3,0
ISL00027,2015-16,2015-11-19,Mumbai City FC,Kerala Blasters,Mumbai,4-3-3,4-3-3,59.7,40.3,9,8,4,1,2,2,1,0,5,2,2,3,0,0,6.89,8.49,7.04,7.22,41.3,24.0,46.6,25.0,13,19,8,10,0,4,3,2,0,5,5,2,22.5,53.9,45.6,21.6,2,1,Overcast,Average,Day,3.6,0.9,6.82,7.1,0,1,3.7,4,4,14.9,16.2,,0.42,0.4,Home_Win,3,0
ISL00028,2015-16,2015-11-20,Bengaluru FC,Chennaiyin FC,Bengaluru,4-2-3-1,4-3-3,40.3,59.7,4,4,1,1,0,1,1,0,2,4,0,4,0,0,7.16,8.02,7.53,6.97,62.9,40.1,46.8,23.9,7,11,10,7,5,3,2,1,5,4,3,1,45.1,44.5,49.1,44.5,1,0,Clear,Good,Night,1.2,3.0,6.6,7.36,1,0,1.6,8,0,17.7,29.9,,0.46,0.42,Draw,1,1
ISL00029,2015-16,2015-11-23,Jamshedpur FC,Mumbai City FC,Jamshedpur,4-4-2,3-4-3,59.6,40.4,6,1,4,1,2,2,1,0,7,4,0,2,0,0,6.7,7.08,6.24,6.83,34.4,21.2,42.9,20.0,9,14,11,12,2,1,1,1,3,2,2,2,22.8,15.8,43.9,31.7,1,4,Clear,Good,Day,3.2,6.9,9.05,5.08,0,0,8.6,4,7,6.0,27.5,Both,0.39,0.43,Home_Win,3,0
ISL00030,2015-16,2015-11-25,Kerala Blasters,Bengaluru FC,Kochi,4-2-3-1,4-2-3-1,40.0,60.0,10,8,2,0,0,2,0,0,4,8,4,0,0,0,6.5,7.27,6.24,7.49,59.7,33.8,38.0,24.9,9,17,10,14,1,1,1,0,1,1,1,0,34.4,31.3,16.9,39.8,2,3,Overcast,Good,Night,8.1,6.6,7.05,6.56,0,0,9.4,3,9,10.6,14.3,,0.39,0.39,Home_Win,3,0
ISL00031,2015-16,2015-11-25,Odisha FC,ATK Mohun Bagan,Bhubaneswar,4-3-3,4-2-3-1,60.3,39.7,2,7,1,3,0,1,2,1,8,1,4,1,0,0,6.55,7.26,5.96,7.53,62.4,31.3,38.8,22.9,6,14,8,11,2,1,1,2,3,1,1,3,42.5,51.5,29.3,37.1,2,1,Clear,Good,Night,7.5,2.0,5.67,6.85,0,0,3.9,7,4,8.7,12.6,Both,0.48,0.5,Away_Win,0,3
ISL00032,2015-16,2015-11-26,Chennaiyin FC,Hyderabad FC,Chennai,3-5-2,4-2-3-1,49.3,50.7,7,6,1,1,0,1,1,0,5,2,2,2,0,0,6.73,8.01,7.18,6.49,67.2,38.5,59.7,31.2,8,17,13,20,1,1,3,0,1,2,5,0,34.1,52.7,18.7,29.1,0,2,Overcast,Average,Night,5.7,5.9,7.7,6.41,0,0,4.0,1,7,5.7,5.6,,0.47,0.35,Draw,1,1
ISL00033,2015-16,2015-11-26,Chennaiyin FC,Kerala Blasters,Chennai,4-4-2,5-3-2,45.8,54.2,5,4,1,0,0,1,0,0,3,7,3,2,0,0,6.79,7.16,6.12,6.04,32.7,17.8,48.0,23.1,11,12,7,13,4,0,2,0,4,0,2,2,48.6,18.8,23.2,27.4,2,1,Clear,Average,Day,7.3,9.8,7.1,7.95,0,0,2.8,2,6,19.1,16.6,Home,0.49,0.42,Home_Win,3,0
ISL00034,2015-16,2015-11-27,ATK Mohun Bagan,Punjab FC,Kolkata,5-3-2,4-2-3-1,51.0,49.0,9,5,3,2,3,0,2,0,10,1,4,4,0,0,7.77,7.29,6.65,6.92,26.2,14.9,55.6,29.0,12,15,13,8,1,4,0,2,1,4,1,5,24.1,50.0,43.5,19.6,1,0,Humid,Average,Day,6.6,8.2,6.91,8.57,0,0,9.7,7,3,10.1,18.1,,0.36,0.46,Home_Win,3,0
ISL00035,2015-16,2015-11-28,Jamshedpur FC,Mumbai City FC,Jamshedpur,4-3-3,4-4-2,60.5,39.5,4,6,2,1,1,1,1,0,2,9,4,2,0,0,6.73,5.83,6.44,7.88,44.7,24.2,33.0,21.1,15,10,9,10,2,0,2,2,2,2,2,2,45.1,44.3,25.3,26.8,2,0,Clear,Good,Night,1.4,3.5,6.39,8.94,1,0,6.9,7,6,20.5,13.8,,0.47,0.39,Home_Win,3,0
ISL00036,2015-16,2015-11-29,Kerala Blasters,Odisha FC,Kochi,4-4-2,5-3-2,48.2,51.8,6,2,1,0,0,1,0,0,7,7,1,4,0,0,7.05,6.84,7.25,7.22,48.8,32.2,55.7,28.1,9,16,14,7,1,1,4,0,2,1,6,2,43.0,28.5,51.4,29.1,0,1,Humid,Poor,Night,7.0,5.4,6.37,6.73,0,0,1.1,6,4,16.7,12.5,,0.42,0.36,Home_Win,3,0
ISL00037,2015-16,2015-11-29,ATK Mohun Bagan,FC Goa,Kolkata,4-4-2,4-2-3-1,41.9,58.1,2,1,0,1,0,0,1,0,1,7,1,3,0,1,7.27,6.52,6.82,6.95,16.2,10.4,50.1,23.2,10,12,12,11,0,1,1,1,0,2,2,1,48.4,22.3,47.1,53.2,2,1,Rainy,Poor,Night,2.5,3.6,7.17,6.27,0,0,2.3,9,8,11.9,29.3,Away,0.37,0.4,Away_Win,0,3
ISL00038,2015-16,2015-12-02,Kerala Blasters,East Bengal FC,Kochi,3-4-3,3-5-2,46.8,53.2,6,7,2,0,2,0,0,0,2,4,0,3,0,0,6.41,6.27,5.69,7.6,42.8,22.6,54.3,29.6,8,11,5,14,1,0,1,3,1,0,1,4,35.8,17.2,22.5,45.0,1,2,Humid,Good,Day,6.4,0.5,8.84,8.93,0,0,2.0,6,7,14.6,16.4,,0.37,0.32,Home_Win,3,0
ISL00039,2015-16,2015-12-02,Bengaluru FC,East Bengal FC,Bengaluru,3-4-3,3-5-2,64.7,35.3,3,5,0,0,0,0,0,0,5,4,1,0,0,0,6.35,6.53,6.14,6.94,62.2,36.9,51.3,27.4,7,7,9,14,3,0,1,1,3,0,3,1,42.9,34.5,41.1,26.3,3,1,Overcast,Good,Night,6.0,7.1,7.59,5.82,0,0,2.5,8,7,15.8,8.6,,0.48,0.37,Draw,1,1
ISL00040,2015-16,2015-12-07,Mumbai City FC,ATK Mohun Bagan,Mumbai,4-2-3-1,5-3-2,54.5,45.5,5,7,1,2,1,0,0,2,8,6,5,1,0,0,6.62,7.52,6.6,7.8,49.4,25.6,43.7,27.3,8,14,11,11,0,2,1,3,0,3,1,6,20.1,18.0,34.3,26.7,1,1,Clear,Average,Night,5.5,5.4,7.54,7.77,1,1,5.0,6,6,12.6,11.5,,0.34,0.31,Away_Win,0,3
ISL00041,2015-16,2015-12-08,Kerala Blasters,Jamshedpur FC,Kochi,3-5-2,4-3-3,32.9,67.1,4,4,2,1,1,1,1,0,10,3,0,1,0,0,8.68,7.73,6.93,7.07,48.4,27.3,51.3,30.2,5,18,9,5,1,2,5,4,1,3,5,5,34.4,30.9,51.9,44.8,2,0,Rainy,Good,Night,8.5,4.4,7.77,7.71,0,1,6.6,9,10,28.2,5.5,Away,0.4,0.44,Home_Win,3,0
ISL00042,2015-16,2015-12-09,Kerala Blasters,NorthEast United FC,Kochi,3-5-2,4-3-3,34.9,65.1,5,7,1,1,1,0,0,1,4,4,1,2,0,0,6.93,7.1,6.31,7.5,56.3,30.3,25.7,14.6,7,10,12,11,2,2,0,1,2,2,0,2,24.5,16.7,26.2,29.8,0,0,Overcast,Good,Night,8.0,9.3,6.08,8.0,0,0,3.9,12,10,16.9,10.7,Away,0.43,0.5,Draw,1,1
ISL00043,2015-16,2015-12-10,Punjab FC,Chennaiyin FC,Mohali,5-3-2,3-4-3,56.6,43.4,8,2,4,0,3,1,0,0,8,6,3,3,0,0,6.28,6.71,6.62,6.29,35.2,21.6,39.3,27.3,5,13,8,17,1,2,2,0,1,2,2,0,24.2,51.2,49.7,33.1,3,2,Clear,Good,Day,6.9,4.9,8.05,8.88,0,0,7.3,3,5,5.1,9.2,,0.44,0.43,Home_Win,3,0
ISL00044,2015-16,2015-12-11,Jamshedpur FC,Chennaiyin FC,Jamshedpur,3-4-3,4-4-2,55.9,44.1,1,4,1,0,1,0,0,0,4,6,1,3,0,0,6.49,6.96,6.2,5.56,42.7,23.2,74.0,48.9,10,13,10,12,1,1,0,3,2,1,0,5,50.1,46.0,27.7,15.9,0,2,Humid,Good,Day,6.8,3.1,7.94,7.86,0,0,5.7,10,5,29.4,8.1,,0.3,0.45,Home_Win,3,0
ISL00045,2015-16,2015-12-11,Mumbai City FC,Jamshedpur FC,Mumbai,4-3-3,3-5-2,54.3,45.7,5,3,0,0,0,0,0,0,4,3,6,5,0,0,6.83,6.98,6.41,6.7,37.8,21.3,49.1,23.7,9,10,5,14,3,1,0,1,3,2,0,1,51.1,23.0,54.6,15.3,2,2,Rainy,Good,Night,6.7,2.6,5.81,7.77,0,2,3.6,3,12,16.7,27.3,,0.44,0.31,Draw,1,1
ISL00046,2015-16,2015-12-11,Punjab FC,NorthEast United FC,Mohali,4-3-3,3-4-3,51.5,48.5,4,3,0,0,0,0,0,0,5,8,2,2,0,0,6.4,7.36,6.81,6.72,50.9,32.1,66.7,34.2,7,14,2,10,3,2,1,1,4,2,1,2,30.6,26.9,37.8,36.0,0,2,Rainy,Good,Night,5.7,7.7,6.77,6.62,0,0,1.1,6,11,13.9,28.2,,0.35,0.43,Draw,1,1
ISL00047,2015-16,2015-12-14,Chennaiyin FC,ATK Mohun Bagan,Chennai,4-4-2,3-4-3,51.7,48.3,6,4,0,2,0,0,1,1,2,4,1,1,0,0,6.69,6.18,7.99,7.43,76.6,42.4,35.3,19.6,10,8,5,17,0,1,2,2,1,1,4,4,41.6,24.5,38.8,47.4,2,2,Overcast,Average,Day,4.8,5.0,8.15,7.49,0,0,2.7,5,9,13.3,26.4,Away,0.34,0.31,Away_Win,0,3
ISL00048,2015-16,2015-12-15,ATK Mohun Bagan,Punjab FC,Kolkata,3-5-2,4-3-3,55.4,44.6,9,8,3,1,1,2,1,0,9,4,1,3,0,0,6.11,7.5,7.08,6.06,36.9,25.0,59.3,27.7,10,9,7,22,1,0,2,0,1,0,2,0,19.9,37.6,36.1,41.9,1,2,Rainy,Poor,Day,9.8,7.5,5.82,8.75,1,0,6.9,12,7,7.0,18.6,,0.44,0.33,Home_Win,3,0
ISL00049,2015-16,2015-12-23,Hyderabad FC,Jamshedpur FC,Hyderabad,3-4-3,4-2-3-1,54.0,46.0,8,5,3,1,3,0,1,0,7,3,1,3,0,0,6.83,7.1,6.4,7.52,50.1,24.8,50.9,32.6,6,14,10,11,1,1,4,0,3,1,5,0,53.0,49.6,35.9,41.2,1,0,Clear,Average,Day,8.7,1.6,6.37,5.66,1,0,8.8,8,10,21.8,24.9,,0.35,0.42,Home_Win,3,0
ISL00050,2015-16,2015-12-26,Punjab FC,Bengaluru FC,Mohali,5-3-2,4-4-2,44.9,55.1,5,8,2,2,0,2,1,1,6,3,1,3,0,0,7.82,6.44,5.8,6.6,37.0,23.5,24.0,15.4,9,13,9,9,1,1,3,1,2,1,3,1,43.0,44.8,48.9,50.6,0,3,Rainy,Good,Night,0.8,9.5,6.85,6.34,0,0,6.4,7,6,20.6,21.2,,0.35,0.3,Draw,1,1
ISL00051,2015-16,2015-12-27,Bengaluru FC,Odisha FC,Bengaluru,4-3-3,4-4-2,50.1,49.9,10,7,4,3,3,1,1,2,3,3,2,2,0,0,6.75,8.04,7.57,7.58,33.3,18.5,49.3,25.8,11,16,14,11,2,0,3,1,2,0,4,1,38.2,23.7,23.4,45.9,0,0,Rainy,Average,Night,2.1,2.7,7.68,9.05,0,0,6.5,6,3,21.8,7.0,,0.49,0.47,Home_Win,3,0
ISL00052,2015-16,2015-12-28,ATK Mohun Bagan,NorthEast United FC,Kolkata,4-3-3,3-4-3,56.3,43.7,9,4,1,1,1,0,1,0,1,4,0,2,0,0,7.0,7.44,7.38,6.9,37.7,21.0,32.0,21.6,11,14,7,16,2,0,3,4,2,0,4,5,34.3,21.5,30.5,27.1,1,1,Humid,Good,Day,8.3,7.9,6.01,7.66,0,1,9.6,12,9,13.2,13.9,,0.4,0.49,Draw,1,1
ISL00053,2015-16,2015-12-30,NorthEast United FC,Jamshedpur FC,Guwahati,4-2-3-1,5-3-2,50.8,49.2,5,2,1,1,0,1,1,0,5,2,4,2,0,0,5.88,6.25,7.16,7.01,37.9,23.1,36.2,21.3,10,18,12,15,0,1,1,2,0,1,3,2,15.2,17.1,33.9,38.3,3,1,Humid,Good,Day,7.0,7.0,6.16,7.0,0,0,4.7,7,7,26.8,20.8,Away,0.41,0.32,Draw,1,1
ISL00054,2015-16,2015-12-31,Kerala Blasters,Bengaluru FC,Kochi,4-3-3,4-2-3-1,43.6,56.4,3,4,3,0,2,1,0,0,8,7,3,2,0,0,6.76,7.84,6.53,7.07,45.7,26.5,55.2,27.9,14,14,7,17,1,0,2,1,1,1,3,2,33.6,25.7,35.0,31.1,1,1,Clear,Good,Night,3.8,8.0,4.3,4.75,1,0,3.0,10,6,13.8,14.3,,0.31,0.37,Home_Win,3,0
ISL00055,2015-16,2016-01-01,NorthEast United FC,Odisha FC,Guwahati,3-4-3,3-4-3,43.9,56.1,3,3,1,3,0,1,3,0,3,10,0,0,1,0,6.39,7.61,6.71,6.28,45.4,25.1,47.7,28.9,5,13,6,17,0,2,0,1,0,2,1,1,26.4,44.4,37.1,47.1,2,1,Humid,Average,Night,6.9,2.6,6.42,7.21,0,1,3.9,5,2,11.7,9.8,,0.44,0.34,Away_Win,0,3
ISL00056,2015-16,2016-01-02,Punjab FC,Mumbai City FC,Mohali,4-2-3-1,4-4-2,56.1,43.9,13,6,5,1,2,3,1,0,6,5,0,6,0,0,7.17,6.49,6.65,7.08,43.4,19.5,49.0,30.3,11,12,5,18,4,1,1,1,5,3,1,1,38.4,55.0,38.9,24.6,1,0,Overcast,Good,Night,0.1,7.6,8.72,8.6,0,0,1.4,5,4,25.9,20.5,,0.41,0.42,Home_Win,3,0
ISL00057,2015-16,2016-01-03,Hyderabad FC,NorthEast United FC,Hyderabad,3-5-2,4-3-3,51.9,48.1,6,4,3,3,1,2,1,2,3,6,2,1,0,0,6.11,7.33,6.68,8.15,63.9,30.2,39.4,24.8,16,11,10,10,3,2,0,4,4,2,0,5,42.4,42.5,54.2,20.0,0,1,Humid,Good,Night,6.1,8.8,6.82,7.4,0,0,2.9,11,4,26.6,27.2,,0.34,0.45,Draw,1,1
ISL00058,2015-16,2016-01-05,Kerala Blasters,Odisha FC,Kochi,3-5-2,3-5-2,46.4,53.6,11,8,1,1,1,0,0,1,5,6,1,1,0,0,6.91,7.46,6.47,6.85,33.9,21.3,44.6,30.9,9,14,10,10,0,0,0,1,0,1,0,1,44.4,51.4,54.8,49.7,1,1,Clear,Average,Night,5.8,5.1,5.98,7.42,1,0,3.5,13,4,17.2,7.1,Both,0.39,0.36,Draw,1,1
ISL00059,2015-16,2016-01-06,Chennaiyin FC,NorthEast United FC,Chennai,3-4-3,5-3-2,53.5,46.5,3,5,1,3,0,1,1,2,6,6,1,4,0,0,6.54,7.33,6.69,7.14,50.3,29.2,40.8,27.7,11,14,7,12,1,1,3,2,1,2,3,4,43.1,36.5,22.2,16.5,1,0,Overcast,Good,Night,5.6,8.5,5.8,6.36,0,0,7.1,4,4,10.5,10.5,,0.47,0.35,Away_Win,0,3
ISL00060,2015-16,2016-01-06,Jamshedpur FC,NorthEast United FC,Jamshedpur,4-4-2,4-4-2,33.3,66.7,5,7,2,0,2,0,0,0,6,6,1,3,0,0,7.83,6.93,6.97,7.07,39.9,24.9,38.2,21.1,9,10,12,13,2,2,2,0,3,2,4,1,34.5,42.9,42.1,46.9,1,0,Rainy,Average,Night,3.8,8.0,7.4,8.71,0,0,2.1,5,6,24.3,10.9,,0.44,0.41,Home_Win,3,0
ISL00061,2015-16,2016-01-06,Chennaiyin FC,ATK Mohun Bagan,Chennai,4-4-2,5-3-2,52.6,47.4,6,4,2,0,0,2,0,0,8,4,2,2,1,0,6.11,7.15,5.01,6.99,25.4,17.5,59.5,33.2,11,14,6,15,3,0,2,1,3,1,2,2,30.7,29.8,29.2,19.6,4,0,Overcast,Average,Night,0.1,2.1,7.93,5.86,0,1,4.6,3,10,27.1,27.4,,0.48,0.36,Home_Win,3,0
ISL00062,2015-16,2016-01-16,NorthEast United FC,Odisha FC,Guwahati,5-3-2,5-3-2,51.2,48.8,3,8,1,2,0,1,1,1,4,7,1,3,0,0,6.39,7.35,8.05,6.05,52.0,32.3,44.2,20.1,11,14,12,15,2,1,1,0,2,2,2,1,34.1,17.4,16.2,25.2,1,0,Clear,Poor,Night,6.9,4.6,7.54,7.67,0,2,3.3,5,4,19.4,14.0,,0.46,0.46,Away_Win,0,3
ISL00063,2015-16,2016-01-17,FC Goa,Kerala Blasters,Goa,3-5-2,4-4-2,59.3,40.7,9,11,0,3,0,0,1,2,4,1,4,5,1,0,6.6,7.36,7.52,6.28,36.5,16.9,41.5,23.0,14,17,7,10,3,1,3,0,4,2,3,0,23.9,36.4,42.5,21.1,1,1,Overcast,Good,Night,4.0,1.8,6.06,7.38,1,0,1.4,11,11,15.5,9.2,,0.48,0.41,Away_Win,0,3
ISL00064,2015-16,2016-01-17,Jamshedpur FC,East Bengal FC,Jamshedpur,3-4-3,3-4-3,63.2,36.8,4,3,0,2,0,0,1,1,1,3,3,3,0,0,7.44,6.66,7.02,6.32,51.9,27.4,50.4,24.9,8,12,12,11,0,1,3,1,2,2,4,1,20.2,15.9,50.2,39.1,1,0,Humid,Good,Night,4.2,7.6,4.76,5.99,0,0,1.1,8,5,21.5,20.1,,0.33,0.35,Away_Win,0,3
ISL00065,2015-16,2016-01-23,Mumbai City FC,East Bengal FC,Mumbai,3-5-2,5-3-2,59.7,40.3,4,1,2,0,1,1,0,0,6,7,2,2,1,0,6.64,6.75,7.19,7.48,38.4,23.0,21.2,10.2,11,11,20,10,3,1,2,0,3,2,4,0,26.3,20.1,47.1,34.6,1,0,Rainy,Average,Night,7.5,0.5,6.27,3.51,0,1,4.0,1,7,14.9,18.2,,0.33,0.41,Home_Win,3,0
ISL00066,2015-16,2016-01-25,Mumbai City FC,Chennaiyin FC,Mumbai,5-3-2,3-5-2,54.8,45.2,6,8,2,1,2,0,0,1,5,3,4,1,0,0,7.47,7.73,6.93,6.93,23.1,11.8,29.2,19.1,6,16,11,9,2,2,2,1,2,3,2,1,18.0,44.5,39.5,23.2,1,2,Overcast,Average,Night,9.3,6.9,9.12,7.27,0,0,8.0,4,3,5.4,25.5,,0.31,0.48,Home_Win,3,0
ISL00067,2015-16,2016-01-26,Punjab FC,Chennaiyin FC,Mohali,5-3-2,4-3-3,50.6,49.4,2,5,1,4,0,1,3,1,5,4,3,0,0,0,6.64,7.97,5.48,6.77,34.6,23.9,47.6,21.7,8,14,8,10,3,2,7,1,3,4,8,3,24.8,37.3,36.2,34.7,0,2,Humid,Average,Day,5.0,0.7,7.09,7.24,1,0,4.1,8,3,27.9,15.2,,0.33,0.44,Away_Win,0,3
ISL00068,2015-16,2016-01-27,Odisha FC,East Bengal FC,Bhubaneswar,3-4-3,4-3-3,59.4,40.6,4,9,1,1,1,0,0,1,5,5,0,1,0,0,6.88,7.15,7.13,6.58,45.4,31.2,19.2,9.3,9,18,14,12,1,0,2,3,1,0,4,4,54.5,33.2,23.9,47.0,1,0,Rainy,Average,Night,0.9,3.1,8.05,6.96,0,1,5.8,7,7,26.8,29.9,,0.42,0.46,Draw,1,1
ISL00069,2015-16,2016-02-07,ATK Mohun Bagan,Chennaiyin FC,Kolkata,3-5-2,4-3-3,58.8,41.2,7,3,2,1,2,0,1,0,5,6,5,3,0,0,7.09,7.1,6.45,6.44,55.0,36.4,56.0,34.5,11,8,6,8,2,2,2,3,4,2,4,4,54.1,17.0,49.4,51.1,4,1,Overcast,Average,Day,1.9,7.0,5.15,4.57,1,1,9.2,10,6,5.5,12.9,Home,0.31,0.45,Home_Win,3,0
ISL00070,2015-16,2016-02-14,FC Goa,East Bengal FC,Goa,3-5-2,4-2-3-1,54.0,46.0,6,6,1,2,1,0,0,2,5,5,0,3,0,0,6.36,8.4,7.51,7.23,57.3,32.6,58.3,34.5,11,15,13,12,1,1,5,1,2,1,5,2,41.4,53.2,47.6,21.2,1,2,Overcast,Poor,Day,3.0,1.4,6.32,6.73,0,0,6.4,8,5,7.0,28.5,,0.45,0.42,Away_Win,0,3
ISL00071,2015-16,2016-02-15,Kerala Blasters,Jamshedpur FC,Kochi,4-2-3-1,3-4-3,53.4,46.6,2,5,0,0,0,0,0,0,2,6,0,2,0,0,7.05,6.03,7.44,7.25,61.6,40.7,50.3,28.0,14,10,8,15,3,0,1,1,4,1,2,3,49.7,21.0,28.1,55.0,2,3,Humid,Good,Night,6.3,5.7,8.32,8.68,1,1,5.7,11,5,10.7,21.7,,0.32,0.39,Draw,1,1
ISL00072,2015-16,2016-02-17,Chennaiyin FC,Jamshedpur FC,Chennai,3-4-3,3-4-3,46.1,53.9,7,7,3,1,2,1,1,0,6,6,1,4,0,0,7.29,6.12,6.87,7.29,46.6,22.5,41.0,26.7,11,16,12,17,2,1,1,3,3,2,1,5,20.1,31.2,47.8,26.4,1,0,Rainy,Average,Night,6.7,6.4,5.79,6.64,0,1,4.7,6,5,5.6,13.4,,0.34,0.32,Home_Win,3,0
ISL00073,2015-16,2016-02-17,Kerala Blasters,East Bengal FC,Kochi,3-5-2,4-3-3,45.3,54.7,5,3,2,0,1,1,0,0,4,6,6,3,0,0,6.1,6.98,8.04,6.0,32.4,17.1,63.0,32.1,8,14,9,13,1,0,3,1,2,1,3,1,26.0,50.2,22.1,28.8,0,1,Humid,Poor,Night,5.7,2.1,9.23,8.45,1,0,6.1,9,8,11.5,22.4,,0.41,0.46,Home_Win,3,0
ISL00074,2015-16,2016-02-19,ATK Mohun Bagan,Kerala Blasters,Kolkata,4-2-3-1,5-3-2,54.2,45.8,4,7,1,1,1,0,1,0,9,5,2,2,0,0,5.7,6.17,7.92,6.66,47.4,26.8,27.1,13.6,13,11,6,11,0,2,3,0,1,3,3,0,22.0,54.0,15.8,37.5,0,2,Clear,Good,Night,6.5,6.7,7.11,6.87,0,0,6.1,10,11,21.6,22.0,,0.49,0.5,Draw,1,1
ISL00075,2015-16,2016-02-20,East Bengal FC,FC Goa,Kolkata,4-3-3,3-4-3,50.9,49.1,7,9,3,1,2,1,1,0,3,6,6,2,0,0,6.85,7.9,6.38,6.2,31.1,19.8,44.7,25.9,11,20,6,9,0,1,4,1,1,1,4,2,48.5,47.7,27.0,35.1,0,0,Overcast,Average,Night,3.2,8.1,6.13,6.55,1,0,8.7,7,7,26.4,24.1,,0.33,0.44,Home_Win,3,0
ISL00076,2015-16,2016-02-21,Kerala Blasters,Bengaluru FC,Kochi,3-4-3,3-4-3,52.9,47.1,6,7,3,1,2,1,0,1,5,3,3,1,0,0,7.16,6.97,6.24,7.14,47.2,27.0,28.4,13.5,6,12,11,19,2,1,4,0,2,1,5,1,25.7,44.6,18.1,43.7,0,1,Clear,Good,Night,7.8,3.9,7.95,7.51,2,0,4.3,9,5,13.9,13.6,Away,0.4,0.39,Home_Win,3,0
ISL00077,2015-16,2016-02-25,Mumbai City FC,Odisha FC,Mumbai,4-3-3,4-3-3,42.0,58.0,8,2,2,3,1,1,2,1,3,3,2,4,0,0,6.69,5.79,6.91,7.96,27.3,13.2,38.0,23.6,12,14,8,8,2,0,2,0,2,0,2,0,41.4,37.3,27.5,52.5,0,1,Overcast,Good,Night,0.5,1.9,7.39,6.87,0,0,8.2,7,8,13.5,16.1,,0.44,0.4,Away_Win,0,3
ISL00078,2015-16,2016-02-28,Kerala Blasters,Mumbai City FC,Kochi,4-2-3-1,4-3-3,41.5,58.5,7,5,4,0,3,1,0,0,3,4,1,2,0,1,6.16,6.55,6.5,6.87,48.5,26.0,34.3,23.5,14,13,10,15,0,2,1,0,0,2,2,1,44.1,47.7,42.1,19.4,0,1,Overcast,Good,Night,8.2,5.4,7.38,7.7,1,1,2.5,11,7,26.3,5.3,,0.4,0.45,Home_Win,3,0
ISL00079,2015-16,2016-02-29,Jamshedpur FC,FC Goa,Jamshedpur,3-5-2,4-2-3-1,60.5,39.5,5,5,1,2,0,1,0,2,3,2,2,1,0,0,6.46,7.82,5.91,6.87,41.0,21.8,48.3,31.5,8,9,7,10,3,2,0,0,6,3,1,0,27.0,49.4,27.2,54.7,1,1,Overcast,Good,Night,6.4,3.6,8.03,7.36,0,1,8.3,5,4,14.6,8.3,Away,0.34,0.35,Away_Win,0,3
ISL00080,2015-16,2016-03-03,Jamshedpur FC,Hyderabad FC,Jamshedpur,4-3-3,3-4-3,55.3,44.7,15,5,3,2,2,1,2,0,5,9,3,1,0,0,6.32,7.7,6.87,8.03,74.0,38.9,39.4,26.4,4,11,11,14,2,0,0,0,2,0,2,0,39.9,52.0,26.2,41.4,1,1,Overcast,Average,Night,3.4,9.5,6.49,7.74,0,2,8.9,4,9,6.2,11.4,,0.39,0.35,Home_Win,3,0
ISL00081,2015-16,2016-03-03,Kerala Blasters,East Bengal FC,Kochi,3-5-2,5-3-2,56.0,44.0,5,3,1,2,1,0,1,1,8,5,1,6,0,0,6.09,7.21,7.53,7.38,36.4,17.9,63.2,29.6,12,22,11,10,2,1,2,0,2,2,3,0,31.4,37.6,19.1,27.9,3,1,Overcast,Good,Night,9.0,1.2,7.79,8.21,2,0,6.4,11,7,14.8,16.8,,0.47,0.37,Away_Win,0,3
ISL00082,2015-16,2016-03-04,Chennaiyin FC,Hyderabad FC,Chennai,4-4-2,3-4-3,48.0,52.0,1,6,0,1,0,0,1,0,3,3,2,2,0,0,8.3,5.87,7.01,6.25,46.1,25.5,38.7,21.5,10,14,11,7,2,0,4,0,3,1,7,1,22.4,20.7,45.9,31.2,0,1,Rainy,Average,Night,4.4,2.8,7.61,4.63,0,0,9.4,9,6,28.1,17.6,,0.37,0.45,Away_Win,0,3
ISL00083,2015-16,2016-03-07,NorthEast United FC,Punjab FC,Guwahati,5-3-2,4-4-2,59.4,40.6,7,2,1,1,0,1,0,1,6,8,1,4,0,0,6.67,6.79,5.85,7.06,38.4,21.6,65.2,44.1,6,16,5,10,1,1,1,1,1,2,1,1,22.1,32.1,39.1,34.9,1,0,Humid,Average,Night,3.7,1.0,9.21,8.92,0,0,3.6,4,5,20.8,16.4,,0.4,0.45,Draw,1,1
ISL00084,2015-16,2016-03-09,Odisha FC,Bengaluru FC,Bhubaneswar,3-4-3,4-3-3,54.5,45.5,6,10,0,4,0,0,3,1,6,6,2,2,0,0,6.01,7.04,6.65,6.4,43.7,28.1,41.5,27.4,12,19,8,12,2,2,2,2,2,3,2,2,49.3,27.9,41.4,42.5,2,0,Clear,Good,Night,0.3,4.5,6.57,7.1,0,1,1.8,11,5,18.5,27.8,,0.38,0.47,Away_Win,0,3
ISL00085,2015-16,2016-03-11,NorthEast United FC,Jamshedpur FC,Guwahati,4-2-3-1,4-2-3-1,52.5,47.5,6,7,2,2,1,1,2,0,4,7,2,1,0,0,6.14,6.57,7.88,6.66,64.9,42.1,42.1,25.2,11,17,4,12,2,0,8,0,4,1,8,2,44.7,22.2,16.9,51.2,2,2,Clear,Good,Night,5.0,9.1,7.0,7.74,0,1,8.2,5,4,26.6,16.4,,0.4,0.38,Draw,1,1
ISL00086,2015-16,2016-03-11,Odisha FC,Punjab FC,Bhubaneswar,5-3-2,3-4-3,46.2,53.8,3,3,1,1,0,1,1,0,3,6,3,2,0,0,7.02,8.51,6.37,6.85,44.2,25.7,49.7,30.5,10,14,14,14,0,0,3,1,0,1,3,3,38.0,27.0,41.5,20.2,1,1,Clear,Good,Night,8.9,8.9,7.32,8.32,0,0,9.3,8,5,29.1,17.7,Away,0.39,0.36,Draw,1,1
ISL00087,2015-16,2016-03-12,FC Goa,Odisha FC,Goa,4-2-3-1,4-4-2,58.7,41.3,4,7,2,1,2,0,1,0,5,6,3,2,0,0,7.34,8.29,8.17,6.39,41.0,23.2,75.1,38.8,9,10,11,18,1,2,2,1,1,3,3,1,15.7,54.2,46.3,43.7,0,2,Rainy,Average,Day,9.9,6.1,6.95,8.54,0,0,2.5,6,8,14.6,13.7,,0.39,0.46,Home_Win,3,0
ISL00088,2015-16,2016-03-12,Odisha FC,Punjab FC,Bhubaneswar,5-3-2,3-4-3,48.9,51.1,3,5,1,2,1,0,2,0,4,5,2,5,0,0,6.49,6.28,6.15,5.89,43.8,28.2,37.8,19.5,10,9,7,12,0,1,3,1,1,2,3,1,45.1,45.9,19.3,52.3,2,2,Humid,Average,Night,6.8,7.2,5.84,6.07,0,0,7.1,5,6,6.6,19.9,,0.45,0.34,Away_Win,0,3
ISL00089,2015-16,2016-03-14,Chennaiyin FC,Odisha FC,Chennai,4-2-3-1,4-4-2,49.8,50.2,6,4,3,0,0,3,0,0,8,3,2,1,0,0,6.74,7.83,6.15,6.64,57.4,38.6,37.9,17.7,10,13,7,10,2,0,2,0,3,1,3,0,47.3,25.3,20.2,22.3,2,1,Overcast,Average,Night,6.6,6.1,8.08,7.51,0,0,3.5,6,4,16.9,13.3,,0.42,0.48,Home_Win,3,0
ISL00090,2015-16,2016-03-15,East Bengal FC,Odisha FC,Kolkata,3-4-3,4-3-3,50.6,49.4,4,7,0,1,0,0,1,0,8,4,4,1,0,0,7.43,6.52,6.75,7.63,49.3,30.5,50.1,33.8,11,15,8,15,0,2,1,2,0,2,2,4,38.1,26.2,18.8,37.4,0,0,Overcast,Average,Night,0.5,2.6,8.33,6.51,1,0,4.5,10,1,28.6,20.3,Away,0.47,0.44,Away_Win,0,3
ISL00091,2015-16,2016-03-18,FC Goa,Jamshedpur FC,Goa,4-4-2,4-2-3-1,32.5,67.5,6,4,1,0,0,1,0,0,2,3,3,2,0,0,6.6,7.77,7.56,6.51,56.0,36.4,35.9,18.7,8,3,7,12,3,0,2,0,4,0,2,2,54.3,19.7,39.2,22.0,1,3,Clear,Average,Night,4.6,0.8,6.55,8.19,2,0,3.2,6,5,15.5,26.0,,0.48,0.35,Home_Win,3,0
ISL00092,2015-16,2016-03-20,Odisha FC,Bengaluru FC,Bhubaneswar,4-2-3-1,4-3-3,62.5,37.5,3,3,1,0,0,1,0,0,6,6,3,2,0,0,7.11,6.47,7.18,6.58,40.9,28.0,49.6,34.6,8,14,11,12,2,2,2,2,2,3,4,3,16.8,16.8,37.1,30.7,3,0,Clear,Average,Night,8.1,5.8,6.03,8.55,0,2,7.3,4,7,25.9,6.4,,0.45,0.47,Home_Win,3,0
ISL00093,2015-16,2016-03-22,NorthEast United FC,Kerala Blasters,Guwahati,4-2-3-1,3-5-2,54.0,46.0,6,11,0,2,0,0,2,0,6,8,0,3,0,0,6.62,7.28,6.35,7.07,50.9,23.4,46.8,21.1,6,6,5,23,0,0,0,0,0,0,0,0,47.3,39.0,33.0,27.6,1,1,Rainy,Good,Night,1.4,1.0,7.46,8.63,0,0,2.3,5,10,8.3,21.1,Home,0.34,0.32,Away_Win,0,3
ISL00094,2015-16,2016-03-23,Odisha FC,Chennaiyin FC,Bhubaneswar,4-2-3-1,3-5-2,49.4,50.6,2,6,0,2,0,0,2,0,4,2,6,2,0,0,6.62,6.5,7.02,6.78,52.9,35.4,32.2,20.9,7,15,4,11,2,0,2,2,2,0,2,2,39.6,46.7,35.3,29.8,1,0,Clear,Average,Night,9.1,2.7,9.06,6.18,0,1,7.0,6,9,29.1,27.9,,0.4,0.46,Away_Win,0,3
ISL00095,2015-16,2016-03-24,Punjab FC,Jamshedpur FC,Mohali,4-4-2,3-5-2,49.9,50.1,1,3,4,0,2,2,0,0,7,7,1,3,0,0,6.89,6.93,7.57,7.35,60.7,31.5,42.4,24.7,13,17,6,22,0,0,3,1,0,1,6,4,24.3,23.0,45.2,33.4,2,0,Humid,Good,Night,0.9,0.2,8.12,6.59,1,1,2.9,8,4,23.4,13.0,,0.4,0.33,Home_Win,3,0
ISL00096,2015-16,2016-03-25,East Bengal FC,ATK Mohun Bagan,Kolkata,4-4-2,4-3-3,64.0,36.0,6,7,2,0,2,0,0,0,6,3,0,4,0,0,6.57,6.96,8.38,7.0,28.5,16.2,48.4,22.3,6,8,6,17,3,1,2,1,4,1,4,1,28.5,50.2,21.4,30.4,2,2,Humid,Good,Night,3.8,1.0,6.79,5.91,0,0,8.0,9,8,10.5,9.1,Away,0.38,0.49,Home_Win,3,0
ISL00097,2015-16,2016-03-27,FC Goa,Bengaluru FC,Goa,4-3-3,4-3-3,48.5,51.5,1,2,0,1,0,0,1,0,3,2,2,4,0,0,6.68,7.41,7.56,7.18,39.4,25.6,33.1,20.4,3,15,13,9,2,2,2,3,2,4,3,5,21.1,17.6,17.8,36.7,2,2,Overcast,Good,Night,4.8,9.0,5.27,6.27,0,0,8.2,9,6,26.3,12.2,,0.49,0.31,Away_Win,0,3
ISL00098,2015-16,2016-03-28,FC Goa,Kerala Blasters,Goa,4-2-3-1,3-4-3,52.3,47.7,5,5,1,1,0,1,1,0,4,10,4,3,0,0,7.37,6.63,6.82,6.28,53.4,33.6,51.2,32.0,7,15,9,15,2,3,2,4,3,5,2,4,54.7,41.6,28.5,34.4,2,1,Rainy,Good,Day,5.5,5.5,7.59,6.8,1,1,8.7,9,10,26.4,7.5,Home,0.32,0.35,Draw,1,1
ISL00099,2015-16,2016-03-28,Bengaluru FC,FC Goa,Bengaluru,5-3-2,3-4-3,42.9,57.1,7,3,1,1,1,0,0,1,9,2,0,5,0,0,6.49,5.96,6.57,7.07,43.4,21.1,70.8,44.2,5,11,9,13,1,0,1,1,1,0,1,1,47.0,44.8,38.6,39.4,1,2,Clear,Average,Night,2.4,4.6,9.2,6.11,1,0,7.4,6,10,5.5,15.5,Home,0.46,0.37,Draw,1,1
ISL00100,2015-16,2016-03-29,Bengaluru FC,Chennaiyin FC,Bengaluru,4-4-2,5-3-2,52.0,48.0,3,5,0,2,0,0,1,1,2,5,1,2,0,0,7.76,6.98,6.27,7.21,52.1,32.0,43.1,26.9,12,16,5,23,3,0,3,0,5,1,4,1,45.3,30.2,43.1,20.1,1,2,Clear,Good,Day,5.1,4.9,8.68,7.64,1,0,6.2,7,9,18.5,6.3,Away,0.31,0.34,Away_Win,0,3
ISL00101,2015-16,2016-04-01,FC Goa,East Bengal FC,Goa,4-2-3-1,4-2-3-1,54.7,45.3,2,5,0,1,0,0,1,0,4,3,5,1,0,0,7.17,6.65,6.55,7.37,35.4,16.5,59.5,36.9,8,12,7,6,5,0,0,1,5,1,0,1,30.7,44.1,51.3,36.5,2,0,Humid,Good,Night,8.4,2.1,7.73,7.24,0,2,4.6,8,9,28.0,21.3,,0.32,0.49,Away_Win,0,3
ISL00102,2015-16,2016-04-04,Punjab FC,East Bengal FC,Mohali,4-3-3,4-4-2,57.1,42.9,4,11,1,4,0,1,2,2,6,6,3,3,0,0,7.02,7.16,6.26,7.62,54.7,29.5,31.3,20.1,9,13,6,8,1,1,4,1,1,3,4,1,41.5,22.5,26.4,15.9,2,1,Rainy,Good,Day,3.4,0.2,7.44,8.32,0,0,6.6,8,12,21.6,25.9,Away,0.34,0.32,Away_Win,0,3
ISL00103,2015-16,2016-04-04,FC Goa,Mumbai City FC,Goa,5-3-2,4-4-2,45.9,54.1,3,5,0,1,0,0,0,1,3,5,3,1,0,0,7.48,8.33,6.97,6.54,33.5,21.9,46.7,25.5,13,13,13,9,5,2,6,1,6,2,7,1,22.7,39.3,51.6,29.6,2,2,Rainy,Average,Night,3.6,0.8,7.34,5.95,0,0,1.5,5,6,5.9,22.9,,0.41,0.4,Away_Win,0,3
ISL00104,2015-16,2016-04-06,East Bengal FC,NorthEast United FC,Kolkata,4-4-2,5-3-2,35.4,64.6,11,5,3,1,1,2,1,0,5,6,1,3,0,0,7.43,7.11,6.04,7.39,56.9,31.7,51.1,35.2,7,13,15,13,3,2,1,2,3,2,1,3,37.6,40.4,36.6,39.6,1,0,Rainy,Good,Night,7.4,8.3,6.77,7.86,0,1,1.3,12,2,11.2,16.5,,0.43,0.41,Home_Win,3,0
ISL00105,2015-16,2016-04-07,Odisha FC,Hyderabad FC,Bhubaneswar,4-4-2,4-2-3-1,50.3,49.7,7,8,4,1,3,1,0,1,4,3,3,3,0,0,7.42,7.3,7.69,6.5,46.6,28.0,46.0,26.3,10,14,8,8,3,0,1,3,5,0,1,3,32.6,27.9,26.2,36.8,0,0,Rainy,Good,Night,7.2,0.3,5.72,8.15,0,0,9.7,6,8,17.1,6.6,,0.41,0.47,Home_Win,3,0
ISL00106,2015-16,2016-04-07,Hyderabad FC,Bengaluru FC,Hyderabad,4-2-3-1,4-3-3,47.9,52.1,4,4,0,1,0,0,1,0,6,4,2,3,0,0,6.76,7.51,6.39,6.94,44.8,28.3,46.8,24.2,10,10,8,13,1,1,3,1,1,2,5,1,46.7,25.6,27.2,36.1,2,3,Rainy,Good,Night,2.3,8.5,7.12,6.47,0,0,2.9,7,7,24.8,9.7,,0.31,0.5,Away_Win,0,3
ISL00107,2015-16,2016-04-12,Jamshedpur FC,Hyderabad FC,Jamshedpur,4-2-3-1,4-2-3-1,43.9,56.1,4,5,2,1,0,2,1,0,7,4,3,2,0,0,6.12,7.29,6.04,6.85,33.1,21.7,51.6,36.0,9,10,6,19,1,0,1,0,2,2,1,1,30.1,54.0,43.3,21.6,1,1,Rainy,Good,Day,0.8,8.8,9.16,7.26,1,2,9.3,4,4,11.8,14.3,,0.41,0.48,Home_Win,3,0
ISL00108,2015-16,2016-04-13,Kerala Blasters,Mumbai City FC,Kochi,3-5-2,4-2-3-1,45.4,54.6,6,4,3,2,1,2,1,1,8,4,3,3,0,0,7.0,6.86,5.27,7.89,47.0,30.1,50.3,26.1,6,12,6,9,1,1,2,1,3,1,3,1,49.6,18.9,25.2,51.4,2,1,Humid,Good,Night,6.7,5.2,6.43,5.32,2,1,9.2,10,9,19.7,7.1,Home,0.39,0.45,Home_Win,3,0
ISL00109,2015-16,2016-04-14,FC Goa,Punjab FC,Goa,3-4-3,4-2-3-1,38.2,61.8,6,2,2,0,1,1,0,0,4,5,1,2,0,0,6.04,6.63,6.85,6.72,52.9,23.9,57.3,32.1,9,15,9,16,1,2,4,1,1,3,5,2,17.3,36.0,16.1,31.1,2,1,Rainy,Good,Night,2.9,5.7,7.72,6.18,0,0,3.7,2,8,16.5,25.4,,0.49,0.41,Home_Win,3,0
ISL00110,2015-16,2016-04-15,NorthEast United FC,Bengaluru FC,Guwahati,4-2-3-1,4-3-3,58.7,41.3,6,5,1,2,1,0,2,0,10,4,0,0,0,0,6.93,7.22,6.79,6.79,47.6,26.4,50.7,31.7,8,10,7,9,2,1,0,2,2,1,1,4,17.6,33.3,15.8,18.8,1,0,Rainy,Average,Night,4.5,8.4,4.9,5.79,0,0,2.4,2,7,9.1,12.1,Home,0.46,0.48,Away_Win,0,3
ISL00111,2016-17,2016-10-03,East Bengal FC,ATK Mohun Bagan,Kolkata,4-3-3,4-3-3,60.9,39.1,5,5,3,1,2,1,1,0,4,5,2,2,0,0,6.62,6.81,7.75,6.35,31.5,17.8,31.8,20.7,12,7,11,14,0,1,4,4,0,2,4,5,29.7,32.2,34.0,31.8,0,3,Rainy,Poor,Night,5.2,9.8,6.92,6.37,1,0,2.9,12,5,21.9,15.1,,0.49,0.32,Home_Win,3,0
ISL00112,2016-17,2016-10-04,Kerala Blasters,Mumbai City FC,Kochi,5-3-2,4-2-3-1,50.0,50.0,2,4,1,3,0,1,1,2,3,6,1,5,0,0,7.16,7.22,6.37,7.65,40.1,18.6,29.0,15.3,6,16,8,14,1,2,3,0,3,4,3,1,25.8,19.3,15.9,39.6,0,1,Humid,Average,Night,7.7,2.1,6.66,6.54,3,1,9.5,10,6,28.3,10.2,Home,0.37,0.33,Away_Win,0,3
ISL00113,2016-17,2016-10-04,Odisha FC,Hyderabad FC,Bhubaneswar,4-2-3-1,3-5-2,46.5,53.5,1,3,0,0,0,0,0,0,10,5,1,4,0,0,6.87,8.12,6.14,7.69,61.8,36.2,37.5,17.2,4,12,7,22,1,1,1,0,1,2,2,3,30.3,39.6,15.2,54.6,1,2,Overcast,Good,Night,7.7,5.0,6.67,8.15,1,0,8.8,9,3,21.8,6.2,,0.41,0.45,Draw,1,1
ISL00114,2016-17,2016-10-05,FC Goa,ATK Mohun Bagan,Goa,5-3-2,3-4-3,51.3,48.7,4,8,1,0,0,1,0,0,5,8,1,3,0,0,5.97,6.81,7.31,6.47,14.6,8.8,42.3,25.1,16,17,7,10,4,2,2,0,4,3,2,1,17.8,38.9,35.8,26.8,4,1,Clear,Average,Night,1.9,8.3,6.83,6.18,1,0,4.4,5,4,18.3,5.0,Both,0.35,0.34,Home_Win,3,0
ISL00115,2016-17,2016-10-12,Kerala Blasters,East Bengal FC,Kochi,4-3-3,3-5-2,50.6,49.4,6,4,1,2,0,1,2,0,6,2,2,1,0,0,7.43,7.08,7.27,6.47,44.7,29.4,37.5,22.4,10,11,8,11,2,0,0,1,2,1,1,2,40.9,54.6,41.6,19.7,4,1,Clear,Average,Night,6.0,0.3,7.9,5.54,2,1,2.6,7,15,14.1,15.8,,0.42,0.31,Away_Win,0,3
ISL00116,2016-17,2016-10-14,Bengaluru FC,Jamshedpur FC,Bengaluru,4-4-2,4-3-3,48.3,51.7,5,10,2,3,1,1,3,0,8,4,1,3,0,1,7.38,7.35,6.93,6.34,40.5,27.8,55.8,35.3,9,10,5,10,1,1,0,0,3,1,2,2,43.0,30.7,49.5,31.5,1,3,Clear,Average,Night,5.3,8.8,7.05,6.39,1,0,1.6,10,7,12.0,13.1,,0.49,0.36,Away_Win,0,3
ISL00117,2016-17,2016-10-14,Punjab FC,FC Goa,Mohali,4-2-3-1,3-5-2,44.4,55.6,5,4,1,1,1,0,1,0,7,7,1,2,0,0,7.2,6.15,6.81,7.93,39.6,19.1,36.3,18.7,7,10,7,13,2,3,3,2,3,4,4,2,43.8,53.6,24.3,33.4,2,2,Clear,Good,Night,4.9,5.0,7.87,7.54,0,1,5.9,7,7,8.3,24.2,,0.49,0.49,Draw,1,1
ISL00118,2016-17,2016-10-17,Punjab FC,Chennaiyin FC,Mohali,3-4-3,4-2-3-1,43.8,56.2,4,5,0,1,0,0,1,0,2,7,0,0,0,0,7.94,7.15,6.18,7.61,49.8,25.3,49.7,32.6,7,16,9,13,0,2,2,0,0,2,3,2,45.6,32.2,23.3,49.3,2,1,Clear,Poor,Night,5.5,0.5,6.49,5.05,1,1,2.7,7,12,21.7,5.0,,0.46,0.32,Away_Win,0,3
ISL00119,2016-17,2016-10-19,Chennaiyin FC,East Bengal FC,Chennai,5-3-2,3-4-3,31.8,68.2,3,5,0,0,0,0,0,0,3,7,3,2,0,1,6.67,6.56,7.0,6.11,38.9,23.9,56.6,36.4,12,20,10,11,2,1,3,2,3,3,4,2,48.9,41.2,45.4,37.7,0,2,Humid,Good,Night,3.6,0.7,6.19,6.12,0,0,9.5,12,15,11.1,18.3,,0.4,0.44,Draw,1,1
ISL00120,2016-17,2016-10-22,Jamshedpur FC,Kerala Blasters,Jamshedpur,3-4-3,4-3-3,53.0,47.0,6,1,3,0,1,2,0,0,4,7,3,3,0,0,7.22,8.25,5.5,7.06,59.3,28.6,43.5,28.9,9,17,8,8,3,2,1,1,3,2,1,3,39.0,47.4,26.9,27.5,1,3,Rainy,Good,Day,6.0,1.2,4.19,7.06,1,1,4.6,7,7,19.7,7.2,Away,0.39,0.33,Home_Win,3,0
ISL00121,2016-17,2016-10-24,Mumbai City FC,ATK Mohun Bagan,Mumbai,4-3-3,3-5-2,42.9,57.1,4,8,0,1,0,0,0,1,5,6,3,1,0,0,7.18,6.56,7.74,6.56,15.5,7.8,35.5,22.7,8,13,13,9,2,2,0,1,3,4,0,1,36.4,48.9,40.4,47.6,1,1,Rainy,Good,Night,4.6,1.9,6.69,6.81,1,2,3.0,6,4,12.0,8.2,,0.43,0.32,Away_Win,0,3
ISL00122,2016-17,2016-10-26,Hyderabad FC,Chennaiyin FC,Hyderabad,3-4-3,4-2-3-1,42.9,57.1,5,5,2,0,1,1,0,0,7,3,3,3,0,0,6.57,6.99,5.06,8.1,34.2,20.3,51.1,31.6,10,13,8,6,5,1,1,1,6,2,2,1,42.0,47.5,44.4,27.3,2,1,Rainy,Poor,Night,5.7,8.6,6.9,6.52,1,0,7.0,4,13,18.6,25.8,,0.33,0.33,Home_Win,3,0
ISL00123,2016-17,2016-10-27,Hyderabad FC,Punjab FC,Hyderabad,4-4-2,5-3-2,51.1,48.9,4,7,1,1,1,0,1,0,6,6,0,3,0,0,6.82,6.67,7.29,7.42,55.3,27.2,43.5,25.6,8,17,5,14,2,0,1,1,2,1,2,1,31.1,21.6,23.2,54.2,2,1,Clear,Average,Night,5.1,5.3,7.72,7.72,0,0,7.0,4,4,7.8,23.0,Away,0.4,0.48,Draw,1,1
ISL00124,2016-17,2016-10-30,Punjab FC,NorthEast United FC,Mohali,5-3-2,3-5-2,59.2,40.8,5,2,4,1,3,1,0,1,4,3,1,6,0,0,6.07,7.38,6.1,6.43,37.4,24.1,33.7,22.4,12,12,6,10,1,0,5,2,2,0,7,3,48.0,54.7,40.6,34.5,2,1,Clear,Good,Day,7.4,9.7,6.34,8.32,0,0,6.1,2,2,8.9,22.3,,0.4,0.43,Home_Win,3,0
ISL00125,2016-17,2016-10-31,East Bengal FC,FC Goa,Kolkata,5-3-2,4-4-2,50.0,50.0,8,5,1,1,0,1,1,0,4,3,3,3,0,0,7.72,6.29,6.28,7.93,57.2,38.0,40.6,20.6,7,11,8,17,3,1,2,0,4,1,3,0,24.5,33.5,20.7,43.5,3,1,Rainy,Good,Night,7.5,9.6,8.03,7.06,3,0,6.5,13,7,17.1,7.3,,0.45,0.45,Draw,1,1
ISL00126,2016-17,2016-10-31,Bengaluru FC,Hyderabad FC,Bengaluru,5-3-2,3-4-3,55.6,44.4,6,6,1,1,1,0,1,0,6,5,1,4,0,0,6.73,8.09,8.32,7.52,47.7,21.9,52.5,32.4,8,14,9,9,2,0,0,0,2,0,0,0,41.9,51.3,17.6,35.7,0,1,Overcast,Average,Night,7.4,3.0,5.68,9.81,1,0,2.5,7,5,23.5,12.6,Away,0.43,0.33,Draw,1,1
ISL00127,2016-17,2016-11-02,Bengaluru FC,FC Goa,Bengaluru,4-2-3-1,3-4-3,47.1,52.9,5,4,1,1,0,1,1,0,7,6,3,2,0,0,5.94,7.87,7.32,6.81,37.6,21.9,36.4,23.6,7,14,5,10,6,1,2,2,9,2,2,2,53.6,26.5,19.9,31.2,0,2,Overcast,Good,Day,0.2,2.2,6.59,5.22,1,0,5.6,7,8,11.3,28.5,Both,0.48,0.41,Draw,1,1
ISL00128,2016-17,2016-11-02,Hyderabad FC,NorthEast United FC,Hyderabad,4-2-3-1,3-5-2,38.2,61.8,7,4,1,2,0,1,1,1,6,0,2,0,0,0,7.41,6.34,5.98,7.15,56.7,36.8,69.7,44.9,10,9,13,14,1,1,0,2,1,1,1,4,20.2,48.6,26.6,28.6,1,0,Rainy,Good,Night,0.5,4.6,7.7,8.18,0,0,1.9,6,1,25.6,10.3,,0.38,0.36,Away_Win,0,3
ISL00129,2016-17,2016-11-15,Bengaluru FC,NorthEast United FC,Bengaluru,4-2-3-1,3-4-3,43.2,56.8,3,7,1,3,1,0,2,1,3,2,3,2,0,0,7.14,7.5,6.53,7.32,50.9,35.3,49.7,24.0,11,14,11,16,2,1,1,2,2,1,1,2,20.1,16.7,39.5,50.6,2,0,Overcast,Poor,Night,1.2,5.1,6.51,4.84,1,0,5.3,8,3,14.1,21.0,,0.48,0.33,Away_Win,0,3
ISL00130,2016-17,2016-11-17,Odisha FC,Jamshedpur FC,Bhubaneswar,4-4-2,4-2-3-1,57.4,42.6,3,10,1,2,0,1,1,1,6,5,1,2,0,0,7.41,6.74,6.43,6.48,53.4,27.7,62.4,33.0,7,18,9,15,2,1,0,2,2,1,1,4,34.1,39.3,54.1,23.1,2,2,Clear,Poor,Day,2.7,3.1,6.62,6.58,0,0,2.9,10,9,16.4,27.7,,0.32,0.44,Away_Win,0,3
ISL00131,2016-17,2016-11-17,NorthEast United FC,Mumbai City FC,Guwahati,4-2-3-1,5-3-2,46.5,53.5,4,10,2,2,0,2,1,1,3,6,1,3,0,0,7.88,7.28,6.45,7.68,52.5,25.8,25.1,17.1,9,16,9,15,2,1,1,0,2,1,2,0,51.3,48.6,31.7,38.4,0,1,Clear,Average,Night,6.3,2.6,5.76,4.51,1,0,5.0,6,6,19.3,15.9,,0.38,0.45,Draw,1,1
ISL00132,2016-17,2016-11-18,Jamshedpur FC,Hyderabad FC,Jamshedpur,4-2-3-1,4-4-2,37.3,62.7,5,5,2,1,2,0,1,0,8,4,2,4,0,0,6.4,6.56,7.29,7.17,29.6,19.8,55.6,35.8,5,20,6,14,2,2,1,0,2,2,2,1,28.3,24.3,15.9,21.2,0,1,Humid,Good,Day,0.0,1.3,5.28,7.89,2,2,6.5,12,6,29.3,14.3,,0.44,0.31,Home_Win,3,0
ISL00133,2016-17,2016-11-19,FC Goa,Hyderabad FC,Goa,3-4-3,4-2-3-1,46.5,53.5,1,3,0,0,0,0,0,0,5,5,2,2,0,0,6.44,7.12,7.24,7.64,41.1,27.8,25.4,12.4,7,15,10,15,3,0,2,0,3,3,2,0,44.6,48.9,54.3,23.1,0,1,Clear,Good,Night,6.8,2.9,5.75,6.16,0,0,2.7,9,5,15.2,28.4,,0.38,0.43,Draw,1,1
ISL00134,2016-17,2016-11-19,Jamshedpur FC,Bengaluru FC,Jamshedpur,3-5-2,4-2-3-1,43.2,56.8,4,6,2,3,2,0,1,2,6,7,1,2,0,0,6.91,8.19,7.06,7.42,59.7,29.8,50.7,28.9,15,12,10,10,5,2,2,1,7,3,2,2,39.2,18.4,43.7,16.8,1,1,Overcast,Good,Night,6.7,2.2,6.06,7.96,1,1,8.2,15,5,28.0,29.5,,0.3,0.42,Away_Win,0,3
ISL00135,2016-17,2016-11-19,East Bengal FC,FC Goa,Kolkata,4-3-3,3-4-3,53.0,47.0,3,15,1,4,0,1,3,1,6,5,1,2,0,0,7.45,6.97,6.84,7.39,51.6,28.9,55.5,36.2,10,11,8,17,0,1,5,0,1,1,6,1,25.9,22.6,44.2,23.6,0,0,Humid,Poor,Night,2.0,1.8,5.78,5.92,3,0,5.6,11,7,16.9,11.8,,0.31,0.42,Away_Win,0,3
ISL00136,2016-17,2016-11-25,ATK Mohun Bagan,Jamshedpur FC,Kolkata,4-2-3-1,4-4-2,47.1,52.9,5,11,1,2,0,1,1,1,3,6,1,3,0,0,6.5,7.73,5.09,6.91,63.5,40.0,51.2,34.0,8,14,7,13,1,0,0,3,3,0,0,5,32.2,34.4,40.3,25.7,0,0,Humid,Good,Night,4.4,4.0,8.52,7.62,0,0,4.5,4,12,9.3,10.7,Both,0.42,0.38,Away_Win,0,3
ISL00137,2016-17,2016-11-26,Mumbai City FC,Hyderabad FC,Mumbai,4-4-2,3-4-3,46.9,53.1,7,6,1,2,1,0,2,0,3,6,5,2,0,0,6.34,6.64,6.56,7.33,29.3,19.4,40.2,23.3,10,14,9,11,1,3,2,2,1,4,2,2,19.8,28.3,27.1,49.5,1,0,Humid,Poor,Night,2.1,6.5,6.95,5.51,0,0,7.2,7,3,19.1,26.5,,0.32,0.46,Away_Win,0,3
ISL00138,2016-17,2016-11-28,Punjab FC,Chennaiyin FC,Mohali,5-3-2,3-4-3,55.7,44.3,4,9,1,4,1,0,1,3,8,4,1,2,0,0,6.77,7.11,6.89,6.79,33.9,16.7,23.9,11.4,13,14,7,8,1,2,1,0,2,2,2,0,17.5,35.9,31.8,25.1,0,1,Rainy,Good,Day,7.3,0.0,6.17,7.93,1,2,3.6,5,10,9.6,21.3,,0.44,0.44,Away_Win,0,3
ISL00139,2016-17,2016-11-29,Hyderabad FC,Punjab FC,Hyderabad,4-3-3,4-2-3-1,61.2,38.8,6,2,0,1,0,0,0,1,8,6,5,3,0,0,7.09,6.87,7.03,7.27,53.9,33.2,44.5,22.5,5,11,11,13,2,1,0,1,3,1,2,1,49.5,29.7,31.3,43.9,3,0,Humid,Good,Night,3.9,3.9,8.24,5.8,0,0,8.7,5,5,6.7,21.9,,0.33,0.37,Away_Win,0,3
ISL00140,2016-17,2016-12-01,FC Goa,Jamshedpur FC,Goa,3-4-3,4-3-3,59.6,40.4,3,4,1,1,0,1,1,0,4,2,4,3,0,0,6.81,7.13,6.64,7.51,39.9,26.0,56.7,25.9,9,16,4,5,2,1,3,0,4,1,5,0,35.2,32.7,44.7,40.2,1,0,Clear,Poor,Night,4.1,2.9,5.64,7.65,3,0,5.1,7,12,20.2,20.1,,0.47,0.39,Draw,1,1
ISL00141,2016-17,2016-12-01,Odisha FC,NorthEast United FC,Bhubaneswar,5-3-2,3-5-2,48.6,51.4,5,11,2,2,0,2,1,1,6,4,3,0,0,0,6.54,7.37,6.35,6.41,46.3,27.2,49.6,24.4,4,12,7,15,1,0,1,1,2,0,1,1,20.8,38.0,38.6,53.6,1,1,Clear,Good,Day,2.2,1.9,5.59,9.25,3,0,3.4,7,7,5.3,18.0,,0.42,0.49,Draw,1,1
ISL00142,2016-17,2016-12-02,Chennaiyin FC,FC Goa,Chennai,5-3-2,3-4-3,38.2,61.8,3,7,1,2,0,1,2,0,5,5,1,2,0,0,7.88,6.72,6.74,7.71,87.3,42.9,30.1,14.0,4,5,7,14,3,1,4,1,3,2,4,1,54.4,50.3,40.0,53.4,0,0,Overcast,Poor,Night,9.6,8.5,7.54,6.14,0,0,2.9,10,7,17.3,5.5,Away,0.43,0.4,Away_Win,0,3
ISL00143,2016-17,2016-12-04,Hyderabad FC,Jamshedpur FC,Hyderabad,4-2-3-1,3-5-2,62.7,37.3,5,5,1,1,1,0,1,0,2,6,0,2,0,0,6.72,7.02,5.78,6.93,58.8,27.0,42.0,26.3,10,18,8,19,2,0,3,2,2,0,3,2,26.8,54.0,41.5,31.5,2,2,Rainy,Good,Night,3.6,5.8,6.62,6.23,2,3,9.9,4,10,8.2,6.8,,0.48,0.36,Draw,1,1
ISL00144,2016-17,2016-12-04,Jamshedpur FC,Odisha FC,Jamshedpur,4-2-3-1,3-5-2,65.3,34.7,5,3,2,2,0,2,2,0,14,5,1,2,0,0,7.5,7.91,6.81,7.29,57.0,29.7,63.7,39.8,9,11,13,12,1,0,2,1,1,0,2,2,40.5,43.2,20.3,49.7,1,1,Humid,Good,Night,6.7,0.0,4.66,6.67,1,0,4.4,8,5,10.4,19.6,Both,0.39,0.31,Draw,1,1
ISL00145,2016-17,2016-12-09,Kerala Blasters,FC Goa,Kochi,4-2-3-1,4-3-3,49.6,50.4,7,1,1,1,1,0,1,0,5,3,4,4,0,0,6.95,6.73,6.5,7.73,64.2,41.9,36.6,20.5,5,18,18,11,2,0,1,1,2,0,2,3,41.5,46.4,42.4,31.2,2,1,Overcast,Average,Day,8.6,9.3,7.29,7.92,1,1,8.0,4,9,28.3,11.1,,0.42,0.35,Draw,1,1
ISL00146,2016-17,2016-12-10,Punjab FC,Hyderabad FC,Mohali,3-4-3,4-2-3-1,37.9,62.1,1,3,0,0,0,0,0,0,6,8,3,2,0,0,7.12,6.74,6.14,5.98,42.4,19.6,29.8,20.0,9,11,5,10,1,1,2,0,2,1,3,1,27.2,23.6,53.6,17.9,1,4,Overcast,Good,Day,6.3,3.4,7.07,7.81,1,0,5.5,7,5,19.5,12.2,Both,0.37,0.32,Draw,1,1
ISL00147,2016-17,2016-12-10,East Bengal FC,Bengaluru FC,Kolkata,4-2-3-1,4-4-2,60.7,39.3,8,3,0,0,0,0,0,0,5,4,3,4,0,0,5.64,7.11,7.17,7.22,60.7,27.4,44.1,21.5,10,15,8,21,3,1,1,2,3,2,2,3,27.7,37.6,38.2,21.6,3,0,Humid,Good,Day,2.0,9.2,6.78,7.49,0,0,4.5,8,5,17.6,16.6,,0.35,0.4,Draw,1,1
ISL00148,2016-17,2016-12-10,FC Goa,NorthEast United FC,Goa,4-4-2,4-2-3-1,43.9,56.1,7,9,2,2,1,1,1,1,3,11,2,1,0,0,6.53,6.76,7.18,7.22,46.2,25.0,75.1,37.4,12,14,6,9,0,1,0,1,2,1,0,2,40.1,27.3,20.2,48.3,1,1,Clear,Good,Night,9.9,9.4,9.09,9.51,0,0,9.1,9,8,14.8,29.0,,0.38,0.42,Draw,1,1
ISL00149,2016-17,2016-12-11,Hyderabad FC,ATK Mohun Bagan,Hyderabad,3-4-3,4-3-3,45.0,55.0,4,5,0,2,0,0,1,1,5,5,4,1,0,0,6.38,7.28,7.63,7.09,44.1,20.5,33.8,20.4,10,7,8,18,2,0,3,1,3,0,3,1,49.1,43.3,28.9,36.6,3,0,Overcast,Good,Night,9.5,8.1,6.73,7.86,0,0,9.5,6,3,16.1,20.0,Away,0.4,0.49,Away_Win,0,3
ISL00150,2016-17,2016-12-12,Bengaluru FC,Mumbai City FC,Bengaluru,4-2-3-1,3-5-2,58.7,41.3,6,4,3,0,1,2,0,0,4,8,6,2,0,0,7.44,7.06,7.94,7.09,55.4,27.0,28.3,16.5,10,15,13,13,0,0,1,3,0,0,2,4,29.4,54.0,42.3,32.5,1,1,Rainy,Poor,Night,3.0,7.7,6.72,5.62,0,0,2.5,6,4,24.4,8.2,,0.39,0.4,Home_Win,3,0
ISL00151,2016-17,2016-12-12,Odisha FC,East Bengal FC,Bhubaneswar,4-4-2,3-5-2,46.7,53.3,9,8,2,1,2,0,0,1,4,5,3,2,0,0,6.44,6.65,7.11,6.32,35.2,16.0,60.9,29.3,9,14,6,14,2,1,1,3,2,1,1,3,51.8,41.9,26.0,21.7,1,0,Overcast,Poor,Day,8.1,3.7,5.85,8.57,1,1,2.9,6,6,27.1,20.4,Both,0.39,0.34,Home_Win,3,0
ISL00152,2016-17,2016-12-14,East Bengal FC,Hyderabad FC,Kolkata,5-3-2,4-4-2,61.3,38.7,3,4,0,1,0,0,1,0,4,7,4,3,0,0,7.04,7.59,6.16,7.69,42.2,24.5,53.1,35.9,12,12,11,11,0,2,3,1,0,3,3,2,20.2,35.8,18.4,38.0,1,2,Clear,Poor,Night,4.6,5.5,4.94,7.94,0,0,4.4,3,5,5.2,5.2,,0.39,0.4,Away_Win,0,3
ISL00153,2016-17,2016-12-15,East Bengal FC,Chennaiyin FC,Kolkata,4-3-3,3-4-3,58.4,41.6,11,6,1,1,1,0,0,1,5,3,0,1,0,0,6.23,6.61,7.12,6.95,40.4,25.2,39.4,23.9,4,18,15,12,1,2,1,3,1,3,1,3,28.8,38.3,20.9,54.0,0,2,Clear,Good,Night,3.2,4.5,4.21,5.79,0,0,2.7,2,7,26.5,11.4,,0.38,0.47,Draw,1,1
ISL00154,2016-17,2016-12-15,Mumbai City FC,East Bengal FC,Mumbai,3-4-3,4-4-2,30.0,70.0,7,7,2,3,2,0,1,2,4,1,2,5,0,0,6.69,8.14,6.87,7.55,46.2,25.7,37.0,22.3,9,11,7,13,1,3,4,1,1,4,4,2,49.1,24.2,45.2,54.7,0,1,Overcast,Good,Night,1.6,5.4,4.31,6.04,1,1,7.3,4,2,20.6,9.7,,0.39,0.44,Away_Win,0,3
ISL00155,2016-17,2016-12-17,Chennaiyin FC,ATK Mohun Bagan,Chennai,4-4-2,3-5-2,59.5,40.5,7,4,1,0,1,0,0,0,3,2,4,4,1,0,6.99,7.23,6.52,5.74,52.6,25.4,58.8,31.9,2,11,12,9,4,0,2,3,5,1,3,5,15.2,16.8,53.3,46.7,3,0,Clear,Good,Night,0.6,0.5,5.17,5.16,1,2,7.5,5,6,23.6,6.3,,0.34,0.35,Home_Win,3,0
ISL00156,2016-17,2016-12-18,NorthEast United FC,Odisha FC,Guwahati,4-3-3,4-3-3,53.2,46.8,5,3,1,1,0,1,1,0,5,5,2,3,0,0,6.9,6.59,7.16,6.65,43.8,23.3,62.4,37.5,10,12,6,12,1,0,1,1,1,0,2,1,25.5,51.2,29.8,48.1,1,2,Overcast,Average,Night,3.9,1.6,6.21,6.23,0,3,7.0,9,6,12.2,10.0,,0.49,0.3,Draw,1,1
ISL00157,2016-17,2016-12-18,Bengaluru FC,Punjab FC,Bengaluru,4-3-3,4-4-2,47.3,52.7,8,0,2,0,2,0,0,0,5,4,2,3,0,0,6.13,7.46,6.86,7.11,35.8,21.4,46.2,21.6,12,19,8,13,3,4,2,3,3,4,2,3,38.0,41.7,39.2,36.7,0,1,Overcast,Average,Night,5.5,4.5,4.52,5.8,0,0,4.4,8,8,25.9,29.2,,0.39,0.38,Home_Win,3,0
ISL00158,2016-17,2016-12-20,Kerala Blasters,Hyderabad FC,Kochi,5-3-2,4-3-3,45.5,54.5,6,10,2,2,1,1,1,1,8,5,1,2,0,0,6.48,6.98,7.79,7.52,54.7,37.5,64.3,33.8,12,12,7,19,1,1,3,2,1,2,4,2,26.1,49.1,27.3,26.4,0,1,Humid,Good,Night,0.1,0.3,8.08,7.53,0,1,3.4,4,5,22.2,24.8,,0.36,0.31,Draw,1,1
ISL00159,2016-17,2016-12-24,Chennaiyin FC,Hyderabad FC,Chennai,3-5-2,3-4-3,56.0,44.0,7,3,1,2,0,1,1,1,7,5,3,2,0,0,6.88,6.47,7.88,6.89,41.6,29.0,52.7,32.1,9,12,15,16,2,0,1,0,5,0,1,1,45.8,28.9,17.5,54.2,4,0,Clear,Good,Night,8.3,2.5,9.26,7.96,0,2,5.1,7,6,14.1,13.8,Away,0.43,0.45,Away_Win,0,3
ISL00160,2016-17,2016-12-27,Hyderabad FC,Chennaiyin FC,Hyderabad,3-4-3,5-3-2,39.3,60.7,7,2,1,1,0,1,1,0,4,1,2,3,0,0,6.61,7.19,5.7,6.6,36.8,18.8,35.4,21.2,5,12,8,8,0,1,2,1,0,1,3,1,25.8,21.7,45.8,47.7,0,1,Humid,Average,Night,5.5,4.2,7.23,4.63,3,0,9.4,8,7,6.4,21.8,,0.48,0.46,Draw,1,1
ISL00161,2016-17,2016-12-27,NorthEast United FC,FC Goa,Guwahati,3-5-2,3-4-3,36.6,63.4,3,5,0,1,0,0,0,1,7,6,0,2,0,0,6.5,7.27,7.39,7.49,72.7,32.9,43.6,25.4,10,14,9,10,1,1,3,2,1,1,4,2,15.7,47.5,15.4,51.6,4,0,Overcast,Good,Night,0.0,3.0,5.95,6.92,0,0,7.1,7,9,26.9,23.7,,0.49,0.31,Away_Win,0,3
ISL00162,2016-17,2016-12-28,Hyderabad FC,Chennaiyin FC,Hyderabad,4-3-3,4-2-3-1,60.3,39.7,4,8,2,1,0,2,1,0,1,2,0,1,0,0,6.77,7.18,7.09,7.8,25.1,16.5,52.0,24.1,5,10,5,16,1,2,0,4,2,2,1,4,50.3,20.4,54.6,20.8,2,0,Overcast,Average,Night,0.3,8.2,6.68,4.68,3,0,5.2,8,5,25.5,8.1,,0.47,0.48,Home_Win,3,0
ISL00163,2016-17,2016-12-30,Odisha FC,FC Goa,Bhubaneswar,3-5-2,5-3-2,60.5,39.5,4,5,2,1,1,1,1,0,8,5,1,3,0,0,7.5,6.35,7.57,6.91,52.2,35.6,34.1,18.1,6,9,11,14,1,1,2,1,1,1,3,1,37.5,42.4,54.6,49.6,1,0,Rainy,Poor,Night,5.6,7.6,7.17,5.4,0,1,1.0,6,9,23.9,29.6,Both,0.46,0.39,Home_Win,3,0
ISL00164,2016-17,2017-01-01,Chennaiyin FC,ATK Mohun Bagan,Chennai,3-4-3,4-2-3-1,46.8,53.2,2,1,1,0,1,0,0,0,5,7,0,1,0,0,6.16,7.28,6.99,7.9,23.9,13.5,33.7,23.5,13,9,5,17,2,2,3,1,2,4,3,2,50.4,22.6,53.5,42.6,0,3,Rainy,Good,Night,7.0,2.2,7.97,7.1,2,2,3.9,5,6,9.2,11.6,,0.31,0.44,Home_Win,3,0
ISL00165,2016-17,2017-01-03,East Bengal FC,ATK Mohun Bagan,Kolkata,5-3-2,3-4-3,49.7,50.3,5,3,2,1,1,1,0,1,8,5,1,4,0,0,6.5,7.0,7.23,7.87,51.8,33.3,46.2,31.7,10,16,5,16,3,3,2,0,4,3,3,1,35.3,47.8,25.1,33.4,2,0,Overcast,Good,Day,2.8,0.5,8.8,6.55,2,0,3.1,5,6,10.8,27.5,Away,0.47,0.41,Home_Win,3,0
ISL00166,2016-17,2017-01-11,Chennaiyin FC,Kerala Blasters,Chennai,5-3-2,3-5-2,39.7,60.3,7,6,2,0,2,0,0,0,4,4,2,2,0,0,6.85,6.45,6.09,6.85,39.1,26.1,38.5,25.2,10,14,8,18,2,0,1,2,2,1,3,3,16.2,50.9,36.7,16.2,0,2,Humid,Poor,Night,1.2,5.7,7.56,7.13,1,0,6.6,7,2,12.9,18.5,,0.32,0.44,Home_Win,3,0
ISL00167,2016-17,2017-01-12,FC Goa,Chennaiyin FC,Goa,3-4-3,3-4-3,59.2,40.8,3,1,1,0,1,0,0,0,6,8,3,1,0,0,7.5,7.36,6.9,5.66,36.9,22.2,39.2,18.3,9,10,5,14,1,1,3,1,3,1,4,1,29.2,32.2,52.2,44.4,1,1,Humid,Average,Night,9.2,4.8,4.75,8.33,1,0,4.2,8,7,15.8,15.2,,0.37,0.49,Home_Win,3,0
ISL00168,2016-17,2017-01-13,East Bengal FC,Punjab FC,Kolkata,4-4-2,3-5-2,37.8,62.2,6,5,1,2,0,1,2,0,5,8,2,5,0,0,6.73,6.55,7.16,6.13,49.2,32.9,37.4,17.5,9,18,7,9,3,1,1,2,4,4,2,2,54.3,16.3,19.9,50.9,1,3,Overcast,Good,Night,0.9,6.9,6.12,7.56,1,0,3.3,7,7,15.4,13.8,,0.47,0.33,Away_Win,0,3
ISL00169,2016-17,2017-01-17,NorthEast United FC,Bengaluru FC,Guwahati,4-4-2,3-5-2,47.5,52.5,5,3,0,0,0,0,0,0,6,5,2,5,0,0,6.64,8.36,7.16,6.72,45.8,20.9,45.4,22.8,5,19,8,19,2,1,0,1,2,3,0,1,37.2,31.4,34.6,27.5,2,0,Rainy,Good,Night,2.8,1.6,9.02,6.43,1,1,6.3,4,10,20.3,8.8,Home,0.46,0.46,Draw,1,1
ISL00170,2016-17,2017-01-21,Bengaluru FC,Kerala Blasters,Bengaluru,4-3-3,5-3-2,51.7,48.3,6,1,2,0,2,0,0,0,4,3,2,0,0,0,6.79,7.0,7.6,6.68,28.8,14.9,45.2,29.7,9,16,11,14,2,0,1,1,2,0,2,1,50.6,22.6,39.5,27.7,1,2,Rainy,Poor,Day,3.7,4.2,6.52,8.4,0,3,5.7,11,2,19.3,26.3,,0.46,0.33,Home_Win,3,0
ISL00171,2016-17,2017-01-23,Chennaiyin FC,Bengaluru FC,Chennai,3-5-2,4-2-3-1,43.1,56.9,5,5,2,2,0,2,1,1,8,6,1,2,0,0,7.48,6.91,7.62,7.58,10.0,5.2,33.0,16.5,4,15,5,15,0,1,2,0,0,1,2,0,20.1,32.8,22.6,27.2,0,1,Rainy,Good,Night,4.4,6.5,8.13,9.86,1,1,5.9,7,11,23.5,22.6,Home,0.41,0.44,Draw,1,1
ISL00172,2016-17,2017-01-25,NorthEast United FC,Mumbai City FC,Guwahati,4-2-3-1,4-4-2,56.3,43.7,5,6,1,2,1,0,1,1,8,5,5,2,0,0,7.08,7.55,6.73,8.16,59.7,28.7,39.3,19.9,6,9,8,11,4,1,3,1,6,1,5,1,37.7,27.1,48.6,23.0,2,2,Humid,Good,Night,8.2,4.1,7.97,6.98,1,0,6.0,4,1,18.2,13.0,Home,0.32,0.48,Away_Win,0,3
ISL00173,2016-17,2017-01-29,Kerala Blasters,East Bengal FC,Kochi,3-4-3,3-4-3,45.3,54.7,4,1,1,1,1,0,1,0,4,2,4,4,0,0,6.05,7.34,6.73,8.04,40.8,27.6,35.0,18.0,11,4,13,10,0,2,1,0,0,3,1,1,48.3,47.5,48.5,18.6,2,1,Overcast,Average,Night,0.7,8.9,8.07,7.53,2,2,8.4,2,7,26.1,19.2,Both,0.38,0.49,Draw,1,1
ISL00174,2016-17,2017-01-30,Jamshedpur FC,NorthEast United FC,Jamshedpur,4-4-2,4-2-3-1,56.5,43.5,1,4,1,0,1,0,0,0,5,7,1,1,0,0,6.24,7.23,6.7,8.16,42.9,19.6,31.3,19.8,3,10,3,11,4,3,1,3,5,4,1,4,29.2,18.8,44.5,51.4,1,1,Clear,Good,Night,5.9,6.3,6.44,9.45,1,0,2.0,6,3,18.9,12.2,,0.49,0.45,Home_Win,3,0
ISL00175,2016-17,2017-01-30,Mumbai City FC,Hyderabad FC,Mumbai,3-5-2,3-4-3,67.7,32.3,4,9,1,2,0,1,2,0,1,6,2,1,0,0,5.99,6.91,6.78,8.25,29.1,18.0,68.8,40.0,5,14,8,18,0,1,4,0,0,1,5,0,41.9,24.2,34.2,15.6,0,1,Rainy,Average,Night,7.5,3.4,7.91,6.88,0,1,4.7,4,11,22.6,10.7,,0.46,0.43,Away_Win,0,3
ISL00176,2016-17,2017-01-31,East Bengal FC,NorthEast United FC,Kolkata,4-4-2,3-4-3,42.9,57.1,6,5,0,0,0,0,0,0,6,6,3,1,0,0,5.93,7.39,7.63,7.86,53.5,25.0,52.7,35.1,8,15,10,14,2,0,2,3,3,0,2,4,28.7,35.9,19.0,38.5,2,1,Humid,Poor,Night,0.6,9.5,9.04,7.47,1,1,5.6,8,2,5.6,28.1,,0.47,0.4,Draw,1,1
ISL00177,2016-17,2017-01-31,FC Goa,Jamshedpur FC,Goa,3-5-2,5-3-2,51.3,48.7,4,3,1,1,0,1,1,0,8,0,4,1,0,0,7.78,6.74,6.69,7.86,66.7,36.0,50.7,23.8,6,16,8,11,2,1,3,2,3,2,3,3,25.1,33.3,38.1,34.4,1,1,Humid,Good,Night,9.3,3.7,6.7,6.77,3,0,6.4,8,9,17.8,22.4,,0.31,0.36,Draw,1,1
ISL00178,2016-17,2017-02-01,East Bengal FC,Hyderabad FC,Kolkata,3-4-3,3-5-2,55.5,44.5,9,4,3,1,0,3,0,1,6,9,1,0,0,0,7.75,6.63,7.22,6.93,59.3,32.9,57.3,26.5,11,11,14,10,1,2,1,2,1,2,2,3,49.0,29.2,50.3,43.8,2,2,Overcast,Good,Night,9.0,2.0,7.25,8.82,0,1,3.8,8,11,13.0,13.5,,0.44,0.31,Home_Win,3,0
ISL00179,2016-17,2017-02-03,ATK Mohun Bagan,Punjab FC,Kolkata,3-5-2,4-2-3-1,59.0,41.0,7,4,3,4,2,1,3,1,11,3,2,4,0,0,7.74,7.06,7.52,6.89,55.8,27.6,47.5,31.4,9,21,9,12,1,4,2,1,3,6,2,2,18.7,22.4,24.1,39.8,0,1,Clear,Good,Night,1.4,5.9,7.53,6.61,2,0,9.5,3,7,21.0,26.9,,0.44,0.37,Away_Win,0,3
ISL00180,2016-17,2017-02-03,Jamshedpur FC,Bengaluru FC,Jamshedpur,4-2-3-1,4-2-3-1,54.2,45.8,7,11,2,2,1,1,1,1,6,8,2,4,0,0,6.32,6.91,6.92,7.27,48.8,28.3,43.3,20.7,11,15,10,9,1,4,2,0,3,4,3,1,52.7,20.1,55.0,42.3,1,0,Rainy,Average,Day,9.1,3.7,6.55,6.92,1,2,5.8,7,11,15.2,11.8,,0.33,0.46,Draw,1,1
ISL00181,2016-17,2017-02-03,Punjab FC,Jamshedpur FC,Mohali,4-2-3-1,5-3-2,59.5,40.5,5,8,0,2,0,0,0,2,6,5,2,2,0,0,6.1,6.38,6.94,7.48,41.4,24.2,53.2,33.4,7,16,14,11,1,2,2,2,1,3,3,2,29.3,31.0,34.3,41.2,0,2,Humid,Good,Night,8.6,8.5,6.15,7.08,2,1,4.3,10,7,15.4,25.8,Away,0.36,0.49,Away_Win,0,3
ISL00182,2016-17,2017-02-03,East Bengal FC,Mumbai City FC,Kolkata,4-2-3-1,5-3-2,48.9,51.1,9,6,2,1,2,0,1,0,4,9,1,2,0,0,5.57,8.01,5.86,7.32,47.9,25.4,45.5,27.4,8,17,5,7,0,0,1,2,0,0,1,2,26.9,38.4,37.9,31.3,0,0,Overcast,Poor,Night,3.8,1.4,7.08,8.16,2,1,1.4,8,3,25.9,11.2,Away,0.39,0.43,Home_Win,3,0
ISL00183,2016-17,2017-02-10,Chennaiyin FC,ATK Mohun Bagan,Chennai,3-4-3,3-5-2,41.0,59.0,8,1,2,1,0,2,1,0,4,2,0,2,0,0,8.03,7.42,6.98,6.47,52.5,33.3,43.6,21.9,4,12,11,17,2,1,1,3,4,2,2,3,32.8,48.0,49.2,41.4,0,0,Humid,Average,Night,5.6,1.1,7.26,6.49,3,2,3.5,7,3,20.1,25.4,,0.45,0.35,Home_Win,3,0
ISL00184,2016-17,2017-02-12,Kerala Blasters,NorthEast United FC,Kochi,4-4-2,3-4-3,30.0,70.0,4,6,1,1,1,0,1,0,2,4,6,4,0,0,7.28,7.4,7.61,5.85,37.1,18.2,46.6,24.0,8,16,12,14,2,0,4,0,2,1,4,1,54.0,52.5,18.7,40.1,1,0,Rainy,Poor,Night,9.5,3.1,7.69,5.81,1,0,8.5,3,2,5.7,25.8,,0.33,0.48,Draw,1,1
ISL00185,2016-17,2017-02-13,East Bengal FC,NorthEast United FC,Kolkata,4-4-2,4-2-3-1,55.9,44.1,8,4,3,2,1,2,2,0,4,8,1,2,0,0,6.42,7.59,6.72,8.08,41.0,20.4,26.5,16.8,6,10,12,13,0,2,0,0,1,3,1,0,38.8,31.3,44.1,21.4,0,2,Rainy,Average,Night,6.9,2.8,6.78,6.27,1,1,8.4,8,3,29.7,15.2,,0.3,0.33,Home_Win,3,0
ISL00186,2016-17,2017-02-14,Mumbai City FC,Hyderabad FC,Mumbai,4-4-2,3-4-3,50.3,49.7,5,2,1,1,1,0,1,0,4,7,4,2,0,0,7.61,7.56,6.8,7.23,48.5,26.1,49.8,22.7,4,16,5,10,4,0,2,0,6,0,4,0,44.5,39.4,51.6,36.7,0,1,Humid,Good,Night,8.3,9.0,4.81,6.66,0,2,8.8,3,10,9.4,20.5,,0.3,0.38,Draw,1,1
ISL00187,2016-17,2017-02-15,FC Goa,ATK Mohun Bagan,Goa,4-4-2,3-5-2,48.9,51.1,4,4,2,2,1,1,1,1,6,7,4,4,0,0,6.98,7.93,6.56,8.32,68.9,37.5,43.4,29.9,16,14,6,13,2,0,1,1,2,0,2,2,39.9,45.8,38.8,26.9,0,2,Humid,Good,Night,6.8,3.4,6.31,8.46,2,0,9.0,8,0,9.0,13.5,Both,0.37,0.31,Draw,1,1
ISL00188,2016-17,2017-02-18,FC Goa,Kerala Blasters,Goa,4-4-2,5-3-2,59.8,40.2,11,4,4,0,4,0,0,0,8,3,2,2,0,0,8.01,7.25,6.96,6.19,38.6,19.4,42.7,19.7,6,13,8,10,0,1,3,4,0,2,3,5,52.0,16.2,23.8,18.0,1,0,Humid,Poor,Night,5.0,1.0,8.26,6.01,1,1,5.0,8,3,7.2,12.2,,0.46,0.33,Home_Win,3,0
ISL00189,2016-17,2017-02-19,Kerala Blasters,NorthEast United FC,Kochi,4-3-3,5-3-2,36.3,63.7,2,12,0,1,0,0,1,0,3,3,1,2,0,0,7.04,7.05,7.77,6.54,23.3,15.8,52.4,25.7,7,18,4,13,5,2,2,2,6,3,2,2,22.9,28.4,17.3,15.1,1,2,Clear,Good,Night,4.0,9.9,7.42,6.69,1,0,7.5,2,2,11.7,7.5,,0.37,0.38,Away_Win,0,3
ISL00190,2016-17,2017-02-19,Bengaluru FC,Punjab FC,Bengaluru,5-3-2,3-5-2,35.9,64.1,4,3,1,1,0,1,0,1,7,3,3,3,0,0,6.81,7.07,7.19,7.14,43.4,28.5,59.1,36.1,13,9,5,12,0,1,4,1,0,2,5,2,43.0,48.2,48.9,51.1,0,3,Humid,Average,Night,3.3,4.6,5.43,5.82,1,0,4.1,9,7,8.7,20.9,,0.49,0.5,Draw,1,1
ISL00191,2016-17,2017-02-20,ATK Mohun Bagan,Bengaluru FC,Kolkata,4-4-2,3-5-2,50.7,49.3,4,10,0,1,0,0,1,0,1,6,1,4,0,0,6.2,7.36,7.19,6.82,28.9,13.8,61.6,29.5,11,17,5,11,0,1,0,1,1,2,1,2,32.1,37.4,51.1,21.9,3,0,Humid,Good,Night,5.7,2.5,7.04,9.34,0,0,3.3,1,7,6.3,5.3,,0.3,0.3,Away_Win,0,3
ISL00192,2016-17,2017-02-20,ATK Mohun Bagan,Bengaluru FC,Kolkata,3-5-2,4-4-2,46.4,53.6,2,5,1,0,0,1,0,0,7,4,4,0,0,0,6.56,7.16,5.83,6.23,49.3,26.7,35.4,24.8,4,13,14,17,2,1,0,1,2,1,0,1,35.9,32.7,41.3,50.8,2,2,Humid,Good,Night,3.4,9.4,8.29,8.67,0,1,7.9,1,9,28.0,18.3,Home,0.32,0.42,Home_Win,3,0
ISL00193,2016-17,2017-02-24,Jamshedpur FC,Mumbai City FC,Jamshedpur,3-4-3,4-4-2,49.8,50.2,2,2,0,1,0,0,1,0,8,11,0,3,0,0,6.88,7.77,5.9,6.91,61.0,31.0,56.7,31.7,12,10,7,8,0,1,3,3,0,3,3,3,53.1,42.3,29.0,51.1,1,0,Overcast,Average,Night,0.0,7.2,7.44,6.65,2,0,3.7,9,4,19.0,14.9,,0.43,0.31,Away_Win,0,3
ISL00194,2016-17,2017-02-25,NorthEast United FC,Jamshedpur FC,Guwahati,5-3-2,4-4-2,56.2,43.8,7,5,0,3,0,0,1,2,5,4,1,2,0,0,6.16,6.63,6.87,6.88,31.7,17.8,51.4,24.0,7,18,6,10,5,2,1,3,6,3,3,4,24.8,20.2,24.9,21.5,1,1,Overcast,Good,Day,1.3,2.4,6.31,6.39,0,2,3.5,5,8,18.7,23.0,,0.5,0.33,Away_Win,0,3
ISL00195,2016-17,2017-02-26,FC Goa,ATK Mohun Bagan,Goa,3-4-3,3-4-3,53.0,47.0,10,6,3,2,2,1,2,0,6,8,6,2,0,0,6.7,7.76,6.01,7.02,42.5,22.1,46.9,23.0,5,10,7,10,1,5,1,1,1,5,2,1,45.5,38.3,44.9,16.6,3,3,Rainy,Average,Day,8.5,2.1,8.84,6.21,2,0,8.5,8,4,9.4,6.8,,0.38,0.42,Home_Win,3,0
ISL00196,2016-17,2017-02-28,ATK Mohun Bagan,Punjab FC,Kolkata,4-2-3-1,4-2-3-1,48.4,51.6,10,2,1,0,1,0,0,0,5,9,4,1,0,0,6.95,6.85,6.83,7.37,62.7,36.1,38.8,22.7,10,14,8,15,3,2,2,0,3,3,3,2,44.0,15.5,53.4,42.7,0,0,Overcast,Average,Night,2.9,6.3,7.17,9.4,2,1,5.9,4,7,11.8,11.1,,0.33,0.47,Home_Win,3,0
ISL00197,2016-17,2017-03-02,Hyderabad FC,Punjab FC,Hyderabad,4-4-2,4-4-2,54.6,45.4,4,7,0,1,0,0,1,0,5,4,0,4,0,0,7.63,7.38,6.86,6.51,51.2,34.8,70.9,47.3,15,10,4,7,1,0,3,1,2,0,5,2,31.7,32.8,33.9,24.1,0,0,Rainy,Good,Night,1.3,2.5,6.54,6.41,0,1,2.2,8,7,21.8,19.9,,0.36,0.3,Away_Win,0,3
ISL00198,2016-17,2017-03-02,Mumbai City FC,Bengaluru FC,Mumbai,3-5-2,5-3-2,51.0,49.0,2,5,2,1,2,0,1,0,5,7,2,0,0,0,7.18,6.8,5.68,6.83,49.9,27.2,57.2,29.4,15,18,7,17,2,1,3,1,3,1,5,2,42.0,15.3,18.4,16.6,1,0,Rainy,Good,Day,7.6,0.7,5.59,4.81,0,1,3.1,7,6,20.4,17.7,,0.5,0.5,Home_Win,3,0
ISL00199,2016-17,2017-03-11,FC Goa,Jamshedpur FC,Goa,3-5-2,4-2-3-1,59.0,41.0,6,4,1,2,0,1,1,1,7,5,4,4,0,0,7.21,7.22,7.71,7.35,60.7,37.2,52.3,28.8,7,17,10,15,2,0,2,1,3,0,2,2,28.6,33.1,48.9,23.1,3,1,Overcast,Good,Day,7.8,3.7,4.79,6.86,3,0,6.5,11,8,8.0,28.1,,0.32,0.49,Away_Win,0,3
ISL00200,2016-17,2017-03-13,Punjab FC,Mumbai City FC,Mohali,3-4-3,3-4-3,39.7,60.3,3,5,1,1,1,0,1,0,6,3,2,1,0,0,6.6,7.37,6.76,7.26,32.2,19.3,52.1,30.9,10,11,12,12,1,0,4,1,2,0,7,2,37.7,54.6,47.9,44.7,1,1,Humid,Good,Day,6.1,9.9,6.26,6.1,1,0,2.7,7,7,17.5,24.8,,0.33,0.43,Draw,1,1
ISL00201,2016-17,2017-03-15,Kerala Blasters,Odisha FC,Kochi,3-5-2,4-2-3-1,53.8,46.2,5,4,0,1,0,0,0,1,4,6,4,3,0,0,6.65,7.24,7.89,6.92,52.6,33.6,45.3,27.8,8,10,10,19,2,0,1,1,2,0,2,1,51.2,28.3,33.3,20.1,1,0,Overcast,Good,Night,7.6,4.5,10.0,7.48,1,0,7.0,2,9,26.8,25.7,,0.37,0.42,Away_Win,0,3
ISL00202,2016-17,2017-03-19,Mumbai City FC,NorthEast United FC,Mumbai,4-2-3-1,3-5-2,33.4,66.6,3,5,0,0,0,0,0,0,5,4,1,3,0,0,6.68,6.76,6.38,7.33,58.4,27.2,43.4,27.4,10,8,13,10,1,0,1,0,1,0,3,0,38.1,54.9,42.7,51.5,0,0,Rainy,Good,Night,5.1,10.0,7.25,5.69,1,1,8.9,8,5,24.5,5.4,,0.46,0.36,Draw,1,1
ISL00203,2016-17,2017-03-26,Bengaluru FC,East Bengal FC,Bengaluru,4-2-3-1,4-4-2,44.9,55.1,7,2,2,2,1,1,1,1,0,4,1,4,0,0,6.71,7.51,6.41,6.76,52.1,33.1,34.7,18.4,6,14,10,14,0,2,2,0,1,2,2,1,35.8,32.7,50.5,18.9,0,3,Clear,Average,Night,8.4,8.1,6.54,5.56,0,0,9.8,5,11,21.6,28.9,Away,0.34,0.47,Draw,1,1
ISL00204,2016-17,2017-03-26,Mumbai City FC,Odisha FC,Mumbai,4-4-2,3-4-3,46.5,53.5,5,3,2,1,1,1,1,0,6,7,0,4,0,0,6.64,8.07,7.37,7.66,49.4,33.9,31.6,17.1,11,17,7,12,4,0,3,0,4,0,3,2,24.9,32.7,20.1,15.9,0,2,Rainy,Good,Night,6.8,6.4,6.95,7.26,0,1,8.0,9,11,11.2,22.0,Home,0.48,0.38,Home_Win,3,0
ISL00205,2016-17,2017-03-27,Jamshedpur FC,ATK Mohun Bagan,Jamshedpur,5-3-2,5-3-2,59.4,40.6,13,4,4,0,2,2,0,0,4,1,4,4,0,0,6.55,8.42,6.18,6.91,51.5,30.9,50.7,33.9,6,15,9,14,1,0,0,0,2,0,2,1,41.9,51.7,51.0,34.9,1,0,Rainy,Average,Day,1.6,6.3,6.69,7.78,1,0,9.5,10,7,10.0,12.7,,0.35,0.37,Home_Win,3,0
ISL00206,2016-17,2017-03-28,Odisha FC,NorthEast United FC,Bhubaneswar,3-4-3,4-2-3-1,51.4,48.6,9,4,4,2,4,0,2,0,2,3,7,1,0,0,6.29,7.01,6.56,6.61,57.2,29.9,54.4,36.8,10,12,8,17,1,2,0,0,2,2,0,0,44.4,31.5,30.2,36.7,0,2,Clear,Good,Day,2.1,5.2,8.01,7.26,2,0,2.6,10,5,22.1,15.7,Both,0.42,0.45,Home_Win,3,0
ISL00207,2016-17,2017-03-29,FC Goa,Chennaiyin FC,Goa,3-5-2,4-4-2,48.2,51.8,11,6,3,1,2,1,0,1,6,5,5,2,0,0,5.79,7.39,5.94,7.18,47.9,29.6,55.6,30.8,7,11,6,14,1,0,0,1,2,1,0,2,25.4,51.0,36.4,45.0,1,1,Humid,Poor,Day,0.9,7.5,9.14,6.47,2,0,1.3,8,10,8.4,9.3,,0.31,0.43,Home_Win,3,0
ISL00208,2016-17,2017-03-29,Hyderabad FC,Kerala Blasters,Hyderabad,4-4-2,3-5-2,53.6,46.4,2,4,0,1,0,0,0,1,6,5,1,3,0,0,7.06,6.65,6.13,8.6,39.2,24.6,53.4,37.3,10,6,7,8,2,0,2,1,2,0,3,1,34.2,32.6,33.5,45.9,0,0,Rainy,Good,Night,0.0,1.0,5.07,7.57,1,0,2.3,7,2,18.8,8.6,,0.42,0.49,Away_Win,0,3
ISL00209,2016-17,2017-03-31,Chennaiyin FC,FC Goa,Chennai,4-3-3,4-2-3-1,45.4,54.6,3,8,2,3,1,1,1,2,4,6,4,3,0,0,8.15,6.71,6.13,7.12,51.9,31.9,51.4,25.4,9,21,5,10,2,0,0,1,2,0,0,1,48.2,15.2,38.2,18.2,1,0,Clear,Average,Day,5.8,6.7,4.04,7.77,0,3,4.3,7,10,6.9,29.0,,0.39,0.42,Away_Win,0,3
ISL00210,2016-17,2017-04-01,East Bengal FC,Chennaiyin FC,Kolkata,4-4-2,4-3-3,47.5,52.5,6,5,2,1,2,0,1,0,2,2,2,3,1,0,7.04,7.5,6.73,5.95,33.4,16.3,55.8,36.6,15,14,10,21,3,0,2,0,4,0,3,1,38.1,54.5,35.5,41.2,2,2,Rainy,Good,Night,6.6,7.2,3.71,6.2,0,0,2.5,11,4,12.1,12.1,Home,0.43,0.3,Home_Win,3,0
ISL00211,2016-17,2017-04-03,Chennaiyin FC,NorthEast United FC,Chennai,3-5-2,4-4-2,54.2,45.8,6,9,1,3,1,0,2,1,2,4,0,3,0,0,6.34,7.13,5.99,7.51,41.9,29.1,39.8,27.0,11,13,7,10,1,2,1,0,1,3,1,0,18.7,22.1,53.2,33.9,2,0,Humid,Good,Night,3.8,9.4,6.96,7.92,0,1,4.3,4,4,6.1,29.4,Away,0.3,0.49,Away_Win,0,3
ISL00212,2016-17,2017-04-03,FC Goa,East Bengal FC,Goa,4-2-3-1,4-4-2,53.5,46.5,11,1,3,2,2,1,0,2,5,4,2,1,0,0,6.88,6.95,7.51,6.46,50.8,35.0,49.1,29.0,13,15,8,15,2,1,3,0,3,1,4,1,24.8,15.7,51.3,41.9,2,2,Humid,Good,Night,5.9,2.7,7.05,8.04,1,3,3.6,12,13,9.9,29.3,Home,0.37,0.42,Home_Win,3,0
ISL00213,2016-17,2017-04-04,ATK Mohun Bagan,Mumbai City FC,Kolkata,3-4-3,5-3-2,39.5,60.5,5,4,0,1,0,0,1,0,4,3,0,1,0,0,7.74,6.79,6.44,6.57,45.7,25.4,68.8,42.9,7,14,11,13,2,0,0,2,3,0,1,3,31.7,17.2,49.3,22.0,1,2,Humid,Average,Night,6.5,0.4,5.15,7.1,3,1,1.9,6,11,5.6,9.3,,0.41,0.44,Away_Win,0,3
ISL00214,2016-17,2017-04-08,Hyderabad FC,NorthEast United FC,Hyderabad,4-3-3,3-5-2,50.9,49.1,2,7,0,0,0,0,0,0,7,9,1,1,0,0,6.12,7.74,8.17,6.92,37.2,22.3,43.4,20.2,8,17,6,8,3,0,3,0,4,2,3,1,41.5,49.3,49.3,45.2,0,2,Rainy,Good,Night,4.3,3.9,6.33,6.47,0,1,7.6,4,7,23.9,15.5,Home,0.36,0.39,Draw,1,1
ISL00215,2016-17,2017-04-09,FC Goa,Punjab FC,Goa,4-4-2,4-4-2,57.6,42.4,5,4,0,0,0,0,0,0,2,2,3,2,0,0,7.08,6.5,5.66,7.01,56.1,25.8,39.3,26.0,9,14,3,12,2,0,2,2,2,0,2,2,42.7,26.5,38.5,47.8,1,0,Humid,Average,Night,0.5,4.3,5.27,7.58,1,0,3.1,12,5,22.3,29.4,,0.49,0.35,Draw,1,1
ISL00216,2016-17,2017-04-09,FC Goa,ATK Mohun Bagan,Goa,3-4-3,4-4-2,48.6,51.4,4,3,0,1,0,0,1,0,9,3,4,3,0,0,6.92,6.52,6.49,8.04,54.0,37.6,50.0,31.0,10,16,10,8,3,0,6,0,3,0,8,2,19.1,37.5,26.7,43.9,1,2,Rainy,Poor,Day,6.2,2.4,4.67,7.68,3,0,8.9,10,6,15.1,12.3,,0.35,0.41,Away_Win,0,3
ISL00217,2016-17,2017-04-11,Odisha FC,Hyderabad FC,Bhubaneswar,5-3-2,4-2-3-1,51.8,48.2,5,5,2,2,1,1,2,0,5,7,2,2,0,0,6.75,6.76,6.23,7.78,45.4,29.7,63.5,37.8,6,14,11,13,3,4,1,2,3,4,2,2,35.6,47.2,44.4,46.3,1,1,Overcast,Good,Night,8.3,0.4,6.37,8.32,1,0,6.1,10,2,15.9,18.5,,0.34,0.39,Draw,1,1
ISL00218,2016-17,2017-04-13,Jamshedpur FC,Mumbai City FC,Jamshedpur,3-5-2,4-2-3-1,40.9,59.1,10,9,4,1,4,0,0,1,6,4,4,3,0,0,6.37,7.22,6.03,6.73,44.7,27.2,30.5,18.2,9,14,13,10,4,2,1,0,5,3,1,1,28.1,25.4,49.2,27.7,1,1,Clear,Good,Night,8.8,1.8,8.71,6.03,2,1,9.6,12,11,27.0,23.9,,0.49,0.34,Home_Win,3,0
ISL00219,2016-17,2017-04-13,East Bengal FC,FC Goa,Kolkata,4-2-3-1,5-3-2,47.2,52.8,6,4,1,0,0,1,0,0,5,7,3,2,0,0,5.57,6.69,7.88,7.35,54.2,34.7,46.5,22.8,6,9,7,16,2,0,1,2,3,1,1,4,16.8,18.0,40.8,23.9,3,2,Rainy,Average,Night,2.7,4.5,6.78,5.98,2,2,9.3,10,10,7.4,14.3,,0.44,0.35,Home_Win,3,0
ISL00220,2016-17,2017-04-14,Odisha FC,FC Goa,Bhubaneswar,4-4-2,4-4-2,47.6,52.4,5,8,2,1,1,1,0,1,3,2,0,1,0,0,5.66,6.96,7.0,7.59,66.0,32.8,58.4,38.7,9,16,12,13,1,0,1,0,1,0,1,0,26.7,47.7,25.6,35.1,0,1,Humid,Good,Night,8.1,2.2,7.2,6.49,1,1,2.7,10,7,24.0,7.3,,0.4,0.31,Home_Win,3,0
ISL00221,2017-18,2017-10-02,Mumbai City FC,Hyderabad FC,Mumbai,4-2-3-1,3-4-3,49.1,50.9,7,4,1,0,1,0,0,0,10,8,4,1,0,0,7.42,7.89,5.52,7.02,28.1,14.8,40.4,23.5,7,8,11,17,2,3,3,3,2,5,4,3,27.1,51.8,18.7,25.1,0,1,Rainy,Poor,Night,2.3,4.2,6.99,8.17,0,2,3.9,8,3,8.3,17.2,Home,0.45,0.32,Home_Win,3,0
ISL00222,2017-18,2017-10-05,FC Goa,ATK Mohun Bagan,Goa,3-5-2,5-3-2,62.6,37.4,5,7,2,1,2,0,1,0,5,4,1,2,0,0,7.35,7.73,6.75,6.05,39.5,20.2,41.9,25.2,9,6,10,14,0,0,0,2,1,1,0,2,49.5,30.2,15.2,28.7,2,2,Clear,Good,Night,9.4,8.5,6.4,7.05,3,1,8.1,4,6,9.5,19.3,,0.5,0.36,Home_Win,3,0
ISL00223,2017-18,2017-10-06,Hyderabad FC,ATK Mohun Bagan,Hyderabad,4-4-2,3-5-2,45.6,54.4,5,10,1,1,1,0,1,0,4,4,3,9,0,0,6.44,6.33,6.13,6.6,52.1,31.2,40.4,19.9,10,15,8,9,4,0,2,0,5,0,2,0,26.3,52.8,22.9,39.5,2,2,Rainy,Good,Day,7.3,2.1,6.75,6.75,0,1,3.2,2,6,10.9,9.8,,0.41,0.37,Draw,1,1
ISL00224,2017-18,2017-10-11,Mumbai City FC,FC Goa,Mumbai,5-3-2,5-3-2,47.3,52.7,6,5,1,0,1,0,0,0,3,4,2,2,0,0,6.96,6.19,6.39,6.69,40.5,19.2,33.9,20.6,5,12,2,15,1,0,1,3,1,0,2,3,28.6,28.0,40.6,23.8,1,0,Overcast,Good,Day,4.9,6.5,6.36,6.92,1,0,3.2,10,4,29.3,14.9,,0.42,0.35,Home_Win,3,0
ISL00225,2017-18,2017-10-19,Jamshedpur FC,ATK Mohun Bagan,Jamshedpur,4-2-3-1,5-3-2,36.6,63.4,3,8,2,1,0,2,1,0,3,6,3,6,0,0,6.32,6.47,6.14,7.31,52.1,35.1,57.8,29.5,7,16,5,10,0,2,5,3,1,2,5,3,24.1,22.4,19.4,48.0,0,1,Humid,Good,Day,7.8,3.1,7.73,8.01,2,0,4.6,12,4,6.7,17.9,,0.37,0.43,Home_Win,3,0
ISL00226,2017-18,2017-10-20,Hyderabad FC,Jamshedpur FC,Hyderabad,4-3-3,4-4-2,51.5,48.5,8,8,6,2,4,2,2,0,7,3,3,1,0,0,6.13,6.05,7.48,7.13,47.5,26.9,51.7,33.1,8,9,10,17,0,5,2,0,1,5,3,0,15.4,36.6,34.3,18.4,2,0,Overcast,Good,Day,2.8,0.9,5.82,6.2,1,3,9.3,3,15,7.0,15.7,,0.41,0.48,Home_Win,3,0
ISL00227,2017-18,2017-10-20,NorthEast United FC,Mumbai City FC,Guwahati,5-3-2,3-4-3,39.9,60.1,3,3,1,0,0,1,0,0,3,1,3,3,0,0,7.03,7.67,6.58,7.58,43.2,24.2,14.7,6.7,11,13,8,15,4,0,1,0,4,1,3,0,34.3,36.8,54.1,23.8,1,0,Humid,Good,Night,6.5,4.9,6.94,8.73,1,1,5.5,5,12,29.5,25.8,,0.48,0.35,Home_Win,3,0
ISL00228,2017-18,2017-10-20,Punjab FC,Hyderabad FC,Mohali,4-2-3-1,5-3-2,44.8,55.2,5,5,2,0,0,2,0,0,4,13,2,3,0,0,6.92,6.77,6.17,6.39,63.7,30.3,55.7,26.8,7,12,12,17,1,2,0,0,3,3,1,0,27.9,22.4,27.7,48.5,0,3,Humid,Average,Night,9.8,7.7,9.08,7.02,2,0,5.3,6,6,23.9,27.0,,0.49,0.36,Home_Win,3,0
ISL00229,2017-18,2017-10-21,Chennaiyin FC,Odisha FC,Chennai,4-2-3-1,3-5-2,51.4,48.6,6,5,0,2,0,0,2,0,5,3,2,2,0,0,5.99,6.52,6.09,6.78,42.8,26.6,31.0,15.6,10,20,12,10,4,0,2,4,4,0,3,5,51.1,46.7,26.1,34.7,1,3,Clear,Good,Night,6.6,2.8,8.76,6.91,2,0,4.9,3,10,16.7,22.6,Home,0.36,0.36,Away_Win,0,3
ISL00230,2017-18,2017-10-23,East Bengal FC,NorthEast United FC,Kolkata,4-4-2,3-5-2,58.0,42.0,8,5,1,2,0,1,1,1,2,8,0,0,0,0,7.13,7.6,5.76,7.0,41.6,27.2,41.6,22.9,2,7,10,16,1,1,3,0,2,1,3,3,34.9,38.1,16.8,21.5,2,1,Clear,Good,Night,9.7,3.0,6.26,5.6,2,1,1.6,10,8,17.2,25.3,,0.32,0.31,Away_Win,0,3
ISL00231,2017-18,2017-10-27,Odisha FC,Chennaiyin FC,Bhubaneswar,3-5-2,3-4-3,51.5,48.5,4,6,0,2,0,0,2,0,6,6,2,1,0,0,6.71,7.04,6.91,6.31,45.5,27.6,47.0,31.4,8,15,7,9,1,0,2,1,1,0,3,1,32.5,53.4,24.8,38.3,2,0,Humid,Good,Night,0.4,7.5,7.15,8.56,1,2,8.4,10,0,27.9,12.4,,0.49,0.33,Away_Win,0,3
ISL00232,2017-18,2017-10-28,FC Goa,East Bengal FC,Goa,4-3-3,3-5-2,65.1,34.9,1,6,0,0,0,0,0,0,2,7,1,2,0,0,6.81,7.36,6.21,8.38,41.0,20.9,41.3,18.7,8,8,9,15,1,1,3,0,1,3,6,1,44.6,39.0,20.4,51.4,0,0,Rainy,Good,Day,2.3,4.0,6.58,6.06,2,2,8.0,3,7,23.0,8.2,Both,0.31,0.48,Draw,1,1
ISL00233,2017-18,2017-10-30,Punjab FC,East Bengal FC,Mohali,4-2-3-1,4-3-3,46.1,53.9,9,0,2,0,1,1,0,0,6,2,1,2,0,0,6.12,7.02,6.16,6.59,29.3,18.9,43.2,25.4,8,12,7,19,4,1,2,2,4,3,3,2,19.2,34.3,25.3,40.9,2,5,Clear,Good,Night,4.6,9.9,5.96,7.5,1,1,7.4,8,7,24.0,18.1,,0.48,0.47,Home_Win,3,0
ISL00234,2017-18,2017-10-30,Odisha FC,East Bengal FC,Bhubaneswar,3-5-2,4-3-3,47.8,52.2,5,8,2,1,1,1,1,0,3,4,4,3,0,0,7.61,7.93,6.95,6.3,51.5,25.1,63.7,29.2,12,10,9,12,1,2,3,1,1,2,3,1,51.7,44.3,17.6,25.0,3,3,Clear,Good,Night,3.8,7.7,8.64,5.97,2,1,10.0,10,4,27.4,5.5,,0.47,0.48,Home_Win,3,0
ISL00235,2017-18,2017-10-31,Odisha FC,Jamshedpur FC,Bhubaneswar,3-5-2,4-4-2,56.9,43.1,8,5,2,1,1,1,0,1,7,5,2,2,0,0,6.83,6.93,6.82,6.66,43.2,28.4,39.1,21.3,4,12,8,19,4,2,1,1,5,2,1,2,52.7,52.8,31.9,37.6,1,1,Rainy,Good,Night,7.5,2.2,6.88,7.22,0,1,4.5,10,12,24.2,16.1,,0.37,0.39,Home_Win,3,0
ISL00236,2017-18,2017-11-03,Kerala Blasters,NorthEast United FC,Kochi,4-2-3-1,4-3-3,45.3,54.7,7,3,1,3,1,0,3,0,6,9,2,0,0,0,6.29,6.01,6.18,8.56,52.3,31.1,68.0,35.7,8,8,9,15,2,0,4,2,3,0,4,3,45.6,22.0,41.7,49.6,1,2,Humid,Poor,Night,4.1,5.0,7.99,9.49,1,1,1.4,4,10,23.0,6.5,Both,0.39,0.47,Away_Win,0,3
ISL00237,2017-18,2017-11-05,Bengaluru FC,Mumbai City FC,Bengaluru,3-5-2,4-4-2,53.2,46.8,5,11,1,2,0,1,2,0,7,7,4,2,0,0,7.11,7.25,8.18,6.62,63.5,33.2,50.7,24.9,5,9,15,14,5,1,3,0,5,1,3,1,48.9,50.0,36.1,51.1,3,1,Clear,Average,Day,4.9,8.9,8.09,5.52,1,1,9.0,5,9,16.6,17.9,,0.37,0.36,Away_Win,0,3
ISL00238,2017-18,2017-11-07,FC Goa,Bengaluru FC,Goa,5-3-2,4-2-3-1,45.9,54.1,3,5,0,3,0,0,2,1,5,9,1,1,0,0,7.66,7.14,7.45,7.22,41.7,24.1,39.3,22.4,10,11,11,9,3,0,2,2,3,1,4,3,47.9,54.8,29.4,51.5,2,1,Humid,Poor,Night,8.1,6.6,5.79,6.27,0,1,2.2,4,4,14.6,10.1,,0.43,0.5,Away_Win,0,3
ISL00239,2017-18,2017-11-07,Punjab FC,FC Goa,Mohali,4-3-3,3-4-3,47.2,52.8,6,7,1,2,0,1,1,1,10,7,1,4,0,0,7.34,7.23,7.34,6.91,60.9,37.0,43.0,23.0,9,15,7,11,1,2,1,1,2,3,1,2,36.9,26.8,54.8,35.1,1,0,Overcast,Average,Day,9.9,2.4,5.83,7.15,0,1,5.8,11,4,16.0,24.3,,0.4,0.42,Away_Win,0,3
ISL00240,2017-18,2017-11-08,NorthEast United FC,East Bengal FC,Guwahati,3-4-3,4-3-3,56.7,43.3,5,9,1,2,0,1,2,0,9,4,2,1,0,0,6.48,7.04,5.79,6.13,45.1,23.2,29.1,15.0,12,13,7,10,2,0,0,1,3,1,0,2,46.4,45.5,19.4,29.0,1,0,Overcast,Good,Day,5.2,3.4,9.53,6.12,2,2,2.2,13,4,17.7,22.3,,0.43,0.46,Away_Win,0,3
ISL00241,2017-18,2017-11-09,Punjab FC,Hyderabad FC,Mohali,4-3-3,5-3-2,56.8,43.2,2,4,1,1,1,0,0,1,4,5,5,2,0,0,7.24,6.93,6.84,7.22,50.5,33.4,49.2,29.7,7,16,15,15,3,2,1,0,3,2,1,0,16.0,31.4,35.1,18.1,1,2,Humid,Poor,Night,9.5,9.2,5.4,6.59,3,0,1.8,8,5,24.8,6.9,,0.31,0.41,Draw,1,1
ISL00242,2017-18,2017-11-13,Hyderabad FC,Kerala Blasters,Hyderabad,3-5-2,3-4-3,70.0,30.0,11,2,4,1,2,2,1,0,5,10,3,0,0,0,6.87,6.77,6.67,6.85,57.6,32.0,43.9,22.4,12,18,12,11,1,1,0,0,1,2,1,1,49.0,33.7,49.6,17.7,0,0,Overcast,Good,Night,3.5,1.4,8.93,4.92,1,1,3.7,5,3,19.3,8.7,,0.46,0.37,Home_Win,3,0
ISL00243,2017-18,2017-11-13,Chennaiyin FC,Odisha FC,Chennai,5-3-2,5-3-2,63.4,36.6,4,4,0,1,0,0,1,0,8,4,3,1,0,0,6.8,6.61,6.87,6.77,37.6,25.3,50.2,34.8,7,17,9,15,1,0,1,0,3,1,1,1,42.4,28.2,24.9,18.0,1,0,Overcast,Good,Night,1.7,9.8,5.08,8.32,3,1,8.6,3,12,17.8,22.7,Both,0.34,0.44,Away_Win,0,3
ISL00244,2017-18,2017-11-14,Kerala Blasters,FC Goa,Kochi,4-3-3,3-5-2,45.0,55.0,2,4,0,2,0,0,1,1,6,3,0,1,0,0,7.05,6.41,7.24,6.91,44.5,29.3,40.7,20.9,10,11,9,16,1,0,2,2,1,0,5,2,37.6,34.2,38.8,35.8,1,1,Clear,Good,Day,9.5,9.3,6.72,7.67,1,2,1.3,3,7,28.3,18.1,,0.31,0.37,Away_Win,0,3
ISL00245,2017-18,2017-11-14,NorthEast United FC,Jamshedpur FC,Guwahati,4-4-2,3-4-3,48.9,51.1,2,11,2,1,1,1,1,0,7,5,1,3,0,0,6.37,6.44,6.96,7.56,55.1,26.2,51.9,36.2,9,18,9,9,1,2,4,3,1,2,5,3,41.4,53.1,53.8,39.4,2,2,Clear,Good,Night,5.1,6.1,6.4,6.27,0,3,6.8,10,9,16.7,26.5,,0.37,0.35,Home_Win,3,0
ISL00246,2017-18,2017-11-15,Bengaluru FC,Chennaiyin FC,Bengaluru,4-2-3-1,5-3-2,51.9,48.1,6,4,2,2,1,1,2,0,4,5,0,1,0,0,6.74,6.52,7.52,7.22,22.9,14.0,51.3,25.2,12,4,12,10,2,1,3,2,3,1,3,2,19.3,44.5,21.2,25.9,1,1,Humid,Good,Night,5.1,2.1,6.26,7.46,1,1,1.7,4,3,12.1,11.1,Away,0.35,0.38,Draw,1,1
ISL00247,2017-18,2017-11-19,Mumbai City FC,Kerala Blasters,Mumbai,4-2-3-1,3-5-2,53.6,46.4,7,4,0,4,0,0,3,1,7,15,3,3,0,0,6.09,7.06,7.3,7.04,33.6,17.7,59.1,40.6,8,14,12,16,1,2,1,1,2,3,2,1,53.2,24.5,49.0,24.5,1,2,Clear,Good,Night,9.5,1.6,4.75,7.62,2,3,3.3,9,3,25.0,11.8,,0.31,0.4,Away_Win,0,3
ISL00248,2017-18,2017-11-20,Odisha FC,Jamshedpur FC,Bhubaneswar,3-5-2,4-3-3,51.4,48.6,3,1,0,0,0,0,0,0,6,8,1,1,0,0,6.37,6.59,7.1,7.56,35.5,22.7,61.6,28.7,3,10,4,11,2,2,2,0,2,2,2,4,22.9,43.7,42.2,47.5,1,1,Overcast,Average,Night,5.5,6.4,7.51,6.16,1,1,9.4,12,6,19.7,22.5,Both,0.41,0.47,Draw,1,1
ISL00249,2017-18,2017-11-24,NorthEast United FC,Kerala Blasters,Guwahati,4-4-2,3-5-2,48.8,51.2,9,7,4,1,4,0,0,1,4,6,4,2,0,0,7.47,7.38,6.1,7.02,69.2,40.5,46.3,20.9,11,11,11,19,2,0,3,1,2,0,3,1,38.1,17.7,25.6,25.7,3,1,Clear,Good,Night,0.1,8.4,6.61,7.2,2,1,3.1,12,6,11.3,16.7,Away,0.48,0.33,Home_Win,3,0
ISL00250,2017-18,2017-11-26,East Bengal FC,NorthEast United FC,Kolkata,4-3-3,4-3-3,49.4,50.6,5,7,2,3,2,0,2,1,6,5,2,0,0,0,6.85,8.61,7.02,5.88,38.5,21.7,21.8,10.3,5,14,12,9,0,0,1,1,0,1,2,1,51.1,52.4,49.6,42.0,1,1,Clear,Good,Night,9.9,5.0,6.6,6.87,3,1,8.8,4,12,5.5,22.0,,0.41,0.33,Away_Win,0,3
ISL00251,2017-18,2017-11-28,Hyderabad FC,Bengaluru FC,Hyderabad,3-4-3,4-2-3-1,41.8,58.2,5,4,0,2,0,0,2,0,6,5,0,2,0,0,7.65,7.21,7.09,7.37,52.1,35.1,40.1,25.1,5,15,8,11,2,2,4,0,3,3,5,0,19.3,39.2,25.6,50.2,0,0,Overcast,Good,Night,7.8,8.9,4.2,6.67,0,1,1.8,8,5,6.4,14.4,,0.39,0.42,Away_Win,0,3
ISL00252,2017-18,2017-11-30,Mumbai City FC,ATK Mohun Bagan,Mumbai,3-5-2,4-3-3,58.9,41.1,5,2,3,0,1,2,0,0,4,7,2,4,0,0,6.47,6.2,6.89,6.74,52.6,24.4,34.4,17.5,9,8,8,18,2,1,2,0,3,1,2,0,25.0,23.0,42.6,49.1,1,0,Humid,Good,Night,4.5,8.7,6.07,8.21,2,3,2.8,9,4,9.2,19.4,,0.39,0.43,Home_Win,3,0
ISL00253,2017-18,2017-12-02,Punjab FC,FC Goa,Mohali,5-3-2,4-2-3-1,53.6,46.4,5,4,2,0,2,0,0,0,5,5,1,2,0,0,5.67,5.96,5.77,7.33,50.2,29.6,41.7,21.6,13,11,5,13,1,1,0,1,1,2,3,1,15.5,52.4,28.1,28.9,1,2,Clear,Average,Night,4.3,4.6,9.07,6.56,0,2,6.1,8,7,7.4,25.9,Home,0.45,0.39,Home_Win,3,0
ISL00254,2017-18,2017-12-05,Kerala Blasters,Chennaiyin FC,Kochi,4-4-2,4-4-2,45.3,54.7,2,2,2,0,1,1,0,0,4,1,1,3,0,0,7.36,7.58,6.9,7.68,38.5,20.5,54.4,33.6,10,12,4,19,3,0,1,0,4,1,3,0,44.4,42.3,28.8,32.1,2,0,Humid,Good,Day,9.0,1.8,7.93,7.39,0,2,1.7,3,4,12.1,18.0,,0.47,0.44,Home_Win,3,0
ISL00255,2017-18,2017-12-05,FC Goa,Hyderabad FC,Goa,4-4-2,4-4-2,49.8,50.2,7,1,0,0,0,0,0,0,3,4,2,5,0,1,6.41,6.67,7.71,7.52,35.9,16.5,46.4,21.2,9,9,7,15,1,0,1,1,1,1,1,2,24.8,45.8,23.2,22.9,1,1,Overcast,Good,Night,4.3,4.0,4.17,7.54,0,0,7.0,7,7,16.8,24.5,,0.43,0.31,Draw,1,1
ISL00256,2017-18,2017-12-14,ATK Mohun Bagan,East Bengal FC,Kolkata,5-3-2,5-3-2,52.4,47.6,4,4,1,1,1,0,1,0,4,5,2,3,0,0,6.41,6.72,5.94,6.59,68.5,43.7,35.5,20.8,6,4,11,8,4,1,2,3,4,2,3,3,45.2,32.7,29.8,21.1,2,1,Humid,Average,Night,8.1,1.6,5.57,6.32,0,3,8.9,4,4,8.3,8.1,Home,0.4,0.36,Draw,1,1
ISL00257,2017-18,2017-12-14,Chennaiyin FC,Odisha FC,Chennai,4-4-2,5-3-2,49.9,50.1,5,4,0,2,0,0,2,0,2,2,2,2,0,0,7.36,7.52,6.87,6.45,27.8,16.4,46.3,25.5,10,17,12,7,1,1,4,1,2,2,5,3,44.8,38.2,42.3,36.7,2,1,Rainy,Good,Night,6.6,1.6,6.35,6.77,3,2,3.6,4,10,26.3,16.5,,0.3,0.4,Away_Win,0,3
ISL00258,2017-18,2017-12-19,Odisha FC,Bengaluru FC,Bhubaneswar,3-4-3,3-4-3,59.4,40.6,3,6,2,5,1,1,5,0,2,4,1,2,0,0,6.8,6.14,7.18,8.08,33.9,22.8,42.5,20.8,15,8,5,10,2,1,2,2,2,1,3,2,27.9,46.5,47.9,49.2,0,0,Clear,Average,Day,2.2,2.0,6.38,6.57,1,2,3.2,13,8,28.3,23.9,,0.46,0.32,Away_Win,0,3
ISL00259,2017-18,2017-12-20,NorthEast United FC,Mumbai City FC,Guwahati,5-3-2,5-3-2,47.3,52.7,12,3,4,1,4,0,0,1,4,0,1,3,0,0,6.33,6.58,6.53,7.45,53.5,32.1,80.1,54.3,10,17,10,17,1,0,1,1,1,1,1,1,43.5,43.3,38.2,25.1,0,2,Clear,Good,Night,2.7,6.7,5.55,7.82,2,1,5.4,12,9,14.5,23.0,,0.48,0.3,Home_Win,3,0
ISL00260,2017-18,2017-12-20,Hyderabad FC,ATK Mohun Bagan,Hyderabad,3-4-3,4-2-3-1,49.0,51.0,4,6,1,0,1,0,0,0,6,2,1,1,0,0,6.6,7.23,5.94,8.26,43.8,23.4,43.2,23.3,12,11,16,15,0,1,3,0,0,2,3,1,15.2,24.7,35.1,36.9,2,1,Rainy,Good,Night,8.8,4.6,5.84,7.5,0,1,4.8,5,2,23.8,18.7,,0.38,0.46,Home_Win,3,0
ISL00261,2017-18,2017-12-22,ATK Mohun Bagan,NorthEast United FC,Kolkata,4-4-2,3-5-2,49.2,50.8,4,4,4,1,3,1,0,1,3,9,4,5,0,0,6.69,7.39,6.85,6.77,35.8,24.9,46.2,24.2,7,13,12,8,1,2,3,1,1,2,3,1,16.2,39.2,26.7,36.7,0,0,Humid,Average,Night,9.9,7.6,6.1,7.31,0,1,8.8,2,12,21.1,28.7,Home,0.36,0.42,Home_Win,3,0
ISL00262,2017-18,2017-12-23,East Bengal FC,Mumbai City FC,Kolkata,5-3-2,3-4-3,65.5,34.5,6,8,1,3,1,0,2,1,6,7,5,3,0,0,6.24,6.28,6.67,6.52,44.4,21.3,53.3,33.2,13,16,12,8,2,1,3,0,2,1,3,1,54.3,42.5,38.5,16.2,3,1,Rainy,Good,Night,5.8,4.4,8.19,6.51,3,1,3.3,4,6,9.9,18.6,,0.42,0.42,Away_Win,0,3
ISL00263,2017-18,2017-12-23,NorthEast United FC,Jamshedpur FC,Guwahati,3-5-2,3-4-3,30.0,70.0,4,5,0,2,0,0,2,0,3,3,4,2,0,0,6.75,7.78,5.98,7.34,36.8,17.0,40.6,27.0,11,9,8,15,1,2,2,0,1,2,3,0,32.0,21.1,38.7,29.8,1,0,Humid,Good,Night,9.5,1.4,8.14,6.6,1,3,1.3,12,4,23.0,12.0,Away,0.44,0.41,Away_Win,0,3
ISL00264,2017-18,2017-12-25,East Bengal FC,Hyderabad FC,Kolkata,3-4-3,4-2-3-1,41.0,59.0,6,5,1,2,0,1,1,1,4,5,6,1,0,0,5.87,7.26,6.89,7.84,51.6,32.7,39.2,19.9,9,10,8,12,0,1,1,0,0,1,1,0,32.8,28.6,46.3,49.5,1,1,Humid,Good,Night,7.9,8.1,6.34,5.41,1,1,6.8,4,8,29.8,20.6,Home,0.31,0.3,Away_Win,0,3
ISL00265,2017-18,2017-12-26,Mumbai City FC,Hyderabad FC,Mumbai,4-4-2,3-5-2,54.0,46.0,4,6,0,1,0,0,1,0,4,5,1,2,0,0,6.12,7.22,6.87,7.24,45.9,24.9,29.7,14.3,7,12,10,9,1,0,3,2,3,0,3,4,41.7,26.2,53.1,48.7,1,0,Humid,Average,Day,7.3,7.5,5.42,6.06,1,2,5.7,9,10,14.0,5.4,,0.41,0.32,Away_Win,0,3
ISL00266,2017-18,2017-12-29,Kerala Blasters,ATK Mohun Bagan,Kochi,3-5-2,3-5-2,58.6,41.4,8,9,2,3,0,2,1,2,7,5,3,0,0,0,6.83,6.4,7.58,7.66,26.6,14.4,41.2,28.4,18,13,10,9,3,1,3,0,4,3,3,0,41.7,49.8,30.3,42.5,1,1,Overcast,Good,Night,9.5,5.8,5.55,6.61,0,0,5.1,6,4,27.0,27.4,Both,0.35,0.34,Away_Win,0,3
ISL00267,2017-18,2017-12-29,Jamshedpur FC,Hyderabad FC,Jamshedpur,3-5-2,4-4-2,43.5,56.5,3,5,1,1,0,1,1,0,3,3,4,1,0,0,7.29,6.93,6.86,6.9,49.1,32.9,32.8,18.3,9,14,16,12,1,3,1,1,1,3,2,3,48.3,19.4,18.7,25.5,0,1,Humid,Good,Day,7.3,2.4,7.87,7.98,3,1,3.6,4,10,14.4,25.4,,0.34,0.32,Draw,1,1
ISL00268,2017-18,2017-12-30,ATK Mohun Bagan,East Bengal FC,Kolkata,3-5-2,3-5-2,47.3,52.7,6,6,2,0,2,0,0,0,3,8,6,3,0,0,6.65,7.0,7.41,6.99,73.1,38.9,46.6,27.2,5,14,9,13,2,4,3,1,3,4,4,2,32.2,28.5,17.8,20.4,3,0,Clear,Good,Night,7.9,8.4,8.27,9.58,0,3,6.7,7,4,16.0,22.0,Home,0.32,0.49,Home_Win,3,0
ISL00269,2017-18,2018-01-01,Odisha FC,Punjab FC,Bhubaneswar,3-4-3,4-2-3-1,55.6,44.4,8,4,3,3,1,2,2,1,10,3,3,3,0,0,7.08,7.1,6.42,7.34,67.3,45.2,57.2,32.3,11,7,6,12,1,2,2,1,3,2,4,2,30.9,35.3,38.7,31.3,2,0,Overcast,Average,Night,0.4,3.6,7.64,8.45,0,1,6.9,10,10,15.9,21.3,,0.31,0.34,Draw,1,1
ISL00270,2017-18,2018-01-06,Bengaluru FC,Hyderabad FC,Bengaluru,3-4-3,4-2-3-1,53.5,46.5,7,4,3,0,2,1,0,0,6,7,1,2,0,0,6.8,7.01,7.09,6.85,34.8,21.3,52.3,34.4,2,6,7,15,0,1,3,0,0,1,4,0,20.4,25.3,31.7,26.8,2,0,Rainy,Good,Night,2.2,0.2,6.83,6.28,2,0,8.8,10,11,21.1,10.7,Away,0.33,0.43,Home_Win,3,0
ISL00271,2017-18,2018-01-10,Jamshedpur FC,Chennaiyin FC,Jamshedpur,4-4-2,3-4-3,50.6,49.4,12,4,2,0,2,0,0,0,8,3,3,5,0,0,7.0,8.12,6.72,7.05,20.2,10.8,43.2,24.1,3,16,8,16,0,0,1,1,0,1,1,1,15.7,53.5,23.5,31.4,0,0,Overcast,Average,Day,4.4,3.1,7.32,8.71,1,1,7.9,5,4,23.4,25.4,,0.31,0.31,Home_Win,3,0
ISL00272,2017-18,2018-01-10,FC Goa,Bengaluru FC,Goa,5-3-2,3-5-2,62.5,37.5,3,7,0,0,0,0,0,0,5,4,1,0,0,0,6.07,7.0,7.3,6.53,26.2,12.2,35.9,22.9,11,15,7,10,2,2,2,0,2,2,4,0,34.9,34.5,18.3,15.6,1,1,Rainy,Good,Day,6.1,8.8,6.86,7.12,0,2,1.4,7,13,29.2,22.6,,0.37,0.33,Draw,1,1
ISL00273,2017-18,2018-01-11,NorthEast United FC,East Bengal FC,Guwahati,3-5-2,3-5-2,46.6,53.4,7,4,1,1,1,0,1,0,7,5,4,4,0,0,6.85,7.17,6.23,6.86,45.9,23.5,59.2,34.4,12,14,3,15,2,1,5,0,2,2,5,0,41.5,50.7,45.8,36.5,1,2,Overcast,Good,Day,8.6,9.1,7.31,7.35,2,2,7.7,9,1,20.8,22.0,,0.46,0.43,Draw,1,1
ISL00274,2017-18,2018-01-12,Odisha FC,Bengaluru FC,Bhubaneswar,3-4-3,4-2-3-1,48.1,51.9,6,5,0,0,0,0,0,0,4,1,2,3,0,0,6.81,7.42,7.31,6.78,47.4,32.8,51.9,24.4,7,11,14,12,3,4,0,2,4,5,2,2,39.0,52.2,29.0,44.2,1,0,Rainy,Good,Night,4.5,3.6,6.78,6.33,1,3,9.1,8,11,5.9,28.8,,0.43,0.49,Draw,1,1
ISL00275,2017-18,2018-01-12,Punjab FC,NorthEast United FC,Mohali,5-3-2,4-2-3-1,48.5,51.5,7,6,1,1,1,0,1,0,4,4,3,6,0,0,6.71,6.97,6.42,7.23,45.8,25.3,44.7,25.8,10,10,10,12,1,2,2,0,4,3,3,0,31.0,52.6,30.1,42.4,0,0,Rainy,Good,Night,8.9,9.1,7.5,8.66,1,0,7.7,8,7,21.5,25.7,,0.44,0.41,Draw,1,1
ISL00276,2017-18,2018-01-15,ATK Mohun Bagan,Mumbai City FC,Kolkata,3-4-3,3-4-3,52.9,47.1,5,7,1,3,0,1,1,2,2,5,3,6,0,0,6.91,7.38,7.56,6.89,37.3,18.3,48.3,32.1,4,19,11,17,1,0,1,0,2,1,2,0,22.8,50.2,24.1,53.8,1,0,Overcast,Average,Night,4.7,0.2,6.36,6.21,2,3,8.7,10,6,25.1,21.5,,0.36,0.4,Away_Win,0,3
ISL00277,2017-18,2018-01-18,Punjab FC,East Bengal FC,Mohali,4-3-3,4-4-2,55.7,44.3,4,11,0,1,0,0,0,1,4,4,4,5,0,0,5.71,6.77,6.55,7.93,36.2,19.0,44.0,25.6,12,15,7,15,1,1,2,1,3,1,3,2,18.9,37.1,25.5,17.4,1,4,Humid,Poor,Day,5.3,9.6,8.01,7.32,2,1,9.7,6,2,12.5,26.5,Away,0.49,0.45,Away_Win,0,3
ISL00278,2017-18,2018-01-19,East Bengal FC,Hyderabad FC,Kolkata,4-4-2,4-3-3,63.7,36.3,2,8,4,1,1,3,1,0,4,4,1,1,0,0,7.53,7.36,7.34,6.57,54.3,36.6,32.9,18.0,5,11,12,12,2,4,4,3,2,5,4,3,33.0,26.9,46.9,54.9,1,3,Clear,Good,Night,8.3,6.2,6.56,5.7,1,2,5.9,4,10,20.9,19.7,,0.48,0.48,Home_Win,3,0
ISL00279,2017-18,2018-01-20,East Bengal FC,NorthEast United FC,Kolkata,3-5-2,4-2-3-1,63.4,36.6,4,7,0,2,0,0,2,0,4,7,1,5,0,0,7.1,6.0,6.04,7.13,33.8,16.6,10.0,4.6,9,14,9,11,1,1,1,3,2,1,1,3,25.9,27.0,21.3,46.6,3,1,Clear,Good,Night,6.9,3.8,8.62,5.12,2,2,1.3,7,5,18.4,28.1,,0.42,0.49,Away_Win,0,3
ISL00280,2017-18,2018-01-20,East Bengal FC,Hyderabad FC,Kolkata,3-5-2,3-5-2,45.5,54.5,9,3,1,3,0,1,1,2,2,8,3,1,0,0,6.28,5.96,7.12,6.94,12.2,7.9,45.9,28.7,4,16,7,9,0,0,1,0,1,0,1,1,15.7,28.1,41.7,46.3,1,1,Overcast,Average,Night,7.5,1.2,8.39,6.33,2,2,4.2,7,7,14.8,24.8,Home,0.36,0.4,Away_Win,0,3
ISL00281,2017-18,2018-01-20,FC Goa,Bengaluru FC,Goa,5-3-2,3-5-2,36.4,63.6,8,4,1,0,1,0,0,0,1,6,3,4,0,0,7.02,6.68,7.32,7.52,62.7,30.3,55.9,30.6,11,11,11,19,1,1,0,2,1,2,1,4,16.7,42.6,44.5,28.4,1,1,Overcast,Average,Night,4.4,7.0,8.31,5.98,0,2,8.0,8,11,23.0,21.4,,0.33,0.35,Home_Win,3,0
ISL00282,2017-18,2018-01-21,Chennaiyin FC,Kerala Blasters,Chennai,4-4-2,4-4-2,52.3,47.7,4,3,1,2,1,0,1,1,4,8,1,1,0,0,7.03,7.26,6.77,8.01,29.2,20.2,57.3,30.4,12,9,10,7,2,1,1,2,3,2,1,3,22.0,29.3,38.0,35.1,0,3,Humid,Average,Night,4.9,1.1,7.99,5.06,2,1,4.1,1,6,9.1,10.8,,0.32,0.48,Away_Win,0,3
ISL00283,2017-18,2018-01-23,Odisha FC,Jamshedpur FC,Bhubaneswar,4-4-2,3-5-2,42.6,57.4,3,6,1,1,1,0,0,1,5,4,3,2,0,0,6.86,7.28,5.61,7.02,51.8,30.2,43.0,23.3,9,11,5,18,0,0,1,0,0,0,1,1,18.5,19.7,25.1,19.8,0,0,Rainy,Good,Day,6.2,0.7,6.24,9.77,1,1,4.8,6,8,5.5,29.6,Home,0.37,0.46,Draw,1,1
ISL00284,2017-18,2018-01-26,Kerala Blasters,FC Goa,Kochi,3-5-2,3-4-3,65.5,34.5,13,6,2,3,0,2,1,2,7,10,0,0,0,0,6.83,7.27,6.64,6.93,32.5,15.0,46.0,25.5,9,12,7,17,4,2,3,0,5,2,4,0,53.8,36.4,32.0,51.1,3,2,Overcast,Good,Day,6.0,4.1,6.05,6.54,1,2,6.0,9,8,23.1,27.6,,0.48,0.4,Away_Win,0,3
ISL00285,2017-18,2018-01-26,Bengaluru FC,Mumbai City FC,Bengaluru,4-2-3-1,4-3-3,43.5,56.5,2,3,0,1,0,0,0,1,7,5,5,2,0,0,6.64,6.56,7.49,7.6,29.7,20.3,20.8,11.1,9,20,9,12,4,2,3,1,4,2,4,1,35.3,44.1,21.9,45.7,1,1,Overcast,Good,Day,1.6,7.8,8.04,5.95,1,2,2.0,8,9,26.0,24.4,Both,0.37,0.43,Away_Win,0,3
ISL00286,2017-18,2018-01-27,East Bengal FC,NorthEast United FC,Kolkata,3-4-3,3-5-2,49.6,50.4,5,5,4,1,3,1,1,0,6,7,1,4,0,0,6.02,6.76,7.29,5.82,48.7,26.3,34.2,17.9,12,15,9,14,1,2,3,0,1,2,3,0,31.1,48.1,19.6,49.0,1,0,Clear,Good,Night,5.7,8.4,8.56,7.73,1,3,1.6,7,5,28.0,7.0,,0.48,0.4,Home_Win,3,0
ISL00287,2017-18,2018-02-04,Chennaiyin FC,Punjab FC,Chennai,4-3-3,3-4-3,53.2,46.8,7,3,2,1,1,1,1,0,3,5,3,3,0,0,6.76,7.36,6.41,7.17,58.3,36.9,33.8,19.1,10,15,10,14,4,1,3,3,4,3,3,4,15.5,27.8,30.5,20.4,1,0,Humid,Good,Night,6.1,9.0,5.4,5.87,3,1,8.5,1,6,23.5,28.3,Home,0.33,0.33,Home_Win,3,0
ISL00288,2017-18,2018-02-05,Jamshedpur FC,Kerala Blasters,Jamshedpur,4-4-2,4-3-3,45.9,54.1,4,7,2,1,0,2,1,0,5,4,3,2,0,0,7.64,7.45,7.33,6.78,54.9,31.9,54.6,25.2,6,13,6,10,1,1,1,4,3,1,2,4,48.6,30.3,46.1,19.4,0,1,Humid,Average,Day,0.8,5.7,7.62,6.62,2,1,3.1,9,6,12.1,7.8,,0.43,0.35,Home_Win,3,0
ISL00289,2017-18,2018-02-06,Hyderabad FC,ATK Mohun Bagan,Hyderabad,3-5-2,5-3-2,46.2,53.8,4,6,3,2,1,2,1,1,5,6,5,2,0,0,6.15,6.37,7.22,5.57,32.9,15.6,61.8,31.3,11,15,3,13,2,0,2,1,2,1,2,1,20.5,51.4,49.5,50.8,2,3,Rainy,Good,Night,4.7,3.5,6.59,8.21,1,1,7.7,7,9,29.8,20.3,,0.39,0.32,Home_Win,3,0
ISL00290,2017-18,2018-02-08,Jamshedpur FC,Bengaluru FC,Jamshedpur,5-3-2,4-4-2,30.9,69.1,6,10,2,1,2,0,0,1,5,5,1,2,0,0,7.01,7.01,6.46,7.56,44.5,21.2,29.2,16.3,9,13,8,12,2,1,1,2,2,2,2,3,23.4,46.7,17.0,15.1,1,0,Clear,Good,Night,0.2,6.1,4.68,6.34,1,2,8.3,11,5,11.7,27.1,,0.31,0.49,Home_Win,3,0
ISL00291,2017-18,2018-02-08,Punjab FC,Hyderabad FC,Mohali,5-3-2,4-2-3-1,61.4,38.6,2,12,1,2,1,0,1,1,8,5,5,6,0,0,6.91,6.91,7.47,6.42,42.3,20.6,46.7,31.3,9,12,11,21,3,2,0,4,4,2,0,4,45.5,45.6,51.2,16.0,0,2,Overcast,Average,Day,5.4,1.8,6.47,8.65,3,0,5.2,5,7,8.7,23.1,Away,0.34,0.45,Away_Win,0,3
ISL00292,2017-18,2018-02-12,Mumbai City FC,Bengaluru FC,Mumbai,3-5-2,3-4-3,64.9,35.1,13,3,1,0,1,0,0,0,8,4,3,2,0,0,6.61,7.6,7.54,7.71,46.5,22.8,36.6,20.4,6,14,14,11,1,0,0,2,1,1,0,3,46.6,44.2,28.7,37.1,3,0,Clear,Average,Day,9.3,1.5,6.9,7.58,3,1,7.4,9,2,8.3,21.7,,0.48,0.39,Home_Win,3,0
ISL00293,2017-18,2018-02-13,East Bengal FC,Jamshedpur FC,Kolkata,3-5-2,4-3-3,61.8,38.2,9,5,1,2,1,0,2,0,8,3,6,3,0,0,5.93,6.9,6.38,6.4,41.6,19.3,34.6,20.4,15,9,9,15,1,0,0,0,2,1,0,1,37.0,27.9,15.6,45.4,0,1,Humid,Good,Day,1.0,4.2,7.02,7.27,1,0,8.3,9,11,26.8,29.3,Home,0.45,0.42,Away_Win,0,3
ISL00294,2017-18,2018-02-14,Bengaluru FC,Odisha FC,Bengaluru,5-3-2,4-4-2,48.2,51.8,7,5,4,3,3,1,2,1,8,5,1,1,0,0,7.06,8.01,6.1,7.58,40.7,18.8,36.9,24.8,10,13,6,11,3,1,1,0,4,3,1,0,47.7,22.4,49.9,22.1,0,0,Clear,Good,Night,7.6,1.6,5.9,6.73,3,1,7.0,1,6,10.6,11.0,,0.41,0.41,Home_Win,3,0
ISL00295,2017-18,2018-02-21,Chennaiyin FC,Bengaluru FC,Chennai,4-3-3,3-5-2,36.1,63.9,9,3,4,0,1,3,0,0,6,6,3,1,0,0,7.48,7.68,6.04,7.18,34.2,23.5,41.9,27.3,4,11,18,16,1,1,2,2,1,3,2,3,39.1,19.6,31.7,39.5,0,0,Humid,Good,Night,6.7,4.6,6.59,6.47,1,1,7.9,3,3,12.6,15.2,,0.36,0.32,Home_Win,3,0
ISL00296,2017-18,2018-02-22,Jamshedpur FC,Chennaiyin FC,Jamshedpur,4-4-2,3-5-2,50.5,49.5,8,7,1,0,0,1,0,0,8,4,0,2,0,0,8.1,7.0,7.86,6.56,28.3,13.4,43.8,27.5,11,22,9,11,4,1,1,0,5,1,1,2,24.9,33.2,17.4,54.6,0,2,Humid,Average,Night,10.0,6.9,8.37,6.43,2,1,7.2,13,6,24.5,11.0,,0.35,0.36,Home_Win,3,0
ISL00297,2017-18,2018-02-22,Jamshedpur FC,Chennaiyin FC,Jamshedpur,4-3-3,3-4-3,48.7,51.3,4,2,1,1,0,1,1,0,4,14,0,2,0,0,7.04,7.67,6.52,7.9,56.3,32.5,51.0,30.8,12,17,6,9,1,0,2,0,1,0,3,0,47.8,30.4,28.3,19.5,0,4,Rainy,Good,Night,0.6,2.2,7.18,7.05,3,1,4.4,13,6,24.1,18.1,,0.3,0.45,Draw,1,1
ISL00298,2017-18,2018-02-24,Mumbai City FC,Jamshedpur FC,Mumbai,3-4-3,4-3-3,38.5,61.5,4,6,0,1,0,0,1,0,7,9,1,3,0,0,5.93,7.57,7.32,6.51,71.5,34.3,40.4,24.2,6,11,10,14,4,0,6,3,4,0,7,5,16.3,52.9,48.7,36.4,0,1,Humid,Good,Night,7.2,1.4,8.72,6.22,1,3,2.7,12,13,16.2,8.9,,0.41,0.43,Away_Win,0,3
ISL00299,2017-18,2018-02-25,FC Goa,Punjab FC,Goa,3-5-2,5-3-2,58.0,42.0,5,3,0,1,0,0,0,1,5,9,2,6,0,0,6.83,6.48,7.69,6.73,63.4,31.9,60.6,30.2,6,12,11,15,1,2,1,0,1,2,1,1,26.8,29.1,54.7,49.5,1,0,Clear,Average,Night,4.1,5.5,7.74,8.11,2,1,9.2,8,2,25.5,14.4,Away,0.44,0.38,Away_Win,0,3
ISL00300,2017-18,2018-02-26,ATK Mohun Bagan,Mumbai City FC,Kolkata,4-4-2,3-4-3,43.3,56.7,4,6,0,2,0,0,1,1,4,8,4,2,0,0,6.99,6.51,6.6,7.3,51.1,32.7,53.8,26.0,9,15,12,18,1,0,2,2,1,3,3,2,17.0,17.4,36.5,49.5,1,1,Rainy,Good,Night,7.2,1.6,8.48,8.26,2,3,5.1,9,9,8.4,12.9,,0.36,0.44,Away_Win,0,3
ISL00301,2017-18,2018-02-28,FC Goa,Odisha FC,Goa,5-3-2,3-4-3,45.0,55.0,9,9,1,1,0,1,1,0,9,3,1,1,0,0,5.11,6.97,6.63,6.95,51.3,35.1,55.5,25.7,12,13,7,13,3,2,0,0,5,3,2,0,16.2,46.9,52.7,38.2,0,2,Clear,Good,Night,8.3,8.3,8.19,7.43,1,2,5.4,8,3,14.5,25.8,,0.4,0.35,Draw,1,1
ISL00302,2017-18,2018-03-04,East Bengal FC,Jamshedpur FC,Kolkata,3-5-2,3-4-3,58.2,41.8,6,2,2,2,1,1,1,1,9,6,1,1,0,0,7.49,5.34,7.57,7.72,41.5,23.5,30.7,14.5,10,11,7,13,6,2,2,2,6,3,2,2,32.3,40.7,29.2,26.0,1,1,Rainy,Good,Night,7.0,0.5,5.99,5.11,1,1,8.4,6,13,29.2,16.5,,0.46,0.44,Draw,1,1
ISL00303,2017-18,2018-03-08,East Bengal FC,Odisha FC,Kolkata,3-5-2,4-2-3-1,35.7,64.3,9,9,3,1,1,2,0,1,10,5,1,1,0,0,7.08,7.32,6.51,6.69,36.7,16.6,52.4,31.6,6,20,7,21,2,2,1,0,2,3,1,0,38.1,24.1,53.5,25.4,1,0,Clear,Good,Night,4.3,3.3,5.09,7.29,1,3,6.6,4,4,13.5,22.5,,0.47,0.42,Home_Win,3,0
ISL00304,2017-18,2018-03-09,Bengaluru FC,Hyderabad FC,Bengaluru,4-2-3-1,4-2-3-1,57.4,42.6,5,3,1,0,0,1,0,0,3,3,2,4,0,0,6.72,7.71,7.72,7.61,51.4,36.0,48.9,29.4,6,18,11,12,2,2,2,2,3,3,4,4,21.5,33.4,24.7,24.1,2,3,Overcast,Average,Night,4.0,9.5,8.04,9.35,3,0,8.8,3,9,24.4,20.8,,0.5,0.44,Home_Win,3,0
ISL00305,2017-18,2018-03-10,FC Goa,Bengaluru FC,Goa,3-5-2,3-4-3,64.0,36.0,10,5,2,0,0,2,0,0,3,3,4,3,0,0,6.06,7.67,6.51,6.55,60.8,28.1,46.0,21.1,9,10,9,8,0,0,3,0,1,1,5,2,35.9,18.2,17.5,23.8,0,1,Rainy,Average,Night,5.0,5.4,7.05,8.25,1,1,6.8,8,6,19.4,7.8,Home,0.4,0.37,Home_Win,3,0
ISL00306,2017-18,2018-03-10,NorthEast United FC,Odisha FC,Guwahati,4-3-3,3-5-2,48.5,51.5,5,6,1,0,1,0,0,0,7,3,3,1,0,0,6.29,7.04,7.2,7.47,64.7,35.4,50.9,33.6,11,10,7,19,3,2,1,3,5,2,2,4,43.6,54.7,45.0,39.0,0,2,Clear,Good,Night,9.0,4.3,7.0,6.49,0,3,8.7,5,3,20.9,8.5,,0.43,0.34,Home_Win,3,0
ISL00307,2017-18,2018-03-12,Hyderabad FC,Mumbai City FC,Hyderabad,3-5-2,4-2-3-1,39.9,60.1,1,9,1,1,0,1,1,0,5,4,0,5,0,0,6.51,6.9,7.73,7.65,58.8,34.4,54.8,30.7,14,18,10,10,2,0,0,0,2,1,0,1,41.2,15.0,19.8,47.6,1,0,Humid,Good,Day,2.9,0.1,8.14,6.48,3,1,2.1,9,12,7.6,27.4,,0.42,0.49,Draw,1,1
ISL00308,2017-18,2018-03-12,ATK Mohun Bagan,Chennaiyin FC,Kolkata,4-2-3-1,5-3-2,58.3,41.7,7,4,3,1,1,2,1,0,3,5,1,2,0,0,7.04,7.03,7.36,6.52,42.3,28.5,42.6,24.9,10,20,9,13,0,1,1,1,1,1,2,1,38.1,26.6,25.9,54.8,1,1,Overcast,Average,Night,9.4,1.1,5.52,8.9,1,4,2.9,6,7,25.7,28.1,,0.43,0.32,Home_Win,3,0
ISL00309,2017-18,2018-03-13,Bengaluru FC,NorthEast United FC,Bengaluru,5-3-2,3-4-3,55.6,44.4,5,4,2,1,2,0,1,0,3,5,1,1,0,0,6.89,7.3,6.78,6.49,35.5,23.3,29.1,13.6,9,19,10,11,2,3,5,0,4,3,5,0,33.6,27.4,37.3,18.5,1,1,Rainy,Good,Night,0.5,9.1,8.8,8.17,1,1,6.0,6,8,8.1,9.7,,0.36,0.48,Home_Win,3,0
ISL00310,2017-18,2018-03-14,Bengaluru FC,Hyderabad FC,Bengaluru,5-3-2,4-2-3-1,45.7,54.3,5,7,2,2,1,1,1,1,4,8,5,4,0,0,7.26,7.28,7.58,7.45,32.9,19.8,24.3,16.2,7,8,7,14,5,2,3,0,5,2,3,0,20.0,36.3,35.2,17.7,2,1,Overcast,Good,Day,1.7,0.2,7.37,8.03,4,0,1.4,9,10,15.7,24.1,Away,0.49,0.5,Draw,1,1
ISL00311,2017-18,2018-03-15,Hyderabad FC,ATK Mohun Bagan,Hyderabad,4-4-2,4-2-3-1,57.6,42.4,12,9,4,5,4,0,2,3,6,2,1,1,0,0,6.57,6.95,6.21,7.56,59.8,32.9,44.6,21.0,9,11,10,13,1,3,0,2,2,3,1,4,47.5,52.3,38.3,35.3,1,0,Overcast,Poor,Night,4.0,4.5,8.9,7.14,2,1,1.4,8,6,15.2,15.4,Both,0.49,0.42,Away_Win,0,3
ISL00312,2017-18,2018-03-17,Kerala Blasters,FC Goa,Kochi,3-5-2,4-4-2,52.3,47.7,3,6,0,3,0,0,1,2,5,10,6,5,0,0,7.17,7.11,7.09,7.72,67.6,44.5,59.5,29.9,9,11,7,7,2,0,2,0,2,0,2,0,39.9,48.9,35.0,24.0,3,1,Clear,Poor,Night,5.8,6.8,6.93,8.44,0,3,8.6,6,10,23.4,27.4,,0.36,0.32,Away_Win,0,3
ISL00313,2017-18,2018-03-21,FC Goa,East Bengal FC,Goa,3-4-3,4-2-3-1,32.8,67.2,7,3,3,0,2,1,0,0,5,5,0,1,0,0,6.86,6.72,6.86,5.72,47.0,31.4,15.8,8.9,12,10,7,15,2,0,3,1,2,0,3,1,29.3,47.0,43.1,43.6,0,1,Rainy,Good,Night,6.8,9.2,8.31,8.26,2,1,2.1,10,7,17.3,16.4,,0.3,0.39,Home_Win,3,0
ISL00314,2017-18,2018-03-24,Mumbai City FC,Odisha FC,Mumbai,4-3-3,3-5-2,56.2,43.8,9,4,1,1,1,0,1,0,0,11,2,2,0,0,7.71,6.83,7.24,6.95,56.1,37.5,26.1,15.0,3,14,7,11,5,0,1,0,5,1,2,2,23.3,16.6,33.0,27.8,0,1,Rainy,Good,Night,3.4,3.2,5.03,6.55,1,1,2.1,10,2,21.1,29.9,Home,0.35,0.36,Draw,1,1
ISL00315,2017-18,2018-03-26,NorthEast United FC,ATK Mohun Bagan,Guwahati,4-2-3-1,4-4-2,37.6,62.4,5,6,3,3,1,2,1,2,8,6,6,1,0,0,7.28,7.16,7.27,6.72,52.7,33.2,55.1,32.1,3,10,10,13,3,1,2,1,3,2,2,1,54.1,36.6,49.3,33.1,0,1,Humid,Average,Night,7.5,2.8,6.58,5.9,1,1,2.7,7,6,30.0,9.9,,0.42,0.38,Draw,1,1
ISL00316,2017-18,2018-03-30,Chennaiyin FC,Mumbai City FC,Chennai,4-2-3-1,5-3-2,57.5,42.5,5,5,1,1,1,0,1,0,3,8,3,5,0,0,7.46,8.2,7.05,6.95,55.0,26.1,55.2,37.8,12,12,10,11,2,4,3,1,4,4,3,1,50.6,28.8,34.5,15.0,0,0,Overcast,Good,Night,0.2,3.7,8.97,6.14,0,1,6.5,7,8,12.2,24.9,Home,0.46,0.46,Draw,1,1
ISL00317,2017-18,2018-03-31,Chennaiyin FC,FC Goa,Chennai,3-4-3,5-3-2,63.3,36.7,4,5,2,0,1,1,0,0,5,4,1,0,0,0,7.58,6.46,6.76,7.27,41.9,22.0,49.7,22.8,11,12,12,12,2,2,4,1,3,3,4,1,29.2,43.6,52.6,54.5,2,1,Clear,Average,Night,5.4,0.2,7.98,7.83,0,4,9.3,5,10,7.4,17.6,,0.39,0.38,Home_Win,3,0
ISL00318,2017-18,2018-04-05,Mumbai City FC,Odisha FC,Mumbai,3-5-2,3-5-2,51.5,48.5,8,6,1,1,1,0,1,0,7,4,4,2,0,0,5.94,7.07,5.72,6.11,39.6,22.6,36.4,22.5,9,11,14,13,1,2,2,0,2,3,2,2,45.8,50.7,22.1,42.3,0,2,Rainy,Average,Night,4.7,5.0,7.46,4.56,1,1,5.5,6,2,18.2,22.3,Home,0.44,0.38,Draw,1,1
ISL00319,2017-18,2018-04-08,Kerala Blasters,FC Goa,Kochi,5-3-2,4-2-3-1,50.3,49.7,8,8,1,2,0,1,0,2,5,7,1,0,0,0,6.59,6.08,7.89,6.56,48.2,27.8,33.6,18.7,13,11,9,13,1,3,1,0,1,3,1,0,19.6,25.5,44.6,24.8,0,3,Clear,Good,Night,8.6,3.4,10.0,10.0,0,4,3.2,3,10,24.3,20.7,,0.3,0.42,Away_Win,0,3
ISL00320,2017-18,2018-04-09,Bengaluru FC,NorthEast United FC,Bengaluru,4-2-3-1,5-3-2,36.0,64.0,3,6,0,3,0,0,2,1,3,1,3,2,0,0,6.94,7.69,7.35,6.6,61.3,40.3,69.5,45.4,6,12,7,13,2,1,0,2,3,1,0,2,44.6,50.4,44.8,27.8,2,1,Overcast,Average,Night,2.6,1.7,7.73,6.57,2,1,5.4,7,7,6.6,28.7,,0.45,0.45,Away_Win,0,3
ISL00321,2017-18,2018-04-10,Jamshedpur FC,Bengaluru FC,Jamshedpur,3-5-2,5-3-2,40.9,59.1,3,11,0,3,0,0,3,0,4,10,1,4,0,0,6.41,6.37,5.99,8.05,51.5,26.2,46.7,28.8,10,15,10,15,2,2,1,2,3,2,2,3,35.3,47.6,26.7,41.5,1,2,Rainy,Average,Night,7.5,2.4,6.21,7.98,2,1,3.2,11,7,22.9,25.3,,0.37,0.33,Away_Win,0,3
ISL00322,2017-18,2018-04-12,FC Goa,Chennaiyin FC,Goa,5-3-2,3-5-2,61.1,38.9,6,4,0,0,0,0,0,0,2,3,2,4,0,0,6.59,8.01,7.06,7.09,34.3,21.1,43.9,28.7,3,10,12,17,4,3,0,2,4,4,0,2,40.3,22.5,39.6,50.4,1,1,Overcast,Good,Night,3.5,6.6,6.76,9.05,4,1,9.7,12,5,7.9,22.7,Home,0.35,0.38,Draw,1,1
ISL00323,2017-18,2018-04-13,Chennaiyin FC,Hyderabad FC,Chennai,4-4-2,3-5-2,41.8,58.2,7,6,1,2,0,1,1,1,5,7,0,2,0,0,7.41,6.51,6.44,7.63,45.4,24.7,23.4,15.6,11,9,11,10,0,1,1,2,2,1,1,3,51.3,51.9,47.2,48.6,2,0,Rainy,Good,Night,9.1,6.7,9.1,9.35,0,4,7.7,6,5,24.3,28.0,,0.39,0.36,Away_Win,0,3
ISL00324,2017-18,2018-04-13,Odisha FC,FC Goa,Bhubaneswar,3-5-2,3-4-3,53.8,46.2,1,5,1,1,1,0,1,0,8,3,1,2,0,0,7.42,7.55,6.76,7.1,60.4,38.9,52.0,33.5,15,11,7,23,3,2,3,1,3,2,3,1,28.8,15.2,26.6,40.7,1,1,Clear,Average,Day,3.6,7.0,9.11,9.54,2,1,2.7,3,10,22.4,6.8,,0.36,0.43,Draw,1,1
ISL00325,2017-18,2018-04-13,Chennaiyin FC,East Bengal FC,Chennai,5-3-2,5-3-2,58.7,41.3,6,3,1,0,0,1,0,0,6,2,3,4,0,0,7.2,6.27,6.32,7.92,42.6,21.3,59.3,28.6,4,20,9,12,1,0,1,0,2,0,1,0,33.3,28.0,45.1,44.5,1,0,Humid,Average,Night,1.5,3.8,6.82,7.75,0,1,9.8,5,7,17.4,10.9,Home,0.34,0.34,Home_Win,3,0
ISL00326,2017-18,2018-04-14,FC Goa,Hyderabad FC,Goa,4-3-3,5-3-2,54.1,45.9,8,7,1,0,1,0,0,0,4,7,1,3,0,0,7.44,6.23,6.56,7.14,35.8,20.4,56.6,33.1,10,14,12,17,2,0,0,3,2,0,2,5,27.3,18.5,31.4,51.1,1,0,Overcast,Average,Night,1.2,8.8,6.39,6.39,0,0,3.6,8,5,24.8,28.4,,0.46,0.42,Home_Win,3,0
ISL00327,2017-18,2018-04-15,East Bengal FC,Kerala Blasters,Kolkata,4-4-2,5-3-2,47.7,52.3,2,6,2,0,2,0,0,0,4,7,1,4,0,0,7.08,7.81,6.63,7.49,51.8,24.7,55.6,35.8,13,9,14,12,2,2,3,0,2,3,3,4,52.7,47.6,28.8,20.3,1,3,Clear,Average,Day,8.4,2.9,7.05,6.61,2,2,6.5,4,3,22.9,14.2,,0.34,0.41,Home_Win,3,0
ISL00328,2017-18,2018-04-16,Hyderabad FC,NorthEast United FC,Hyderabad,4-2-3-1,4-3-3,34.2,65.8,7,5,2,1,0,2,0,1,2,3,4,5,0,0,7.51,6.02,6.95,6.32,34.8,17.5,53.2,34.2,8,12,7,13,1,0,4,2,1,2,4,3,34.2,16.5,34.8,54.2,3,0,Overcast,Average,Day,9.8,3.0,7.19,7.45,0,1,9.4,5,7,17.8,5.1,,0.38,0.32,Home_Win,3,0
ISL00329,2017-18,2018-04-17,Odisha FC,Jamshedpur FC,Bhubaneswar,5-3-2,4-2-3-1,55.9,44.1,4,2,1,0,1,0,0,0,9,4,0,2,0,0,6.25,7.12,8.29,6.35,51.3,35.1,41.1,28.0,8,11,6,15,3,2,1,1,3,4,2,1,25.2,27.9,18.2,43.2,2,2,Clear,Good,Night,5.1,0.4,7.85,6.79,1,1,5.2,3,8,26.1,20.2,Home,0.42,0.36,Home_Win,3,0
ISL00330,2017-18,2018-04-18,Jamshedpur FC,Kerala Blasters,Jamshedpur,5-3-2,3-5-2,47.5,52.5,4,4,1,0,0,1,0,0,5,6,4,1,0,0,6.21,6.98,6.65,7.05,37.5,19.8,49.4,27.4,10,11,9,13,0,2,0,1,0,3,1,1,29.8,31.4,35.5,21.7,1,1,Overcast,Good,Day,0.9,8.6,8.55,8.5,3,1,3.9,5,0,13.5,23.8,,0.46,0.35,Home_Win,3,0
ISL00331,2018-19,2018-10-02,ATK Mohun Bagan,Bengaluru FC,Kolkata,4-2-3-1,4-3-3,36.8,63.2,4,1,1,1,1,0,0,1,7,2,6,2,0,0,6.78,6.08,7.84,6.89,28.6,19.3,38.5,17.4,4,10,14,17,0,1,0,0,1,1,0,0,42.4,23.9,53.2,39.8,1,2,Clear,Average,Day,9.6,0.2,7.25,8.68,1,1,8.1,7,7,5.9,27.7,Both,0.48,0.41,Draw,1,1
ISL00332,2018-19,2018-10-11,Odisha FC,Hyderabad FC,Bhubaneswar,4-3-3,3-4-3,47.4,52.6,4,9,0,2,0,0,2,0,11,4,1,1,0,0,7.28,7.69,6.59,8.86,60.3,35.0,44.6,28.2,11,13,14,16,2,1,0,0,3,3,0,2,42.1,28.5,33.7,34.0,1,0,Rainy,Average,Day,4.0,4.9,8.37,6.46,1,0,9.7,6,7,22.2,14.8,Away,0.44,0.3,Away_Win,0,3
ISL00333,2018-19,2018-10-13,ATK Mohun Bagan,Chennaiyin FC,Kolkata,5-3-2,5-3-2,57.4,42.6,4,2,1,1,1,0,1,0,6,9,6,6,0,0,7.7,6.33,7.69,7.5,34.3,15.8,41.0,21.3,12,18,3,15,1,2,2,2,3,2,2,2,30.3,30.7,51.8,38.2,1,0,Clear,Good,Night,7.3,5.4,7.34,6.18,2,3,9.7,8,8,26.2,27.0,Away,0.39,0.42,Draw,1,1
ISL00334,2018-19,2018-10-14,NorthEast United FC,Chennaiyin FC,Guwahati,4-2-3-1,3-4-3,52.0,48.0,8,6,1,0,0,1,0,0,6,7,1,1,0,1,6.55,6.97,6.26,7.01,61.7,40.0,39.6,24.3,8,10,8,20,5,1,0,1,5,2,0,1,20.9,53.8,31.7,38.7,1,0,Overcast,Good,Day,8.7,7.5,8.16,7.77,2,0,5.5,7,8,16.8,16.2,Away,0.37,0.41,Home_Win,3,0
ISL00335,2018-19,2018-10-16,Bengaluru FC,Jamshedpur FC,Bengaluru,4-2-3-1,3-5-2,44.1,55.9,7,4,2,1,1,1,1,0,3,9,3,3,0,0,5.53,7.28,6.89,7.41,36.9,17.1,35.6,16.5,8,17,10,16,2,0,0,1,2,0,0,2,31.7,47.9,30.4,28.1,2,1,Humid,Good,Night,7.8,6.2,7.48,8.37,2,2,8.0,8,7,28.3,14.2,Home,0.44,0.42,Home_Win,3,0
ISL00336,2018-19,2018-10-21,NorthEast United FC,Bengaluru FC,Guwahati,3-4-3,4-2-3-1,45.5,54.5,6,5,2,0,2,0,0,0,4,5,5,3,0,0,7.18,6.19,6.91,7.5,27.6,18.1,42.6,23.0,16,17,1,19,3,1,2,0,3,1,2,0,48.8,54.5,29.2,17.7,1,2,Rainy,Good,Day,4.5,4.3,7.86,9.55,2,2,6.1,7,8,6.7,19.9,Home,0.3,0.36,Home_Win,3,0
ISL00337,2018-19,2018-10-23,ATK Mohun Bagan,NorthEast United FC,Kolkata,3-5-2,5-3-2,58.9,41.1,5,12,0,3,0,0,3,0,10,5,3,2,0,0,7.38,6.21,6.99,7.19,49.0,22.2,36.0,21.9,3,9,15,22,4,2,1,1,7,3,2,3,38.8,29.8,48.3,38.2,3,0,Humid,Good,Day,2.8,6.3,5.66,9.18,1,1,7.5,9,10,5.5,7.6,,0.37,0.33,Away_Win,0,3
ISL00338,2018-19,2018-10-26,East Bengal FC,Odisha FC,Kolkata,4-2-3-1,5-3-2,49.3,50.7,7,4,1,1,1,0,0,1,3,11,2,5,0,0,8.05,6.39,6.71,6.78,56.2,34.8,18.1,8.7,9,6,12,10,3,2,1,0,4,3,2,0,16.7,51.8,42.3,24.7,2,0,Rainy,Average,Night,1.9,5.5,5.27,5.56,1,3,8.4,7,6,6.8,9.9,,0.36,0.43,Draw,1,1
ISL00339,2018-19,2018-10-26,East Bengal FC,Mumbai City FC,Kolkata,4-3-3,4-3-3,35.8,64.2,5,5,2,3,1,1,2,1,3,5,1,0,0,0,6.66,7.92,5.8,8.21,58.0,28.5,28.8,15.2,6,19,6,12,4,1,2,1,5,1,2,2,38.3,17.2,27.2,19.2,1,0,Overcast,Average,Night,0.4,0.7,5.7,7.9,3,2,1.5,7,7,15.9,27.8,,0.46,0.36,Away_Win,0,3
ISL00340,2018-19,2018-10-28,Kerala Blasters,ATK Mohun Bagan,Kochi,3-5-2,4-2-3-1,44.9,55.1,2,7,0,0,0,0,0,0,8,1,2,2,0,0,7.33,6.35,7.86,7.15,26.0,13.9,51.0,24.8,4,11,8,15,1,1,2,1,1,1,3,1,52.7,16.8,49.4,23.0,1,1,Humid,Good,Night,7.4,9.5,7.54,6.96,0,1,6.8,0,6,22.5,9.4,,0.49,0.42,Draw,1,1
ISL00341,2018-19,2018-11-01,Chennaiyin FC,NorthEast United FC,Chennai,3-5-2,5-3-2,50.9,49.1,4,4,1,1,0,1,1,0,3,6,6,2,0,0,7.18,7.08,6.78,7.15,42.7,29.4,24.8,16.7,6,15,4,12,0,1,1,2,3,3,1,3,28.3,44.0,29.7,30.5,0,1,Clear,Poor,Night,2.9,3.1,6.08,7.04,0,3,1.1,5,12,12.5,28.3,,0.36,0.37,Draw,1,1
ISL00342,2018-19,2018-11-05,NorthEast United FC,Kerala Blasters,Guwahati,4-4-2,3-4-3,43.4,56.6,2,4,0,0,0,0,0,0,6,7,3,4,0,0,7.98,7.25,6.55,7.49,55.3,31.6,52.6,33.9,4,10,5,14,2,0,3,2,3,0,5,3,27.8,43.6,41.1,33.9,0,1,Clear,Good,Day,8.4,3.9,5.81,7.79,3,1,9.5,10,1,9.5,9.6,,0.33,0.46,Draw,1,1
ISL00343,2018-19,2018-11-05,Bengaluru FC,Odisha FC,Bengaluru,3-4-3,5-3-2,43.5,56.5,8,7,4,1,3,1,0,1,3,2,3,5,0,0,6.67,6.44,6.07,7.41,38.7,23.8,34.0,20.7,15,19,5,16,0,2,4,1,0,2,5,1,15.2,19.2,46.9,53.4,1,1,Rainy,Good,Night,8.1,8.2,5.55,6.88,3,1,8.2,7,6,8.0,8.1,,0.49,0.46,Home_Win,3,0
ISL00344,2018-19,2018-11-07,East Bengal FC,Chennaiyin FC,Kolkata,3-5-2,5-3-2,44.5,55.5,5,4,0,2,0,0,1,1,3,5,4,6,0,0,6.31,7.37,6.39,6.71,43.3,27.5,46.9,27.2,11,10,10,13,0,0,2,3,0,1,2,6,49.9,38.1,28.6,15.3,1,0,Humid,Poor,Night,4.6,3.4,8.25,8.81,1,1,7.1,4,5,12.4,18.2,,0.47,0.31,Away_Win,0,3
ISL00345,2018-19,2018-11-10,Bengaluru FC,Hyderabad FC,Bengaluru,4-3-3,4-2-3-1,57.3,42.7,5,5,2,0,2,0,0,0,3,8,1,3,0,0,7.34,7.17,6.18,6.73,52.1,24.9,74.4,51.7,9,14,9,14,4,3,5,1,5,3,5,1,37.1,18.4,25.2,48.6,0,1,Rainy,Average,Night,2.1,5.6,6.59,7.91,3,0,8.9,10,9,17.1,14.0,,0.37,0.35,Home_Win,3,0
ISL00346,2018-19,2018-11-14,Jamshedpur FC,Hyderabad FC,Jamshedpur,5-3-2,3-4-3,50.5,49.5,6,5,0,1,0,0,1,0,3,4,2,2,0,0,7.11,5.89,6.84,6.87,24.5,16.2,51.8,26.7,6,15,7,16,1,1,0,2,2,2,0,2,52.6,30.8,34.1,49.4,2,1,Humid,Good,Night,6.7,7.8,7.37,8.06,2,1,3.4,4,9,28.1,9.5,Home,0.48,0.36,Away_Win,0,3
ISL00347,2018-19,2018-11-19,East Bengal FC,FC Goa,Kolkata,4-4-2,5-3-2,45.6,54.4,5,1,1,0,1,0,0,0,4,4,1,0,0,0,6.83,7.9,6.71,7.05,66.3,45.0,55.5,34.8,3,9,4,11,3,2,4,4,3,2,5,5,54.2,44.8,35.6,53.6,2,1,Overcast,Average,Night,2.6,4.4,7.69,6.23,1,3,3.9,4,8,26.3,14.5,,0.45,0.34,Home_Win,3,0
ISL00348,2018-19,2018-11-21,NorthEast United FC,Mumbai City FC,Guwahati,5-3-2,4-4-2,39.9,60.1,2,7,1,1,1,0,1,0,6,1,4,3,0,0,7.0,6.74,6.88,7.73,70.6,34.5,54.0,25.5,9,9,12,15,0,1,1,0,0,2,1,0,21.6,18.6,41.5,46.3,7,0,Clear,Good,Day,8.4,4.9,7.35,6.31,2,1,4.6,11,7,22.5,27.9,Away,0.32,0.47,Draw,1,1
ISL00349,2018-19,2018-11-21,Jamshedpur FC,Kerala Blasters,Jamshedpur,5-3-2,5-3-2,46.6,53.4,4,8,2,2,0,2,1,1,6,10,1,2,0,0,6.93,7.8,7.61,7.52,35.8,21.0,44.7,27.1,9,7,8,16,0,0,1,1,0,0,1,1,17.2,46.1,35.5,23.2,0,2,Humid,Average,Night,3.4,1.6,5.95,5.72,3,1,4.2,3,2,16.9,20.1,,0.43,0.41,Draw,1,1
ISL00350,2018-19,2018-11-23,Jamshedpur FC,Hyderabad FC,Jamshedpur,4-4-2,3-4-3,70.0,30.0,4,1,2,1,1,1,1,0,5,8,3,3,0,0,7.56,6.5,6.49,6.79,61.8,32.2,71.7,35.8,9,11,7,19,2,0,2,1,3,0,6,1,47.6,24.8,43.6,45.3,2,4,Humid,Good,Night,4.6,3.3,7.11,5.58,1,2,1.9,4,9,5.7,12.3,Home,0.38,0.41,Home_Win,3,0
ISL00351,2018-19,2018-11-24,Hyderabad FC,Mumbai City FC,Hyderabad,5-3-2,4-2-3-1,66.7,33.3,2,6,0,0,0,0,0,0,3,5,1,5,0,0,7.6,8.2,7.01,8.17,34.7,22.0,40.7,18.4,8,7,9,11,1,1,2,2,1,1,2,3,18.8,35.6,54.8,40.0,3,2,Clear,Good,Night,6.0,4.3,6.3,8.2,2,1,2.4,9,7,7.6,5.1,,0.36,0.33,Draw,1,1
ISL00352,2018-19,2018-11-27,Jamshedpur FC,Odisha FC,Jamshedpur,4-2-3-1,5-3-2,48.9,51.1,6,6,3,2,0,3,2,0,7,6,0,0,0,0,7.57,7.69,6.36,6.95,58.2,26.6,39.6,26.8,9,12,5,11,3,1,0,0,4,1,0,0,25.1,47.3,32.0,36.8,1,0,Clear,Good,Night,6.1,3.0,7.2,7.56,0,2,2.3,7,5,23.1,17.9,,0.32,0.43,Home_Win,3,0
ISL00353,2018-19,2018-11-27,East Bengal FC,Chennaiyin FC,Kolkata,3-4-3,4-4-2,53.7,46.3,3,2,0,1,0,0,0,1,4,7,6,4,0,1,6.58,8.2,6.5,6.31,58.4,33.8,36.1,18.8,13,13,6,19,0,0,0,0,1,0,0,1,23.9,37.3,45.9,31.2,2,1,Overcast,Good,Night,7.0,4.4,5.54,7.36,1,2,7.8,7,8,16.0,8.8,,0.46,0.39,Away_Win,0,3
ISL00354,2018-19,2018-11-29,ATK Mohun Bagan,Kerala Blasters,Kolkata,5-3-2,4-4-2,49.0,51.0,7,2,2,2,1,1,2,0,10,7,3,4,0,0,6.34,7.49,6.01,7.98,42.2,27.4,47.9,33.4,8,24,7,10,1,2,1,0,1,3,1,2,36.2,54.5,20.0,44.4,0,5,Clear,Good,Day,2.5,9.5,7.67,6.67,1,0,4.8,4,3,19.7,20.1,,0.36,0.48,Draw,1,1
ISL00355,2018-19,2018-11-29,Punjab FC,Mumbai City FC,Mohali,5-3-2,4-4-2,51.5,48.5,7,3,1,1,0,1,1,0,8,6,3,5,0,0,7.9,6.88,6.14,8.06,52.3,33.1,61.7,38.3,8,16,11,13,6,0,2,0,6,0,2,1,52.0,29.4,49.3,35.3,2,0,Clear,Good,Day,1.6,8.9,8.06,6.78,1,0,9.2,4,7,19.6,10.3,Both,0.36,0.48,Draw,1,1
ISL00356,2018-19,2018-12-01,Hyderabad FC,ATK Mohun Bagan,Hyderabad,3-5-2,4-2-3-1,53.1,46.9,3,7,0,1,0,0,0,1,7,7,2,2,0,0,6.41,6.97,6.37,7.12,36.2,17.3,32.7,20.2,15,6,8,19,0,1,3,7,0,1,3,8,22.9,18.3,32.1,22.9,2,4,Humid,Poor,Night,9.6,8.1,7.57,6.84,2,2,3.1,7,4,29.1,17.5,Home,0.38,0.47,Away_Win,0,3
ISL00357,2018-19,2018-12-02,East Bengal FC,Punjab FC,Kolkata,4-2-3-1,3-5-2,49.1,50.9,2,3,1,1,0,1,1,0,5,4,4,0,0,0,5.63,7.47,7.53,6.87,43.4,28.6,43.0,26.6,5,11,12,11,1,3,3,2,4,3,4,2,34.7,18.9,35.8,24.4,2,2,Overcast,Good,Night,4.1,4.3,7.22,7.27,2,2,3.2,4,4,9.6,10.8,,0.35,0.35,Draw,1,1
ISL00358,2018-19,2018-12-03,Odisha FC,Punjab FC,Bhubaneswar,4-4-2,3-4-3,54.1,45.9,3,6,0,1,0,0,0,1,2,9,4,6,0,0,7.03,7.35,5.46,6.97,33.4,17.0,31.7,22.1,6,8,9,18,1,0,2,1,4,2,2,1,37.0,26.1,46.3,45.8,1,4,Humid,Poor,Day,8.2,2.8,6.41,7.26,0,1,8.1,4,5,7.1,19.6,,0.46,0.47,Away_Win,0,3
ISL00359,2018-19,2018-12-05,NorthEast United FC,Mumbai City FC,Guwahati,4-3-3,5-3-2,41.3,58.7,7,9,3,2,3,0,2,0,4,4,4,1,1,0,6.8,7.6,7.4,7.38,40.3,26.3,55.8,28.2,6,12,8,16,2,1,1,1,2,1,1,1,29.7,32.6,25.1,37.7,2,1,Overcast,Good,Night,0.4,9.7,6.2,5.95,2,1,6.7,9,7,8.1,17.9,,0.5,0.35,Home_Win,3,0
ISL00360,2018-19,2018-12-07,Punjab FC,Kerala Blasters,Mohali,4-4-2,4-4-2,61.2,38.8,0,6,0,1,0,0,1,0,3,4,1,2,0,0,7.06,7.18,6.93,6.87,69.0,39.6,35.3,24.6,7,12,4,10,3,2,0,1,4,3,0,2,42.0,53.4,30.3,36.1,2,4,Rainy,Good,Night,0.6,2.5,7.25,4.27,0,0,2.6,8,4,29.2,10.3,,0.34,0.43,Away_Win,0,3
ISL00361,2018-19,2018-12-09,Punjab FC,Jamshedpur FC,Mohali,4-2-3-1,5-3-2,55.0,45.0,6,12,1,1,1,0,1,0,10,6,7,7,0,0,8.45,6.67,6.95,8.03,62.8,30.8,21.6,11.5,12,12,15,8,0,1,1,1,0,2,1,1,52.2,44.6,53.4,46.5,1,0,Overcast,Poor,Night,2.8,0.5,7.0,7.34,2,2,10.0,8,7,12.6,27.0,Away,0.42,0.39,Draw,1,1
ISL00362,2018-19,2018-12-09,Kerala Blasters,Hyderabad FC,Kochi,3-5-2,4-3-3,53.9,46.1,6,14,4,3,3,1,1,2,9,1,1,3,0,0,6.6,7.89,5.89,7.77,52.9,33.5,38.2,18.1,5,11,15,9,2,1,1,1,3,2,2,1,16.5,44.1,25.1,43.4,1,4,Rainy,Poor,Day,7.9,2.2,5.89,6.71,1,2,2.0,7,4,11.8,15.1,,0.45,0.31,Home_Win,3,0
ISL00363,2018-19,2018-12-10,Punjab FC,Mumbai City FC,Mohali,4-4-2,3-4-3,48.0,52.0,4,9,4,5,3,1,3,2,4,6,1,1,0,0,7.94,8.62,7.09,6.96,46.9,30.6,49.0,33.3,8,17,15,18,0,1,2,1,1,1,2,1,50.9,36.7,47.2,16.7,1,1,Overcast,Average,Day,9.8,5.0,8.76,7.0,1,0,3.0,6,6,17.7,6.0,,0.48,0.46,Away_Win,0,3
ISL00364,2018-19,2018-12-11,ATK Mohun Bagan,Kerala Blasters,Kolkata,4-3-3,4-4-2,44.0,56.0,4,7,0,2,0,0,0,2,4,10,6,1,0,0,7.94,7.07,6.38,7.8,45.7,28.5,40.8,19.4,3,17,7,10,2,1,3,0,2,1,3,0,33.5,42.0,26.5,38.9,0,1,Clear,Poor,Day,4.6,9.8,7.23,9.04,1,0,7.1,6,9,26.2,10.4,,0.45,0.48,Away_Win,0,3
ISL00365,2018-19,2018-12-13,Hyderabad FC,FC Goa,Hyderabad,3-4-3,3-4-3,43.5,56.5,5,4,0,0,0,0,0,0,8,7,0,3,0,0,6.29,6.97,6.32,8.06,66.6,46.0,20.7,11.8,10,13,5,17,3,1,4,1,4,2,5,1,43.3,21.9,24.6,32.8,2,0,Clear,Good,Night,3.0,1.4,7.65,5.55,0,1,5.2,4,8,10.5,23.5,,0.31,0.41,Draw,1,1
ISL00366,2018-19,2018-12-13,ATK Mohun Bagan,Odisha FC,Kolkata,4-2-3-1,4-3-3,30.0,70.0,5,5,2,1,1,1,1,0,4,5,3,4,0,0,6.78,7.58,7.4,6.68,41.4,21.3,37.6,24.8,12,20,5,13,1,3,0,0,4,3,0,0,18.3,20.5,37.4,23.7,0,0,Humid,Average,Night,6.4,9.5,6.53,7.59,1,0,8.1,5,1,23.2,15.4,Home,0.36,0.47,Home_Win,3,0
ISL00367,2018-19,2018-12-13,ATK Mohun Bagan,Bengaluru FC,Kolkata,5-3-2,3-5-2,52.0,48.0,6,7,2,1,2,0,1,0,9,6,2,1,0,0,6.54,6.68,6.97,7.78,50.4,25.7,41.2,21.4,6,11,5,9,0,0,1,2,0,1,3,2,15.9,17.3,24.1,53.9,1,1,Humid,Average,Night,7.1,0.3,7.62,7.96,1,1,4.2,8,10,24.4,21.3,Home,0.35,0.33,Home_Win,3,0
ISL00368,2018-19,2018-12-13,Punjab FC,FC Goa,Mohali,3-5-2,5-3-2,45.8,54.2,5,11,1,4,1,0,2,2,3,5,1,2,0,0,7.47,7.18,6.92,7.01,36.3,17.7,58.5,36.9,10,11,9,11,2,0,1,1,4,0,1,2,26.4,54.1,30.1,42.9,1,3,Rainy,Good,Night,7.2,8.3,6.23,5.72,2,1,4.9,5,6,9.2,17.4,,0.43,0.4,Away_Win,0,3
ISL00369,2018-19,2018-12-13,Bengaluru FC,East Bengal FC,Bengaluru,5-3-2,4-3-3,51.1,48.9,5,9,1,3,0,1,2,1,5,6,1,1,0,0,6.42,6.73,7.31,7.69,54.4,31.8,54.5,33.3,10,13,6,12,3,2,2,1,4,2,3,1,26.8,34.4,18.5,21.8,1,0,Overcast,Good,Night,8.0,2.5,7.68,6.83,0,0,8.4,9,4,8.2,21.8,,0.3,0.32,Away_Win,0,3
ISL00370,2018-19,2018-12-14,ATK Mohun Bagan,Jamshedpur FC,Kolkata,5-3-2,3-4-3,56.3,43.7,4,2,0,0,0,0,0,0,6,10,3,1,0,0,7.21,6.6,6.89,7.49,33.7,18.5,46.7,29.1,4,13,9,11,5,1,4,0,8,1,5,0,53.1,50.9,36.1,25.1,1,1,Humid,Good,Day,9.3,7.4,8.46,7.59,0,3,7.2,10,8,8.5,14.0,,0.48,0.41,Draw,1,1
ISL00371,2018-19,2018-12-16,Odisha FC,Jamshedpur FC,Bhubaneswar,4-2-3-1,4-4-2,64.0,36.0,5,5,1,1,1,0,1,0,7,9,2,6,0,0,6.46,5.95,5.49,6.39,54.8,29.5,37.4,18.2,6,10,8,12,0,1,0,2,1,2,0,2,42.8,52.5,30.4,39.1,1,3,Rainy,Average,Day,1.2,2.2,7.55,9.53,2,1,7.4,1,9,21.1,24.3,Both,0.37,0.34,Draw,1,1
ISL00372,2018-19,2018-12-16,East Bengal FC,Odisha FC,Kolkata,5-3-2,3-5-2,60.4,39.6,5,8,1,1,1,0,1,0,5,1,2,0,0,0,7.16,7.66,6.27,7.45,50.9,28.8,58.5,36.6,11,12,8,13,1,1,2,1,1,2,3,2,52.6,26.2,54.3,41.0,1,1,Overcast,Average,Night,4.2,1.6,5.61,8.26,1,3,1.2,7,1,6.7,16.4,,0.45,0.33,Draw,1,1
ISL00373,2018-19,2018-12-20,Chennaiyin FC,Odisha FC,Chennai,4-3-3,5-3-2,49.1,50.9,3,6,2,2,1,1,1,1,5,3,3,2,0,0,7.22,7.2,6.34,7.1,28.6,14.8,59.2,39.1,6,16,16,8,5,2,2,1,5,2,3,1,54.0,18.5,29.4,18.2,1,2,Overcast,Good,Night,6.6,4.1,6.39,7.62,2,3,7.0,8,2,27.6,9.5,,0.4,0.48,Draw,1,1
ISL00374,2018-19,2018-12-21,Kerala Blasters,Chennaiyin FC,Kochi,3-4-3,4-3-3,42.0,58.0,2,5,0,1,0,0,1,0,5,7,5,1,0,0,6.93,7.49,6.77,7.74,42.2,19.0,50.5,24.5,7,15,5,12,2,1,2,1,2,1,3,2,32.3,42.8,17.4,26.0,3,0,Overcast,Good,Day,2.5,2.8,5.1,6.68,2,2,3.9,11,8,29.2,21.7,Away,0.39,0.5,Away_Win,0,3
ISL00375,2018-19,2018-12-22,Jamshedpur FC,Odisha FC,Jamshedpur,4-2-3-1,5-3-2,55.4,44.6,4,6,2,0,1,1,0,0,8,4,3,3,0,0,7.2,6.85,6.19,6.65,32.0,18.2,22.7,15.7,8,14,11,13,2,1,1,0,2,2,2,0,49.5,29.1,34.3,32.1,1,0,Humid,Good,Night,1.0,8.9,8.31,7.34,1,1,3.1,9,3,5.4,5.5,,0.42,0.3,Home_Win,3,0
ISL00376,2018-19,2018-12-24,Chennaiyin FC,Kerala Blasters,Chennai,3-5-2,3-4-3,55.4,44.6,3,10,2,1,0,2,0,1,1,8,0,1,0,0,6.64,7.19,7.3,7.57,50.4,26.2,44.8,30.8,10,19,14,9,2,0,0,0,3,2,1,1,37.4,52.6,45.5,54.8,1,0,Clear,Good,Night,4.2,7.9,7.7,7.15,3,2,1.5,11,10,18.2,7.7,Away,0.34,0.48,Home_Win,3,0
ISL00377,2018-19,2018-12-27,NorthEast United FC,Mumbai City FC,Guwahati,5-3-2,3-4-3,57.1,42.9,10,6,2,3,1,1,1,2,4,6,1,2,0,0,6.63,6.92,5.82,7.63,48.9,27.5,17.6,9.3,7,15,7,15,0,0,2,1,0,1,4,1,18.7,43.2,25.7,35.7,1,0,Humid,Good,Night,4.5,7.9,7.53,7.09,3,0,6.4,9,6,28.2,12.2,,0.36,0.39,Away_Win,0,3
ISL00378,2018-19,2018-12-28,Odisha FC,East Bengal FC,Bhubaneswar,5-3-2,5-3-2,43.8,56.2,8,7,2,2,1,1,1,1,7,2,0,1,0,0,6.34,7.64,7.01,6.42,62.0,42.3,67.7,46.6,7,9,7,9,1,1,3,0,2,2,4,0,42.6,18.2,43.7,15.6,4,1,Clear,Good,Night,2.1,6.6,4.95,5.11,2,1,4.6,3,8,14.3,29.7,Away,0.47,0.38,Draw,1,1
ISL00379,2018-19,2018-12-28,Kerala Blasters,FC Goa,Kochi,3-4-3,3-4-3,55.2,44.8,5,7,0,1,0,0,1,0,2,6,2,3,0,0,6.56,7.09,6.1,7.18,50.8,25.1,38.6,26.4,7,13,12,16,1,0,0,1,2,2,0,1,39.3,31.6,31.1,37.1,0,2,Humid,Good,Night,4.6,9.2,9.03,6.77,0,5,5.1,9,8,25.3,25.6,,0.45,0.37,Away_Win,0,3
ISL00380,2018-19,2018-12-29,NorthEast United FC,Chennaiyin FC,Guwahati,4-4-2,4-3-3,30.6,69.4,8,7,1,3,0,1,2,1,6,5,1,3,0,0,7.22,7.15,6.99,7.13,58.9,35.9,43.8,21.0,9,13,4,12,1,0,4,0,2,0,6,0,34.2,43.9,27.6,51.6,3,1,Humid,Good,Night,4.8,8.7,9.61,5.65,3,0,3.5,6,13,6.3,16.9,Both,0.31,0.44,Away_Win,0,3
ISL00381,2018-19,2018-12-30,Mumbai City FC,Hyderabad FC,Mumbai,4-3-3,3-4-3,55.9,44.1,2,3,1,0,0,1,0,0,6,6,4,3,0,0,7.18,7.83,6.59,6.02,45.8,28.0,32.8,20.9,8,10,6,10,3,0,2,4,3,1,2,4,30.0,40.1,20.3,49.9,0,0,Humid,Average,Day,0.6,8.9,6.13,7.17,1,1,8.6,8,2,9.6,27.5,,0.4,0.31,Home_Win,3,0
ISL00382,2018-19,2019-01-06,Kerala Blasters,Jamshedpur FC,Kochi,3-5-2,3-5-2,48.0,52.0,7,7,2,1,2,0,1,0,3,7,1,4,0,1,6.08,8.05,6.4,7.4,39.4,20.5,37.6,26.0,9,5,6,19,3,4,4,1,5,5,6,2,47.8,18.2,46.0,54.6,2,1,Overcast,Good,Night,5.9,3.3,4.71,7.69,0,3,2.3,6,9,12.8,10.5,,0.38,0.4,Home_Win,3,0
ISL00383,2018-19,2019-01-10,East Bengal FC,NorthEast United FC,Kolkata,3-5-2,3-5-2,45.9,54.1,8,8,3,1,3,0,0,1,2,7,1,2,0,0,6.45,6.45,7.09,6.7,56.6,32.1,42.3,27.7,12,14,8,15,0,2,0,0,0,2,0,0,27.9,42.8,46.2,38.2,0,0,Rainy,Good,Night,3.7,8.5,5.73,6.67,2,2,7.5,6,5,19.2,13.5,,0.45,0.44,Home_Win,3,0
ISL00384,2018-19,2019-01-13,Hyderabad FC,Punjab FC,Hyderabad,4-4-2,3-4-3,49.5,50.5,12,5,2,0,1,1,0,0,3,6,5,3,0,0,6.64,7.13,7.4,6.35,35.7,24.7,40.5,19.6,8,18,9,14,2,0,1,2,2,1,2,2,22.0,44.6,43.4,46.4,1,0,Overcast,Good,Night,0.5,7.8,6.71,6.96,1,2,6.2,2,4,15.2,12.1,Home,0.36,0.46,Home_Win,3,0
ISL00385,2018-19,2019-01-14,NorthEast United FC,Kerala Blasters,Guwahati,3-5-2,3-5-2,37.4,62.6,4,7,1,2,0,1,1,1,5,2,3,3,0,0,7.49,6.5,6.41,6.33,40.4,21.6,43.3,23.9,11,9,8,13,3,1,1,0,4,1,1,1,22.6,15.2,19.6,22.4,1,2,Overcast,Good,Night,0.6,9.2,7.99,6.94,3,0,6.5,4,6,16.3,13.0,,0.32,0.39,Away_Win,0,3
ISL00386,2018-19,2019-01-22,Kerala Blasters,Bengaluru FC,Kochi,4-4-2,3-5-2,36.7,63.3,3,2,0,1,0,0,0,1,3,5,5,3,0,0,6.53,6.81,6.27,6.68,45.2,28.4,36.4,21.5,8,17,7,19,1,1,1,0,1,3,1,1,46.9,42.0,49.6,49.4,1,3,Overcast,Average,Day,0.9,7.3,7.08,6.53,3,1,9.5,6,6,17.6,29.2,,0.32,0.4,Away_Win,0,3
ISL00387,2018-19,2019-01-26,Kerala Blasters,NorthEast United FC,Kochi,4-3-3,4-2-3-1,56.1,43.9,8,2,1,0,0,1,0,0,3,5,5,1,0,0,7.16,7.89,7.23,6.96,25.4,16.8,36.8,20.0,17,16,8,6,2,1,2,0,3,2,3,2,39.1,17.8,16.3,41.3,3,2,Humid,Good,Night,1.6,6.3,6.22,6.61,1,3,5.9,6,3,29.7,13.7,,0.49,0.32,Home_Win,3,0
ISL00388,2018-19,2019-01-29,East Bengal FC,Punjab FC,Kolkata,3-5-2,3-5-2,50.6,49.4,4,6,0,2,0,0,1,1,8,9,1,2,0,0,7.01,8.42,8.34,6.72,17.2,9.3,52.1,28.5,11,12,6,12,1,1,1,1,1,1,2,1,52.3,49.7,40.2,45.7,3,1,Overcast,Good,Night,4.5,0.8,7.22,7.12,2,2,8.6,9,1,21.2,19.2,Both,0.44,0.39,Away_Win,0,3
ISL00389,2018-19,2019-01-30,East Bengal FC,Hyderabad FC,Kolkata,4-2-3-1,4-3-3,52.5,47.5,7,3,1,1,1,0,1,0,4,4,2,3,0,0,6.73,6.72,8.05,5.64,34.6,24.1,38.1,18.1,7,17,10,13,1,2,1,1,1,2,1,1,17.4,16.8,28.2,17.4,1,1,Rainy,Poor,Night,7.2,5.8,5.37,6.87,2,3,9.1,8,4,25.5,20.9,,0.43,0.32,Draw,1,1
ISL00390,2018-19,2019-01-31,Punjab FC,Jamshedpur FC,Mohali,4-2-3-1,4-3-3,34.5,65.5,8,3,2,0,1,1,0,0,9,8,0,2,0,0,6.83,7.33,7.82,8.34,41.7,25.3,55.9,25.3,7,20,4,10,3,0,3,2,3,1,4,2,52.3,16.2,53.5,31.6,0,1,Clear,Good,Night,0.9,5.3,7.38,6.35,2,2,7.0,4,6,17.2,15.9,,0.36,0.38,Home_Win,3,0
ISL00391,2018-19,2019-01-31,Mumbai City FC,East Bengal FC,Mumbai,4-4-2,4-4-2,54.4,45.6,12,3,1,0,1,0,0,0,4,7,2,3,0,0,5.9,7.82,6.87,7.56,51.3,29.5,52.0,27.4,10,12,4,10,3,0,1,1,6,1,2,1,26.3,40.7,23.5,21.4,0,0,Overcast,Average,Night,7.1,0.2,5.56,8.4,3,2,4.4,10,6,6.1,22.8,,0.49,0.44,Home_Win,3,0
ISL00392,2018-19,2019-01-31,East Bengal FC,Kerala Blasters,Kolkata,4-4-2,3-4-3,56.9,43.1,3,3,0,0,0,0,0,0,3,2,4,3,0,0,7.22,6.25,7.15,7.28,41.9,26.3,34.4,19.1,14,11,5,11,2,0,2,2,2,1,2,2,48.2,42.8,22.1,45.8,1,0,Humid,Poor,Night,5.3,2.8,7.83,6.91,3,1,6.3,5,9,6.2,15.1,,0.35,0.31,Draw,1,1
ISL00393,2018-19,2019-02-01,Jamshedpur FC,Hyderabad FC,Jamshedpur,3-5-2,4-4-2,57.3,42.7,5,5,0,0,0,0,0,0,7,11,0,2,0,0,6.61,6.9,7.01,7.02,55.7,31.0,55.0,32.7,13,16,7,15,3,2,3,0,5,3,3,0,38.6,21.7,51.4,37.2,1,1,Overcast,Poor,Night,2.6,3.6,7.71,7.56,1,2,3.3,5,5,29.3,19.9,,0.3,0.31,Draw,1,1
ISL00394,2018-19,2019-02-03,ATK Mohun Bagan,Punjab FC,Kolkata,5-3-2,5-3-2,46.8,53.2,6,6,3,2,3,0,2,0,4,3,5,4,0,0,5.85,6.44,7.06,6.71,60.4,37.9,31.0,21.4,9,17,13,17,0,3,2,3,1,4,3,3,50.1,32.6,26.3,52.6,2,1,Overcast,Good,Night,0.1,7.7,8.22,5.39,3,1,5.4,10,6,6.0,9.8,,0.38,0.47,Home_Win,3,0
ISL00395,2018-19,2019-02-13,Jamshedpur FC,Chennaiyin FC,Jamshedpur,5-3-2,3-5-2,58.4,41.6,3,3,0,0,0,0,0,0,6,5,0,1,0,0,6.83,7.03,7.37,7.7,10.1,5.2,52.7,24.9,13,14,7,12,1,2,2,1,3,2,2,2,34.3,40.2,40.4,29.7,1,2,Clear,Average,Day,5.9,1.8,7.03,6.91,3,1,4.8,5,13,6.5,25.4,,0.37,0.48,Draw,1,1
ISL00396,2018-19,2019-02-14,Punjab FC,East Bengal FC,Mohali,4-2-3-1,4-3-3,53.2,46.8,8,11,2,3,2,0,2,1,7,1,3,2,0,0,6.12,6.34,6.95,7.08,47.0,32.0,48.9,26.2,6,11,9,14,0,1,1,0,0,1,1,1,26.4,37.7,17.5,43.6,2,1,Clear,Poor,Night,7.0,3.7,7.07,7.62,3,1,6.5,6,5,11.9,15.7,Away,0.4,0.44,Away_Win,0,3
ISL00397,2018-19,2019-02-14,Jamshedpur FC,Bengaluru FC,Jamshedpur,4-3-3,4-3-3,50.6,49.4,4,4,1,0,0,1,0,0,7,2,4,3,0,0,6.68,7.18,6.01,7.1,37.8,22.1,45.4,30.3,10,14,7,14,2,0,7,0,3,0,8,2,20.1,52.8,25.3,29.0,3,0,Rainy,Average,Night,1.3,7.6,5.78,8.08,1,3,1.4,5,9,24.1,21.0,Home,0.49,0.42,Home_Win,3,0
ISL00398,2018-19,2019-02-15,Chennaiyin FC,Odisha FC,Chennai,4-4-2,3-5-2,62.0,38.0,5,5,2,2,2,0,1,1,4,6,2,2,0,0,6.62,6.47,6.55,6.62,36.7,18.7,42.3,27.8,9,9,9,15,4,3,4,0,5,3,4,0,41.8,47.3,21.6,44.1,1,4,Overcast,Average,Day,9.3,8.3,9.08,7.28,1,3,3.3,11,4,13.9,27.4,,0.31,0.42,Draw,1,1
ISL00399,2018-19,2019-02-17,Kerala Blasters,Punjab FC,Kochi,3-5-2,3-4-3,70.0,30.0,2,3,0,1,0,0,0,1,2,4,2,0,0,0,7.39,6.4,6.34,8.47,42.4,23.7,45.6,21.8,6,8,14,14,1,0,2,0,2,0,3,1,45.4,52.0,17.0,50.6,2,0,Clear,Average,Night,5.7,9.8,5.85,8.0,1,0,1.8,10,6,12.5,6.4,,0.37,0.5,Away_Win,0,3
ISL00400,2018-19,2019-02-17,East Bengal FC,ATK Mohun Bagan,Kolkata,4-4-2,4-2-3-1,46.8,53.2,4,4,1,1,1,0,1,0,3,4,4,1,0,0,6.93,7.05,5.79,7.47,29.0,19.5,47.5,29.4,6,14,11,18,1,1,3,1,1,1,4,3,39.9,53.7,46.4,18.2,2,3,Overcast,Good,Night,1.1,9.9,6.45,7.05,3,1,3.8,5,10,17.6,19.0,,0.35,0.41,Draw,1,1
ISL00401,2018-19,2019-02-18,Hyderabad FC,ATK Mohun Bagan,Hyderabad,3-4-3,4-4-2,47.9,52.1,6,6,1,2,0,1,0,2,4,2,3,0,0,0,7.34,6.44,7.23,6.67,28.3,18.4,32.2,15.2,15,11,10,14,2,0,1,2,3,0,1,4,43.7,52.8,34.2,25.1,0,1,Humid,Good,Night,8.9,1.3,5.98,7.12,2,2,5.5,6,11,17.3,19.4,,0.36,0.43,Away_Win,0,3
ISL00402,2018-19,2019-02-20,Odisha FC,East Bengal FC,Bhubaneswar,3-5-2,5-3-2,58.4,41.6,6,3,4,0,4,0,0,0,4,5,4,3,1,0,6.85,7.45,6.13,6.04,39.3,22.4,27.9,19.2,14,8,13,13,1,0,2,3,1,1,2,4,40.9,25.5,44.6,16.4,1,0,Clear,Average,Day,5.4,7.0,4.46,7.66,1,1,8.2,4,6,18.9,10.4,Away,0.39,0.44,Home_Win,3,0
ISL00403,2018-19,2019-02-21,ATK Mohun Bagan,Kerala Blasters,Kolkata,4-3-3,3-4-3,60.3,39.7,2,6,0,2,0,0,2,0,7,5,3,1,0,0,5.96,7.7,7.29,8.03,49.6,26.7,44.5,22.9,6,14,9,7,3,0,2,0,3,1,3,2,49.4,46.3,50.2,44.3,2,2,Overcast,Good,Day,4.6,2.1,8.37,8.11,1,1,6.6,11,7,26.4,9.2,,0.48,0.42,Away_Win,0,3
ISL00404,2018-19,2019-02-21,Mumbai City FC,East Bengal FC,Mumbai,3-5-2,5-3-2,61.3,38.7,11,7,1,0,1,0,0,0,3,6,1,3,0,0,7.79,6.76,6.42,7.12,38.5,20.9,59.6,35.9,15,9,7,11,0,1,1,1,1,1,4,4,54.3,29.5,42.8,52.8,4,2,Clear,Good,Night,6.8,4.0,7.12,7.41,3,2,8.4,12,5,23.2,10.7,,0.49,0.31,Home_Win,3,0
ISL00405,2018-19,2019-02-24,NorthEast United FC,ATK Mohun Bagan,Guwahati,4-3-3,5-3-2,55.8,44.2,4,4,2,0,1,1,0,0,5,6,2,3,0,0,6.0,7.86,7.23,7.03,20.7,14.4,56.4,32.0,7,6,10,9,0,0,2,0,0,0,3,0,43.9,48.4,50.9,44.1,2,2,Humid,Good,Night,8.0,2.6,6.29,6.76,2,1,9.5,0,8,17.5,20.9,Home,0.42,0.33,Home_Win,3,0
ISL00406,2018-19,2019-02-24,Punjab FC,Odisha FC,Mohali,4-4-2,3-5-2,49.2,50.8,5,4,0,0,0,0,0,0,8,2,1,1,0,0,6.99,6.57,7.32,8.87,50.9,24.3,41.0,23.7,9,14,6,14,2,1,2,1,3,3,3,1,47.2,40.7,19.6,30.9,0,0,Humid,Good,Day,2.2,7.0,4.56,6.09,2,0,4.7,9,6,5.9,10.9,,0.46,0.42,Draw,1,1
ISL00407,2018-19,2019-02-28,FC Goa,Odisha FC,Goa,3-4-3,5-3-2,48.9,51.1,15,5,5,0,4,1,0,0,1,7,2,3,0,0,6.84,6.78,6.75,6.61,53.7,36.1,44.7,22.5,9,16,13,14,4,2,1,0,4,3,2,2,25.9,40.9,20.8,50.1,2,2,Rainy,Average,Day,8.1,3.8,7.86,6.4,1,2,3.6,10,6,21.9,10.3,,0.35,0.36,Home_Win,3,0
ISL00408,2018-19,2019-03-06,Punjab FC,Bengaluru FC,Mohali,3-4-3,3-4-3,67.7,32.3,1,3,0,1,0,0,1,0,5,5,4,5,0,0,6.92,7.19,6.6,6.54,61.5,40.9,67.5,36.4,10,13,8,11,1,0,3,1,2,1,4,1,51.4,21.2,23.7,47.4,0,2,Clear,Good,Night,6.0,2.1,5.93,7.87,0,1,6.1,7,6,27.5,27.6,,0.49,0.48,Away_Win,0,3
ISL00409,2018-19,2019-03-07,NorthEast United FC,ATK Mohun Bagan,Guwahati,4-4-2,4-2-3-1,55.5,44.5,3,8,1,1,1,0,1,0,3,3,2,2,0,0,7.29,6.92,6.05,8.0,39.7,20.1,63.4,33.0,11,23,9,18,0,0,0,2,0,0,0,3,19.9,32.7,31.6,31.0,1,2,Humid,Average,Day,4.3,8.0,7.44,6.7,2,1,1.8,3,7,22.3,10.3,Away,0.49,0.4,Draw,1,1
ISL00410,2018-19,2019-03-13,NorthEast United FC,FC Goa,Guwahati,5-3-2,5-3-2,37.1,62.9,7,3,2,0,1,1,0,0,5,5,2,1,0,0,6.89,6.83,6.02,7.28,42.4,22.8,48.7,29.4,9,10,5,17,2,2,1,3,3,4,1,3,54.7,34.2,29.7,24.1,0,1,Overcast,Good,Night,1.0,5.8,5.93,8.37,0,1,6.7,4,10,17.5,18.0,Both,0.43,0.44,Home_Win,3,0
ISL00411,2018-19,2019-03-14,NorthEast United FC,ATK Mohun Bagan,Guwahati,3-4-3,3-5-2,51.2,48.8,5,5,4,0,1,3,0,0,4,6,3,1,0,0,6.41,7.05,6.84,7.8,61.5,36.4,37.8,21.0,4,8,11,8,1,1,2,0,4,2,2,1,50.8,45.9,27.5,24.0,2,3,Overcast,Average,Night,1.5,8.4,6.68,6.86,2,1,2.1,7,5,20.2,20.2,,0.35,0.45,Home_Win,3,0
ISL00412,2018-19,2019-03-15,NorthEast United FC,Jamshedpur FC,Guwahati,4-2-3-1,4-2-3-1,50.1,49.9,8,1,4,0,2,2,0,0,6,5,3,1,0,0,8.15,7.24,6.67,5.41,31.7,20.6,43.4,25.9,12,14,11,16,2,1,4,1,3,2,4,1,52.3,49.3,32.8,54.2,4,0,Humid,Good,Night,1.7,3.2,7.11,5.95,1,3,5.3,10,5,16.7,17.3,,0.41,0.31,Home_Win,3,0
ISL00413,2018-19,2019-03-16,East Bengal FC,Odisha FC,Kolkata,4-4-2,5-3-2,44.4,55.6,5,5,2,1,2,0,0,1,8,7,2,2,0,0,6.65,6.93,6.63,7.6,41.8,28.7,40.4,23.6,9,19,14,10,3,0,0,4,4,2,0,5,39.5,38.9,26.1,34.0,1,0,Rainy,Average,Night,2.0,2.1,5.38,7.02,1,1,2.3,5,6,11.8,9.2,Home,0.32,0.46,Home_Win,3,0
ISL00414,2018-19,2019-03-16,Punjab FC,Mumbai City FC,Mohali,4-4-2,3-5-2,54.8,45.2,7,7,1,1,0,1,0,1,6,2,2,2,0,0,6.06,6.91,7.52,6.38,62.7,43.8,32.2,19.9,5,16,10,10,1,2,4,0,2,2,4,2,52.6,22.8,52.2,18.9,0,1,Humid,Good,Night,8.2,1.7,8.02,8.41,1,1,2.9,4,15,26.6,17.4,,0.37,0.43,Draw,1,1
ISL00415,2018-19,2019-03-17,East Bengal FC,Bengaluru FC,Kolkata,3-4-3,4-2-3-1,44.7,55.3,3,10,1,3,0,1,3,0,6,4,3,1,0,0,6.7,6.91,7.74,6.49,59.2,30.8,46.5,32.3,4,10,9,16,1,1,1,0,1,2,2,0,35.3,36.7,46.7,49.5,1,2,Rainy,Average,Night,0.2,9.7,8.45,5.76,1,0,5.4,7,6,18.6,24.2,,0.38,0.39,Away_Win,0,3
ISL00416,2018-19,2019-03-17,Mumbai City FC,ATK Mohun Bagan,Mumbai,3-5-2,4-2-3-1,46.5,53.5,5,5,0,1,0,0,0,1,8,5,2,6,0,0,6.28,7.67,6.55,7.21,42.5,21.2,45.0,26.3,8,10,11,10,0,2,1,2,1,2,1,3,24.3,36.5,46.0,20.5,0,1,Rainy,Good,Night,1.9,6.3,8.84,8.16,4,1,10.0,13,4,18.7,15.5,Home,0.48,0.35,Away_Win,0,3
ISL00417,2018-19,2019-03-21,Mumbai City FC,Bengaluru FC,Mumbai,4-4-2,4-3-3,44.3,55.7,5,4,2,2,1,1,0,2,3,6,2,0,0,0,7.64,7.04,7.16,6.75,55.2,31.6,54.3,31.9,6,12,8,13,0,2,0,3,0,3,2,3,47.0,53.5,38.2,33.9,5,1,Overcast,Good,Night,9.6,9.6,5.05,5.98,4,1,3.2,10,9,29.7,6.7,,0.47,0.37,Draw,1,1
ISL00418,2018-19,2019-03-23,Jamshedpur FC,Punjab FC,Jamshedpur,4-2-3-1,4-4-2,47.5,52.5,4,4,1,1,1,0,1,0,11,4,3,0,0,0,5.8,7.6,6.63,7.67,48.4,28.5,34.4,20.8,10,15,11,13,1,0,2,2,4,0,2,3,30.5,23.4,44.2,44.9,2,0,Clear,Poor,Night,3.3,3.9,7.07,6.07,1,3,3.3,5,5,22.1,14.6,,0.43,0.41,Draw,1,1
ISL00419,2018-19,2019-03-23,Jamshedpur FC,Mumbai City FC,Jamshedpur,5-3-2,5-3-2,54.3,45.7,3,5,3,1,2,1,1,0,2,6,4,2,0,0,7.11,6.88,6.38,7.18,63.1,38.8,44.7,26.2,7,16,7,13,0,0,2,1,0,0,4,4,46.1,27.1,27.1,32.7,3,0,Rainy,Average,Night,3.3,8.5,7.72,4.34,3,1,5.9,6,8,8.3,5.1,Away,0.36,0.42,Home_Win,3,0
ISL00420,2018-19,2019-03-24,ATK Mohun Bagan,Chennaiyin FC,Kolkata,4-2-3-1,4-2-3-1,48.1,51.9,6,5,2,1,1,1,1,0,7,8,4,2,0,0,6.56,6.92,6.39,7.37,45.4,21.7,28.7,15.9,11,13,9,18,1,1,2,2,4,1,2,2,19.1,38.2,40.0,25.0,0,0,Clear,Good,Day,1.9,7.6,6.42,10.0,1,3,4.2,4,11,22.3,16.8,Home,0.37,0.35,Home_Win,3,0
ISL00421,2018-19,2019-03-24,Jamshedpur FC,Kerala Blasters,Jamshedpur,5-3-2,5-3-2,34.7,65.3,5,3,2,1,0,2,1,0,5,7,2,2,0,0,6.46,6.41,5.97,7.09,19.7,12.0,57.0,29.2,6,9,11,6,0,1,4,0,1,1,6,1,21.8,32.3,20.3,38.4,1,1,Humid,Good,Night,1.0,8.9,7.89,8.35,3,1,1.5,8,7,25.4,19.2,,0.47,0.49,Home_Win,3,0
ISL00422,2018-19,2019-03-26,Bengaluru FC,Punjab FC,Bengaluru,3-5-2,3-5-2,47.8,52.2,3,1,1,1,1,0,1,0,4,9,2,3,0,0,6.38,7.06,6.18,8.03,36.6,24.9,38.1,22.3,8,23,11,9,1,2,2,1,1,2,2,3,17.7,16.8,53.3,30.7,1,1,Rainy,Good,Night,5.8,2.4,4.14,7.75,2,0,3.7,10,6,22.0,22.6,,0.41,0.42,Draw,1,1
ISL00423,2018-19,2019-03-27,Mumbai City FC,Bengaluru FC,Mumbai,4-2-3-1,3-5-2,30.0,70.0,5,4,0,1,0,0,0,1,3,5,3,2,0,0,7.14,6.95,6.73,7.91,46.1,31.3,39.8,20.4,6,13,6,20,2,0,3,1,2,1,6,3,40.9,35.2,23.5,24.1,2,2,Overcast,Good,Night,2.6,1.8,7.69,8.65,4,0,4.5,5,8,20.8,28.7,,0.33,0.32,Away_Win,0,3
ISL00424,2018-19,2019-03-28,Mumbai City FC,NorthEast United FC,Mumbai,3-5-2,4-3-3,62.6,37.4,4,5,0,1,0,0,0,1,4,2,6,5,0,0,6.5,6.45,7.19,7.2,19.6,13.4,52.9,32.5,9,15,5,7,1,0,2,0,1,0,2,0,27.4,23.9,29.0,18.5,1,1,Overcast,Good,Night,5.4,8.9,9.55,8.67,1,3,6.4,2,13,21.1,19.5,,0.31,0.5,Away_Win,0,3
ISL00425,2018-19,2019-03-30,Kerala Blasters,Hyderabad FC,Kochi,4-4-2,4-3-3,39.3,60.7,9,9,3,2,3,0,2,0,4,2,3,5,0,0,6.63,7.56,7.65,6.95,37.2,25.3,48.8,32.8,10,11,4,12,1,2,2,1,2,3,2,3,34.5,20.7,41.2,41.0,1,2,Rainy,Average,Day,2.2,1.6,5.71,8.2,2,2,6.8,7,5,14.2,27.5,,0.45,0.35,Home_Win,3,0
ISL00426,2018-19,2019-03-30,Odisha FC,NorthEast United FC,Bhubaneswar,5-3-2,4-2-3-1,56.5,43.5,5,9,1,2,1,0,0,2,4,7,1,5,0,0,6.9,6.82,6.73,8.08,42.6,29.4,44.9,29.2,9,12,8,17,1,0,4,0,2,0,5,1,39.4,41.8,31.2,35.7,0,2,Rainy,Good,Night,3.2,7.5,8.77,7.48,2,1,4.5,5,13,17.9,16.7,,0.49,0.45,Away_Win,0,3
ISL00427,2018-19,2019-04-01,Odisha FC,East Bengal FC,Bhubaneswar,5-3-2,4-3-3,57.2,42.8,4,1,2,1,2,0,1,0,6,6,3,3,0,0,7.36,5.49,6.64,6.97,53.0,24.5,44.2,28.6,8,18,9,9,0,1,1,2,0,1,1,5,44.8,16.4,45.7,18.2,3,1,Rainy,Good,Night,3.0,6.2,7.86,10.0,1,1,1.7,4,4,17.5,22.8,,0.31,0.45,Home_Win,3,0
ISL00428,2018-19,2019-04-02,Punjab FC,Kerala Blasters,Mohali,4-2-3-1,3-5-2,54.2,45.8,3,2,4,2,2,2,1,1,2,3,2,5,0,0,6.29,7.41,6.99,7.29,31.8,21.6,33.8,17.0,8,17,6,16,3,2,1,1,3,2,1,1,48.2,28.6,30.6,47.3,2,1,Humid,Good,Night,0.1,1.2,9.17,6.68,1,1,8.0,4,7,14.5,7.4,Both,0.41,0.36,Home_Win,3,0
ISL00429,2018-19,2019-04-03,NorthEast United FC,Chennaiyin FC,Guwahati,3-4-3,3-4-3,49.8,50.2,4,7,0,2,0,0,1,1,7,5,3,4,0,0,6.11,8.2,6.26,6.79,36.2,18.7,46.0,21.1,6,14,10,11,0,0,3,2,0,1,3,2,41.4,22.9,45.6,53.8,2,2,Overcast,Good,Night,5.4,8.1,8.64,8.9,3,1,9.7,15,8,20.5,14.5,Both,0.44,0.43,Away_Win,0,3
ISL00430,2018-19,2019-04-03,Kerala Blasters,NorthEast United FC,Kochi,4-2-3-1,3-5-2,50.6,49.4,4,3,0,1,0,0,1,0,5,2,2,5,0,0,6.47,6.88,6.35,6.53,50.4,26.7,58.4,29.3,11,12,10,11,3,2,3,1,5,3,5,1,28.2,51.1,45.6,15.3,1,1,Overcast,Average,Day,2.5,4.6,5.74,7.57,2,2,8.5,6,12,29.9,15.7,,0.47,0.49,Away_Win,0,3
ISL00431,2018-19,2019-04-04,FC Goa,Kerala Blasters,Goa,5-3-2,5-3-2,55.7,44.3,7,4,3,2,1,2,0,2,6,4,0,2,0,0,7.21,6.72,6.49,6.84,42.5,24.0,22.3,13.2,8,22,10,9,2,1,4,1,4,1,7,1,34.6,31.1,50.3,28.4,1,0,Humid,Good,Night,3.6,7.8,6.78,5.35,5,0,7.0,10,6,24.1,19.8,,0.35,0.3,Home_Win,3,0
ISL00432,2018-19,2019-04-08,Jamshedpur FC,ATK Mohun Bagan,Jamshedpur,3-4-3,4-2-3-1,46.6,53.4,2,7,1,2,1,0,1,1,4,1,0,2,0,0,5.87,7.63,5.74,6.46,25.5,17.6,47.5,22.9,7,17,10,17,1,0,4,1,2,0,4,1,48.9,20.2,49.9,50.7,2,2,Humid,Average,Night,8.1,7.6,7.22,6.43,3,0,3.4,10,7,12.4,17.7,,0.33,0.38,Away_Win,0,3
ISL00433,2018-19,2019-04-08,Chennaiyin FC,Mumbai City FC,Chennai,4-2-3-1,3-4-3,65.4,34.6,4,6,2,1,1,1,1,0,4,3,1,4,0,0,6.81,6.16,6.63,7.14,50.4,30.3,41.9,19.9,7,11,13,9,1,1,0,0,3,3,0,0,36.9,46.8,23.5,19.7,1,2,Overcast,Good,Night,3.5,7.6,5.79,7.5,0,1,7.3,8,1,21.3,22.7,,0.44,0.49,Home_Win,3,0
ISL00434,2018-19,2019-04-10,Chennaiyin FC,Kerala Blasters,Chennai,3-5-2,3-4-3,55.6,44.4,6,3,2,2,1,1,1,1,5,5,4,2,0,0,6.9,8.01,6.28,6.96,57.8,31.1,34.0,23.8,7,15,7,13,1,2,5,2,1,2,5,2,33.7,38.9,39.1,24.4,1,2,Humid,Good,Night,10.0,6.1,8.24,8.91,3,2,2.0,8,3,17.2,16.1,Home,0.34,0.36,Draw,1,1
ISL00435,2018-19,2019-04-12,Odisha FC,Mumbai City FC,Bhubaneswar,4-2-3-1,5-3-2,66.2,33.8,10,14,3,5,2,1,2,3,9,7,2,4,0,0,6.02,7.14,5.71,6.84,48.7,26.5,51.2,27.6,10,6,10,23,1,1,2,1,3,1,2,3,32.6,28.8,27.2,30.1,2,1,Overcast,Good,Night,3.1,8.3,7.71,6.15,1,1,3.5,4,1,10.7,27.2,,0.43,0.41,Away_Win,0,3
ISL00436,2018-19,2019-04-15,Jamshedpur FC,Punjab FC,Jamshedpur,3-4-3,4-2-3-1,52.0,48.0,5,3,1,2,0,1,0,2,7,1,0,1,0,1,4.87,7.58,7.47,7.08,46.0,31.1,45.9,21.4,6,14,10,15,1,0,1,0,1,1,3,1,47.8,37.0,32.7,31.2,0,3,Clear,Good,Night,3.9,9.5,6.06,7.42,1,2,4.5,7,6,24.4,8.2,Home,0.39,0.44,Away_Win,0,3
ISL00437,2018-19,2019-04-16,NorthEast United FC,Jamshedpur FC,Guwahati,5-3-2,3-4-3,49.2,50.8,2,5,0,1,0,0,1,0,3,3,1,3,0,0,6.39,6.52,5.83,7.01,52.4,34.4,25.3,14.6,7,14,11,16,3,2,2,1,3,2,2,1,33.0,19.8,22.3,38.3,0,1,Clear,Good,Night,9.6,1.3,6.97,6.73,2,3,8.0,12,7,5.8,22.2,,0.32,0.35,Away_Win,0,3
ISL00438,2018-19,2019-04-16,Kerala Blasters,East Bengal FC,Kochi,3-4-3,3-5-2,50.5,49.5,1,4,1,0,1,0,0,0,5,4,4,1,0,0,7.62,7.21,6.34,7.87,47.5,23.0,56.5,35.3,8,16,10,18,2,0,1,3,2,0,1,3,36.0,46.9,17.4,43.4,3,0,Humid,Average,Night,6.4,9.5,5.72,7.67,0,3,9.4,4,3,27.6,27.7,,0.48,0.46,Home_Win,3,0
ISL00439,2018-19,2019-04-16,ATK Mohun Bagan,FC Goa,Kolkata,3-4-3,3-4-3,39.4,60.6,8,2,1,0,1,0,0,0,2,7,3,5,0,0,6.95,7.6,6.78,7.98,54.3,27.8,32.4,18.3,11,12,11,14,4,0,7,0,5,1,8,2,32.9,48.1,39.6,54.2,0,1,Overcast,Average,Night,5.4,7.1,6.34,6.12,1,3,7.8,10,12,21.8,5.3,Both,0.31,0.43,Home_Win,3,0
ISL00440,2018-19,2019-04-16,NorthEast United FC,Odisha FC,Guwahati,4-4-2,4-4-2,42.4,57.6,6,4,2,1,1,1,0,1,12,1,1,2,0,0,5.79,7.14,7.34,6.34,48.1,26.1,55.1,26.6,8,11,8,27,2,2,4,1,3,3,6,1,27.1,39.7,52.2,30.7,1,0,Clear,Good,Night,3.4,5.7,7.0,7.14,2,1,5.7,9,3,24.6,5.7,,0.46,0.4,Home_Win,3,0
ISL00441,2019-20,2019-10-02,Mumbai City FC,NorthEast United FC,Mumbai,3-5-2,4-2-3-1,31.9,68.1,4,8,1,2,0,1,1,1,8,1,1,3,0,0,6.92,6.86,7.29,6.93,38.1,19.2,56.2,32.5,5,11,6,14,0,2,0,0,1,4,0,0,29.0,22.6,52.6,32.8,0,0,Humid,Average,Night,6.6,6.8,8.53,8.24,1,3,9.8,3,9,10.1,19.4,Home,0.3,0.44,Away_Win,0,3
ISL00442,2019-20,2019-10-06,Punjab FC,Chennaiyin FC,Mohali,5-3-2,5-3-2,49.4,50.6,6,6,1,1,1,0,0,1,3,4,3,2,0,0,6.43,7.4,6.62,6.99,34.8,20.6,56.1,26.2,4,13,2,11,1,2,0,1,3,4,1,1,45.9,50.8,25.9,29.2,0,1,Clear,Average,Day,9.5,5.9,6.73,5.75,1,4,4.1,9,8,10.3,20.1,,0.49,0.37,Draw,1,1
ISL00443,2019-20,2019-10-07,NorthEast United FC,Mumbai City FC,Guwahati,4-3-3,3-5-2,45.7,54.3,2,8,2,2,1,1,2,0,4,2,2,2,0,0,6.82,6.94,5.9,6.5,53.5,27.1,40.4,25.6,8,15,9,10,1,4,2,0,2,4,2,1,50.5,18.5,28.8,49.1,2,1,Clear,Average,Night,6.9,8.2,7.03,7.4,3,1,8.8,9,3,29.9,9.6,,0.36,0.43,Draw,1,1
ISL00444,2019-20,2019-10-08,Punjab FC,Bengaluru FC,Mohali,5-3-2,4-2-3-1,49.1,50.9,4,3,0,0,0,0,0,0,3,6,1,2,0,0,7.06,8.13,6.92,7.22,47.2,28.0,27.9,19.1,11,12,6,10,2,2,3,1,3,4,4,1,19.9,16.3,25.2,48.1,1,0,Overcast,Poor,Day,2.6,3.9,5.26,6.96,0,2,7.7,9,11,17.8,6.8,,0.39,0.44,Draw,1,1
ISL00445,2019-20,2019-10-12,FC Goa,Odisha FC,Goa,4-2-3-1,4-3-3,48.6,51.4,4,4,2,2,1,1,2,0,3,1,1,2,0,0,7.21,6.5,6.31,7.81,33.9,23.2,49.1,22.6,9,16,4,15,0,0,1,0,1,0,3,0,52.6,31.0,27.0,31.1,1,0,Overcast,Good,Night,9.3,6.4,8.49,7.53,1,2,8.4,9,3,9.3,23.0,,0.4,0.34,Draw,1,1
ISL00446,2019-20,2019-10-17,Punjab FC,East Bengal FC,Mohali,4-3-3,5-3-2,54.2,45.8,2,4,0,0,0,0,0,0,3,5,1,2,0,0,5.63,6.47,6.71,7.19,55.3,36.6,45.5,27.0,9,18,14,14,0,0,2,1,1,1,2,2,23.9,38.6,49.8,16.9,0,0,Humid,Good,Night,1.5,8.3,7.06,7.1,2,2,1.9,9,3,8.4,25.3,,0.49,0.34,Draw,1,1
ISL00447,2019-20,2019-10-18,Bengaluru FC,Punjab FC,Bengaluru,3-5-2,4-2-3-1,62.1,37.9,3,7,1,0,1,0,0,0,9,2,4,0,0,0,7.19,7.15,6.4,7.09,64.7,30.7,55.4,36.4,10,13,9,16,1,1,2,0,2,1,3,1,37.7,53.1,45.1,41.7,0,0,Clear,Good,Night,6.9,8.2,7.24,7.48,2,0,8.5,9,9,22.5,7.2,Away,0.45,0.34,Home_Win,3,0
ISL00448,2019-20,2019-10-22,ATK Mohun Bagan,Hyderabad FC,Kolkata,4-3-3,4-3-3,52.1,47.9,7,6,1,1,0,1,0,1,2,4,1,2,0,0,6.6,6.96,7.21,6.63,50.5,25.3,50.6,30.9,15,15,8,14,3,0,1,1,4,0,1,1,49.9,24.6,42.4,38.3,2,5,Overcast,Good,Night,5.7,1.2,6.07,7.46,3,2,8.2,12,5,20.4,16.0,Both,0.31,0.37,Draw,1,1
ISL00449,2019-20,2019-10-25,Jamshedpur FC,East Bengal FC,Jamshedpur,4-2-3-1,4-2-3-1,45.0,55.0,6,4,1,0,1,0,0,0,4,2,3,3,0,0,7.06,7.08,6.78,7.41,22.7,12.6,59.4,28.9,4,16,10,10,1,1,4,1,2,2,4,3,50.7,43.5,40.5,43.8,3,2,Overcast,Good,Night,2.0,6.9,4.72,6.66,1,1,9.8,9,4,10.4,15.4,,0.38,0.49,Home_Win,3,0
ISL00450,2019-20,2019-10-27,Hyderabad FC,Punjab FC,Hyderabad,4-3-3,4-4-2,39.3,60.7,5,5,3,1,2,1,1,0,5,9,5,5,0,0,6.73,6.06,7.76,7.34,46.6,28.5,62.7,29.3,8,17,11,17,3,1,3,3,6,2,3,4,23.9,31.9,16.7,37.6,2,2,Clear,Good,Night,3.1,9.5,7.18,5.32,2,2,8.1,3,6,12.6,9.4,Home,0.41,0.41,Home_Win,3,0
ISL00451,2019-20,2019-10-27,Kerala Blasters,Chennaiyin FC,Kochi,4-4-2,3-5-2,62.7,37.3,4,4,2,1,2,0,1,0,6,4,3,3,0,0,6.01,6.84,8.26,6.69,64.4,35.2,56.7,32.0,8,9,9,11,2,1,0,0,4,2,1,2,22.7,31.8,19.5,30.9,0,0,Humid,Good,Day,1.9,1.7,8.43,5.91,2,2,5.3,4,8,11.2,19.5,,0.44,0.37,Home_Win,3,0
ISL00452,2019-20,2019-10-28,Bengaluru FC,Hyderabad FC,Bengaluru,5-3-2,3-4-3,36.2,63.8,2,7,2,2,0,2,2,0,3,1,2,3,0,0,7.0,7.33,5.94,6.51,40.8,20.9,17.5,8.1,11,20,6,10,1,0,3,3,1,0,3,3,19.6,15.9,46.2,23.0,1,1,Overcast,Good,Night,4.1,2.3,7.85,8.44,4,0,9.5,9,5,19.1,14.9,,0.35,0.49,Draw,1,1
ISL00453,2019-20,2019-10-30,Mumbai City FC,FC Goa,Mumbai,4-4-2,3-5-2,46.1,53.9,5,2,0,0,0,0,0,0,5,5,2,3,0,0,5.68,7.69,6.24,6.44,44.5,23.9,48.6,32.0,6,14,11,13,0,0,0,1,1,1,1,2,40.5,16.4,38.5,20.9,0,0,Rainy,Good,Night,5.0,8.0,6.36,5.84,2,0,8.5,4,7,8.7,20.4,,0.49,0.47,Draw,1,1
ISL00454,2019-20,2019-10-30,ATK Mohun Bagan,Hyderabad FC,Kolkata,5-3-2,4-3-3,47.7,52.3,3,3,0,0,0,0,0,0,5,6,2,1,0,0,6.81,6.69,7.29,6.75,54.4,27.3,44.5,25.8,10,22,8,15,2,0,1,1,3,3,1,1,40.7,23.9,19.8,32.5,1,1,Overcast,Average,Night,4.3,6.0,6.98,6.82,3,1,3.7,13,5,11.0,20.1,,0.42,0.43,Draw,1,1
ISL00455,2019-20,2019-10-30,East Bengal FC,Kerala Blasters,Kolkata,3-5-2,4-4-2,40.0,60.0,3,7,1,1,0,1,1,0,3,7,2,2,0,0,6.7,6.79,6.68,7.01,47.3,31.5,36.3,19.2,8,18,9,9,2,1,0,2,3,1,1,3,49.0,34.3,47.7,22.7,1,2,Overcast,Good,Day,2.4,6.8,8.49,7.63,2,1,1.8,1,7,20.5,17.8,,0.32,0.43,Draw,1,1
ISL00456,2019-20,2019-11-06,Mumbai City FC,Hyderabad FC,Mumbai,4-4-2,4-3-3,51.6,48.4,7,6,2,1,1,1,1,0,0,4,1,1,0,0,8.02,7.46,5.94,6.73,43.0,26.8,34.5,22.2,8,13,6,10,3,0,2,2,3,0,2,4,40.9,15.8,34.6,44.3,3,0,Humid,Good,Day,5.9,5.1,6.55,5.69,2,1,4.6,5,6,5.5,20.3,Home,0.38,0.48,Home_Win,3,0
ISL00457,2019-20,2019-11-08,FC Goa,NorthEast United FC,Goa,3-4-3,5-3-2,52.6,47.4,4,5,2,0,1,1,0,0,3,7,3,1,0,0,6.83,7.43,6.76,6.32,50.9,28.1,32.9,16.6,13,12,8,9,1,0,2,1,1,0,3,1,27.1,21.6,44.6,23.0,1,0,Overcast,Average,Night,0.0,8.8,7.78,6.39,1,1,1.8,5,10,18.9,29.8,,0.33,0.32,Home_Win,3,0
ISL00458,2019-20,2019-11-10,Bengaluru FC,Kerala Blasters,Bengaluru,4-3-3,4-4-2,31.2,68.8,0,5,1,0,1,0,0,0,7,2,2,2,0,0,6.11,7.84,7.04,7.38,56.2,35.1,50.6,29.3,14,15,12,17,0,0,1,0,0,3,1,0,44.6,16.0,15.1,21.6,2,2,Rainy,Good,Night,1.6,5.9,7.18,6.77,2,3,8.9,9,8,7.2,5.8,,0.42,0.37,Home_Win,3,0
ISL00459,2019-20,2019-11-12,FC Goa,Jamshedpur FC,Goa,4-3-3,3-5-2,56.6,43.4,7,2,2,0,1,1,0,0,3,5,3,1,0,0,6.74,7.67,6.04,6.95,34.2,19.8,34.9,20.1,13,11,14,7,0,1,1,1,0,2,1,2,33.7,19.2,32.3,39.8,1,0,Rainy,Average,Night,5.2,6.8,7.88,6.5,2,1,2.8,8,9,9.2,7.3,,0.46,0.4,Home_Win,3,0
ISL00460,2019-20,2019-11-14,Chennaiyin FC,Jamshedpur FC,Chennai,3-4-3,4-4-2,52.1,47.9,4,4,0,1,0,0,1,0,10,3,4,1,0,0,7.45,7.48,7.14,7.22,60.4,35.1,41.2,19.6,12,10,14,15,1,2,1,1,1,2,1,2,35.0,24.7,23.5,31.7,1,1,Humid,Average,Night,6.0,0.3,6.65,7.66,1,2,5.9,8,6,29.5,25.9,Both,0.38,0.42,Away_Win,0,3
ISL00461,2019-20,2019-11-17,Odisha FC,ATK Mohun Bagan,Bhubaneswar,3-5-2,3-4-3,56.3,43.7,3,9,0,3,0,0,1,2,6,7,2,4,0,0,6.33,6.83,6.84,7.92,47.3,25.6,51.3,33.4,12,8,5,13,3,3,2,1,4,4,2,1,44.2,15.4,54.1,51.6,0,0,Humid,Good,Night,1.6,8.4,6.64,8.61,0,2,5.8,4,11,17.0,25.2,Home,0.38,0.46,Away_Win,0,3
ISL00462,2019-20,2019-11-17,Bengaluru FC,Kerala Blasters,Bengaluru,4-3-3,3-4-3,43.6,56.4,2,10,0,4,0,0,4,0,3,2,2,3,0,0,6.89,7.52,6.35,9.31,47.2,27.0,46.8,29.2,12,20,8,18,4,2,0,0,4,3,1,0,42.2,24.6,37.3,30.3,1,2,Rainy,Average,Day,5.0,7.9,5.45,5.52,3,2,3.8,11,8,10.3,8.1,Away,0.38,0.41,Away_Win,0,3
ISL00463,2019-20,2019-11-17,East Bengal FC,Odisha FC,Kolkata,4-2-3-1,4-3-3,45.1,54.9,5,4,0,1,0,0,1,0,3,3,2,5,0,0,6.1,7.7,6.06,6.83,50.7,35.3,21.0,10.5,12,17,4,13,1,1,3,1,1,2,5,2,18.3,52.7,33.7,17.7,2,0,Rainy,Poor,Night,0.9,6.3,8.14,5.65,1,2,2.1,2,4,19.0,12.5,,0.5,0.38,Away_Win,0,3
ISL00464,2019-20,2019-11-20,Odisha FC,Hyderabad FC,Bhubaneswar,4-4-2,3-4-3,51.8,48.2,13,3,5,0,3,2,0,0,4,3,2,4,0,0,7.35,6.97,7.19,7.71,61.1,39.5,58.9,32.8,13,14,8,12,1,1,1,1,2,1,5,1,52.6,18.9,55.0,36.0,0,0,Clear,Average,Day,9.8,0.5,8.64,4.03,1,1,4.2,4,6,24.5,23.6,,0.48,0.38,Home_Win,3,0
ISL00465,2019-20,2019-11-20,Punjab FC,Chennaiyin FC,Mohali,3-4-3,3-5-2,35.2,64.8,7,10,3,3,1,2,3,0,3,8,1,3,0,0,7.29,6.45,5.8,7.72,32.8,21.5,35.7,18.8,10,10,15,10,3,2,4,1,3,2,4,1,49.1,51.4,20.7,17.6,1,0,Overcast,Average,Night,0.9,2.7,9.37,7.62,0,4,8.0,3,5,14.9,28.6,Both,0.47,0.5,Draw,1,1
ISL00466,2019-20,2019-11-22,NorthEast United FC,FC Goa,Guwahati,4-4-2,3-4-3,51.3,48.7,7,4,2,1,1,1,0,1,6,8,0,0,0,0,6.43,8.39,6.17,7.94,47.6,22.9,54.7,37.4,7,13,12,9,1,2,4,0,1,2,4,2,27.3,29.2,20.7,42.9,1,1,Clear,Average,Night,1.5,4.2,7.9,7.55,1,2,5.4,7,8,15.6,18.0,Home,0.33,0.32,Home_Win,3,0
ISL00467,2019-20,2019-11-22,Hyderabad FC,East Bengal FC,Hyderabad,3-4-3,3-4-3,49.4,50.6,5,6,1,2,1,0,1,1,6,6,4,1,0,0,7.34,6.92,6.77,7.39,27.6,15.9,49.4,30.5,7,11,5,18,3,0,3,1,4,3,4,2,51.3,30.5,42.1,43.2,1,1,Rainy,Poor,Night,9.3,2.0,6.17,6.72,2,2,2.7,5,2,18.2,22.2,Away,0.4,0.43,Away_Win,0,3
ISL00468,2019-20,2019-11-24,Jamshedpur FC,Odisha FC,Jamshedpur,4-3-3,4-2-3-1,58.2,41.8,4,4,0,1,0,0,1,0,8,5,6,1,0,0,6.11,7.25,6.99,7.26,29.5,16.0,42.7,29.3,10,10,9,12,1,0,1,1,1,0,3,2,47.8,34.2,54.1,35.1,0,1,Humid,Average,Night,3.9,4.9,8.65,7.64,2,1,6.1,9,7,26.1,24.0,,0.43,0.4,Away_Win,0,3
ISL00469,2019-20,2019-11-26,NorthEast United FC,Chennaiyin FC,Guwahati,3-5-2,5-3-2,46.9,53.1,7,4,3,1,2,1,1,0,6,7,1,1,0,0,6.59,6.58,7.32,7.33,36.5,17.2,52.3,33.6,8,15,8,7,2,1,3,4,2,1,3,4,28.6,46.1,35.2,32.3,0,0,Humid,Good,Night,2.1,0.9,6.81,7.52,2,2,8.4,10,3,10.2,14.7,,0.43,0.47,Home_Win,3,0
ISL00470,2019-20,2019-11-29,Hyderabad FC,NorthEast United FC,Hyderabad,3-4-3,4-4-2,50.7,49.3,1,6,0,1,0,0,1,0,4,3,3,1,0,0,7.37,7.05,6.18,7.8,61.7,33.9,49.4,32.0,5,18,6,8,2,3,3,0,2,3,3,0,30.7,26.7,52.8,33.7,1,1,Clear,Good,Night,1.5,8.7,5.82,6.18,1,1,7.4,2,10,22.1,25.0,,0.34,0.37,Away_Win,0,3
ISL00471,2019-20,2019-12-02,Hyderabad FC,ATK Mohun Bagan,Hyderabad,4-4-2,4-3-3,50.7,49.3,4,1,2,1,1,1,1,0,6,5,2,1,0,0,7.13,7.14,6.06,6.81,15.7,7.4,45.0,23.7,9,20,8,11,1,0,4,1,1,1,4,1,42.3,46.6,51.0,26.3,0,2,Overcast,Good,Day,8.9,6.2,5.3,6.69,0,3,6.7,1,11,14.3,27.7,,0.31,0.31,Home_Win,3,0
ISL00472,2019-20,2019-12-07,Odisha FC,Kerala Blasters,Bhubaneswar,3-4-3,4-3-3,46.1,53.9,2,3,0,2,0,0,1,1,6,7,1,3,0,0,7.46,7.54,7.99,7.2,37.7,19.2,45.6,30.2,7,21,11,14,2,0,1,0,2,1,2,0,36.5,51.4,19.7,19.7,1,1,Rainy,Good,Night,3.8,2.6,6.82,6.86,1,1,4.2,10,10,18.8,11.0,,0.43,0.47,Away_Win,0,3
ISL00473,2019-20,2019-12-11,Chennaiyin FC,Mumbai City FC,Chennai,3-4-3,3-5-2,58.3,41.7,3,9,1,2,1,0,1,1,6,4,2,4,0,1,7.8,7.91,7.44,6.65,52.9,34.4,59.6,31.8,12,12,9,13,3,0,0,0,5,0,1,0,36.2,40.5,32.5,31.3,1,0,Rainy,Good,Night,6.5,7.4,9.23,7.66,1,1,1.5,2,8,29.0,7.7,,0.31,0.31,Away_Win,0,3
ISL00474,2019-20,2019-12-15,East Bengal FC,Punjab FC,Kolkata,4-3-3,4-4-2,47.1,52.9,4,7,0,1,0,0,1,0,3,6,4,2,0,0,5.77,7.17,6.68,8.28,65.0,40.4,55.4,36.4,6,11,7,12,3,0,0,0,3,1,0,0,43.7,30.2,47.3,21.6,0,1,Overcast,Good,Night,9.1,2.3,6.3,9.41,2,1,8.9,5,3,6.3,15.6,,0.34,0.3,Away_Win,0,3
ISL00475,2019-20,2019-12-16,Punjab FC,Kerala Blasters,Mohali,4-2-3-1,3-4-3,61.5,38.5,4,9,1,1,0,1,1,0,11,8,4,3,0,0,7.46,7.06,5.51,7.34,49.4,30.9,33.8,21.2,12,13,3,16,2,1,1,0,4,1,1,0,17.2,29.3,38.7,52.0,1,0,Clear,Poor,Night,5.5,6.8,8.0,7.56,2,1,6.4,5,10,15.7,26.1,Home,0.45,0.42,Draw,1,1
ISL00476,2019-20,2019-12-19,ATK Mohun Bagan,Kerala Blasters,Kolkata,4-2-3-1,4-4-2,42.6,57.4,5,4,1,0,1,0,0,0,4,5,4,1,0,0,6.0,7.24,5.92,7.28,40.9,19.2,50.9,29.4,9,14,11,11,2,1,2,0,3,2,3,0,20.9,17.2,51.0,51.1,0,3,Humid,Good,Night,7.1,8.3,5.34,7.36,1,2,3.4,8,8,24.6,28.9,,0.48,0.32,Home_Win,3,0
ISL00477,2019-20,2019-12-20,Jamshedpur FC,East Bengal FC,Jamshedpur,4-2-3-1,4-4-2,43.5,56.5,8,7,1,2,1,0,2,0,4,3,0,4,0,0,6.41,6.73,6.67,8.16,28.5,14.0,60.5,29.8,13,12,9,14,3,0,1,2,4,1,2,2,45.5,39.9,18.8,21.1,1,2,Clear,Good,Day,3.3,2.7,7.89,4.5,2,1,5.9,9,4,15.1,25.9,,0.31,0.41,Away_Win,0,3
ISL00478,2019-20,2019-12-21,Mumbai City FC,Odisha FC,Mumbai,3-4-3,4-3-3,45.5,54.5,15,6,5,2,4,1,1,1,4,4,0,3,0,0,7.3,7.19,5.77,7.83,37.6,17.1,42.9,25.7,10,11,6,6,2,0,3,0,3,0,3,0,39.7,42.5,41.3,47.5,1,1,Overcast,Average,Night,5.1,8.4,7.37,5.73,2,1,3.3,8,9,19.1,19.6,,0.42,0.32,Home_Win,3,0
ISL00479,2019-20,2019-12-23,Odisha FC,Mumbai City FC,Bhubaneswar,3-4-3,4-4-2,43.9,56.1,7,6,0,2,0,0,0,2,5,4,4,5,0,0,6.97,8.32,6.56,8.33,44.1,20.9,51.8,31.4,8,10,15,15,4,2,2,2,4,3,2,4,34.7,45.5,26.8,42.7,3,0,Clear,Good,Night,8.2,2.1,8.15,7.19,0,3,8.0,9,11,15.0,29.8,,0.35,0.35,Away_Win,0,3
ISL00480,2019-20,2019-12-24,Chennaiyin FC,Bengaluru FC,Chennai,4-2-3-1,4-3-3,57.0,43.0,4,6,2,1,1,1,1,0,3,3,1,0,0,0,6.54,6.27,6.55,7.35,52.2,24.8,61.3,38.1,8,8,6,13,1,2,6,3,1,2,7,3,28.8,42.7,44.6,19.9,0,1,Humid,Good,Night,2.4,8.8,5.69,5.6,2,0,3.2,1,8,5.4,13.7,,0.41,0.36,Home_Win,3,0
ISL00481,2019-20,2019-12-27,FC Goa,ATK Mohun Bagan,Goa,5-3-2,3-4-3,43.2,56.8,3,7,0,2,0,0,1,1,8,4,1,2,0,0,7.71,6.62,6.58,6.67,36.1,24.9,45.3,21.1,9,18,7,11,2,0,2,2,2,0,2,3,20.7,41.6,51.0,43.2,0,0,Humid,Good,Night,7.1,1.3,6.88,9.47,2,2,6.0,8,8,29.4,24.6,,0.45,0.37,Away_Win,0,3
ISL00482,2019-20,2019-12-27,Punjab FC,Kerala Blasters,Mohali,3-4-3,3-4-3,46.2,53.8,5,6,2,2,2,0,2,0,3,2,0,2,0,0,7.01,6.11,7.11,5.9,48.8,32.9,48.1,24.6,8,19,15,11,2,0,3,0,3,1,3,0,29.5,55.0,41.3,40.3,1,0,Humid,Average,Night,9.2,4.4,7.23,6.82,2,1,9.6,5,7,28.1,21.5,Away,0.3,0.38,Draw,1,1
ISL00483,2019-20,2019-12-28,FC Goa,East Bengal FC,Goa,4-2-3-1,4-3-3,48.6,51.4,4,4,2,0,1,1,0,0,10,2,3,4,0,0,6.66,7.8,6.65,6.36,26.1,13.1,49.4,29.2,8,12,9,11,2,0,2,1,2,0,2,1,45.8,29.6,43.2,32.7,0,1,Clear,Average,Day,3.9,8.6,6.09,6.18,2,2,6.5,7,7,20.7,7.3,Away,0.39,0.35,Home_Win,3,0
ISL00484,2019-20,2019-12-29,Bengaluru FC,Mumbai City FC,Bengaluru,5-3-2,3-4-3,53.6,46.4,2,3,1,2,0,1,1,1,4,6,5,4,0,0,6.14,7.17,6.78,7.08,38.9,20.0,45.3,30.0,8,13,11,13,1,0,0,1,1,1,0,4,48.0,46.5,38.2,16.3,1,1,Overcast,Good,Night,7.7,5.8,5.98,6.73,1,3,9.8,7,13,19.4,29.3,,0.31,0.45,Away_Win,0,3
ISL00485,2019-20,2019-12-29,Odisha FC,NorthEast United FC,Bhubaneswar,4-3-3,4-3-3,54.5,45.5,2,3,0,0,0,0,0,0,6,4,6,2,0,0,6.93,7.23,7.05,6.32,57.9,40.0,43.2,22.0,9,12,7,20,2,1,1,5,2,2,1,5,55.0,25.9,34.5,36.9,0,1,Rainy,Poor,Night,0.2,4.0,6.85,5.46,1,3,1.4,6,10,9.7,22.0,,0.32,0.41,Draw,1,1
ISL00486,2019-20,2020-01-02,Kerala Blasters,Jamshedpur FC,Kochi,5-3-2,5-3-2,41.6,58.4,5,5,1,3,1,0,2,1,4,10,3,2,0,0,6.84,6.49,6.27,6.86,50.3,29.8,51.6,34.8,5,10,7,10,1,2,1,0,1,2,2,1,22.9,54.6,26.5,42.9,1,0,Rainy,Good,Day,4.6,0.1,7.69,7.74,1,3,2.4,8,6,19.3,29.0,Home,0.47,0.47,Away_Win,0,3
ISL00487,2019-20,2020-01-04,Punjab FC,ATK Mohun Bagan,Mohali,3-4-3,3-5-2,44.3,55.7,9,4,1,0,1,0,0,0,6,4,3,1,0,0,5.84,7.54,8.41,6.93,39.4,21.4,54.8,38.0,12,14,8,17,4,0,1,2,6,1,1,3,40.3,24.5,25.8,26.2,2,1,Humid,Good,Night,8.5,7.1,5.97,7.38,1,4,8.4,6,10,17.7,18.5,,0.31,0.43,Home_Win,3,0
ISL00488,2019-20,2020-01-08,Jamshedpur FC,Kerala Blasters,Jamshedpur,3-4-3,4-2-3-1,46.0,54.0,4,4,0,1,0,0,1,0,8,6,2,2,0,0,7.22,6.14,7.34,7.88,42.2,23.9,35.2,16.6,8,11,8,13,3,0,1,0,3,1,1,1,32.8,53.7,30.0,48.2,3,1,Rainy,Good,Night,9.2,9.0,5.71,6.95,3,1,8.4,6,5,15.4,16.4,,0.47,0.34,Away_Win,0,3
ISL00489,2019-20,2020-01-08,Kerala Blasters,Hyderabad FC,Kochi,4-2-3-1,4-4-2,36.2,63.8,7,6,2,0,1,1,0,0,2,6,8,4,0,0,8.11,7.19,7.38,7.11,54.8,28.4,33.7,21.3,7,12,10,14,1,0,3,2,1,1,4,5,31.2,50.9,37.0,29.5,1,1,Humid,Good,Night,6.6,7.8,5.37,6.75,3,1,9.9,5,3,15.1,7.7,,0.46,0.34,Home_Win,3,0
ISL00490,2019-20,2020-01-09,FC Goa,Mumbai City FC,Goa,5-3-2,4-4-2,54.1,45.9,4,3,0,0,0,0,0,0,5,7,4,2,0,0,5.96,6.09,7.17,7.49,36.3,21.6,49.2,27.0,7,12,11,15,1,3,1,0,1,4,2,3,34.7,18.6,51.4,40.7,4,0,Rainy,Average,Day,6.2,8.2,5.9,7.59,0,2,8.2,9,15,22.5,6.5,Away,0.32,0.46,Draw,1,1
ISL00491,2019-20,2020-01-09,Bengaluru FC,Odisha FC,Bengaluru,5-3-2,4-2-3-1,48.1,51.9,5,5,2,2,1,1,1,1,4,5,0,4,0,0,6.31,7.15,7.3,6.4,30.8,19.4,44.0,21.3,6,14,4,16,0,1,1,0,1,2,2,1,16.2,25.8,39.7,44.7,3,2,Rainy,Good,Night,8.5,8.3,5.68,10.0,3,1,7.4,4,4,21.9,5.4,,0.32,0.33,Draw,1,1
ISL00492,2019-20,2020-01-10,Bengaluru FC,Hyderabad FC,Bengaluru,4-4-2,4-4-2,41.0,59.0,3,5,1,2,1,0,2,0,6,2,7,4,0,0,7.03,7.34,7.68,7.11,23.9,13.8,42.1,21.3,9,14,7,13,2,1,3,3,2,1,5,3,30.3,35.8,47.3,27.2,1,3,Clear,Good,Night,8.3,3.8,5.34,7.41,3,0,1.8,4,3,28.6,16.5,,0.5,0.41,Away_Win,0,3
ISL00493,2019-20,2020-01-12,Kerala Blasters,ATK Mohun Bagan,Kochi,4-4-2,4-2-3-1,53.8,46.2,9,4,4,0,2,2,0,0,4,4,1,1,0,0,7.09,8.72,6.71,6.78,56.1,36.8,44.7,24.2,7,12,9,16,2,0,1,1,2,0,2,2,35.3,39.0,38.4,16.6,2,0,Rainy,Average,Day,6.4,8.3,6.22,6.0,2,1,2.1,7,9,27.8,11.9,,0.34,0.46,Home_Win,3,0
ISL00494,2019-20,2020-01-15,Jamshedpur FC,Odisha FC,Jamshedpur,4-2-3-1,3-4-3,34.7,65.3,6,6,1,1,0,1,1,0,5,3,4,3,0,0,7.62,6.49,6.11,6.86,28.9,13.8,52.7,24.0,9,15,14,13,1,1,2,1,1,2,3,2,38.7,34.3,24.0,17.0,0,1,Overcast,Average,Night,9.4,8.3,5.84,7.71,2,2,2.3,6,2,9.4,11.3,,0.35,0.36,Draw,1,1
ISL00495,2019-20,2020-01-18,Jamshedpur FC,Punjab FC,Jamshedpur,5-3-2,4-3-3,40.2,59.8,7,2,2,0,1,1,0,0,2,8,1,3,0,0,7.12,8.01,6.89,6.74,27.9,16.8,27.7,17.3,14,11,6,18,0,2,4,1,1,2,4,2,45.8,31.8,54.9,48.7,2,0,Rainy,Good,Night,6.6,1.0,7.45,7.05,1,2,3.0,4,9,7.0,23.2,,0.4,0.46,Home_Win,3,0
ISL00496,2019-20,2020-01-18,Mumbai City FC,Jamshedpur FC,Mumbai,4-3-3,4-3-3,54.1,45.9,7,5,0,2,0,0,1,1,7,6,3,6,0,0,6.22,6.23,6.15,8.41,21.3,14.9,50.2,28.3,11,9,8,17,0,2,3,5,1,2,5,5,46.8,40.2,34.1,49.9,1,0,Rainy,Good,Night,7.6,1.8,6.1,7.14,1,3,3.2,13,7,9.3,29.5,,0.36,0.48,Away_Win,0,3
ISL00497,2019-20,2020-01-19,East Bengal FC,Punjab FC,Kolkata,3-4-3,3-4-3,52.9,47.1,1,3,1,0,1,0,0,0,7,6,5,4,0,0,6.99,6.73,5.86,6.8,48.4,23.6,39.7,21.3,13,10,7,12,2,1,1,1,4,2,2,1,26.2,52.1,49.3,52.5,1,1,Clear,Average,Night,2.7,4.0,7.35,6.8,1,2,5.7,6,8,10.2,20.2,,0.41,0.33,Home_Win,3,0
ISL00498,2019-20,2020-01-21,Odisha FC,Kerala Blasters,Bhubaneswar,4-4-2,4-3-3,47.0,53.0,8,9,4,2,1,3,1,1,2,5,1,5,0,0,7.47,7.61,6.91,7.12,45.6,26.2,53.2,35.5,11,8,5,15,4,0,1,2,4,1,4,2,20.6,26.9,21.3,54.4,0,1,Clear,Average,Day,6.6,6.1,5.97,7.33,1,2,1.5,3,10,22.6,14.6,Away,0.36,0.5,Home_Win,3,0
ISL00499,2019-20,2020-01-23,Mumbai City FC,Hyderabad FC,Mumbai,5-3-2,5-3-2,44.6,55.4,3,13,0,6,0,0,5,1,5,2,1,1,0,0,6.05,6.9,6.56,6.66,55.2,33.5,30.9,21.4,8,14,6,13,0,0,2,1,1,0,2,1,39.2,33.0,16.1,43.3,2,1,Clear,Good,Day,6.9,7.3,6.79,6.7,2,1,2.1,10,6,9.2,13.4,,0.38,0.48,Away_Win,0,3
ISL00500,2019-20,2020-01-24,Punjab FC,East Bengal FC,Mohali,3-4-3,4-3-3,60.5,39.5,4,3,0,0,0,0,0,0,9,5,2,5,0,0,5.94,7.37,7.13,6.93,52.5,28.1,42.7,24.1,13,5,12,17,0,3,1,2,1,3,1,3,54.9,48.6,45.3,48.7,1,1,Clear,Good,Day,3.6,7.9,7.95,8.72,2,2,3.1,5,9,29.2,21.5,,0.34,0.45,Draw,1,1
ISL00501,2019-20,2020-01-24,Bengaluru FC,ATK Mohun Bagan,Bengaluru,4-3-3,4-2-3-1,54.4,45.6,12,3,4,0,4,0,0,0,8,6,1,3,0,0,6.41,7.05,6.98,5.94,25.7,17.8,55.9,29.5,3,8,12,20,1,0,4,1,2,1,6,1,22.8,24.2,17.8,41.8,1,1,Rainy,Good,Night,9.8,3.8,6.2,6.16,1,2,4.1,1,6,25.1,16.9,,0.48,0.42,Home_Win,3,0
ISL00502,2019-20,2020-01-25,Punjab FC,Chennaiyin FC,Mohali,4-3-3,3-5-2,35.9,64.1,4,5,2,1,1,1,1,0,12,5,2,0,0,0,6.72,6.87,6.79,7.72,69.6,39.8,53.1,31.9,2,16,3,12,0,1,2,1,0,2,3,1,48.3,20.2,49.3,25.8,1,2,Humid,Average,Night,3.8,5.1,5.52,5.89,0,3,9.8,5,4,22.1,14.3,Home,0.32,0.34,Home_Win,3,0
ISL00503,2019-20,2020-01-26,Chennaiyin FC,Mumbai City FC,Chennai,4-4-2,3-5-2,40.9,59.1,1,5,1,1,1,0,1,0,2,4,1,0,0,0,6.29,6.51,6.52,7.6,42.6,24.3,53.6,29.6,13,11,11,20,1,1,3,0,1,1,5,0,43.5,30.2,40.1,34.8,0,1,Overcast,Good,Day,9.4,4.3,5.72,8.04,1,2,2.3,4,7,28.5,13.6,,0.31,0.36,Draw,1,1
ISL00504,2019-20,2020-01-27,Mumbai City FC,Chennaiyin FC,Mumbai,3-4-3,5-3-2,58.7,41.3,5,3,3,2,1,2,1,1,6,9,1,0,0,0,7.51,7.46,6.84,5.31,50.1,33.9,40.3,27.1,7,7,7,10,1,1,1,0,2,1,1,1,46.0,25.0,41.7,27.8,1,1,Clear,Good,Night,8.4,10.0,6.7,8.09,2,1,8.9,5,4,29.9,13.6,,0.45,0.35,Home_Win,3,0
ISL00505,2019-20,2020-01-27,Jamshedpur FC,NorthEast United FC,Jamshedpur,4-4-2,4-2-3-1,40.8,59.2,9,6,1,0,1,0,0,0,7,2,1,5,0,1,6.64,7.25,7.46,6.73,42.7,19.4,33.6,17.5,12,17,7,13,3,2,0,1,3,2,0,2,52.3,27.4,34.9,38.5,3,1,Humid,Good,Night,2.2,4.7,7.27,6.74,3,2,9.2,10,10,6.3,7.1,,0.44,0.34,Home_Win,3,0
ISL00506,2019-20,2020-01-30,Chennaiyin FC,Mumbai City FC,Chennai,5-3-2,3-4-3,50.1,49.9,6,1,2,1,2,0,1,0,8,2,0,2,0,0,6.84,7.18,6.84,6.44,43.2,28.8,48.2,23.2,7,14,8,16,5,0,2,1,5,0,3,1,32.0,41.8,32.9,42.8,2,0,Clear,Poor,Night,1.7,9.8,7.12,6.63,1,2,9.6,4,5,17.4,25.9,,0.41,0.32,Home_Win,3,0
ISL00507,2019-20,2020-02-01,Jamshedpur FC,ATK Mohun Bagan,Jamshedpur,4-4-2,4-4-2,41.9,58.1,8,4,0,0,0,0,0,0,9,5,1,2,0,0,6.62,8.1,7.18,6.51,64.4,31.1,45.0,20.4,7,8,9,11,1,0,1,1,1,2,2,1,39.3,18.8,27.9,28.3,2,0,Humid,Good,Night,9.4,7.4,5.64,5.64,3,1,9.1,10,6,9.4,18.4,,0.44,0.38,Draw,1,1
ISL00508,2019-20,2020-02-01,NorthEast United FC,Odisha FC,Guwahati,4-3-3,4-3-3,43.5,56.5,8,5,4,0,3,1,0,0,6,5,2,0,0,0,6.36,7.03,7.04,6.7,54.5,29.7,57.6,28.4,7,22,10,14,1,1,1,4,1,2,2,5,20.2,28.9,16.0,48.9,1,1,Clear,Good,Night,6.4,4.7,6.68,6.89,3,1,6.2,10,6,22.6,15.3,,0.45,0.33,Home_Win,3,0
ISL00509,2019-20,2020-02-03,Punjab FC,East Bengal FC,Mohali,4-2-3-1,4-3-3,56.1,43.9,9,4,4,0,2,2,0,0,2,6,3,3,0,0,6.05,7.06,6.89,7.11,59.0,33.8,44.4,21.0,10,9,8,17,2,1,0,1,2,1,0,2,47.9,48.6,48.5,17.2,2,3,Rainy,Good,Night,7.9,9.5,7.51,7.03,1,2,8.8,7,7,21.3,25.0,,0.48,0.45,Home_Win,3,0
ISL00510,2019-20,2020-02-06,Punjab FC,NorthEast United FC,Mohali,3-5-2,4-4-2,53.5,46.5,7,7,1,2,1,0,1,1,2,5,1,1,0,0,6.35,7.19,6.73,6.42,30.6,17.4,41.0,27.8,5,17,13,12,2,2,1,1,3,4,1,1,23.2,19.3,36.8,52.6,3,0,Rainy,Average,Night,5.2,7.3,5.42,6.05,1,0,1.2,7,10,6.5,8.0,,0.37,0.32,Away_Win,0,3
ISL00511,2019-20,2020-02-08,East Bengal FC,ATK Mohun Bagan,Kolkata,4-3-3,4-3-3,47.1,52.9,10,5,2,0,1,1,0,0,6,2,2,4,0,0,7.02,7.13,6.23,5.74,35.8,16.5,29.8,18.5,7,10,7,9,1,0,1,0,2,1,1,1,29.9,31.1,30.8,52.9,1,1,Clear,Good,Night,3.8,4.2,5.55,6.3,2,1,2.0,7,4,12.5,25.5,Both,0.33,0.45,Home_Win,3,0
ISL00512,2019-20,2020-02-10,Mumbai City FC,Hyderabad FC,Mumbai,3-5-2,3-5-2,52.8,47.2,7,6,2,0,1,1,0,0,4,6,6,2,0,0,6.15,7.61,7.21,7.36,31.7,16.8,37.2,22.1,8,11,11,11,4,3,1,2,4,3,2,3,47.6,17.4,28.5,30.5,0,2,Rainy,Good,Night,2.8,6.6,7.34,7.21,2,1,9.6,4,9,20.7,6.2,,0.5,0.33,Home_Win,3,0
ISL00513,2019-20,2020-02-10,Hyderabad FC,ATK Mohun Bagan,Hyderabad,3-5-2,4-3-3,49.3,50.7,4,6,0,2,0,0,2,0,3,4,0,1,0,0,8.1,7.05,7.67,7.31,51.7,27.9,34.1,23.4,6,17,4,5,3,1,3,4,5,1,5,4,38.1,18.3,50.4,15.9,2,1,Rainy,Good,Night,2.8,6.9,5.07,7.27,1,2,9.1,9,1,29.2,10.4,,0.45,0.49,Away_Win,0,3
ISL00514,2019-20,2020-02-11,Chennaiyin FC,FC Goa,Chennai,4-3-3,4-2-3-1,45.7,54.3,3,4,1,3,1,0,2,1,6,3,8,2,0,0,6.91,6.45,5.92,6.33,44.1,30.4,25.6,15.5,3,18,9,13,1,1,3,0,1,7,4,1,33.0,36.7,38.3,22.7,4,0,Rainy,Average,Day,9.0,7.0,9.34,7.36,1,3,9.4,7,7,13.6,9.6,,0.49,0.39,Away_Win,0,3
ISL00515,2019-20,2020-02-13,Hyderabad FC,Kerala Blasters,Hyderabad,3-4-3,5-3-2,61.6,38.4,4,11,2,0,1,1,0,0,8,1,0,3,0,0,8.04,6.47,6.87,7.89,42.0,28.5,38.2,23.9,11,17,7,14,3,2,1,1,5,2,1,1,53.5,21.2,31.8,44.5,2,0,Humid,Good,Night,8.7,8.3,4.76,6.74,1,4,7.8,6,9,17.0,23.4,,0.48,0.48,Home_Win,3,0
ISL00516,2019-20,2020-02-15,Odisha FC,ATK Mohun Bagan,Bhubaneswar,4-3-3,5-3-2,51.1,48.9,3,9,1,0,1,0,0,0,4,3,2,1,0,0,6.49,6.49,7.47,7.01,58.8,35.0,41.0,20.1,12,13,10,14,0,3,2,1,0,3,2,2,22.5,35.4,37.3,22.3,0,1,Rainy,Good,Day,7.5,0.5,6.22,7.8,0,3,9.6,6,4,15.4,29.2,,0.43,0.38,Home_Win,3,0
ISL00517,2019-20,2020-02-19,Punjab FC,ATK Mohun Bagan,Mohali,3-5-2,4-4-2,49.2,50.8,5,1,3,0,1,2,0,0,4,6,3,4,0,0,6.63,6.59,7.02,7.23,26.1,17.8,14.9,7.8,13,14,10,10,0,1,1,0,0,2,1,2,36.4,51.8,28.7,54.5,1,4,Overcast,Good,Day,4.1,3.5,6.62,8.78,2,3,8.4,7,4,15.4,22.9,Away,0.48,0.48,Home_Win,3,0
ISL00518,2019-20,2020-02-20,Punjab FC,Chennaiyin FC,Mohali,4-4-2,4-3-3,38.6,61.4,9,3,2,2,1,1,2,0,8,7,2,2,0,0,6.58,6.3,6.34,7.18,34.5,23.0,60.4,36.5,12,7,7,11,1,1,2,0,3,2,2,1,16.3,47.2,41.6,17.9,1,2,Humid,Good,Night,9.9,0.2,5.75,7.81,1,2,2.7,10,4,22.5,26.4,,0.49,0.39,Draw,1,1
ISL00519,2019-20,2020-02-21,ATK Mohun Bagan,Bengaluru FC,Kolkata,3-4-3,3-5-2,48.7,51.3,5,4,1,1,0,1,0,1,2,5,4,1,0,0,7.26,7.01,6.92,7.42,39.8,21.6,43.0,28.3,7,20,12,12,0,0,0,2,0,1,1,2,24.5,17.4,31.8,21.7,0,0,Clear,Good,Night,2.6,7.6,7.29,3.38,2,2,6.3,4,4,27.3,7.3,,0.44,0.49,Draw,1,1
ISL00520,2019-20,2020-02-25,Kerala Blasters,Jamshedpur FC,Kochi,4-2-3-1,3-4-3,61.8,38.2,5,2,1,2,1,0,2,0,9,3,6,5,0,0,7.24,6.72,7.06,7.86,28.3,13.6,32.7,17.0,5,13,6,17,1,2,3,0,3,2,3,0,35.6,51.9,16.9,15.3,0,1,Rainy,Average,Night,1.7,8.3,6.99,8.78,2,2,5.3,9,11,19.2,20.0,,0.49,0.34,Away_Win,0,3
ISL00521,2019-20,2020-02-25,Punjab FC,Mumbai City FC,Mohali,5-3-2,4-4-2,47.6,52.4,6,6,2,0,0,2,0,0,2,5,4,2,0,0,4.96,7.62,6.23,7.51,39.6,23.8,39.5,22.3,14,9,8,6,1,0,2,0,1,1,2,0,35.0,51.0,53.7,19.9,2,4,Humid,Good,Night,9.1,8.5,5.67,6.85,1,1,2.9,10,7,27.8,23.1,,0.36,0.37,Home_Win,3,0
ISL00522,2019-20,2020-02-26,Odisha FC,Mumbai City FC,Bhubaneswar,5-3-2,5-3-2,65.2,34.8,14,8,4,3,4,0,2,1,2,5,4,1,0,0,6.54,7.35,6.79,7.21,39.7,21.1,60.6,31.5,8,14,9,9,1,0,1,2,1,0,1,2,38.7,28.1,41.6,50.4,2,1,Clear,Good,Night,0.3,2.2,6.78,9.03,0,3,3.0,8,7,7.8,21.1,,0.5,0.42,Home_Win,3,0
ISL00523,2019-20,2020-02-28,Bengaluru FC,Kerala Blasters,Bengaluru,3-5-2,3-5-2,48.9,51.1,4,5,1,1,0,1,1,0,3,1,1,2,0,0,6.24,7.91,6.74,6.57,50.5,22.8,36.1,18.9,8,11,10,15,2,1,3,0,2,1,3,1,46.2,41.6,52.5,37.2,0,0,Rainy,Good,Night,7.3,2.4,5.86,6.86,3,2,3.9,5,6,15.3,22.7,Away,0.4,0.3,Draw,1,1
ISL00524,2019-20,2020-02-28,Odisha FC,NorthEast United FC,Bhubaneswar,3-5-2,4-2-3-1,43.6,56.4,4,4,0,3,0,0,1,2,2,5,3,6,0,0,5.81,7.94,6.27,7.98,59.9,41.6,51.5,30.6,10,10,8,17,2,2,0,3,2,2,0,4,46.9,53.2,38.3,38.7,1,0,Rainy,Average,Night,7.8,7.6,8.46,7.69,0,4,6.3,10,10,17.0,5.4,,0.38,0.43,Away_Win,0,3
ISL00525,2019-20,2020-02-29,Kerala Blasters,Bengaluru FC,Kochi,5-3-2,4-4-2,45.1,54.9,6,7,2,2,2,0,2,0,5,4,1,2,0,0,7.59,7.08,5.93,8.49,31.3,21.7,37.9,25.8,6,11,9,17,2,0,2,1,3,1,3,1,32.8,31.7,18.8,42.3,0,1,Humid,Good,Day,2.9,7.6,8.57,7.01,1,3,1.8,4,6,29.0,10.4,,0.34,0.48,Draw,1,1
ISL00526,2019-20,2020-03-01,Hyderabad FC,Punjab FC,Hyderabad,3-5-2,4-2-3-1,55.3,44.7,6,3,1,0,1,0,0,0,5,6,2,3,0,1,8.42,7.73,7.6,7.04,56.3,32.9,48.0,33.3,6,14,17,15,1,2,3,0,3,4,4,2,17.0,32.5,39.4,35.1,1,0,Clear,Poor,Day,6.6,2.5,9.43,6.3,3,1,5.3,9,10,20.0,5.7,,0.5,0.44,Home_Win,3,0
ISL00527,2019-20,2020-03-05,Kerala Blasters,Hyderabad FC,Kochi,3-5-2,4-2-3-1,55.3,44.7,6,2,2,1,1,1,0,1,5,6,2,3,0,0,7.47,6.71,6.7,5.96,57.1,34.5,61.1,36.1,7,15,6,15,1,3,1,1,2,5,1,3,28.1,47.7,38.5,47.8,2,0,Rainy,Average,Day,4.6,9.5,5.72,6.31,3,2,4.5,2,9,28.2,8.1,Away,0.35,0.35,Home_Win,3,0
ISL00528,2019-20,2020-03-06,Mumbai City FC,Bengaluru FC,Mumbai,3-4-3,3-5-2,53.9,46.1,8,7,3,2,0,3,2,0,4,2,2,0,0,0,7.04,7.67,6.99,6.49,52.5,32.4,35.6,16.2,8,12,6,11,3,0,3,1,3,1,3,1,17.4,19.9,34.1,47.1,1,0,Clear,Good,Night,9.8,9.0,7.25,7.22,3,1,7.2,6,6,21.4,7.7,,0.48,0.48,Home_Win,3,0
ISL00529,2019-20,2020-03-10,NorthEast United FC,Bengaluru FC,Guwahati,4-4-2,3-4-3,51.8,48.2,7,2,2,1,2,0,1,0,9,4,1,1,0,0,6.96,6.67,6.55,6.93,46.3,31.6,44.5,23.1,5,16,6,16,5,0,1,2,6,1,2,2,42.3,37.7,39.8,50.5,0,2,Humid,Poor,Night,4.6,2.6,5.65,8.93,3,1,4.3,10,6,17.6,26.0,Both,0.33,0.41,Home_Win,3,0
ISL00530,2019-20,2020-03-12,Odisha FC,Jamshedpur FC,Bhubaneswar,4-4-2,3-4-3,42.7,57.3,9,2,3,1,2,1,1,0,3,5,4,6,0,0,7.15,7.59,7.0,6.59,39.0,22.1,48.9,30.0,6,10,14,14,5,1,2,1,6,1,2,3,50.8,48.6,45.3,51.5,0,3,Rainy,Good,Night,5.7,3.9,6.14,5.44,1,2,9.4,9,13,23.6,8.3,,0.4,0.36,Home_Win,3,0
ISL00531,2019-20,2020-03-12,Bengaluru FC,ATK Mohun Bagan,Bengaluru,4-2-3-1,4-2-3-1,62.6,37.4,10,4,5,0,3,2,0,0,4,4,3,4,0,0,7.71,7.46,7.11,7.52,56.8,33.8,60.6,41.3,14,10,5,13,0,2,0,2,1,2,0,2,41.6,30.3,25.6,18.2,1,3,Humid,Average,Night,0.2,7.2,6.72,7.9,1,2,7.9,3,4,15.8,29.8,,0.45,0.42,Home_Win,3,0
ISL00532,2019-20,2020-03-14,Mumbai City FC,Bengaluru FC,Mumbai,4-4-2,4-4-2,49.2,50.8,5,6,3,1,1,2,1,0,5,7,2,2,0,0,7.3,7.92,7.75,8.18,29.0,14.7,36.5,17.8,7,16,10,13,2,2,1,0,3,4,2,0,19.8,21.1,33.6,48.7,2,1,Clear,Average,Day,2.5,6.5,5.32,6.73,3,1,4.0,6,5,27.8,8.4,Away,0.44,0.44,Home_Win,3,0
ISL00533,2019-20,2020-03-17,Kerala Blasters,Bengaluru FC,Kochi,4-3-3,4-2-3-1,48.4,51.6,3,5,1,1,0,1,0,1,4,4,1,3,0,0,6.02,6.48,6.67,7.31,34.3,17.5,48.5,31.9,8,8,8,6,0,2,0,2,1,2,0,3,48.8,45.0,38.3,50.4,0,0,Rainy,Good,Night,0.5,5.3,7.16,5.4,1,2,8.2,5,4,22.2,29.6,,0.33,0.31,Draw,1,1
ISL00534,2019-20,2020-03-20,East Bengal FC,Mumbai City FC,Kolkata,5-3-2,5-3-2,60.3,39.7,8,3,2,0,2,0,0,0,3,3,1,1,0,0,6.98,7.74,6.87,6.72,55.3,32.1,28.1,18.8,12,15,8,10,4,3,1,1,5,3,1,5,52.4,16.4,15.6,24.7,2,3,Rainy,Good,Night,6.9,5.5,6.33,7.23,1,4,3.6,7,9,16.0,9.7,Away,0.33,0.34,Home_Win,3,0
ISL00535,2019-20,2020-03-22,Mumbai City FC,ATK Mohun Bagan,Mumbai,4-4-2,4-3-3,62.8,37.2,6,2,3,2,0,3,1,1,6,6,3,1,0,0,7.96,6.83,5.97,7.3,39.2,19.9,59.1,27.9,5,12,7,11,0,0,1,3,1,0,1,6,43.2,15.6,15.2,15.3,2,0,Overcast,Good,Night,5.9,9.5,6.06,6.19,4,1,5.9,6,4,27.7,5.2,Home,0.33,0.46,Home_Win,3,0
ISL00536,2019-20,2020-03-22,Mumbai City FC,NorthEast United FC,Mumbai,4-4-2,4-4-2,50.8,49.2,8,4,1,3,1,0,2,1,7,3,3,5,0,0,6.97,6.7,7.45,6.84,37.4,17.1,51.3,34.7,6,15,7,10,1,2,3,0,1,6,3,0,52.5,40.4,31.7,17.6,1,2,Overcast,Good,Night,6.6,1.9,5.15,6.02,1,3,4.3,9,12,16.4,26.6,,0.33,0.31,Away_Win,0,3
ISL00537,2019-20,2020-03-25,FC Goa,Odisha FC,Goa,3-4-3,4-2-3-1,46.5,53.5,6,5,1,1,0,1,0,1,5,3,3,3,0,0,6.07,6.73,6.63,8.1,71.3,38.7,49.1,29.4,4,10,10,11,1,1,2,1,2,3,3,1,31.4,42.6,29.8,39.6,1,1,Overcast,Good,Day,6.9,6.9,7.01,8.0,1,1,5.4,7,9,6.6,10.7,,0.42,0.32,Draw,1,1
ISL00538,2019-20,2020-03-25,East Bengal FC,Odisha FC,Kolkata,4-3-3,3-5-2,45.9,54.1,10,6,5,0,1,4,0,0,10,9,2,1,0,0,6.5,6.16,7.11,7.32,50.1,31.9,48.3,32.0,12,14,9,14,4,3,1,2,6,4,2,2,28.7,50.3,21.8,39.2,3,1,Humid,Good,Day,9.0,2.8,6.09,5.19,1,3,4.1,10,10,15.4,14.5,Away,0.41,0.32,Home_Win,3,0
ISL00539,2019-20,2020-03-27,Chennaiyin FC,Punjab FC,Chennai,4-2-3-1,4-3-3,53.5,46.5,4,1,0,0,0,0,0,0,3,4,5,3,0,0,5.88,6.97,7.39,6.35,47.1,24.5,37.4,23.1,18,11,7,7,0,1,1,3,1,4,3,3,45.3,37.5,32.1,22.0,1,0,Clear,Good,Night,8.5,9.8,6.52,6.29,1,1,4.2,5,7,14.9,27.9,,0.43,0.31,Draw,1,1
ISL00540,2019-20,2020-03-29,FC Goa,Kerala Blasters,Goa,3-4-3,3-5-2,65.9,34.1,4,4,1,1,0,1,1,0,4,5,5,3,0,0,6.07,7.28,6.27,6.92,53.9,35.9,48.8,30.2,12,23,7,11,5,0,4,0,5,2,5,0,16.1,30.5,50.6,18.1,1,1,Overcast,Poor,Night,5.7,6.2,6.73,8.64,5,0,3.9,8,6,22.7,29.8,,0.38,0.46,Draw,1,1
ISL00541,2019-20,2020-03-29,Jamshedpur FC,Hyderabad FC,Jamshedpur,4-4-2,4-4-2,45.1,54.9,12,3,5,0,5,0,0,0,0,4,1,0,0,0,7.77,7.73,7.68,7.13,29.9,18.7,50.5,33.8,11,13,9,19,1,1,1,0,2,1,1,0,32.5,40.7,18.2,53.0,1,2,Rainy,Good,Night,9.5,5.2,4.96,4.37,1,2,2.7,10,6,5.8,19.2,,0.42,0.33,Home_Win,3,0
ISL00542,2019-20,2020-03-30,Odisha FC,Kerala Blasters,Bhubaneswar,3-4-3,5-3-2,45.4,54.6,6,6,2,2,2,0,2,0,3,6,5,3,0,0,7.45,7.15,8.05,6.83,50.1,30.7,30.2,19.4,14,18,8,12,2,0,0,1,3,1,1,1,53.6,32.9,17.3,43.5,2,3,Humid,Good,Night,4.3,1.5,6.48,9.09,2,2,7.2,7,7,22.7,12.7,,0.43,0.37,Draw,1,1
ISL00543,2019-20,2020-04-02,Jamshedpur FC,ATK Mohun Bagan,Jamshedpur,4-2-3-1,3-4-3,59.1,40.9,1,5,1,0,1,0,0,0,2,7,2,3,1,0,6.8,7.12,6.28,7.32,52.0,35.0,38.1,21.0,5,14,6,16,4,1,2,0,4,2,2,0,34.3,44.7,27.7,15.2,1,1,Rainy,Good,Night,1.3,4.8,5.89,7.58,2,1,6.2,10,1,23.5,6.6,,0.49,0.3,Home_Win,3,0
ISL00544,2019-20,2020-04-04,Hyderabad FC,NorthEast United FC,Hyderabad,5-3-2,5-3-2,58.7,41.3,6,2,2,2,0,2,0,2,5,6,4,3,0,0,6.53,6.46,6.35,8.13,37.1,17.4,43.5,23.7,9,12,8,15,2,2,4,2,3,2,5,2,37.8,34.8,20.4,39.9,1,1,Rainy,Good,Night,6.1,5.0,6.46,6.15,1,2,2.5,6,15,6.4,20.5,,0.43,0.33,Draw,1,1
ISL00545,2019-20,2020-04-06,Bengaluru FC,ATK Mohun Bagan,Bengaluru,3-5-2,5-3-2,66.8,33.2,4,6,0,0,0,0,0,0,3,6,1,2,0,0,7.14,7.92,7.49,6.68,48.9,24.2,50.9,35.2,5,18,11,11,2,1,2,1,2,2,2,3,43.0,35.1,24.2,30.3,2,0,Humid,Good,Night,5.6,5.0,5.6,6.27,2,1,1.3,4,1,5.9,7.4,,0.42,0.47,Draw,1,1
ISL00546,2019-20,2020-04-07,Chennaiyin FC,ATK Mohun Bagan,Chennai,4-2-3-1,5-3-2,61.2,38.8,7,7,2,3,1,1,3,0,5,9,1,1,0,0,8.13,7.66,6.14,8.16,26.3,17.8,41.3,21.3,13,10,14,16,4,2,0,0,6,2,0,0,38.0,32.8,29.9,51.8,0,0,Rainy,Average,Day,5.7,6.5,7.07,6.44,2,2,4.0,5,2,25.5,9.9,Home,0.41,0.46,Away_Win,0,3
ISL00547,2019-20,2020-04-09,Kerala Blasters,Bengaluru FC,Kochi,4-4-2,4-3-3,55.6,44.4,6,3,2,0,2,0,0,0,1,4,3,3,0,0,6.67,7.76,6.66,5.93,47.7,32.3,19.0,10.3,12,10,11,16,1,0,1,1,1,1,2,1,35.1,46.5,26.7,22.9,0,0,Humid,Average,Night,1.9,3.4,5.26,5.31,1,1,7.4,7,5,29.7,14.4,,0.39,0.33,Home_Win,3,0
ISL00548,2019-20,2020-04-10,Punjab FC,ATK Mohun Bagan,Mohali,4-3-3,5-3-2,45.2,54.8,7,7,2,3,1,1,3,0,3,5,4,7,0,0,7.45,7.98,6.28,7.21,49.2,23.1,53.7,26.1,13,7,4,10,3,1,0,1,3,1,0,1,27.4,41.9,46.7,50.5,1,2,Overcast,Good,Night,7.6,8.2,7.96,8.3,3,2,8.3,8,4,10.9,22.9,,0.34,0.32,Away_Win,0,3
ISL00549,2019-20,2020-04-15,Bengaluru FC,Punjab FC,Bengaluru,4-3-3,5-3-2,44.8,55.2,7,11,2,2,1,1,0,2,5,6,2,3,0,0,7.18,7.37,7.68,7.1,33.1,21.3,45.1,24.1,8,11,8,10,2,1,2,1,3,2,2,2,22.0,26.6,30.9,17.3,1,3,Rainy,Good,Night,6.5,9.2,7.92,6.57,2,0,2.4,5,5,17.4,18.5,Home,0.49,0.38,Draw,1,1
ISL00550,2019-20,2020-04-18,Punjab FC,NorthEast United FC,Mohali,5-3-2,4-4-2,40.1,59.9,7,4,2,0,1,1,0,0,5,2,3,3,0,0,7.84,6.02,6.23,6.23,41.7,18.9,39.8,23.7,10,7,14,10,1,2,0,3,1,3,1,4,48.4,26.8,22.1,52.3,1,1,Rainy,Good,Night,9.2,8.2,6.42,6.88,1,1,7.0,5,13,9.2,25.4,Both,0.33,0.37,Home_Win,3,0
ISL00551,2020-21,2020-10-01,Mumbai City FC,NorthEast United FC,Mumbai,3-5-2,4-4-2,44.6,55.4,4,6,0,2,0,0,2,0,5,4,2,3,0,0,6.56,7.03,7.23,6.94,51.3,24.8,40.4,20.1,12,8,9,18,2,1,1,1,3,3,2,1,26.6,39.8,40.4,36.2,2,1,Clear,Good,Night,6.9,7.4,6.15,6.47,1,3,9.1,9,10,28.8,23.4,,0.45,0.35,Away_Win,0,3
ISL00552,2020-21,2020-10-01,Hyderabad FC,Odisha FC,Hyderabad,4-3-3,4-2-3-1,46.6,53.4,7,5,2,1,1,1,1,0,9,4,1,1,0,0,6.31,6.46,5.81,6.36,23.7,11.3,33.1,18.4,10,10,5,10,0,1,4,1,0,1,5,1,37.8,48.7,48.2,23.0,0,1,Overcast,Good,Night,0.6,1.3,7.99,5.09,1,2,8.9,7,5,9.3,5.5,Away,0.39,0.5,Home_Win,3,0
ISL00553,2020-21,2020-10-03,NorthEast United FC,Jamshedpur FC,Guwahati,4-2-3-1,4-4-2,61.7,38.3,5,6,0,3,0,0,3,0,6,4,1,3,0,0,7.46,6.31,6.77,6.92,37.2,19.5,70.8,42.6,10,15,10,11,4,1,2,1,4,3,2,1,35.1,30.4,42.9,46.5,0,2,Overcast,Good,Day,3.4,8.4,6.37,7.91,2,3,1.8,10,10,15.3,16.6,Home,0.39,0.43,Away_Win,0,3
ISL00554,2020-21,2020-10-06,FC Goa,East Bengal FC,Goa,3-4-3,4-3-3,50.4,49.6,1,2,2,0,1,1,0,0,4,5,3,3,0,0,6.59,6.91,6.4,6.46,52.3,28.6,40.9,22.3,6,6,8,18,2,1,6,2,2,3,6,2,31.3,54.5,21.4,33.8,1,0,Humid,Average,Night,0.7,2.9,7.74,7.51,2,2,8.9,9,10,7.6,16.4,,0.35,0.44,Home_Win,3,0
ISL00555,2020-21,2020-10-06,ATK Mohun Bagan,Chennaiyin FC,Kolkata,4-4-2,3-5-2,56.2,43.8,5,7,0,0,0,0,0,0,6,3,1,3,0,0,6.31,7.11,7.4,7.92,44.7,30.3,49.6,31.7,11,12,3,16,2,0,3,0,2,0,3,0,42.3,49.8,29.7,37.9,2,2,Rainy,Good,Day,6.8,8.8,5.92,6.74,3,1,2.2,7,5,20.8,26.8,Both,0.31,0.41,Draw,1,1
ISL00556,2020-21,2020-10-09,Mumbai City FC,NorthEast United FC,Mumbai,4-3-3,4-2-3-1,49.5,50.5,3,7,2,2,2,0,1,1,4,6,1,4,0,0,6.07,6.72,5.3,7.94,40.7,22.8,35.3,20.4,10,14,10,10,3,1,1,1,3,1,1,1,26.2,34.1,41.9,15.1,0,1,Humid,Good,Day,5.8,9.2,7.39,7.54,0,4,9.0,6,7,25.0,13.3,Home,0.34,0.41,Draw,1,1
ISL00557,2020-21,2020-10-10,Jamshedpur FC,Mumbai City FC,Jamshedpur,3-5-2,5-3-2,40.1,59.9,5,2,1,0,0,1,0,0,2,11,1,1,0,0,6.21,6.84,6.27,7.91,36.5,17.6,49.7,26.4,16,12,8,11,3,0,3,2,3,0,3,2,43.6,29.5,39.7,37.2,3,1,Overcast,Average,Night,6.8,9.6,7.7,7.98,4,1,1.1,12,4,24.9,26.3,Home,0.43,0.49,Home_Win,3,0
ISL00558,2020-21,2020-10-15,Odisha FC,East Bengal FC,Bhubaneswar,4-3-3,5-3-2,63.6,36.4,11,5,3,1,3,0,0,1,5,3,3,0,0,0,7.36,7.77,6.12,7.77,42.7,22.1,36.7,23.2,9,11,12,19,3,0,3,2,4,1,3,3,26.6,35.1,32.3,26.0,3,2,Overcast,Average,Day,4.9,1.1,4.19,7.97,3,2,4.8,5,9,9.7,5.9,,0.44,0.5,Home_Win,3,0
ISL00559,2020-21,2020-10-16,Mumbai City FC,NorthEast United FC,Mumbai,4-3-3,4-3-3,50.2,49.8,3,6,2,2,1,1,2,0,6,6,1,3,0,0,7.69,5.74,6.68,6.45,21.5,9.7,30.7,18.1,11,12,10,12,4,1,5,0,5,1,8,1,19.9,15.7,24.1,26.2,1,0,Overcast,Good,Night,2.4,3.6,7.02,5.57,0,3,8.2,4,5,26.1,9.8,,0.32,0.43,Draw,1,1
ISL00560,2020-21,2020-10-19,Punjab FC,Jamshedpur FC,Mohali,3-5-2,3-4-3,51.8,48.2,2,3,1,0,0,1,0,0,3,7,0,2,0,0,6.17,5.73,6.74,6.96,51.8,23.7,73.8,41.5,10,12,9,14,0,2,2,0,2,3,2,0,26.4,38.0,43.1,21.8,1,2,Rainy,Average,Night,5.3,6.6,8.56,9.57,2,1,7.9,5,12,26.9,14.8,,0.46,0.35,Home_Win,3,0
ISL00561,2020-21,2020-10-20,Mumbai City FC,ATK Mohun Bagan,Mumbai,4-2-3-1,5-3-2,49.9,50.1,7,8,3,1,1,2,0,1,8,6,1,2,0,0,6.47,8.26,6.99,7.15,39.2,21.9,55.6,27.3,7,10,17,15,1,1,1,3,1,1,4,6,37.1,31.2,29.2,32.4,0,0,Overcast,Poor,Night,6.7,3.7,7.0,8.1,4,1,1.8,2,8,16.3,14.4,,0.36,0.5,Home_Win,3,0
ISL00562,2020-21,2020-10-23,NorthEast United FC,ATK Mohun Bagan,Guwahati,4-2-3-1,4-4-2,39.0,61.0,5,9,3,0,2,1,0,0,3,8,4,2,0,0,6.02,6.56,6.87,6.48,36.0,20.8,52.4,36.5,9,9,12,19,0,0,3,1,0,1,3,2,21.1,27.8,16.8,15.1,1,3,Rainy,Good,Day,0.6,1.1,5.51,5.92,3,0,8.9,5,8,29.7,25.4,Away,0.45,0.42,Home_Win,3,0
ISL00563,2020-21,2020-10-24,East Bengal FC,FC Goa,Kolkata,4-2-3-1,4-3-3,59.6,40.4,9,9,1,0,0,1,0,0,5,4,1,2,0,0,7.34,6.92,7.4,7.72,56.0,28.7,40.0,19.7,8,12,10,19,3,1,0,2,4,1,1,3,44.0,25.8,16.9,15.6,2,3,Clear,Average,Night,4.1,4.3,7.86,7.87,1,3,1.8,9,9,12.7,16.8,,0.45,0.45,Home_Win,3,0
ISL00564,2020-21,2020-10-26,Bengaluru FC,East Bengal FC,Bengaluru,3-5-2,4-4-2,65.5,34.5,6,4,1,1,0,1,1,0,7,3,4,1,0,0,5.37,6.83,6.86,6.63,47.5,25.9,35.4,19.3,10,16,7,20,2,1,2,1,4,1,2,1,19.0,16.5,25.5,26.7,3,1,Overcast,Good,Night,9.3,4.3,8.84,7.6,1,1,3.0,3,9,8.6,19.1,Away,0.43,0.41,Draw,1,1
ISL00565,2020-21,2020-10-27,Chennaiyin FC,Odisha FC,Chennai,4-2-3-1,4-2-3-1,56.6,43.4,6,6,1,1,1,0,1,0,3,7,0,2,0,0,7.86,7.68,6.37,7.07,63.5,30.2,30.9,18.4,15,12,9,5,2,1,2,3,2,1,2,4,38.8,28.2,19.6,54.9,1,1,Rainy,Good,Night,4.9,7.4,7.94,6.14,1,2,1.6,3,5,12.6,15.8,,0.36,0.43,Draw,1,1
ISL00566,2020-21,2020-10-29,Jamshedpur FC,Odisha FC,Jamshedpur,4-3-3,3-5-2,49.0,51.0,6,9,1,1,1,0,0,1,10,3,3,2,0,0,5.86,7.18,6.6,8.36,52.0,32.0,33.6,23.0,7,17,14,13,1,0,4,0,2,0,5,0,45.6,18.8,51.7,35.1,3,0,Overcast,Poor,Night,8.6,7.7,5.84,7.92,1,2,2.5,12,5,22.2,29.1,,0.36,0.3,Draw,1,1
ISL00567,2020-21,2020-11-02,Hyderabad FC,ATK Mohun Bagan,Hyderabad,3-5-2,4-2-3-1,54.1,45.9,6,4,1,0,0,1,0,0,12,3,2,0,0,0,7.75,7.3,6.56,7.72,36.1,19.8,29.4,15.4,8,14,8,14,0,2,1,1,1,2,1,1,46.6,46.5,21.7,35.7,0,0,Overcast,Average,Night,2.4,1.6,7.97,8.68,1,2,6.3,7,7,21.0,25.4,,0.48,0.35,Home_Win,3,0
ISL00568,2020-21,2020-11-03,Chennaiyin FC,FC Goa,Chennai,4-4-2,4-3-3,53.7,46.3,7,1,1,1,1,0,0,1,3,6,0,0,0,0,6.5,6.33,7.53,6.47,40.5,19.9,45.4,21.7,9,7,7,8,3,0,6,1,4,0,6,1,40.1,31.1,50.6,51.2,2,0,Clear,Good,Day,1.6,0.3,8.52,8.46,1,3,2.9,4,8,8.7,8.6,,0.49,0.44,Draw,1,1
ISL00569,2020-21,2020-11-04,NorthEast United FC,Jamshedpur FC,Guwahati,4-2-3-1,5-3-2,57.1,42.9,4,1,0,0,0,0,0,0,5,5,1,1,0,0,7.4,7.65,6.83,6.52,41.2,23.7,45.3,28.4,12,8,5,13,1,2,2,1,1,2,4,1,29.5,40.8,28.5,30.2,1,3,Humid,Good,Night,5.9,1.8,8.86,6.95,1,4,3.4,8,10,24.7,14.3,,0.45,0.3,Draw,1,1
ISL00570,2020-21,2020-11-06,Odisha FC,Jamshedpur FC,Bhubaneswar,4-2-3-1,5-3-2,45.8,54.2,11,6,4,0,3,1,0,0,6,4,3,1,0,0,7.23,6.88,6.79,7.21,36.3,18.2,52.3,36.0,8,8,10,13,4,1,3,1,4,3,3,1,31.3,33.4,20.8,19.8,2,3,Overcast,Good,Night,5.0,9.2,5.85,8.45,2,1,5.5,6,8,7.7,8.7,,0.31,0.34,Home_Win,3,0
ISL00571,2020-21,2020-11-06,Kerala Blasters,Hyderabad FC,Kochi,3-5-2,4-4-2,57.0,43.0,11,11,5,3,4,1,1,2,3,4,2,2,0,0,6.34,7.18,6.26,6.36,51.3,26.8,49.9,28.1,9,7,10,7,2,1,0,1,3,2,0,2,35.2,37.6,44.5,38.0,2,1,Overcast,Good,Night,2.4,0.7,8.37,8.04,4,1,2.5,9,7,15.6,29.0,Away,0.32,0.42,Home_Win,3,0
ISL00572,2020-21,2020-11-06,Punjab FC,ATK Mohun Bagan,Mohali,5-3-2,5-3-2,46.6,53.4,10,5,3,3,2,1,1,2,3,4,4,3,0,0,6.92,8.68,5.45,7.02,53.5,25.7,33.2,23.2,5,11,9,10,2,2,1,2,3,2,1,2,42.8,42.5,27.7,38.0,1,0,Humid,Average,Night,10.0,2.7,6.84,7.52,2,3,8.4,8,4,6.6,7.6,,0.32,0.31,Draw,1,1
ISL00573,2020-21,2020-11-07,Hyderabad FC,Bengaluru FC,Hyderabad,4-3-3,4-3-3,48.1,51.9,4,7,1,3,1,0,2,1,6,4,0,3,0,0,6.8,7.89,7.04,7.42,43.0,27.7,54.5,28.9,7,13,9,9,1,1,1,2,1,3,1,2,34.6,51.5,49.6,28.0,1,0,Humid,Good,Day,5.3,1.3,7.36,7.72,1,2,3.7,7,4,17.2,14.6,,0.43,0.34,Away_Win,0,3
ISL00574,2020-21,2020-11-10,Odisha FC,Mumbai City FC,Bhubaneswar,3-4-3,4-2-3-1,56.1,43.9,5,3,0,2,0,0,1,1,5,7,2,1,0,0,6.91,7.01,6.8,7.07,42.5,22.1,51.2,34.3,6,16,5,12,0,1,3,0,1,1,3,0,47.9,26.5,43.0,33.7,1,1,Humid,Average,Night,2.6,8.1,7.53,6.86,1,3,7.3,8,5,24.5,21.6,Both,0.43,0.43,Away_Win,0,3
ISL00575,2020-21,2020-11-12,East Bengal FC,Bengaluru FC,Kolkata,5-3-2,3-5-2,51.6,48.4,2,3,1,0,1,0,0,0,4,6,2,1,0,0,7.62,7.76,5.83,6.63,60.6,41.7,36.2,16.3,10,10,10,14,4,0,1,1,4,1,1,3,26.2,27.6,41.1,27.6,1,1,Rainy,Good,Night,6.3,5.7,6.93,6.65,1,1,6.6,7,6,27.0,24.2,Away,0.5,0.33,Home_Win,3,0
ISL00576,2020-21,2020-11-14,Mumbai City FC,Punjab FC,Mumbai,4-2-3-1,5-3-2,40.3,59.7,7,5,2,3,2,0,1,2,5,4,0,3,0,0,6.34,8.11,7.19,6.78,58.0,32.0,43.2,26.8,7,8,8,17,3,1,3,2,5,1,4,2,32.8,21.0,25.7,29.5,0,2,Overcast,Good,Night,9.4,5.6,8.63,7.02,1,1,2.8,8,8,12.4,22.2,,0.39,0.43,Away_Win,0,3
ISL00577,2020-21,2020-11-14,Chennaiyin FC,Jamshedpur FC,Chennai,4-2-3-1,4-4-2,58.6,41.4,4,4,1,2,1,0,1,1,5,5,1,4,0,0,6.36,7.21,6.48,6.58,56.7,27.7,32.5,21.8,12,18,4,15,1,2,1,0,2,2,2,1,53.8,34.1,32.4,46.4,0,2,Overcast,Average,Night,1.1,5.7,7.35,7.63,0,3,2.9,4,5,7.9,18.6,,0.47,0.44,Away_Win,0,3
ISL00578,2020-21,2020-11-14,Bengaluru FC,Punjab FC,Bengaluru,5-3-2,5-3-2,52.0,48.0,5,5,2,1,2,0,1,0,5,1,1,0,0,0,6.88,7.41,6.71,6.71,51.1,32.0,52.1,27.1,14,13,8,15,2,1,2,2,3,1,3,2,25.3,47.0,39.6,28.8,0,1,Clear,Average,Day,8.2,7.9,8.51,6.68,2,0,4.7,5,11,16.7,20.7,Away,0.5,0.42,Home_Win,3,0
ISL00579,2020-21,2020-11-15,FC Goa,Mumbai City FC,Goa,3-5-2,5-3-2,46.6,53.4,7,3,1,0,0,1,0,0,3,2,4,1,0,0,7.17,7.4,6.08,6.82,58.1,36.8,33.2,22.0,7,16,10,7,7,1,0,2,8,1,0,3,32.9,21.2,52.8,19.7,0,1,Rainy,Good,Night,2.0,2.3,6.79,6.29,0,2,5.5,6,7,28.2,5.6,Away,0.43,0.47,Home_Win,3,0
ISL00580,2020-21,2020-11-15,Chennaiyin FC,Odisha FC,Chennai,3-4-3,4-2-3-1,41.9,58.1,7,2,6,1,4,2,0,1,8,7,2,2,0,0,6.58,6.86,6.2,7.65,41.0,27.5,42.3,25.4,9,15,9,9,1,1,3,1,1,5,3,1,41.0,36.3,21.3,28.1,0,0,Overcast,Good,Night,9.4,8.1,5.41,9.49,0,2,7.7,3,8,13.5,24.0,,0.4,0.43,Home_Win,3,0
ISL00581,2020-21,2020-11-16,Chennaiyin FC,Odisha FC,Chennai,4-3-3,5-3-2,51.1,48.9,9,6,2,2,1,1,2,0,4,4,1,0,0,0,6.13,7.11,6.88,7.56,32.2,15.5,20.5,10.9,7,7,7,21,0,1,0,1,0,3,0,1,50.9,38.5,54.3,30.1,0,3,Overcast,Average,Night,1.0,1.6,7.21,4.68,1,1,1.4,6,5,16.4,23.7,,0.48,0.42,Draw,1,1
ISL00582,2020-21,2020-11-18,NorthEast United FC,Kerala Blasters,Guwahati,4-4-2,3-4-3,56.5,43.5,5,5,1,1,0,1,1,0,5,4,3,3,0,0,7.06,6.87,5.69,8.0,36.8,23.8,49.3,22.7,8,17,12,14,1,0,1,0,1,0,3,0,41.3,41.4,33.7,16.4,2,2,Overcast,Good,Night,1.7,7.5,4.7,7.97,2,2,6.8,6,9,19.1,6.8,Away,0.45,0.44,Draw,1,1
ISL00583,2020-21,2020-11-21,NorthEast United FC,ATK Mohun Bagan,Guwahati,3-5-2,3-5-2,70.0,30.0,12,3,3,1,1,2,1,0,7,3,2,4,0,0,6.89,7.15,5.88,6.22,43.9,29.2,49.0,30.2,4,13,9,20,2,2,0,1,2,2,1,1,40.4,49.5,33.3,33.1,0,2,Rainy,Poor,Night,5.0,4.0,7.84,6.36,4,0,9.9,7,2,23.1,12.5,,0.42,0.35,Home_Win,3,0
ISL00584,2020-21,2020-11-23,Hyderabad FC,East Bengal FC,Hyderabad,4-4-2,4-3-3,47.0,53.0,12,6,2,1,1,1,0,1,8,4,0,0,0,0,6.86,7.71,6.77,7.51,49.8,26.2,41.5,22.6,14,25,10,9,0,1,2,0,0,1,5,0,17.8,44.6,26.4,27.3,2,0,Humid,Good,Night,5.4,7.6,7.13,5.82,2,2,5.6,7,7,13.4,13.8,,0.43,0.48,Home_Win,3,0
ISL00585,2020-21,2020-11-26,Punjab FC,Hyderabad FC,Mohali,3-5-2,3-5-2,42.5,57.5,5,8,2,1,0,2,1,0,3,5,0,1,0,0,6.91,7.76,6.49,7.51,44.6,25.1,59.3,34.7,13,19,6,16,2,2,0,0,2,4,1,1,26.3,28.8,30.4,40.1,1,0,Overcast,Poor,Night,9.3,1.8,5.46,6.7,0,4,3.0,10,9,10.5,8.0,,0.43,0.45,Home_Win,3,0
ISL00586,2020-21,2020-11-26,Mumbai City FC,Kerala Blasters,Mumbai,4-2-3-1,4-3-3,42.9,57.1,1,6,0,0,0,0,0,0,4,3,2,3,0,0,6.5,6.26,7.03,7.56,27.8,16.8,55.6,27.8,6,10,10,10,0,0,1,1,0,0,3,1,48.7,27.1,42.9,40.7,1,1,Overcast,Good,Night,1.5,6.6,8.06,8.95,2,3,3.3,7,9,13.1,27.4,Home,0.38,0.42,Draw,1,1
ISL00587,2020-21,2020-11-27,Jamshedpur FC,NorthEast United FC,Jamshedpur,4-4-2,5-3-2,50.5,49.5,6,5,1,1,1,0,1,0,2,6,3,3,0,0,5.83,6.84,7.97,6.56,39.7,20.3,63.6,28.9,7,14,6,12,0,0,2,2,1,0,2,4,18.7,53.5,20.3,35.7,2,0,Humid,Average,Night,4.2,3.6,6.07,5.94,3,1,9.2,5,9,5.7,16.0,,0.5,0.43,Draw,1,1
ISL00588,2020-21,2020-11-29,Punjab FC,Jamshedpur FC,Mohali,4-2-3-1,4-3-3,30.0,70.0,6,7,3,2,3,0,1,1,4,4,4,2,0,0,5.83,6.96,6.59,6.57,35.2,23.5,53.2,25.2,7,10,7,8,2,0,2,0,2,0,4,0,37.5,46.4,25.3,49.7,1,1,Clear,Average,Night,6.2,2.9,5.99,5.87,3,1,6.3,10,6,29.8,12.5,,0.49,0.36,Home_Win,3,0
ISL00589,2020-21,2020-11-30,Kerala Blasters,ATK Mohun Bagan,Kochi,4-3-3,4-4-2,55.2,44.8,5,4,0,2,0,0,2,0,3,8,1,2,0,0,5.97,6.93,7.54,6.31,45.9,28.7,42.9,26.2,4,16,9,20,0,0,2,1,0,0,2,2,21.1,22.5,54.1,30.3,2,1,Overcast,Good,Night,0.6,1.6,6.32,7.88,3,1,2.3,9,1,5.8,22.1,,0.47,0.45,Away_Win,0,3
ISL00590,2020-21,2020-12-03,NorthEast United FC,Kerala Blasters,Guwahati,3-5-2,3-5-2,59.0,41.0,6,5,0,1,0,0,0,1,4,11,1,1,0,0,6.76,6.97,6.04,6.72,23.5,15.6,57.5,27.7,10,11,6,11,1,0,2,1,2,0,3,1,28.3,25.4,47.9,44.9,0,3,Overcast,Good,Night,2.0,3.5,5.42,8.0,1,2,8.0,9,8,6.8,19.5,,0.49,0.32,Away_Win,0,3
ISL00591,2020-21,2020-12-07,East Bengal FC,Mumbai City FC,Kolkata,3-4-3,4-4-2,57.5,42.5,6,5,2,0,2,0,0,0,1,3,3,1,0,0,6.76,7.2,5.88,7.06,20.9,11.8,38.8,20.3,10,10,7,14,3,1,3,1,3,1,5,1,42.3,51.1,20.8,20.2,0,3,Humid,Average,Night,4.1,1.0,7.08,5.25,1,4,9.4,7,7,23.9,11.8,,0.3,0.46,Home_Win,3,0
ISL00592,2020-21,2020-12-15,FC Goa,Hyderabad FC,Goa,4-3-3,4-2-3-1,60.4,39.6,2,5,0,1,0,0,1,0,5,5,1,2,0,0,6.4,6.78,7.72,6.89,37.6,21.8,58.2,34.8,8,9,10,10,2,1,4,1,3,1,5,1,37.6,38.9,33.7,31.7,2,1,Rainy,Good,Night,6.3,2.4,7.02,6.63,1,0,4.8,8,6,20.5,24.7,,0.46,0.5,Away_Win,0,3
ISL00593,2020-21,2020-12-17,Chennaiyin FC,Mumbai City FC,Chennai,3-5-2,4-4-2,48.1,51.9,3,1,0,1,0,0,0,1,5,7,2,0,0,0,6.68,6.95,6.57,6.21,34.5,17.2,59.2,30.7,13,16,7,16,2,1,2,0,3,2,2,2,27.0,42.0,26.0,32.0,2,1,Overcast,Good,Day,5.1,6.1,8.24,6.59,2,2,9.0,6,4,18.3,23.7,,0.33,0.32,Away_Win,0,3
ISL00594,2020-21,2020-12-18,FC Goa,Kerala Blasters,Goa,4-3-3,3-4-3,55.5,44.5,5,5,0,1,0,0,0,1,2,3,2,4,0,0,6.27,6.77,6.93,7.43,47.4,25.1,43.2,24.5,7,16,9,10,3,1,2,1,4,1,2,1,51.3,19.2,21.4,54.1,2,0,Humid,Average,Day,7.8,9.6,6.11,7.82,4,0,7.2,7,8,27.7,9.0,,0.46,0.34,Away_Win,0,3
ISL00595,2020-21,2020-12-19,Chennaiyin FC,East Bengal FC,Chennai,4-2-3-1,5-3-2,37.5,62.5,8,9,4,1,4,0,1,0,1,9,2,0,0,0,6.8,8.24,5.7,6.3,54.0,34.1,37.3,20.6,4,12,8,14,0,1,0,2,1,2,0,2,26.8,41.9,34.8,24.6,1,1,Clear,Good,Night,4.1,6.3,7.73,8.23,3,1,6.3,5,10,11.3,27.2,Away,0.46,0.33,Home_Win,3,0
ISL00596,2020-21,2020-12-21,East Bengal FC,ATK Mohun Bagan,Kolkata,4-2-3-1,4-3-3,50.9,49.1,6,7,2,2,1,1,2,0,5,2,2,4,0,0,6.26,8.01,7.1,7.14,48.2,33.2,52.8,34.0,9,16,11,17,1,0,2,1,2,1,2,2,51.5,37.9,24.2,36.3,0,0,Humid,Good,Night,7.5,5.7,8.43,5.37,2,1,6.7,7,4,24.3,27.1,,0.45,0.42,Draw,1,1
ISL00597,2020-21,2020-12-21,ATK Mohun Bagan,Kerala Blasters,Kolkata,3-5-2,5-3-2,31.2,68.8,8,9,2,3,1,1,2,1,8,1,0,2,0,0,7.01,6.75,7.47,6.66,32.4,15.8,27.8,15.3,8,16,9,8,5,1,3,0,5,1,3,0,37.4,22.9,52.2,52.7,3,2,Rainy,Good,Night,6.0,7.3,6.64,6.17,2,3,2.0,5,8,29.7,7.1,Home,0.33,0.4,Away_Win,0,3
ISL00598,2020-21,2020-12-21,Punjab FC,East Bengal FC,Mohali,3-5-2,4-2-3-1,42.2,57.8,4,5,3,2,1,2,2,0,3,10,2,0,0,0,6.88,7.53,7.26,6.45,30.4,14.1,52.4,27.3,9,18,13,15,2,3,2,1,2,4,2,1,33.2,38.4,53.4,20.4,2,0,Overcast,Good,Day,0.5,0.5,6.34,4.57,2,1,5.0,10,7,19.9,21.5,Away,0.43,0.35,Home_Win,3,0
ISL00599,2020-21,2020-12-22,Hyderabad FC,Chennaiyin FC,Hyderabad,4-3-3,4-2-3-1,62.9,37.1,3,4,1,1,0,1,0,1,7,3,2,2,0,0,8.04,6.74,7.06,6.73,72.9,34.0,45.6,31.8,10,19,12,11,3,3,1,3,3,4,1,4,27.1,48.7,38.6,50.4,3,1,Rainy,Good,Day,3.8,7.7,8.15,4.83,4,0,6.7,6,7,23.3,5.6,,0.32,0.32,Draw,1,1
ISL00600,2020-21,2020-12-22,FC Goa,Odisha FC,Goa,5-3-2,4-4-2,39.2,60.8,9,7,3,1,2,1,1,0,7,11,3,3,0,0,6.03,6.93,6.31,6.87,60.9,34.0,31.0,15.3,7,20,11,8,2,0,4,0,3,0,5,0,50.7,41.9,41.7,45.7,0,1,Clear,Average,Night,3.5,8.8,7.36,8.2,1,0,7.1,4,5,7.6,28.9,,0.48,0.35,Home_Win,3,0
ISL00601,2020-21,2020-12-24,East Bengal FC,NorthEast United FC,Kolkata,5-3-2,3-4-3,48.9,51.1,7,4,1,0,0,1,0,0,8,3,7,2,0,0,6.7,6.74,6.82,6.84,56.6,36.7,51.4,31.4,14,12,8,20,2,3,2,1,3,4,3,1,42.4,41.9,17.1,30.5,0,2,Rainy,Good,Night,9.5,3.6,6.78,9.27,2,2,9.7,4,6,27.3,21.7,,0.47,0.32,Home_Win,3,0
ISL00602,2020-21,2020-12-24,Mumbai City FC,Hyderabad FC,Mumbai,4-4-2,3-5-2,52.9,47.1,3,3,4,0,2,2,0,0,8,5,3,4,0,0,7.8,5.88,7.35,6.94,40.8,20.7,35.8,21.7,7,11,12,15,2,0,3,1,3,1,3,2,18.4,24.7,38.3,51.3,0,1,Rainy,Good,Night,6.6,9.3,8.08,8.55,3,1,9.8,4,7,26.5,18.9,,0.37,0.4,Home_Win,3,0
ISL00603,2020-21,2020-12-25,Chennaiyin FC,Punjab FC,Chennai,3-4-3,3-4-3,50.2,49.8,4,3,1,3,1,0,2,1,4,6,1,3,0,0,7.59,7.52,6.71,7.23,35.8,20.4,38.3,20.6,9,11,9,17,0,1,2,1,0,3,4,1,51.6,54.7,23.8,44.5,0,1,Rainy,Poor,Night,5.9,9.6,6.75,6.29,0,1,2.2,8,12,16.6,14.8,,0.49,0.5,Away_Win,0,3
ISL00604,2020-21,2020-12-26,Jamshedpur FC,Kerala Blasters,Jamshedpur,4-4-2,5-3-2,51.1,48.9,9,8,4,2,1,3,1,1,6,3,4,1,0,0,6.66,7.68,7.17,7.29,50.5,29.2,39.8,25.3,7,15,11,17,3,0,2,0,3,0,5,1,45.3,27.1,39.0,54.1,2,1,Overcast,Good,Day,8.7,3.2,8.16,7.48,3,2,1.4,5,10,14.5,25.2,,0.36,0.49,Home_Win,3,0
ISL00605,2020-21,2020-12-27,East Bengal FC,Bengaluru FC,Kolkata,3-4-3,4-4-2,66.2,33.8,1,9,1,2,0,1,2,0,3,8,5,4,0,0,6.87,6.65,6.13,7.66,37.2,24.5,49.6,31.7,9,16,3,13,3,2,1,0,3,4,1,2,50.5,26.2,44.5,39.5,0,1,Overcast,Average,Night,1.8,1.1,5.62,5.44,2,1,8.4,7,8,10.6,7.2,Both,0.42,0.44,Away_Win,0,3
ISL00606,2020-21,2020-12-28,Chennaiyin FC,Odisha FC,Chennai,4-2-3-1,4-2-3-1,47.5,52.5,6,9,2,2,1,1,2,0,3,5,3,1,0,0,7.15,6.79,6.94,6.87,14.0,6.9,49.6,28.2,10,17,11,11,2,0,3,0,2,1,4,2,47.2,36.2,38.6,41.1,1,1,Clear,Good,Night,9.9,8.8,7.31,7.09,1,0,3.1,5,4,17.9,22.1,,0.32,0.47,Draw,1,1
ISL00607,2020-21,2020-12-31,FC Goa,Kerala Blasters,Goa,3-5-2,3-4-3,44.7,55.3,7,8,2,0,0,2,0,0,6,8,5,4,0,0,7.42,6.07,6.82,7.12,53.9,24.5,38.4,20.4,14,11,4,11,3,2,3,0,3,2,4,1,15.7,34.6,17.7,35.4,0,0,Humid,Average,Night,5.3,3.4,6.06,6.23,3,1,3.0,7,9,29.2,25.1,,0.43,0.44,Home_Win,3,0
ISL00608,2020-21,2021-01-02,East Bengal FC,Hyderabad FC,Kolkata,3-4-3,3-5-2,42.1,57.9,11,3,2,1,0,2,1,0,4,3,3,2,0,0,7.16,6.22,6.74,7.09,39.8,23.0,23.9,11.4,9,18,17,14,0,1,2,1,1,2,2,1,52.7,37.8,20.7,20.0,0,1,Rainy,Poor,Night,8.9,7.4,4.88,6.87,2,2,9.9,4,7,21.1,8.2,Away,0.39,0.39,Home_Win,3,0
ISL00609,2020-21,2021-01-04,East Bengal FC,Jamshedpur FC,Kolkata,4-3-3,3-5-2,41.6,58.4,5,0,2,1,1,1,0,1,7,3,1,0,0,0,5.95,6.96,7.21,7.99,39.5,21.3,43.1,28.8,11,12,8,15,1,0,0,1,2,0,1,4,33.6,19.6,54.5,15.1,0,0,Clear,Good,Night,0.5,3.6,9.26,6.19,2,2,6.2,7,7,23.3,20.1,,0.44,0.47,Home_Win,3,0
ISL00610,2020-21,2021-01-05,Punjab FC,Chennaiyin FC,Mohali,3-4-3,5-3-2,43.5,56.5,7,5,1,0,1,0,0,0,4,10,0,3,0,0,6.95,7.35,6.09,7.08,45.2,23.6,62.7,43.6,5,12,6,22,2,0,2,1,3,1,3,3,17.0,31.6,47.3,30.8,0,1,Humid,Good,Night,9.1,1.9,7.25,7.8,2,0,4.0,12,5,18.3,5.8,Both,0.5,0.46,Home_Win,3,0
ISL00611,2020-21,2021-01-09,NorthEast United FC,East Bengal FC,Guwahati,4-4-2,4-3-3,47.7,52.3,6,4,2,0,0,2,0,0,3,9,2,2,0,0,6.69,6.9,6.37,6.7,53.7,34.5,38.0,19.8,10,19,9,15,1,0,3,0,2,4,3,0,34.7,15.1,45.1,42.2,0,2,Rainy,Good,Night,2.2,9.3,7.19,5.02,1,3,3.3,5,9,8.3,15.1,,0.48,0.31,Home_Win,3,0
ISL00612,2020-21,2021-01-10,Chennaiyin FC,Odisha FC,Chennai,3-5-2,3-5-2,55.0,45.0,5,3,4,1,4,0,1,0,4,7,3,5,0,0,6.53,7.78,5.7,8.57,34.4,21.4,62.2,33.0,8,11,5,15,1,1,1,0,3,2,1,1,51.9,17.3,16.0,27.9,1,2,Rainy,Poor,Night,6.2,4.9,6.92,7.02,1,0,9.6,5,2,10.0,13.6,,0.46,0.46,Home_Win,3,0
ISL00613,2020-21,2021-01-20,Hyderabad FC,Mumbai City FC,Hyderabad,4-2-3-1,4-4-2,40.6,59.4,8,4,1,2,0,1,1,1,1,5,1,0,0,0,6.58,7.15,6.64,6.94,24.3,11.4,31.2,19.1,6,14,15,17,2,2,1,1,2,3,2,2,34.9,19.6,26.3,49.6,1,1,Clear,Average,Night,2.1,8.1,6.52,8.2,1,4,2.1,4,7,10.6,19.4,,0.47,0.48,Away_Win,0,3
ISL00614,2020-21,2021-01-23,Kerala Blasters,Jamshedpur FC,Kochi,4-4-2,3-4-3,50.8,49.2,4,6,2,3,2,0,2,1,6,2,0,3,0,0,8.02,7.16,5.88,6.98,38.2,22.4,26.4,17.0,17,14,10,13,0,1,5,0,0,1,5,1,21.8,28.3,45.9,53.6,1,2,Overcast,Poor,Night,8.7,6.3,7.16,7.18,1,4,7.7,9,7,27.6,18.8,,0.47,0.41,Away_Win,0,3
ISL00615,2020-21,2021-01-31,Odisha FC,ATK Mohun Bagan,Bhubaneswar,4-3-3,4-3-3,51.8,48.2,7,2,2,2,1,1,2,0,7,3,2,4,0,0,7.55,7.33,6.69,7.84,51.1,33.2,44.9,29.7,6,13,5,13,1,0,3,0,2,2,4,1,44.3,23.2,53.4,29.6,1,2,Humid,Poor,Day,7.7,1.1,6.9,9.39,1,3,7.6,2,5,5.2,7.6,,0.42,0.3,Draw,1,1
ISL00616,2020-21,2021-02-02,FC Goa,Hyderabad FC,Goa,4-3-3,3-5-2,48.3,51.7,6,4,2,2,2,0,1,1,2,3,3,6,0,1,6.12,6.45,5.85,7.56,59.5,40.3,19.1,12.3,5,12,5,19,1,3,2,5,1,5,4,6,40.7,24.8,42.1,33.3,1,2,Humid,Average,Day,3.6,8.5,9.21,9.3,1,1,6.8,9,4,14.1,6.9,Home,0.46,0.36,Draw,1,1
ISL00617,2020-21,2021-02-03,Hyderabad FC,NorthEast United FC,Hyderabad,3-4-3,4-3-3,46.3,53.7,6,5,0,0,0,0,0,0,6,7,1,1,0,0,7.25,7.31,6.66,6.36,57.8,26.0,52.3,32.4,11,11,6,13,3,1,4,1,4,2,4,2,54.6,52.2,48.4,42.5,1,2,Rainy,Average,Night,9.2,0.8,7.31,8.42,1,2,8.0,2,7,23.1,6.0,,0.33,0.49,Draw,1,1
ISL00618,2020-21,2021-02-04,ATK Mohun Bagan,Hyderabad FC,Kolkata,3-5-2,4-3-3,50.1,49.9,5,4,2,0,0,2,0,0,3,3,3,2,0,0,6.56,7.92,6.48,7.41,56.1,36.6,27.1,16.4,7,15,3,19,0,0,0,1,0,0,0,2,46.4,49.3,45.7,54.4,1,3,Humid,Poor,Night,10.0,8.7,6.83,5.74,1,2,9.6,5,2,26.9,11.0,,0.4,0.31,Home_Win,3,0
ISL00619,2020-21,2021-02-05,Bengaluru FC,Hyderabad FC,Bengaluru,4-4-2,4-3-3,63.1,36.9,3,8,0,2,0,0,1,1,2,7,0,0,0,0,7.72,7.17,6.67,8.16,42.0,19.4,38.8,17.6,9,17,6,14,6,3,2,0,7,3,2,1,47.3,50.2,18.5,39.7,1,0,Overcast,Average,Night,0.0,9.6,8.15,6.67,2,1,1.1,10,2,12.2,5.3,,0.37,0.31,Away_Win,0,3
ISL00620,2020-21,2021-02-12,Odisha FC,Punjab FC,Bhubaneswar,4-2-3-1,4-2-3-1,42.5,57.5,8,9,2,1,2,0,1,0,4,9,5,3,0,0,6.56,8.13,7.47,8.15,36.7,22.8,54.7,31.3,12,14,8,8,0,0,1,0,0,1,2,0,37.6,21.4,16.2,49.5,2,1,Clear,Average,Night,2.7,0.9,7.84,7.87,0,2,2.5,3,15,10.1,18.9,,0.37,0.43,Home_Win,3,0
ISL00621,2020-21,2021-02-12,Kerala Blasters,NorthEast United FC,Kochi,4-4-2,3-5-2,50.8,49.2,5,3,2,1,0,2,1,0,7,2,0,1,0,0,7.07,6.94,6.51,6.32,58.2,34.9,54.2,34.0,8,11,7,17,2,0,1,0,2,0,1,2,28.5,54.3,43.4,18.7,1,1,Humid,Poor,Night,5.6,1.7,6.64,7.28,3,1,1.5,6,5,12.5,20.4,,0.37,0.4,Home_Win,3,0
ISL00622,2020-21,2021-02-16,ATK Mohun Bagan,East Bengal FC,Kolkata,3-4-3,4-3-3,61.6,38.4,2,2,1,2,1,0,2,0,2,8,3,1,0,0,6.14,6.3,6.05,8.7,50.6,34.8,41.8,22.0,12,15,5,14,0,1,3,0,1,1,4,0,23.5,22.7,20.7,38.1,0,1,Humid,Good,Day,0.6,3.0,7.08,6.5,1,1,6.6,8,9,18.0,19.4,,0.39,0.39,Away_Win,0,3
ISL00623,2020-21,2021-02-21,NorthEast United FC,Chennaiyin FC,Guwahati,4-3-3,4-4-2,55.7,44.3,8,8,1,0,1,0,0,0,6,7,2,6,0,0,6.93,6.1,6.98,8.13,43.2,26.3,44.9,23.0,6,14,13,7,3,1,3,0,3,1,4,1,51.3,15.5,38.4,36.3,1,2,Overcast,Good,Night,8.1,4.5,6.59,7.85,2,2,8.3,4,5,9.1,16.9,,0.31,0.37,Home_Win,3,0
ISL00624,2020-21,2021-02-22,Chennaiyin FC,Bengaluru FC,Chennai,4-4-2,4-4-2,60.5,39.5,5,4,0,0,0,0,0,0,4,3,5,4,0,0,7.0,6.78,5.86,7.62,46.4,21.7,40.3,22.3,7,14,13,13,3,0,2,1,3,0,4,2,16.2,22.8,50.4,32.8,1,2,Rainy,Average,Night,4.7,8.5,6.35,6.41,3,0,5.6,4,9,15.2,19.4,Both,0.48,0.48,Draw,1,1
ISL00625,2020-21,2021-02-22,Hyderabad FC,Jamshedpur FC,Hyderabad,5-3-2,5-3-2,45.6,54.4,7,7,2,2,0,2,1,1,6,11,3,2,0,0,6.03,7.36,6.82,5.67,64.3,39.7,50.0,29.3,9,14,9,14,3,2,0,1,5,2,1,1,20.4,54.5,41.1,32.7,1,4,Rainy,Good,Night,6.4,7.4,7.09,6.57,1,2,2.7,5,7,26.0,22.0,,0.39,0.47,Draw,1,1
ISL00626,2020-21,2021-02-22,East Bengal FC,Bengaluru FC,Kolkata,3-5-2,4-2-3-1,56.7,43.3,3,4,1,1,1,0,0,1,4,2,2,3,0,0,5.98,6.61,7.69,8.12,62.0,31.9,71.6,32.4,9,17,8,15,0,1,3,2,0,3,3,2,33.9,28.7,30.6,44.1,0,1,Rainy,Good,Day,4.5,3.3,7.69,9.77,2,2,8.5,9,7,17.1,13.1,Home,0.4,0.44,Draw,1,1
ISL00627,2020-21,2021-02-23,Bengaluru FC,Odisha FC,Bengaluru,4-4-2,4-3-3,50.5,49.5,3,5,2,1,2,0,1,0,6,4,4,3,0,0,7.36,7.12,6.55,6.54,26.4,17.4,62.5,39.9,9,10,10,12,1,0,3,2,1,0,3,2,20.3,38.1,37.2,28.7,1,2,Humid,Good,Night,7.9,5.9,6.16,9.46,3,0,5.5,8,5,21.2,26.7,Home,0.42,0.43,Home_Win,3,0
ISL00628,2020-21,2021-02-24,Bengaluru FC,Kerala Blasters,Bengaluru,3-4-3,4-4-2,49.3,50.7,6,3,1,3,1,0,2,1,6,6,2,0,0,0,6.85,7.13,6.39,6.5,33.1,15.2,49.4,31.0,7,8,11,15,2,0,0,0,2,0,2,1,20.8,54.7,36.8,34.1,1,2,Humid,Average,Night,5.0,2.9,7.91,8.43,0,2,9.5,8,6,20.0,8.7,,0.3,0.47,Away_Win,0,3
ISL00629,2020-21,2021-02-28,Punjab FC,East Bengal FC,Mohali,4-4-2,4-2-3-1,30.0,70.0,4,6,1,4,1,0,4,0,5,5,2,1,0,0,6.42,6.19,6.93,6.74,41.4,22.0,70.6,35.7,10,12,8,13,1,1,1,0,1,3,1,1,29.5,47.0,27.5,35.4,3,3,Rainy,Good,Night,6.0,6.4,5.77,5.86,3,1,5.4,12,10,13.1,28.1,Home,0.39,0.38,Away_Win,0,3
ISL00630,2020-21,2021-02-28,FC Goa,ATK Mohun Bagan,Goa,5-3-2,4-4-2,45.8,54.2,5,8,2,1,2,0,0,1,3,4,0,2,0,0,6.86,7.9,5.28,7.47,40.4,25.0,39.1,20.0,11,10,3,19,2,1,4,0,2,1,5,1,26.5,44.4,40.7,34.9,0,0,Clear,Good,Night,8.8,2.8,6.18,6.36,2,3,6.7,7,5,28.2,26.1,,0.31,0.47,Home_Win,3,0
ISL00631,2020-21,2021-02-28,ATK Mohun Bagan,Punjab FC,Kolkata,3-4-3,4-4-2,62.8,37.2,2,3,1,1,1,0,0,1,2,6,5,3,0,0,7.22,7.51,6.44,8.54,39.7,19.4,36.4,18.0,2,19,9,7,0,2,1,1,0,2,1,1,27.9,46.1,42.6,54.0,0,2,Overcast,Good,Night,6.2,5.0,7.85,7.97,2,2,5.8,4,9,20.4,11.7,,0.47,0.3,Draw,1,1
ISL00632,2020-21,2021-03-04,Mumbai City FC,Jamshedpur FC,Mumbai,3-5-2,4-2-3-1,53.2,46.8,3,5,0,2,0,0,1,1,4,3,2,3,0,0,6.68,6.99,7.06,6.97,59.6,36.4,29.4,16.3,12,15,15,13,2,1,5,1,2,2,5,1,47.5,45.6,34.1,38.5,1,0,Humid,Average,Night,1.4,2.9,8.46,6.38,0,5,5.0,10,7,16.0,14.7,,0.31,0.41,Away_Win,0,3
ISL00633,2020-21,2021-03-04,East Bengal FC,Punjab FC,Kolkata,4-4-2,3-5-2,51.8,48.2,5,6,2,1,0,2,1,0,5,6,4,2,0,0,6.45,8.09,6.76,6.74,35.7,22.3,30.7,21.2,9,8,14,15,3,1,2,0,4,3,2,2,45.5,30.1,53.1,51.1,1,2,Overcast,Average,Night,7.3,4.6,10.0,6.95,2,2,3.9,10,7,29.7,26.7,,0.47,0.4,Home_Win,3,0
ISL00634,2020-21,2021-03-06,East Bengal FC,Jamshedpur FC,Kolkata,3-5-2,5-3-2,51.9,48.1,7,8,1,4,1,0,1,3,8,5,6,2,0,0,7.2,6.78,6.53,6.22,30.3,19.2,30.1,16.5,8,17,10,14,1,2,3,0,3,2,3,0,54.0,46.5,30.8,47.9,1,1,Humid,Good,Night,4.1,3.1,6.56,6.95,2,2,6.4,10,10,19.6,20.8,,0.47,0.48,Away_Win,0,3
ISL00635,2020-21,2021-03-07,Mumbai City FC,Jamshedpur FC,Mumbai,3-4-3,5-3-2,38.0,62.0,4,6,2,2,2,0,1,1,2,2,1,0,0,0,7.69,6.47,5.99,7.35,60.2,40.3,25.5,17.4,7,11,13,21,2,3,5,0,3,3,5,0,22.8,51.2,40.5,52.3,2,0,Clear,Average,Day,5.6,2.5,6.89,7.2,0,5,3.6,9,10,10.4,22.9,,0.44,0.42,Draw,1,1
ISL00636,2020-21,2021-03-07,Mumbai City FC,Hyderabad FC,Mumbai,4-3-3,5-3-2,50.6,49.4,4,6,0,1,0,0,1,0,5,2,4,0,0,0,6.58,7.08,6.64,6.5,31.0,17.2,77.2,38.2,8,10,8,14,4,4,4,4,6,4,4,4,24.4,35.8,23.4,23.3,3,1,Humid,Good,Night,8.2,8.7,7.75,7.16,4,1,7.2,10,6,7.1,28.2,Home,0.4,0.43,Away_Win,0,3
ISL00637,2020-21,2021-03-12,Jamshedpur FC,Kerala Blasters,Jamshedpur,3-5-2,3-4-3,58.9,41.1,1,4,0,0,0,0,0,0,8,5,2,3,0,0,6.6,7.58,7.74,7.76,43.4,21.1,25.9,13.2,9,11,10,9,1,0,4,0,1,0,4,1,53.1,48.5,16.7,47.0,0,1,Overcast,Good,Night,9.1,0.2,7.39,8.57,4,1,6.2,11,6,16.9,26.3,,0.43,0.46,Draw,1,1
ISL00638,2020-21,2021-03-13,ATK Mohun Bagan,Jamshedpur FC,Kolkata,4-2-3-1,4-3-3,41.8,58.2,5,9,2,4,2,0,3,1,10,7,3,4,0,0,5.94,7.8,6.7,7.14,45.3,23.3,29.2,16.8,9,15,9,18,1,1,2,2,2,1,2,2,42.5,44.4,41.7,44.5,2,1,Overcast,Good,Night,9.7,7.2,7.94,5.72,1,2,6.0,5,9,13.9,11.0,,0.48,0.38,Away_Win,0,3
ISL00639,2020-21,2021-03-13,ATK Mohun Bagan,Punjab FC,Kolkata,3-4-3,4-4-2,43.8,56.2,6,4,2,1,1,1,0,1,9,2,3,1,0,0,6.27,7.23,6.73,6.83,41.3,22.6,53.1,25.9,9,19,7,18,2,1,2,1,2,3,2,1,16.8,41.8,31.8,32.2,0,1,Clear,Good,Night,3.0,6.8,6.78,5.39,1,2,7.6,4,4,5.7,12.3,Away,0.37,0.39,Home_Win,3,0
ISL00640,2020-21,2021-03-13,East Bengal FC,Hyderabad FC,Kolkata,4-3-3,4-4-2,51.6,48.4,9,1,2,1,1,1,1,0,6,7,0,4,0,0,6.95,6.05,6.75,7.1,41.1,19.1,19.5,9.3,7,5,7,10,1,0,2,1,1,0,3,2,28.0,49.5,16.7,29.9,2,0,Clear,Average,Night,5.9,1.5,6.6,7.33,2,2,7.2,10,8,24.2,8.8,Home,0.48,0.33,Home_Win,3,0
ISL00641,2020-21,2021-03-16,Mumbai City FC,Chennaiyin FC,Mumbai,3-4-3,4-3-3,49.4,50.6,4,2,1,1,1,0,0,1,5,5,2,0,0,0,7.44,6.25,6.05,7.57,74.0,46.4,55.5,34.3,8,12,16,17,1,2,1,2,1,4,2,3,37.0,52.6,44.6,29.8,0,0,Overcast,Average,Night,8.4,6.6,9.24,5.43,3,1,1.1,7,5,12.8,6.4,Both,0.4,0.46,Draw,1,1
ISL00642,2020-21,2021-03-19,Chennaiyin FC,Punjab FC,Chennai,4-2-3-1,4-4-2,52.8,47.2,4,2,4,0,4,0,0,0,7,5,1,0,0,0,6.0,7.55,7.07,7.91,57.6,26.8,46.7,25.0,9,13,6,14,1,2,2,1,2,2,2,2,24.7,18.1,37.6,33.0,0,0,Clear,Good,Night,1.3,4.9,7.04,6.68,0,3,5.3,5,1,28.9,29.1,Home,0.45,0.38,Home_Win,3,0
ISL00643,2020-21,2021-03-20,ATK Mohun Bagan,Chennaiyin FC,Kolkata,3-5-2,3-4-3,62.2,37.8,4,5,1,0,1,0,0,0,4,2,0,6,0,0,6.2,7.57,6.27,7.79,43.4,20.2,34.4,21.5,7,14,8,12,3,1,2,0,3,1,3,1,50.5,23.4,23.2,31.7,1,2,Rainy,Good,Night,4.4,2.5,6.21,6.2,3,0,9.4,4,8,8.8,25.1,,0.38,0.34,Home_Win,3,0
ISL00644,2020-21,2021-03-21,Mumbai City FC,Punjab FC,Mumbai,4-4-2,4-4-2,41.1,58.9,2,5,0,0,0,0,0,0,4,7,5,2,0,0,7.14,6.98,5.0,7.56,59.0,40.3,69.1,35.0,6,16,15,17,1,1,0,1,1,2,1,1,33.6,53.5,44.2,30.3,0,1,Humid,Good,Day,6.6,1.1,7.2,7.24,1,2,4.3,5,1,24.7,20.7,,0.42,0.4,Draw,1,1
ISL00645,2020-21,2021-03-26,Bengaluru FC,NorthEast United FC,Bengaluru,3-5-2,4-2-3-1,63.1,36.9,1,2,1,1,1,0,1,0,6,7,1,1,0,0,6.69,7.12,6.27,7.18,31.2,20.3,36.0,18.9,13,9,8,12,0,1,2,3,0,1,2,4,21.7,43.5,44.1,54.3,1,0,Rainy,Good,Night,4.7,8.8,7.92,6.76,1,3,6.9,5,7,13.9,6.8,Away,0.37,0.46,Draw,1,1
ISL00646,2020-21,2021-03-27,Mumbai City FC,NorthEast United FC,Mumbai,3-5-2,4-3-3,34.3,65.7,8,8,2,2,1,1,0,2,5,2,5,9,0,0,6.86,7.17,7.33,6.95,30.7,15.8,21.7,14.6,13,18,10,12,3,0,3,1,3,0,5,1,23.9,52.6,24.1,21.2,0,1,Clear,Average,Night,10.0,7.7,5.93,5.63,0,2,5.6,3,8,11.5,11.3,,0.47,0.38,Draw,1,1
ISL00647,2020-21,2021-03-27,Hyderabad FC,Chennaiyin FC,Hyderabad,4-2-3-1,3-4-3,61.3,38.7,10,4,4,0,3,1,0,0,6,7,4,1,0,0,6.63,7.54,6.99,6.1,29.2,15.6,44.5,26.5,9,20,3,10,0,1,2,2,1,1,2,3,15.7,43.3,51.8,18.6,1,1,Overcast,Average,Night,7.7,0.6,6.4,5.95,3,0,1.4,7,5,26.3,17.2,Home,0.42,0.45,Home_Win,3,0
ISL00648,2020-21,2021-03-29,East Bengal FC,Bengaluru FC,Kolkata,4-4-2,4-3-3,50.8,49.2,3,6,2,1,0,2,1,0,6,6,1,1,1,0,7.04,7.52,6.14,6.97,51.2,33.6,41.8,20.1,12,16,9,9,0,2,2,1,0,3,3,1,19.7,47.1,51.4,53.2,1,2,Clear,Average,Night,2.8,8.4,8.15,6.01,1,2,1.5,10,6,6.9,27.9,Both,0.32,0.4,Home_Win,3,0
ISL00649,2020-21,2021-03-30,Bengaluru FC,Mumbai City FC,Bengaluru,4-2-3-1,5-3-2,53.8,46.2,8,7,2,4,1,1,2,2,6,4,1,4,0,0,7.5,5.74,7.47,6.07,48.7,29.5,73.3,40.7,15,8,11,18,3,4,1,0,5,5,1,0,27.9,52.6,15.9,34.0,0,3,Overcast,Good,Day,0.6,4.6,6.95,7.45,1,3,1.4,5,4,14.3,7.1,Home,0.3,0.49,Away_Win,0,3
ISL00650,2020-21,2021-03-30,East Bengal FC,Hyderabad FC,Kolkata,4-3-3,5-3-2,48.3,51.7,9,8,2,3,2,0,3,0,7,6,3,0,0,0,6.24,6.84,6.85,6.03,52.5,27.1,46.0,21.9,10,16,6,14,0,1,6,0,1,2,6,1,41.7,30.9,51.7,35.5,3,2,Overcast,Good,Night,0.9,3.1,8.2,6.13,3,1,2.2,12,10,10.5,22.0,Home,0.42,0.44,Away_Win,0,3
ISL00651,2020-21,2021-03-31,FC Goa,ATK Mohun Bagan,Goa,3-4-3,3-4-3,55.8,44.2,7,6,2,2,1,1,0,2,3,14,2,3,0,0,6.28,6.97,8.01,7.2,49.7,27.9,37.7,17.6,13,18,8,8,2,4,3,1,3,5,3,1,26.7,17.3,47.8,29.6,1,3,Humid,Good,Day,5.5,0.0,6.62,10.0,2,3,3.4,10,7,10.1,11.8,,0.42,0.33,Draw,1,1
ISL00652,2020-21,2021-03-31,Hyderabad FC,Mumbai City FC,Hyderabad,4-2-3-1,4-2-3-1,66.1,33.9,2,5,0,2,0,0,2,0,9,10,5,2,0,0,7.03,7.27,6.23,6.45,48.6,32.3,62.5,36.9,3,10,8,13,2,2,0,2,3,4,0,3,33.4,21.5,41.8,49.8,0,0,Clear,Good,Day,10.0,7.3,6.34,9.65,2,3,8.6,10,6,26.1,13.1,,0.4,0.43,Away_Win,0,3
ISL00653,2020-21,2021-04-02,East Bengal FC,NorthEast United FC,Kolkata,4-4-2,3-4-3,54.9,45.1,5,4,1,2,1,0,2,0,1,2,2,2,0,0,6.87,6.87,7.74,7.04,52.5,23.6,36.6,17.5,13,12,7,7,2,5,3,0,2,5,3,0,32.7,35.2,28.3,17.4,2,2,Humid,Good,Night,7.8,4.5,4.57,5.91,3,2,4.8,9,6,23.9,28.2,Both,0.4,0.47,Away_Win,0,3
ISL00654,2020-21,2021-04-05,East Bengal FC,NorthEast United FC,Kolkata,5-3-2,5-3-2,49.9,50.1,3,4,0,0,0,0,0,0,2,4,1,2,0,0,6.03,5.57,6.48,6.16,47.1,32.9,47.1,23.7,6,10,10,13,3,3,2,1,5,3,2,2,22.5,22.5,43.1,47.2,1,2,Clear,Average,Night,8.5,4.6,5.83,5.29,3,2,1.7,6,8,19.9,15.5,,0.32,0.42,Draw,1,1
ISL00655,2020-21,2021-04-05,Punjab FC,Kerala Blasters,Mohali,4-2-3-1,3-5-2,51.5,48.5,2,5,1,0,0,1,0,0,3,4,1,1,0,0,6.01,5.91,6.66,5.77,48.1,28.5,29.9,14.0,6,17,4,10,1,0,2,0,1,1,3,0,26.3,37.4,31.3,33.7,1,0,Overcast,Average,Night,0.1,1.5,5.99,6.9,2,1,3.0,2,7,15.5,13.2,,0.41,0.44,Home_Win,3,0
ISL00656,2020-21,2021-04-06,Jamshedpur FC,FC Goa,Jamshedpur,4-4-2,4-4-2,42.9,57.1,10,3,1,0,0,1,0,0,4,2,2,1,0,0,7.01,6.97,7.1,7.14,45.3,22.4,75.6,36.1,16,13,7,13,2,1,2,0,2,2,2,1,50.8,32.8,41.6,22.9,0,2,Humid,Average,Night,9.2,6.7,10.0,8.58,1,2,2.4,11,11,10.4,12.2,,0.38,0.48,Home_Win,3,0
ISL00657,2020-21,2021-04-06,Hyderabad FC,Punjab FC,Hyderabad,4-3-3,4-4-2,57.5,42.5,5,4,0,2,0,0,1,1,4,2,1,3,0,0,6.72,7.54,6.85,7.06,54.4,35.4,27.6,15.5,10,13,8,10,6,1,0,2,6,3,1,3,33.7,26.5,22.1,27.4,1,1,Overcast,Poor,Night,3.1,1.0,7.53,5.12,4,1,2.3,9,4,10.7,11.3,,0.4,0.38,Away_Win,0,3
ISL00658,2020-21,2021-04-09,NorthEast United FC,Chennaiyin FC,Guwahati,4-4-2,5-3-2,30.0,70.0,6,1,2,0,2,0,0,0,6,5,1,3,0,0,6.86,7.69,6.48,7.31,42.0,19.7,73.2,36.0,6,8,8,10,0,1,0,1,1,2,2,1,42.3,31.8,38.0,43.5,3,1,Humid,Good,Night,8.3,6.6,8.17,5.66,2,2,1.5,9,5,28.1,7.2,,0.42,0.47,Home_Win,3,0
ISL00659,2020-21,2021-04-16,Odisha FC,Punjab FC,Bhubaneswar,4-3-3,4-4-2,54.8,45.2,6,7,1,2,1,0,2,0,3,6,1,1,0,0,6.36,6.41,6.31,7.07,30.0,16.6,46.1,24.4,7,11,8,17,1,0,1,0,3,0,3,0,26.2,35.8,27.3,37.5,1,0,Overcast,Good,Night,8.2,4.9,6.84,8.85,1,2,1.6,5,7,14.2,19.4,,0.39,0.34,Away_Win,0,3
ISL00660,2020-21,2021-04-17,FC Goa,Hyderabad FC,Goa,4-4-2,4-2-3-1,46.7,53.3,2,2,1,5,0,1,4,1,7,5,2,0,0,0,7.1,7.68,6.79,6.42,41.7,24.7,57.2,32.0,10,12,5,16,2,0,1,0,2,0,3,0,46.2,16.1,44.7,18.7,0,2,Overcast,Good,Night,1.5,3.9,7.76,6.96,1,1,8.0,8,6,21.5,15.9,,0.32,0.49,Away_Win,0,3
ISL00661,2021-22,2021-10-01,FC Goa,NorthEast United FC,Goa,5-3-2,4-2-3-1,36.1,63.9,6,5,3,0,2,1,0,0,7,0,1,0,0,0,7.06,6.65,6.03,7.11,56.7,29.0,38.1,19.0,10,13,11,22,2,1,4,0,2,1,4,1,15.9,32.9,27.5,30.3,2,1,Overcast,Good,Night,2.4,2.1,7.6,7.81,2,2,1.7,5,9,16.1,20.2,Both,0.44,0.5,Home_Win,3,0
ISL00662,2021-22,2021-10-01,Punjab FC,Kerala Blasters,Mohali,3-5-2,4-2-3-1,47.8,52.2,4,9,3,2,2,1,1,1,6,9,4,5,0,0,5.26,7.15,5.76,7.27,47.2,31.7,44.2,21.4,12,13,13,18,1,4,1,1,1,6,1,2,44.2,44.2,49.4,15.6,1,0,Rainy,Average,Night,7.7,1.8,7.52,6.77,3,0,8.0,10,7,26.1,27.6,Both,0.41,0.44,Home_Win,3,0
ISL00663,2021-22,2021-10-02,Hyderabad FC,Bengaluru FC,Hyderabad,4-3-3,4-2-3-1,42.8,57.2,9,5,1,1,0,1,0,1,4,5,3,2,0,0,5.93,7.84,6.37,7.34,43.5,27.2,79.8,38.9,13,15,8,4,3,0,1,0,3,1,1,1,30.6,37.4,44.8,24.0,1,0,Rainy,Good,Day,0.5,1.1,7.53,6.66,2,2,1.7,9,4,20.6,6.9,Away,0.31,0.42,Draw,1,1
ISL00664,2021-22,2021-10-05,Jamshedpur FC,NorthEast United FC,Jamshedpur,3-4-3,3-4-3,57.4,42.6,4,7,2,2,0,2,2,0,2,6,3,1,0,0,6.12,5.34,6.97,7.87,60.6,29.7,29.4,20.1,11,13,8,11,1,3,1,2,1,5,3,4,34.7,26.3,25.9,19.8,0,1,Humid,Good,Night,5.6,3.1,6.35,7.05,3,0,9.1,11,8,20.5,24.7,,0.42,0.44,Draw,1,1
ISL00665,2021-22,2021-10-10,FC Goa,Chennaiyin FC,Goa,3-4-3,3-5-2,45.1,54.9,0,4,0,1,0,0,0,1,7,2,3,1,0,0,7.05,7.03,6.04,6.06,22.7,11.1,55.2,29.7,11,12,10,12,1,1,2,1,1,2,2,1,41.7,33.9,20.1,17.7,1,0,Humid,Average,Night,8.9,2.4,5.76,8.28,2,1,5.9,7,4,13.4,29.4,Both,0.36,0.49,Away_Win,0,3
ISL00666,2021-22,2021-10-12,East Bengal FC,Bengaluru FC,Kolkata,5-3-2,5-3-2,42.5,57.5,8,1,0,1,0,0,1,0,11,2,1,4,0,0,6.37,7.2,6.79,6.31,40.4,18.8,43.2,24.4,10,16,17,19,1,1,4,1,3,2,4,1,50.4,43.7,44.4,39.9,5,1,Rainy,Good,Night,8.4,3.5,7.68,5.81,2,1,6.0,7,2,6.3,24.5,Home,0.33,0.33,Away_Win,0,3
ISL00667,2021-22,2021-10-12,NorthEast United FC,Jamshedpur FC,Guwahati,4-2-3-1,5-3-2,56.6,43.4,9,7,1,1,0,1,1,0,4,2,2,0,0,0,7.96,6.21,6.01,7.76,62.4,37.0,45.4,29.0,8,14,11,12,1,0,4,0,1,0,5,0,24.9,51.8,48.3,20.2,1,4,Overcast,Good,Night,1.0,5.7,1.64,8.6,0,2,1.4,8,9,16.7,28.1,,0.5,0.34,Draw,1,1
ISL00668,2021-22,2021-10-13,Jamshedpur FC,Chennaiyin FC,Jamshedpur,4-2-3-1,4-4-2,36.0,64.0,4,5,0,3,0,0,3,0,1,4,2,2,0,0,6.49,7.41,5.7,7.67,27.7,13.8,40.3,26.1,7,6,8,16,1,0,1,0,1,1,1,1,48.5,31.0,40.7,30.3,1,2,Clear,Average,Night,3.6,7.6,6.51,9.04,3,0,3.2,9,6,7.6,9.4,,0.47,0.44,Away_Win,0,3
ISL00669,2021-22,2021-10-14,Bengaluru FC,ATK Mohun Bagan,Bengaluru,3-4-3,4-4-2,43.8,56.2,7,7,3,2,2,1,2,0,3,5,5,2,0,0,7.25,6.65,6.66,7.92,42.1,24.7,41.6,26.0,9,14,9,10,2,2,1,0,2,3,2,0,27.2,33.9,43.4,19.7,1,3,Humid,Good,Day,5.1,2.6,6.39,6.15,2,1,9.7,5,8,29.2,27.6,,0.37,0.37,Home_Win,3,0
ISL00670,2021-22,2021-10-24,Bengaluru FC,Chennaiyin FC,Bengaluru,3-4-3,3-5-2,54.2,45.8,6,5,2,0,1,1,0,0,6,6,5,6,0,0,5.91,6.83,4.95,6.39,53.6,35.1,56.5,38.0,7,14,10,17,2,0,1,3,3,3,1,3,44.6,31.0,20.4,32.7,1,2,Humid,Poor,Day,7.5,5.2,5.63,7.34,0,2,6.4,7,6,28.0,23.6,Away,0.36,0.32,Home_Win,3,0
ISL00671,2021-22,2021-10-25,Punjab FC,Chennaiyin FC,Mohali,4-3-3,5-3-2,62.8,37.2,9,0,0,0,0,0,0,0,8,3,5,1,0,0,7.47,7.04,6.1,6.74,23.9,16.0,33.9,19.8,16,18,10,22,1,2,2,0,1,2,3,0,29.1,18.9,32.3,36.4,0,1,Clear,Good,Night,4.2,9.3,7.51,5.79,2,1,2.6,13,6,20.5,21.4,,0.4,0.34,Draw,1,1
ISL00672,2021-22,2021-10-27,Hyderabad FC,Mumbai City FC,Hyderabad,5-3-2,3-4-3,42.8,57.2,4,8,0,0,0,0,0,0,5,7,3,2,0,0,6.28,5.62,6.88,7.24,71.9,34.4,50.8,25.0,10,10,8,19,5,1,1,0,5,1,2,2,22.1,35.4,40.8,25.6,1,0,Humid,Good,Night,8.0,7.0,6.4,4.67,1,4,5.1,7,9,20.9,27.0,Home,0.41,0.36,Draw,1,1
ISL00673,2021-22,2021-10-27,Jamshedpur FC,Odisha FC,Jamshedpur,4-3-3,5-3-2,54.4,45.6,8,3,3,1,3,0,1,0,3,3,2,4,0,0,7.0,6.49,6.62,6.28,49.8,26.5,22.7,13.7,10,14,12,12,2,0,4,3,3,0,4,4,27.6,33.7,28.1,39.3,1,0,Rainy,Good,Night,2.6,9.5,6.72,6.23,0,3,1.8,8,4,26.1,25.1,,0.43,0.34,Home_Win,3,0
ISL00674,2021-22,2021-10-28,ATK Mohun Bagan,Odisha FC,Kolkata,4-2-3-1,4-2-3-1,50.1,49.9,4,3,1,1,0,1,1,0,5,2,5,1,0,0,7.14,5.93,6.5,8.21,50.8,28.2,63.5,35.8,7,11,12,15,1,2,1,1,2,3,2,1,23.3,32.2,38.1,27.8,0,0,Rainy,Good,Night,8.4,3.4,6.24,7.75,3,1,4.8,7,4,5.1,28.4,Both,0.3,0.43,Draw,1,1
ISL00675,2021-22,2021-10-28,ATK Mohun Bagan,Punjab FC,Kolkata,3-4-3,3-5-2,37.5,62.5,15,6,3,1,3,0,1,0,3,3,2,3,0,0,6.81,7.58,6.98,7.74,26.6,14.5,58.0,38.1,6,14,7,18,1,1,2,1,1,3,2,1,21.7,39.4,35.5,39.8,1,1,Humid,Average,Day,8.7,9.6,6.25,5.18,2,1,7.0,8,13,16.3,11.3,,0.31,0.48,Home_Win,3,0
ISL00676,2021-22,2021-10-28,Hyderabad FC,Kerala Blasters,Hyderabad,3-4-3,3-4-3,51.6,48.4,7,2,2,2,0,2,2,0,5,4,0,1,0,0,7.47,7.06,5.91,7.17,35.9,19.9,13.6,6.9,11,9,9,9,2,0,2,4,3,1,4,5,35.4,47.0,21.6,34.9,0,3,Rainy,Good,Night,6.9,1.4,6.9,6.8,1,4,6.9,5,7,20.2,20.9,Home,0.48,0.36,Draw,1,1
ISL00677,2021-22,2021-10-30,Jamshedpur FC,FC Goa,Jamshedpur,4-3-3,3-4-3,69.0,31.0,10,4,4,1,2,2,1,0,7,3,2,5,0,0,6.33,6.67,6.73,7.55,51.8,29.3,43.6,27.0,9,18,16,16,0,1,1,3,2,2,3,3,35.1,25.2,38.3,25.1,2,2,Humid,Good,Night,5.6,7.0,6.48,4.94,2,1,6.6,8,4,21.3,19.6,,0.34,0.4,Home_Win,3,0
ISL00678,2021-22,2021-10-31,Bengaluru FC,East Bengal FC,Bengaluru,4-4-2,4-3-3,43.8,56.2,5,2,0,0,0,0,0,0,5,9,1,1,0,0,6.28,7.18,7.04,7.01,40.3,25.8,60.2,27.2,8,13,7,6,3,1,2,2,4,1,2,4,19.7,49.5,53.4,21.7,1,1,Humid,Average,Night,5.5,5.0,6.89,5.83,2,2,5.3,10,4,20.2,22.3,Home,0.41,0.38,Draw,1,1
ISL00679,2021-22,2021-11-01,Mumbai City FC,Odisha FC,Mumbai,4-4-2,4-2-3-1,50.8,49.2,10,6,4,6,2,2,4,2,4,4,2,2,0,0,7.14,6.22,6.49,7.44,31.9,16.8,41.2,22.5,8,15,11,11,1,4,1,0,1,5,1,1,37.7,34.8,49.7,45.4,2,1,Rainy,Good,Night,6.8,0.5,8.31,7.91,4,1,3.4,9,4,25.4,5.7,,0.34,0.36,Away_Win,0,3
ISL00680,2021-22,2021-11-02,Bengaluru FC,Punjab FC,Bengaluru,5-3-2,3-5-2,57.9,42.1,10,3,2,0,1,1,0,0,3,2,1,3,0,0,7.58,6.91,6.69,6.95,51.2,27.4,49.0,26.3,10,10,8,11,0,0,4,3,0,0,4,5,54.7,46.2,48.9,17.5,0,1,Clear,Good,Night,9.9,4.5,6.15,7.79,2,0,4.0,11,10,15.8,7.0,,0.49,0.32,Home_Win,3,0
ISL00681,2021-22,2021-11-04,Punjab FC,Bengaluru FC,Mohali,4-4-2,4-3-3,48.2,51.8,6,6,3,2,0,3,2,0,8,5,5,4,0,0,6.7,6.86,7.12,7.27,56.8,31.1,43.7,20.7,8,15,9,15,3,0,1,0,4,0,1,1,38.2,35.3,33.5,36.8,2,4,Rainy,Average,Night,2.1,1.8,8.51,6.53,0,3,6.0,7,13,22.1,12.9,,0.41,0.37,Home_Win,3,0
ISL00682,2021-22,2021-11-05,East Bengal FC,FC Goa,Kolkata,3-4-3,3-5-2,48.3,51.7,8,5,2,0,2,0,0,0,4,6,2,2,0,0,7.21,7.04,7.07,7.47,52.6,25.7,36.1,23.7,6,24,5,20,1,2,2,1,1,8,2,1,16.2,50.8,39.5,19.7,2,2,Overcast,Good,Night,2.8,7.9,9.9,6.6,2,3,1.2,2,3,19.5,24.7,Home,0.41,0.46,Home_Win,3,0
ISL00683,2021-22,2021-11-12,Jamshedpur FC,NorthEast United FC,Jamshedpur,4-4-2,3-4-3,55.1,44.9,3,3,0,0,0,0,0,0,5,5,2,1,0,0,6.24,7.44,7.3,6.28,57.3,34.8,54.3,35.7,9,7,8,13,2,0,1,1,2,0,4,1,21.4,21.4,25.4,29.5,0,1,Rainy,Average,Day,5.0,5.1,8.86,7.13,1,0,7.1,8,6,7.2,17.2,,0.48,0.39,Draw,1,1
ISL00684,2021-22,2021-11-14,Bengaluru FC,Jamshedpur FC,Bengaluru,4-4-2,5-3-2,65.7,34.3,8,9,1,2,1,0,2,0,8,3,1,1,0,0,6.18,7.04,6.35,7.09,21.8,12.0,63.0,32.3,13,16,11,11,0,3,2,3,0,3,2,3,53.2,54.1,17.4,38.4,0,0,Humid,Good,Night,4.0,8.9,7.03,7.23,2,2,9.0,10,8,25.1,11.9,,0.33,0.36,Away_Win,0,3
ISL00685,2021-22,2021-11-15,Jamshedpur FC,Odisha FC,Jamshedpur,4-4-2,3-5-2,54.0,46.0,2,8,1,1,0,1,0,1,6,2,2,3,0,0,6.69,7.23,6.35,7.52,38.6,26.2,64.3,40.4,5,11,8,13,3,1,3,1,3,2,4,3,41.6,19.0,37.1,32.9,3,2,Humid,Good,Day,4.4,7.9,6.73,8.29,1,2,8.5,10,4,26.6,8.2,Away,0.35,0.31,Draw,1,1
ISL00686,2021-22,2021-11-18,East Bengal FC,NorthEast United FC,Kolkata,3-5-2,3-5-2,36.6,63.4,9,10,2,2,1,1,1,1,1,8,2,10,0,0,8.29,7.03,6.63,7.08,32.1,21.0,52.9,35.7,8,15,7,11,3,0,1,0,3,0,1,0,16.4,53.3,17.7,52.0,2,0,Rainy,Good,Night,2.9,9.8,6.51,6.87,2,2,3.5,5,6,7.7,29.7,,0.48,0.41,Draw,1,1
ISL00687,2021-22,2021-11-18,FC Goa,Jamshedpur FC,Goa,4-2-3-1,5-3-2,33.9,66.1,12,0,5,0,4,1,0,0,8,7,3,1,0,0,7.62,6.31,6.16,7.35,51.5,26.1,69.9,41.6,9,11,8,11,0,1,4,0,2,1,7,0,29.4,32.5,31.4,49.0,2,2,Clear,Average,Night,9.9,3.0,7.36,6.91,1,3,4.8,3,11,21.2,17.9,,0.38,0.41,Home_Win,3,0
ISL00688,2021-22,2021-11-20,NorthEast United FC,Hyderabad FC,Guwahati,4-3-3,3-4-3,46.6,53.4,3,2,3,0,2,1,0,0,3,2,1,5,0,0,6.4,7.01,6.61,6.93,49.9,25.5,38.5,20.9,8,15,8,9,1,0,1,1,1,0,1,1,40.2,30.7,15.8,21.8,0,0,Humid,Good,Night,6.8,3.4,8.87,5.45,1,1,5.0,4,6,17.8,15.3,Both,0.34,0.39,Home_Win,3,0
ISL00689,2021-22,2021-11-22,East Bengal FC,NorthEast United FC,Kolkata,4-2-3-1,4-4-2,45.5,54.5,4,10,2,2,1,1,1,1,3,6,4,4,0,0,6.31,7.0,7.75,8.42,56.5,36.5,43.8,27.2,9,13,6,15,3,1,3,0,5,1,4,0,35.5,48.8,43.5,33.8,2,0,Overcast,Good,Night,0.2,9.1,8.34,6.21,1,2,5.2,6,7,6.9,7.1,,0.4,0.4,Draw,1,1
ISL00690,2021-22,2021-11-25,Punjab FC,Chennaiyin FC,Mohali,4-4-2,5-3-2,51.3,48.7,6,7,2,3,1,1,1,2,6,6,6,2,0,0,6.39,5.91,6.65,7.39,57.3,33.8,39.2,21.5,7,14,9,23,2,0,5,5,2,0,6,5,46.6,36.4,30.2,17.0,2,1,Rainy,Good,Night,1.1,9.9,8.77,8.58,2,1,3.3,7,7,15.8,15.8,,0.31,0.39,Away_Win,0,3
ISL00691,2021-22,2021-11-26,Jamshedpur FC,Hyderabad FC,Jamshedpur,4-2-3-1,4-4-2,44.9,55.1,7,2,1,0,1,0,0,0,7,6,1,3,0,0,7.05,7.18,7.71,6.19,34.4,15.6,21.0,12.5,4,13,15,14,1,1,3,2,1,1,4,3,20.5,37.6,47.4,54.8,2,3,Rainy,Good,Night,10.0,4.8,7.17,8.15,2,1,6.1,8,6,29.9,10.4,Away,0.38,0.33,Home_Win,3,0
ISL00692,2021-22,2021-11-27,Kerala Blasters,NorthEast United FC,Kochi,5-3-2,4-4-2,52.9,47.1,8,5,0,0,0,0,0,0,5,6,2,1,0,0,6.15,6.75,6.95,6.43,30.0,18.2,30.7,18.9,7,11,9,16,1,3,3,1,1,4,3,3,36.2,47.4,25.7,47.1,0,1,Clear,Average,Day,4.0,4.2,7.62,8.96,3,1,5.3,5,7,7.3,10.2,,0.34,0.4,Draw,1,1
ISL00693,2021-22,2021-12-05,Jamshedpur FC,Punjab FC,Jamshedpur,4-4-2,3-4-3,44.0,56.0,2,6,2,1,1,1,0,1,10,1,0,1,0,0,7.49,7.52,6.38,6.96,31.8,17.4,50.7,26.5,12,10,8,11,2,1,1,0,2,1,3,0,29.9,32.7,21.6,54.5,1,0,Clear,Good,Night,5.8,0.2,8.88,6.57,1,3,4.7,8,4,11.5,26.9,,0.43,0.39,Home_Win,3,0
ISL00694,2021-22,2021-12-14,East Bengal FC,Kerala Blasters,Kolkata,3-4-3,4-2-3-1,42.3,57.7,5,4,2,1,2,0,0,1,3,4,3,2,0,0,6.82,7.4,7.15,7.56,42.4,27.4,50.8,31.3,6,15,7,13,0,1,1,1,0,2,1,1,39.7,47.4,34.6,52.4,1,0,Clear,Average,Night,1.7,8.6,6.42,5.33,1,1,5.5,6,3,7.7,7.5,,0.48,0.39,Home_Win,3,0
ISL00695,2021-22,2021-12-17,Punjab FC,Odisha FC,Mohali,3-4-3,4-4-2,61.5,38.5,11,2,3,0,3,0,0,0,4,5,4,2,0,0,7.55,6.72,6.41,7.13,45.9,29.2,33.5,19.3,14,16,13,17,1,0,1,3,2,1,2,3,27.3,53.9,16.5,32.5,1,1,Humid,Good,Night,9.4,0.7,6.7,7.52,2,1,9.0,3,5,27.9,19.0,,0.31,0.37,Home_Win,3,0
ISL00696,2021-22,2021-12-24,Punjab FC,NorthEast United FC,Mohali,4-4-2,4-4-2,43.1,56.9,7,7,3,1,1,2,1,0,8,5,3,3,0,0,5.89,6.87,5.76,7.9,38.3,26.1,56.8,34.0,7,17,12,10,3,1,1,1,3,2,1,1,38.5,49.0,42.6,20.0,1,2,Clear,Average,Night,1.7,7.1,6.41,7.32,2,1,5.5,6,7,9.5,15.7,,0.47,0.47,Home_Win,3,0
ISL00697,2021-22,2021-12-26,Chennaiyin FC,Jamshedpur FC,Chennai,4-4-2,5-3-2,48.6,51.4,4,6,1,0,1,0,0,0,6,2,1,4,0,0,7.76,6.53,6.13,6.41,36.8,23.0,62.9,32.8,11,18,4,13,2,4,6,0,4,4,6,0,50.1,27.8,17.5,53.1,0,2,Humid,Average,Night,8.9,4.9,6.33,7.99,1,2,8.9,10,10,15.2,10.9,Away,0.35,0.45,Home_Win,3,0
ISL00698,2021-22,2021-12-27,Odisha FC,Punjab FC,Bhubaneswar,4-2-3-1,3-4-3,39.9,60.1,5,4,4,0,2,2,0,0,5,5,4,3,0,0,6.08,6.08,6.7,7.74,40.4,27.4,49.2,31.3,10,13,6,14,1,4,2,2,2,6,2,2,25.1,40.0,50.5,16.2,1,3,Overcast,Good,Night,7.3,7.2,8.17,7.35,1,3,8.4,5,9,9.6,5.8,,0.33,0.39,Home_Win,3,0
ISL00699,2021-22,2021-12-27,ATK Mohun Bagan,Odisha FC,Kolkata,3-4-3,4-4-2,50.1,49.9,7,4,1,2,1,0,1,1,1,4,2,2,0,0,6.52,6.82,6.85,8.86,60.7,31.6,46.0,22.4,7,13,12,11,2,1,0,1,2,1,1,1,36.9,44.0,23.6,41.3,0,1,Clear,Good,Night,4.8,8.9,6.78,7.7,2,1,2.4,8,8,6.2,20.1,,0.38,0.48,Away_Win,0,3
ISL00700,2021-22,2021-12-30,FC Goa,Mumbai City FC,Goa,3-4-3,5-3-2,44.6,55.4,7,10,1,1,1,0,1,0,4,5,3,3,0,0,7.74,7.61,5.89,6.93,63.3,33.8,36.6,20.9,9,18,6,5,2,1,0,1,2,2,2,2,51.2,53.2,40.1,42.8,3,1,Clear,Poor,Night,5.2,4.6,6.94,7.53,1,2,3.7,6,8,12.2,19.3,Home,0.47,0.49,Draw,1,1
ISL00701,2021-22,2022-01-02,Mumbai City FC,NorthEast United FC,Mumbai,5-3-2,4-4-2,30.0,70.0,2,4,2,1,2,0,0,1,4,4,2,4,0,0,6.59,7.42,6.91,6.49,36.0,16.7,21.6,12.6,7,9,8,12,1,1,1,1,2,1,2,1,27.0,36.5,42.7,26.3,2,1,Rainy,Good,Day,5.5,7.4,7.66,7.08,0,2,8.7,8,6,24.6,8.9,Home,0.35,0.43,Home_Win,3,0
ISL00702,2021-22,2022-01-02,Chennaiyin FC,FC Goa,Chennai,4-4-2,3-5-2,64.0,36.0,2,3,0,1,0,0,1,0,6,4,2,4,0,0,5.34,7.59,6.38,7.25,62.0,41.3,48.5,21.9,10,10,8,12,4,2,5,2,5,2,5,2,49.4,49.7,40.3,21.7,0,0,Overcast,Average,Night,3.0,8.6,8.72,7.72,2,1,1.8,10,4,28.9,12.6,,0.42,0.46,Away_Win,0,3
ISL00703,2021-22,2022-01-04,East Bengal FC,ATK Mohun Bagan,Kolkata,4-2-3-1,4-3-3,61.8,38.2,4,3,1,1,1,0,1,0,3,1,1,2,0,0,6.28,6.74,7.17,7.4,43.7,21.3,35.8,23.2,5,8,11,12,2,4,3,1,4,7,3,3,25.8,54.6,18.8,15.7,0,1,Humid,Good,Night,1.0,0.0,5.51,4.92,2,1,1.2,9,5,26.5,19.6,,0.33,0.47,Draw,1,1
ISL00704,2021-22,2022-01-08,Odisha FC,Jamshedpur FC,Bhubaneswar,3-5-2,3-4-3,56.5,43.5,5,4,0,1,0,0,1,0,3,5,3,2,0,1,6.34,7.91,6.38,7.72,47.7,28.0,29.0,17.1,6,12,7,22,1,0,0,2,2,1,2,3,32.2,20.5,16.0,36.1,3,1,Humid,Average,Night,6.7,9.8,7.24,9.34,2,1,4.1,10,7,12.5,13.4,,0.31,0.36,Away_Win,0,3
ISL00705,2021-22,2022-01-09,Punjab FC,East Bengal FC,Mohali,3-5-2,4-4-2,44.9,55.1,0,7,1,0,0,1,0,0,4,4,4,3,0,0,7.28,6.64,6.3,7.32,59.6,34.4,40.4,19.0,9,14,9,15,1,1,1,2,1,1,3,3,21.6,49.4,30.1,33.9,3,0,Humid,Average,Night,5.9,4.8,6.53,6.64,2,2,9.6,6,9,28.8,19.0,,0.43,0.34,Home_Win,3,0
ISL00706,2021-22,2022-01-12,ATK Mohun Bagan,FC Goa,Kolkata,5-3-2,4-2-3-1,40.3,59.7,4,5,0,0,0,0,0,0,10,5,0,2,0,0,6.18,7.28,6.33,7.59,35.9,23.5,47.9,31.7,5,9,12,16,2,2,1,1,2,2,2,1,15.2,49.8,19.8,27.7,0,0,Clear,Good,Night,4.9,0.5,7.39,5.85,2,2,3.1,5,7,21.8,25.7,,0.5,0.33,Draw,1,1
ISL00707,2021-22,2022-01-13,Punjab FC,NorthEast United FC,Mohali,4-3-3,4-2-3-1,47.0,53.0,1,7,2,1,1,1,1,0,7,2,3,2,0,0,6.52,7.13,6.17,6.95,40.1,21.9,30.0,18.8,6,13,6,17,2,0,2,3,2,1,3,4,30.7,27.9,15.9,46.0,1,4,Humid,Poor,Night,9.5,4.0,6.78,4.49,3,1,5.9,9,5,7.0,24.6,,0.5,0.31,Home_Win,3,0
ISL00708,2021-22,2022-01-14,Kerala Blasters,FC Goa,Kochi,3-5-2,4-3-3,59.2,40.8,3,8,0,3,0,0,2,1,2,5,3,3,0,0,6.73,7.36,6.06,7.07,43.4,21.1,35.5,24.1,5,17,2,15,0,2,2,2,2,2,2,3,53.5,15.1,15.6,53.5,1,2,Clear,Good,Night,1.0,0.4,6.94,7.32,1,3,8.7,2,8,8.9,15.1,,0.37,0.43,Away_Win,0,3
ISL00709,2021-22,2022-01-15,FC Goa,ATK Mohun Bagan,Goa,5-3-2,4-2-3-1,36.4,63.6,9,8,1,0,1,0,0,0,8,4,4,0,0,0,6.68,7.15,6.88,8.23,53.9,29.4,31.0,19.2,14,9,7,15,3,1,4,3,3,2,4,3,45.0,36.5,46.8,36.6,2,0,Clear,Good,Night,1.4,5.9,7.13,5.17,1,2,3.2,11,6,20.8,6.5,,0.39,0.4,Home_Win,3,0
ISL00710,2021-22,2022-01-19,Mumbai City FC,Chennaiyin FC,Mumbai,4-4-2,4-3-3,40.7,59.3,4,2,3,0,3,0,0,0,7,6,2,2,0,0,6.36,6.88,6.4,6.22,12.5,5.8,23.1,13.3,12,12,9,12,1,2,2,1,1,2,4,1,37.1,37.7,27.7,40.6,2,0,Overcast,Average,Night,6.0,6.0,8.32,8.13,2,1,7.9,8,7,26.7,6.5,Both,0.36,0.36,Home_Win,3,0
ISL00711,2021-22,2022-01-24,NorthEast United FC,Bengaluru FC,Guwahati,3-4-3,3-4-3,39.7,60.3,10,2,3,0,3,0,0,0,8,4,3,4,0,0,6.38,7.03,7.18,7.05,32.9,17.3,38.5,24.9,10,18,4,10,1,3,0,4,2,3,1,4,23.8,38.9,17.3,30.4,0,0,Humid,Poor,Night,7.2,7.9,6.28,8.92,3,1,4.5,2,7,9.1,14.9,,0.41,0.31,Home_Win,3,0
ISL00712,2021-22,2022-01-24,FC Goa,Mumbai City FC,Goa,4-3-3,3-5-2,45.0,55.0,9,6,3,2,2,1,2,0,8,5,2,4,0,0,7.24,7.09,6.82,7.12,58.4,35.5,17.1,9.2,9,9,10,20,2,0,3,1,2,0,4,1,48.5,33.9,44.3,54.6,0,1,Overcast,Average,Night,4.8,7.4,7.34,5.69,1,1,9.2,11,8,23.8,5.6,,0.46,0.5,Home_Win,3,0
ISL00713,2021-22,2022-01-25,FC Goa,East Bengal FC,Goa,3-5-2,3-4-3,57.8,42.2,8,4,2,0,0,2,0,0,8,6,1,1,0,0,6.77,6.44,6.9,8.03,27.9,13.0,33.7,18.8,11,10,10,16,1,1,1,0,3,2,1,0,52.4,49.5,47.8,33.0,1,1,Humid,Good,Night,9.3,7.6,6.87,10.0,2,3,4.4,13,6,13.0,26.3,,0.3,0.43,Home_Win,3,0
ISL00714,2021-22,2022-01-25,NorthEast United FC,Punjab FC,Guwahati,4-2-3-1,4-3-3,41.4,58.6,2,3,1,0,1,0,0,0,6,5,3,1,0,0,6.58,6.82,5.89,7.08,31.3,21.8,46.9,25.3,4,17,6,13,1,1,1,0,3,3,2,2,43.8,38.4,19.6,52.4,2,2,Clear,Good,Day,8.6,4.6,7.32,7.67,1,3,2.9,4,12,17.1,15.0,,0.49,0.46,Home_Win,3,0
ISL00715,2021-22,2022-01-26,Kerala Blasters,East Bengal FC,Kochi,4-2-3-1,3-5-2,55.8,44.2,4,4,1,1,1,0,1,0,4,2,2,3,1,0,5.6,7.78,6.79,7.88,12.0,7.0,15.8,8.4,6,8,9,6,3,2,2,2,3,2,2,2,46.1,29.4,46.6,19.6,0,0,Rainy,Good,Night,1.8,7.9,6.65,7.7,1,2,7.5,2,5,6.2,19.2,,0.49,0.31,Draw,1,1
ISL00716,2021-22,2022-01-26,Punjab FC,NorthEast United FC,Mohali,4-2-3-1,4-2-3-1,51.0,49.0,6,5,2,0,2,0,0,0,4,5,2,3,0,0,6.79,7.02,7.46,6.58,42.9,22.5,58.0,39.8,8,8,1,19,5,1,1,0,5,3,3,0,20.7,20.9,26.9,18.5,1,1,Overcast,Average,Night,7.9,1.5,6.03,5.54,3,2,1.3,9,6,8.1,21.4,,0.35,0.43,Home_Win,3,0
ISL00717,2021-22,2022-01-30,Chennaiyin FC,Hyderabad FC,Chennai,5-3-2,4-4-2,50.2,49.8,9,4,1,1,0,1,0,1,7,6,2,0,0,0,5.96,6.86,7.73,6.17,53.9,35.5,40.3,23.2,5,10,9,12,3,3,1,0,6,3,2,0,20.6,52.2,37.6,21.3,0,0,Humid,Average,Night,1.5,8.8,5.94,7.47,0,3,2.9,7,3,27.0,16.9,,0.33,0.39,Draw,1,1
ISL00718,2021-22,2022-02-01,Mumbai City FC,Chennaiyin FC,Mumbai,4-3-3,5-3-2,53.1,46.9,8,7,2,2,2,0,2,0,6,3,3,3,0,0,6.53,7.14,6.19,7.94,62.4,30.2,53.5,30.9,7,15,5,21,1,0,0,3,1,1,0,3,45.2,22.2,42.1,40.5,3,0,Humid,Good,Day,5.7,3.6,6.68,7.63,3,1,3.5,7,7,5.4,10.9,,0.41,0.32,Draw,1,1
ISL00719,2021-22,2022-02-04,East Bengal FC,Mumbai City FC,Kolkata,3-4-3,4-4-2,61.3,38.7,4,3,1,1,0,1,0,1,6,8,1,2,0,0,7.59,6.95,6.86,6.62,43.8,23.2,56.4,30.7,9,9,4,13,1,3,1,2,1,3,1,2,36.9,29.4,36.4,24.5,2,2,Clear,Good,Day,1.5,4.3,6.35,7.25,2,3,5.1,5,8,26.5,27.2,Away,0.33,0.44,Draw,1,1
ISL00720,2021-22,2022-02-05,East Bengal FC,ATK Mohun Bagan,Kolkata,5-3-2,5-3-2,56.0,44.0,6,3,1,1,0,1,0,1,6,6,3,4,0,0,8.02,5.51,6.52,7.09,36.9,25.3,33.8,18.0,7,14,11,12,2,2,1,2,2,2,2,4,29.1,45.1,17.7,42.5,3,0,Overcast,Average,Night,7.7,8.1,4.94,8.13,2,0,9.7,3,5,16.8,10.6,Home,0.4,0.5,Draw,1,1
ISL00721,2021-22,2022-02-05,Kerala Blasters,ATK Mohun Bagan,Kochi,5-3-2,3-5-2,30.0,70.0,5,6,2,2,1,1,2,0,4,6,2,3,0,0,5.98,6.91,6.17,6.6,61.7,31.5,57.3,29.1,11,13,7,15,4,3,1,1,4,3,1,1,25.8,26.9,19.7,54.0,7,4,Overcast,Average,Night,9.1,4.5,6.17,7.5,3,2,4.2,3,3,9.6,11.4,,0.31,0.32,Draw,1,1
ISL00722,2021-22,2022-02-07,Bengaluru FC,NorthEast United FC,Bengaluru,4-2-3-1,4-3-3,57.7,42.3,2,7,1,1,1,0,1,0,5,10,4,3,0,0,5.86,7.37,6.14,8.0,41.7,26.4,39.3,27.0,12,11,11,11,3,0,0,3,3,0,1,3,51.1,32.1,44.1,36.2,1,0,Rainy,Good,Night,9.3,1.6,7.63,6.43,0,4,5.2,4,6,28.0,11.6,,0.41,0.38,Draw,1,1
ISL00723,2021-22,2022-02-08,Jamshedpur FC,Punjab FC,Jamshedpur,4-4-2,4-2-3-1,55.6,44.4,7,6,1,0,0,1,0,0,7,4,2,3,0,0,5.95,7.97,6.18,6.7,51.9,24.4,54.0,34.2,6,10,8,10,3,0,2,2,3,0,3,2,35.9,18.4,44.2,44.0,0,1,Rainy,Average,Night,4.6,5.1,7.28,6.26,2,3,1.3,9,9,15.5,9.7,,0.45,0.43,Home_Win,3,0
ISL00724,2021-22,2022-02-08,East Bengal FC,Kerala Blasters,Kolkata,5-3-2,3-4-3,54.1,45.9,3,6,0,1,0,0,0,1,4,6,1,4,0,0,6.68,6.44,8.01,6.19,72.3,42.2,43.9,25.0,14,14,6,13,4,1,3,0,5,1,5,0,52.3,33.0,35.3,43.7,0,2,Humid,Good,Night,9.3,4.4,8.08,6.84,1,1,9.1,3,3,29.5,29.3,Home,0.35,0.4,Away_Win,0,3
ISL00725,2021-22,2022-02-11,Bengaluru FC,Hyderabad FC,Bengaluru,4-3-3,4-3-3,57.4,42.6,3,6,1,0,1,0,0,0,2,5,2,4,0,1,6.14,7.63,7.05,7.2,57.2,35.2,49.1,29.4,9,11,11,22,1,1,1,0,1,1,2,0,16.1,40.8,22.9,33.8,1,2,Humid,Average,Night,9.5,3.0,4.59,8.77,1,2,6.4,4,3,5.0,12.8,Home,0.35,0.47,Home_Win,3,0
ISL00726,2021-22,2022-02-13,Hyderabad FC,NorthEast United FC,Hyderabad,4-4-2,4-3-3,41.2,58.8,5,8,0,2,0,0,1,1,8,4,1,1,0,0,5.98,7.55,6.53,7.71,38.5,19.3,60.6,40.0,12,7,13,11,3,1,2,0,3,2,4,1,53.1,54.9,29.3,21.9,2,4,Overcast,Average,Night,3.5,4.8,5.86,5.66,1,2,2.6,2,7,25.3,27.7,,0.32,0.33,Away_Win,0,3
ISL00727,2021-22,2022-02-18,Chennaiyin FC,NorthEast United FC,Chennai,4-3-3,4-4-2,47.6,52.4,7,4,1,1,0,1,1,0,3,9,3,0,0,0,7.49,7.8,7.02,6.92,51.7,27.5,37.0,20.1,7,9,5,21,1,0,1,2,1,1,1,2,23.6,20.5,15.5,24.9,1,3,Humid,Average,Day,0.1,7.9,6.64,9.08,2,3,2.4,5,10,26.8,24.3,,0.48,0.37,Draw,1,1
ISL00728,2021-22,2022-02-18,NorthEast United FC,Odisha FC,Guwahati,4-2-3-1,4-2-3-1,30.0,70.0,5,7,3,0,2,1,0,0,9,5,4,3,0,0,7.12,7.65,5.84,7.09,39.0,22.9,46.5,24.2,10,15,7,9,1,1,2,2,1,2,3,3,16.1,54.4,28.5,19.1,1,3,Clear,Good,Day,1.9,6.9,4.52,7.86,4,0,9.7,8,7,15.4,15.4,,0.48,0.41,Home_Win,3,0
ISL00729,2021-22,2022-02-19,East Bengal FC,NorthEast United FC,Kolkata,4-4-2,3-4-3,54.9,45.1,6,5,1,1,0,1,0,1,5,8,0,1,0,0,6.44,7.42,7.05,7.31,43.8,26.2,45.6,26.0,3,12,15,16,3,1,2,1,3,1,3,1,34.5,33.8,17.6,24.1,2,1,Rainy,Good,Night,6.5,5.0,5.91,6.04,0,2,9.6,3,8,19.0,20.1,Away,0.46,0.32,Draw,1,1
ISL00730,2021-22,2022-02-20,Chennaiyin FC,FC Goa,Chennai,5-3-2,5-3-2,55.7,44.3,6,4,0,0,0,0,0,0,5,9,0,3,0,0,6.65,7.78,7.11,7.34,35.5,17.3,45.8,25.9,12,15,4,11,2,1,2,1,3,2,3,3,29.3,36.0,36.4,20.0,0,2,Humid,Good,Day,5.2,2.2,7.91,7.98,1,2,4.1,3,13,12.8,26.6,,0.47,0.38,Draw,1,1
ISL00731,2021-22,2022-02-21,Odisha FC,NorthEast United FC,Bhubaneswar,5-3-2,3-4-3,57.9,42.1,5,2,1,0,0,1,0,0,4,4,4,2,0,0,7.5,7.13,6.99,6.89,34.9,19.3,34.1,22.4,4,16,8,23,2,0,0,1,2,1,1,2,38.4,42.6,24.2,41.4,0,2,Clear,Poor,Night,0.9,9.3,9.56,5.16,0,4,7.2,6,9,12.9,17.6,,0.37,0.48,Home_Win,3,0
ISL00732,2021-22,2022-02-21,Odisha FC,Kerala Blasters,Bhubaneswar,5-3-2,4-2-3-1,48.7,51.3,8,2,2,0,0,2,0,0,4,2,1,2,0,0,6.89,6.15,6.55,7.39,67.5,47.2,42.5,28.6,8,12,14,22,3,1,2,0,4,1,2,1,27.6,17.7,47.8,46.8,0,0,Rainy,Average,Night,10.0,4.1,8.73,7.94,2,1,1.2,9,5,21.5,12.2,Home,0.36,0.34,Home_Win,3,0
ISL00733,2021-22,2022-02-26,NorthEast United FC,Hyderabad FC,Guwahati,4-2-3-1,5-3-2,45.5,54.5,7,7,1,1,1,0,1,0,6,7,2,4,0,0,6.9,7.11,6.82,7.71,42.6,22.6,55.9,37.2,10,20,7,18,2,1,1,1,2,1,1,2,33.2,54.6,29.7,34.7,1,1,Clear,Good,Night,0.8,0.6,4.03,8.3,3,0,2.9,8,1,12.5,27.6,,0.43,0.48,Draw,1,1
ISL00734,2021-22,2022-02-27,Bengaluru FC,Hyderabad FC,Bengaluru,4-3-3,4-3-3,51.2,48.8,4,2,2,2,2,0,1,1,6,5,1,1,0,0,7.56,6.74,7.3,7.12,36.9,23.8,43.8,27.3,6,12,9,9,1,3,2,1,1,3,2,1,25.0,53.8,51.1,28.6,0,0,Clear,Good,Night,3.9,1.1,6.37,7.08,2,2,8.3,4,2,8.3,9.9,,0.43,0.36,Draw,1,1
ISL00735,2021-22,2022-02-28,Chennaiyin FC,Kerala Blasters,Chennai,4-3-3,4-3-3,51.2,48.8,3,4,0,1,0,0,0,1,6,7,1,3,0,0,6.51,6.03,7.66,7.6,43.4,21.7,34.3,20.0,14,9,7,12,2,1,2,0,3,1,2,1,25.0,22.1,24.8,17.3,1,5,Humid,Poor,Night,4.6,2.7,7.1,8.19,2,2,6.6,4,5,19.6,21.3,,0.45,0.45,Away_Win,0,3
ISL00736,2021-22,2022-02-28,Punjab FC,Mumbai City FC,Mohali,3-4-3,4-3-3,48.5,51.5,7,6,0,1,0,0,0,1,5,6,4,2,0,0,6.97,7.63,7.78,7.4,45.0,25.4,45.3,22.4,6,10,7,13,0,2,3,0,2,2,4,1,22.9,24.8,49.1,26.8,1,2,Overcast,Poor,Night,8.8,6.4,5.74,7.83,2,1,7.2,9,8,23.7,22.4,Home,0.41,0.41,Away_Win,0,3
ISL00737,2021-22,2022-03-03,Punjab FC,Mumbai City FC,Mohali,4-2-3-1,3-4-3,50.9,49.1,3,2,1,0,1,0,0,0,2,7,2,3,0,0,6.1,7.18,6.51,8.36,36.6,21.2,51.2,35.0,10,16,9,8,2,1,0,2,4,3,0,2,18.3,54.2,49.2,37.8,0,2,Overcast,Poor,Night,1.6,0.7,6.67,7.28,2,1,4.1,6,8,8.1,28.2,,0.4,0.38,Home_Win,3,0
ISL00738,2021-22,2022-03-03,FC Goa,Bengaluru FC,Goa,3-4-3,4-2-3-1,59.9,40.1,7,6,2,1,1,1,0,1,5,8,6,3,0,0,6.06,7.78,6.45,6.59,44.6,26.7,31.6,21.0,11,14,5,10,1,1,0,2,1,2,0,3,52.6,21.3,31.6,39.0,3,2,Clear,Poor,Night,0.6,7.2,4.72,6.66,2,1,5.9,13,5,12.7,16.3,,0.34,0.45,Home_Win,3,0
ISL00739,2021-22,2022-03-04,Bengaluru FC,FC Goa,Bengaluru,5-3-2,4-3-3,41.0,59.0,7,1,1,1,0,1,0,1,4,4,1,2,0,0,6.48,7.16,6.83,7.84,60.5,38.1,45.1,26.2,9,12,9,12,0,2,3,2,1,2,4,4,27.3,39.8,18.3,39.2,2,2,Humid,Good,Night,2.1,3.4,6.73,7.23,1,3,7.9,5,13,21.7,14.4,,0.43,0.47,Draw,1,1
ISL00740,2021-22,2022-03-06,ATK Mohun Bagan,FC Goa,Kolkata,4-3-3,4-4-2,30.7,69.3,5,5,2,1,1,1,0,1,1,5,1,3,0,0,7.53,7.28,6.53,6.57,64.2,41.7,32.2,20.6,10,13,5,11,2,3,1,0,3,3,2,1,45.5,35.9,44.2,28.8,2,2,Humid,Average,Night,3.2,6.4,6.56,7.14,1,2,7.0,4,11,26.4,22.3,,0.38,0.45,Home_Win,3,0
ISL00741,2021-22,2022-03-08,Bengaluru FC,Jamshedpur FC,Bengaluru,4-2-3-1,5-3-2,48.2,51.8,8,7,3,1,2,1,1,0,8,5,1,1,0,0,7.26,6.96,6.7,6.99,63.5,39.7,39.1,26.4,11,19,6,12,2,1,3,2,2,3,5,2,52.3,31.6,37.7,35.2,1,0,Clear,Average,Night,1.3,8.1,7.72,5.8,2,3,4.5,6,12,24.1,12.1,Away,0.48,0.48,Home_Win,3,0
ISL00742,2021-22,2022-03-08,Punjab FC,East Bengal FC,Mohali,3-5-2,4-4-2,52.0,48.0,3,3,2,0,2,0,0,0,6,8,2,2,0,0,7.05,6.49,7.68,6.7,63.7,41.5,43.5,22.9,7,21,10,11,2,2,4,0,4,2,4,0,27.7,39.4,27.5,28.8,1,0,Humid,Poor,Day,0.8,5.2,6.59,6.1,3,2,7.0,6,4,20.4,28.5,,0.47,0.49,Home_Win,3,0
ISL00743,2021-22,2022-03-12,Hyderabad FC,Punjab FC,Hyderabad,4-3-3,4-3-3,46.4,53.6,6,2,3,0,0,3,0,0,4,4,1,4,1,0,6.51,6.93,7.7,8.4,39.6,26.6,49.0,29.1,3,6,13,11,1,3,1,1,3,5,1,1,25.8,44.8,52.5,40.1,0,0,Overcast,Average,Night,2.9,8.5,5.99,6.15,3,2,4.9,3,9,16.7,12.8,,0.48,0.41,Home_Win,3,0
ISL00744,2021-22,2022-03-12,FC Goa,Bengaluru FC,Goa,5-3-2,3-4-3,46.1,53.9,5,5,1,2,0,1,0,2,7,10,3,0,0,0,6.94,6.56,6.66,6.95,52.5,27.9,40.4,27.9,10,11,10,16,2,0,1,0,4,1,1,0,29.6,26.3,53.8,23.1,0,2,Rainy,Average,Day,4.2,6.2,7.26,7.63,3,0,1.9,8,8,18.6,27.1,,0.47,0.42,Away_Win,0,3
ISL00745,2021-22,2022-03-13,East Bengal FC,NorthEast United FC,Kolkata,4-2-3-1,5-3-2,61.1,38.9,2,10,1,1,1,0,0,1,4,4,3,3,0,0,7.29,6.82,7.45,7.04,53.3,35.0,48.5,24.5,11,14,12,6,1,3,0,3,1,5,0,3,49.4,40.0,36.7,35.8,1,0,Clear,Average,Night,9.8,0.4,6.74,7.47,0,1,2.7,3,6,10.8,13.8,,0.35,0.46,Draw,1,1
ISL00746,2021-22,2022-03-17,Odisha FC,Bengaluru FC,Bhubaneswar,4-4-2,4-4-2,46.1,53.9,4,9,1,3,1,0,2,1,3,3,3,2,0,0,6.0,7.18,7.37,7.81,35.3,20.5,44.6,21.7,9,16,11,12,1,1,1,2,1,2,2,4,21.9,17.3,51.3,27.8,2,0,Humid,Good,Night,3.4,9.3,6.84,5.48,0,3,4.3,9,8,24.8,17.5,,0.47,0.43,Away_Win,0,3
ISL00747,2021-22,2022-03-17,Jamshedpur FC,East Bengal FC,Jamshedpur,4-2-3-1,4-3-3,50.1,49.9,6,4,1,0,0,1,0,0,9,10,4,3,0,0,6.68,7.31,6.4,7.34,40.0,20.6,75.4,51.8,5,13,8,9,0,1,2,1,0,2,2,1,28.8,31.0,18.6,42.6,0,0,Clear,Average,Night,6.3,2.6,5.64,6.49,2,2,3.1,9,3,24.9,28.5,,0.39,0.48,Home_Win,3,0
ISL00748,2021-22,2022-03-18,FC Goa,Punjab FC,Goa,4-4-2,5-3-2,50.6,49.4,4,6,0,1,0,0,1,0,6,2,0,4,0,0,7.38,6.73,5.6,6.91,49.8,24.6,56.6,37.9,7,11,8,11,1,1,1,1,1,1,1,1,30.9,17.1,49.3,54.2,1,2,Clear,Good,Night,7.6,7.3,6.17,7.01,2,2,7.8,5,6,9.8,16.6,,0.32,0.36,Away_Win,0,3
ISL00749,2021-22,2022-03-18,East Bengal FC,Bengaluru FC,Kolkata,5-3-2,5-3-2,38.6,61.4,6,7,1,1,1,0,1,0,5,7,3,1,0,0,7.27,6.16,7.04,7.78,53.7,34.4,39.2,18.1,9,10,7,13,3,1,1,1,3,1,3,1,23.0,47.7,33.6,51.9,0,2,Clear,Good,Night,4.2,2.6,7.92,7.45,1,2,4.1,2,10,11.9,28.5,Away,0.43,0.44,Draw,1,1
ISL00750,2021-22,2022-03-18,East Bengal FC,Punjab FC,Kolkata,4-2-3-1,5-3-2,48.3,51.7,2,8,0,2,0,0,1,1,3,2,4,0,0,0,6.56,6.33,6.79,7.02,32.9,20.0,60.0,35.7,8,15,3,20,1,0,3,1,1,1,5,2,31.7,51.5,31.9,50.7,2,2,Overcast,Average,Night,9.4,7.0,7.38,7.38,2,3,3.7,3,9,12.3,6.3,,0.31,0.43,Away_Win,0,3
ISL00751,2021-22,2022-03-18,ATK Mohun Bagan,Jamshedpur FC,Kolkata,4-2-3-1,4-3-3,52.0,48.0,7,6,2,0,1,1,0,0,8,1,0,4,0,0,6.1,7.24,6.51,6.77,37.2,17.4,63.1,38.6,13,17,6,15,0,1,1,0,0,2,1,0,38.7,31.5,32.0,44.0,2,0,Overcast,Good,Night,5.4,4.5,5.58,6.56,1,2,2.9,6,9,27.9,14.6,Home,0.45,0.5,Home_Win,3,0
ISL00752,2021-22,2022-03-21,Odisha FC,NorthEast United FC,Bhubaneswar,5-3-2,3-4-3,47.9,52.1,6,4,4,2,2,2,0,2,5,4,1,4,0,0,6.79,6.8,5.78,7.28,54.2,32.3,43.2,27.2,8,15,8,17,2,0,1,2,2,1,1,2,50.0,32.9,29.2,44.9,1,1,Clear,Good,Day,4.8,0.2,4.28,6.18,1,3,6.6,6,6,23.0,7.0,,0.31,0.46,Home_Win,3,0
ISL00753,2021-22,2022-03-22,Chennaiyin FC,Hyderabad FC,Chennai,4-3-3,4-4-2,61.2,38.8,11,2,1,1,1,0,1,0,2,6,2,3,0,0,6.97,7.59,6.98,6.83,50.9,23.5,37.2,22.5,9,9,8,10,1,1,0,1,2,1,1,1,33.7,32.8,27.0,30.5,0,1,Rainy,Average,Day,8.4,0.1,5.6,6.89,0,3,9.8,4,5,27.2,27.3,,0.33,0.4,Draw,1,1
ISL00754,2021-22,2022-03-27,Jamshedpur FC,Odisha FC,Jamshedpur,3-5-2,4-3-3,54.2,45.8,5,5,1,0,0,1,0,0,3,4,3,1,0,0,6.99,6.64,7.38,7.79,48.4,26.5,40.2,23.7,7,21,5,10,3,2,3,0,3,2,3,0,45.1,34.9,21.8,47.8,0,0,Clear,Good,Day,1.0,8.4,6.55,6.58,2,1,7.3,9,9,20.7,11.9,Home,0.35,0.35,Home_Win,3,0
ISL00755,2021-22,2022-03-29,ATK Mohun Bagan,FC Goa,Kolkata,5-3-2,4-4-2,66.4,33.6,3,6,1,2,1,0,1,1,9,2,3,4,0,0,5.49,6.24,6.9,7.09,40.1,23.8,24.1,14.5,3,12,8,7,1,0,2,3,3,0,5,6,53.9,44.3,50.5,24.4,1,1,Clear,Good,Day,9.6,4.9,7.39,6.17,1,2,7.9,8,4,21.2,21.0,,0.48,0.35,Away_Win,0,3
ISL00756,2021-22,2022-04-02,Kerala Blasters,NorthEast United FC,Kochi,4-2-3-1,3-5-2,46.0,54.0,8,6,1,0,0,1,0,0,7,4,2,0,0,0,6.3,7.87,6.4,6.82,59.7,36.6,36.7,22.2,11,14,5,15,0,1,0,2,1,1,0,3,39.3,39.3,49.8,33.6,2,2,Clear,Good,Night,6.3,8.5,7.39,4.63,2,1,1.5,8,3,15.4,21.1,,0.48,0.42,Home_Win,3,0
ISL00757,2021-22,2022-04-02,East Bengal FC,FC Goa,Kolkata,3-5-2,3-5-2,42.4,57.6,6,4,1,1,1,0,1,0,2,6,3,2,0,0,6.02,6.76,6.36,6.6,62.3,30.5,46.8,22.1,12,14,9,15,2,2,3,1,2,2,4,2,25.6,51.6,32.3,48.1,0,2,Overcast,Average,Night,6.5,2.0,9.37,6.57,2,3,4.5,2,4,24.0,16.5,,0.32,0.43,Draw,1,1
ISL00758,2021-22,2022-04-02,FC Goa,Chennaiyin FC,Goa,3-4-3,4-2-3-1,42.9,57.1,1,6,0,0,0,0,0,0,2,5,1,5,0,0,7.34,6.81,7.84,6.24,57.3,26.4,55.8,27.5,10,14,11,13,1,3,2,1,3,4,3,2,43.1,29.8,39.1,17.5,1,0,Humid,Good,Day,5.1,3.3,7.63,6.8,2,1,9.4,4,4,16.1,24.0,,0.33,0.49,Draw,1,1
ISL00759,2021-22,2022-04-02,Jamshedpur FC,Hyderabad FC,Jamshedpur,4-3-3,3-5-2,55.7,44.3,9,6,2,2,2,0,0,2,5,4,1,1,0,0,7.35,7.52,6.52,6.87,33.8,20.1,54.2,28.3,7,10,13,8,1,2,1,0,1,2,1,0,17.6,20.8,40.0,47.7,1,1,Overcast,Good,Night,2.5,6.6,4.65,6.87,3,0,6.8,9,6,18.4,6.5,,0.38,0.3,Draw,1,1
ISL00760,2021-22,2022-04-03,Chennaiyin FC,FC Goa,Chennai,3-5-2,3-4-3,33.8,66.2,5,3,2,0,2,0,0,0,6,3,2,2,0,0,6.56,7.41,7.1,6.19,55.0,36.0,67.2,45.8,9,13,8,16,2,4,1,0,3,4,1,0,49.5,43.0,45.8,23.9,0,1,Overcast,Poor,Night,4.1,6.2,6.58,7.2,1,1,1.9,4,5,26.5,7.7,Home,0.48,0.37,Home_Win,3,0
ISL00761,2021-22,2022-04-06,East Bengal FC,Mumbai City FC,Kolkata,3-4-3,4-3-3,53.4,46.6,6,4,1,3,0,1,2,1,3,7,1,5,0,0,6.41,7.72,7.1,6.27,24.9,16.2,28.8,16.3,7,13,8,18,3,0,2,2,3,3,2,2,27.1,53.6,45.4,27.5,0,2,Overcast,Poor,Day,3.0,3.2,8.98,8.06,2,2,8.4,3,5,24.1,23.9,Home,0.35,0.32,Away_Win,0,3
ISL00762,2021-22,2022-04-07,Bengaluru FC,Mumbai City FC,Bengaluru,4-3-3,5-3-2,48.2,51.8,6,5,1,0,1,0,0,0,2,11,2,3,0,0,6.63,6.66,7.22,7.1,43.4,23.4,61.9,37.4,11,13,6,18,2,3,0,0,3,3,1,0,19.8,22.6,52.0,46.2,2,2,Overcast,Good,Day,3.9,2.6,6.46,4.87,1,4,8.8,11,8,28.4,26.2,Home,0.38,0.5,Home_Win,3,0
ISL00763,2021-22,2022-04-09,Jamshedpur FC,FC Goa,Jamshedpur,3-4-3,3-4-3,52.2,47.8,8,5,1,3,1,0,0,3,3,5,2,1,0,0,6.74,6.85,5.8,7.03,53.9,32.0,33.8,23.4,11,15,11,8,2,1,0,3,2,2,1,3,36.1,29.5,26.5,44.0,3,0,Clear,Average,Night,4.9,7.2,6.74,6.92,3,2,2.4,7,5,21.1,28.9,,0.42,0.44,Away_Win,0,3
ISL00764,2021-22,2022-04-09,East Bengal FC,ATK Mohun Bagan,Kolkata,4-4-2,4-3-3,53.9,46.1,7,3,1,0,1,0,0,0,7,3,3,2,0,0,7.31,6.95,7.87,8.43,51.0,32.1,39.4,18.7,10,13,10,15,1,0,1,1,1,0,2,1,34.6,30.8,43.6,40.5,0,2,Overcast,Good,Night,4.2,2.9,7.32,5.52,2,0,6.8,2,8,7.5,6.0,Away,0.47,0.45,Home_Win,3,0
ISL00765,2021-22,2022-04-12,Odisha FC,Mumbai City FC,Bhubaneswar,4-4-2,3-5-2,46.1,53.9,3,7,0,2,0,0,1,1,3,6,3,3,0,0,7.62,6.47,7.78,7.2,45.3,30.3,48.4,24.1,10,17,11,14,1,1,1,0,2,1,2,0,52.5,49.4,39.5,49.9,1,1,Humid,Average,Night,5.3,6.1,7.02,6.77,2,3,8.9,9,7,28.4,7.2,,0.48,0.35,Away_Win,0,3
ISL00766,2021-22,2022-04-13,FC Goa,ATK Mohun Bagan,Goa,3-4-3,4-2-3-1,53.6,46.4,1,8,0,2,0,0,1,1,8,7,2,3,0,0,6.14,7.25,6.48,6.99,41.8,23.9,29.0,15.1,10,11,3,16,0,2,2,1,2,3,2,1,38.9,47.1,52.0,24.0,1,0,Overcast,Good,Day,7.3,0.4,8.08,6.73,2,1,1.2,8,7,7.4,12.0,,0.32,0.47,Away_Win,0,3
ISL00767,2021-22,2022-04-15,Jamshedpur FC,Chennaiyin FC,Jamshedpur,3-4-3,5-3-2,46.3,53.7,8,4,3,2,3,0,2,0,4,4,1,3,0,0,7.0,7.36,8.11,6.81,65.0,43.5,34.7,23.6,12,13,9,15,3,1,0,1,4,1,1,1,34.1,25.8,31.8,27.3,0,1,Clear,Good,Night,9.9,0.5,7.59,4.54,2,2,10.0,7,6,29.8,10.9,Both,0.35,0.45,Home_Win,3,0
ISL00768,2021-22,2022-04-16,Bengaluru FC,East Bengal FC,Bengaluru,4-2-3-1,4-2-3-1,53.4,46.6,4,8,5,1,3,2,0,1,4,3,1,4,0,0,7.02,7.78,7.1,6.4,37.9,20.1,47.7,30.0,13,9,10,16,5,3,0,2,6,5,1,2,44.7,15.6,30.8,22.5,0,2,Clear,Poor,Night,6.2,5.7,7.48,5.01,1,1,9.6,13,5,28.8,5.1,,0.37,0.31,Home_Win,3,0
ISL00769,2021-22,2022-04-18,East Bengal FC,Jamshedpur FC,Kolkata,3-5-2,4-3-3,44.5,55.5,9,7,3,1,2,1,1,0,8,2,3,5,1,0,7.07,6.39,6.42,6.48,32.9,16.6,36.4,17.6,6,16,8,13,1,2,4,0,2,2,5,3,39.5,28.4,52.7,18.4,0,0,Clear,Poor,Night,5.5,2.9,8.09,7.31,2,3,2.0,4,7,24.2,23.9,Home,0.36,0.34,Home_Win,3,0
ISL00770,2021-22,2022-04-19,Jamshedpur FC,Punjab FC,Jamshedpur,3-4-3,4-3-3,57.3,42.7,6,8,2,1,1,1,0,1,11,4,2,3,0,0,7.07,7.33,6.1,6.29,37.1,19.4,64.8,30.3,6,12,7,17,3,0,2,0,5,0,2,1,17.4,30.1,36.4,46.3,2,0,Humid,Good,Night,5.7,5.5,8.65,7.93,3,2,5.0,7,12,25.1,19.0,,0.49,0.4,Home_Win,3,0
ISL00771,2022-23,2022-10-01,Kerala Blasters,Chennaiyin FC,Kochi,4-3-3,4-3-3,62.6,37.4,6,7,2,2,2,0,1,1,2,4,1,2,0,0,5.99,7.46,7.17,6.45,48.1,30.4,40.0,19.7,12,5,10,8,3,2,1,0,3,2,1,1,36.7,15.5,35.5,30.1,1,2,Humid,Good,Night,3.3,3.9,8.68,7.44,2,2,7.5,10,5,28.9,26.9,Away,0.45,0.44,Draw,1,1
ISL00772,2022-23,2022-10-02,FC Goa,NorthEast United FC,Goa,4-3-3,4-4-2,57.4,42.6,11,4,3,3,2,1,3,0,5,5,1,1,0,0,6.01,7.01,7.33,7.65,50.1,33.6,34.4,23.4,8,15,4,20,4,0,0,1,7,0,0,1,18.8,22.1,41.3,48.0,0,1,Clear,Poor,Night,5.7,4.3,7.19,8.19,3,2,7.6,5,2,21.2,14.3,Away,0.35,0.4,Draw,1,1
ISL00773,2022-23,2022-10-03,East Bengal FC,Punjab FC,Kolkata,4-2-3-1,5-3-2,52.1,47.9,4,5,1,2,1,0,0,2,2,7,1,1,0,0,7.34,6.67,5.69,6.48,39.6,22.5,30.2,16.8,9,15,10,10,4,1,3,1,6,2,4,1,51.7,31.1,30.2,30.1,1,1,Clear,Good,Night,6.0,6.1,6.28,6.3,2,3,5.2,7,9,29.0,23.2,Home,0.5,0.49,Away_Win,0,3
ISL00774,2022-23,2022-10-04,Jamshedpur FC,ATK Mohun Bagan,Jamshedpur,4-2-3-1,3-5-2,56.3,43.7,5,3,1,1,1,0,1,0,5,5,4,3,0,0,6.27,7.52,5.83,7.95,58.6,36.6,38.4,25.6,5,8,9,13,1,1,2,1,2,1,2,1,22.1,26.0,29.6,41.5,0,1,Rainy,Poor,Night,5.2,0.9,6.01,8.51,2,2,4.7,7,9,12.0,20.4,,0.45,0.35,Draw,1,1
ISL00775,2022-23,2022-10-08,FC Goa,Chennaiyin FC,Goa,4-2-3-1,4-3-3,56.7,43.3,7,5,1,1,1,0,1,0,7,6,7,2,0,0,7.14,7.78,7.6,7.98,50.5,24.5,32.6,21.6,12,12,4,11,4,1,0,0,4,1,1,1,28.4,37.3,53.2,18.3,2,0,Rainy,Good,Day,7.0,2.7,6.71,6.46,1,2,4.9,5,6,16.9,14.0,,0.48,0.43,Draw,1,1
ISL00776,2022-23,2022-10-18,FC Goa,Bengaluru FC,Goa,4-4-2,5-3-2,35.6,64.4,1,2,1,0,1,0,0,0,6,3,1,2,0,0,6.17,6.97,6.88,7.03,48.3,27.9,19.8,13.7,11,12,6,12,3,0,2,1,3,0,4,1,22.3,42.0,40.9,40.9,0,2,Overcast,Good,Night,2.7,7.0,7.61,6.72,3,1,1.6,5,13,5.2,10.4,,0.31,0.37,Home_Win,3,0
ISL00777,2022-23,2022-10-18,Jamshedpur FC,ATK Mohun Bagan,Jamshedpur,5-3-2,3-5-2,47.4,52.6,5,7,2,1,2,0,1,0,5,5,2,2,0,0,6.51,7.6,5.15,6.99,53.6,29.9,36.7,21.5,8,16,13,8,2,1,1,0,2,1,1,2,51.0,16.5,32.4,17.0,0,3,Overcast,Good,Night,2.9,1.1,7.71,5.53,2,1,8.6,7,7,20.1,26.5,Away,0.41,0.45,Home_Win,3,0
ISL00778,2022-23,2022-10-19,Bengaluru FC,Hyderabad FC,Bengaluru,4-4-2,3-4-3,56.9,43.1,5,6,0,2,0,0,1,1,6,5,2,2,0,0,6.53,6.17,6.9,7.46,33.6,18.7,41.8,21.7,14,18,10,13,3,1,2,1,4,2,3,1,24.6,18.7,22.0,54.7,2,0,Overcast,Good,Day,9.2,3.7,5.92,8.46,2,1,1.5,10,7,5.1,7.2,,0.49,0.46,Away_Win,0,3
ISL00779,2022-23,2022-10-20,ATK Mohun Bagan,Punjab FC,Kolkata,3-4-3,4-3-3,30.5,69.5,3,6,1,0,0,1,0,0,4,7,1,3,0,0,6.92,5.91,7.01,6.62,46.6,23.2,29.0,16.8,8,10,6,12,1,1,2,0,1,2,3,0,27.4,45.8,48.7,41.8,1,2,Overcast,Good,Night,1.8,5.8,6.24,6.85,3,0,4.7,4,9,12.7,25.9,,0.4,0.35,Home_Win,3,0
ISL00780,2022-23,2022-10-23,NorthEast United FC,Punjab FC,Guwahati,5-3-2,3-5-2,49.7,50.3,6,6,2,0,1,1,0,0,1,5,7,2,0,0,7.65,6.38,6.71,7.1,41.0,24.8,26.1,17.6,9,20,16,12,2,1,2,1,3,3,3,2,19.0,34.0,35.4,28.5,3,0,Humid,Poor,Night,5.7,0.0,6.23,7.18,1,4,7.2,3,9,12.8,11.0,,0.46,0.33,Home_Win,3,0
ISL00781,2022-23,2022-10-24,Kerala Blasters,Chennaiyin FC,Kochi,4-2-3-1,5-3-2,37.6,62.4,6,4,2,1,0,2,1,0,4,5,3,6,0,0,6.36,6.73,6.66,6.87,45.4,28.1,32.1,22.1,9,17,10,5,1,2,3,2,4,3,3,2,53.0,39.6,51.8,22.1,0,3,Rainy,Good,Night,9.1,8.3,5.95,7.52,2,1,8.9,10,6,14.2,29.3,,0.44,0.37,Home_Win,3,0
ISL00782,2022-23,2022-10-24,Hyderabad FC,Odisha FC,Hyderabad,4-3-3,4-2-3-1,37.5,62.5,9,4,3,2,1,2,1,1,4,6,2,1,0,0,6.25,6.65,6.54,6.87,37.2,22.7,19.6,10.8,2,11,12,16,1,1,3,3,3,1,3,4,46.3,36.2,21.4,37.4,1,0,Rainy,Good,Night,3.5,4.5,7.23,6.45,2,1,2.9,9,6,16.3,28.1,,0.38,0.34,Home_Win,3,0
ISL00783,2022-23,2022-10-28,Odisha FC,Chennaiyin FC,Bhubaneswar,4-2-3-1,4-3-3,45.0,55.0,3,2,0,0,0,0,0,0,7,2,2,3,0,0,7.73,7.27,6.75,7.43,69.3,44.1,41.6,23.8,10,8,8,13,1,1,1,1,2,1,1,3,16.3,54.4,47.8,18.8,0,1,Humid,Average,Night,5.9,7.0,5.84,8.67,0,2,7.9,3,5,9.6,20.0,Both,0.45,0.37,Draw,1,1
ISL00784,2022-23,2022-10-30,East Bengal FC,Kerala Blasters,Kolkata,4-4-2,3-4-3,62.7,37.3,9,5,0,2,0,0,2,0,6,6,1,1,0,0,7.43,7.58,6.68,8.38,57.4,32.4,45.4,29.5,13,10,7,13,2,0,1,0,3,0,1,2,15.9,27.7,37.6,51.2,1,4,Rainy,Average,Day,4.6,9.1,7.26,6.33,1,2,2.0,6,10,13.8,21.6,Home,0.46,0.39,Away_Win,0,3
ISL00785,2022-23,2022-10-30,Jamshedpur FC,Odisha FC,Jamshedpur,4-2-3-1,4-3-3,41.8,58.2,4,7,0,2,0,0,2,0,6,4,2,4,0,0,7.28,6.39,7.06,7.3,33.8,22.4,32.4,17.8,10,15,12,12,6,1,1,0,6,1,2,0,18.4,16.2,43.2,19.0,1,4,Humid,Average,Day,1.0,7.3,7.46,6.21,3,1,7.3,10,4,27.6,17.2,Home,0.49,0.4,Away_Win,0,3
ISL00786,2022-23,2022-11-10,Punjab FC,Bengaluru FC,Mohali,4-2-3-1,4-4-2,52.3,47.7,5,6,2,2,2,0,2,0,7,3,0,2,0,0,7.01,8.0,6.79,7.36,62.7,37.2,37.3,19.0,7,14,10,12,2,0,0,0,2,0,2,3,48.0,31.5,32.0,31.6,0,0,Humid,Good,Night,0.8,7.6,5.58,6.89,1,3,9.9,6,7,24.9,23.8,,0.35,0.43,Draw,1,1
ISL00787,2022-23,2022-11-14,Bengaluru FC,East Bengal FC,Bengaluru,5-3-2,5-3-2,61.1,38.9,6,8,1,1,1,0,1,0,4,4,0,3,0,0,6.99,7.78,5.72,6.08,32.9,22.1,33.8,17.6,12,11,9,20,2,0,2,1,3,0,2,1,48.5,29.9,29.6,38.4,1,1,Rainy,Average,Night,3.8,8.9,8.26,6.78,2,1,6.9,7,6,29.8,18.9,Home,0.32,0.47,Draw,1,1
ISL00788,2022-23,2022-11-15,Chennaiyin FC,Punjab FC,Chennai,5-3-2,5-3-2,42.9,57.1,4,4,0,0,0,0,0,0,4,4,0,3,0,0,6.82,6.31,6.55,8.06,47.5,26.2,27.9,15.9,8,10,9,11,2,1,2,1,2,1,2,1,47.7,45.7,33.8,15.0,0,0,Clear,Average,Night,4.3,4.3,7.49,7.92,2,2,4.5,3,4,21.7,21.0,,0.42,0.48,Draw,1,1
ISL00789,2022-23,2022-11-16,Punjab FC,Bengaluru FC,Mohali,4-4-2,4-3-3,43.8,56.2,4,4,2,0,2,0,0,0,9,3,3,3,0,0,7.22,7.81,6.08,6.11,64.7,40.4,47.8,24.4,6,18,12,9,2,0,3,3,2,0,4,3,44.4,26.5,47.0,37.0,3,2,Rainy,Good,Night,9.6,3.4,6.36,8.18,1,2,5.5,5,5,8.2,11.9,,0.35,0.4,Home_Win,3,0
ISL00790,2022-23,2022-11-18,East Bengal FC,Mumbai City FC,Kolkata,4-2-3-1,3-4-3,39.5,60.5,6,0,1,0,1,0,0,0,8,6,3,5,0,0,6.87,7.62,6.34,7.38,46.9,23.4,37.2,23.9,13,13,5,12,2,0,2,0,4,0,2,0,18.1,50.8,30.3,47.6,1,1,Rainy,Average,Night,3.1,8.3,6.94,5.88,2,2,6.3,4,9,20.8,27.1,,0.47,0.31,Home_Win,3,0
ISL00791,2022-23,2022-11-19,NorthEast United FC,Jamshedpur FC,Guwahati,5-3-2,3-5-2,55.0,45.0,6,9,0,2,0,0,2,0,0,4,3,3,0,0,6.67,6.21,8.36,7.2,60.0,28.2,41.0,25.3,7,7,8,8,1,0,1,2,2,1,1,3,15.3,19.2,38.8,43.5,0,1,Rainy,Good,Day,7.4,6.2,6.96,9.17,0,0,9.9,5,7,11.2,18.9,,0.47,0.3,Away_Win,0,3
ISL00792,2022-23,2022-11-21,Mumbai City FC,NorthEast United FC,Mumbai,3-4-3,5-3-2,47.6,52.4,5,5,2,4,1,1,3,1,2,6,2,6,0,0,7.51,7.09,7.88,7.53,33.4,22.8,68.2,46.6,16,18,9,13,1,0,2,1,1,1,2,3,38.1,44.1,44.4,52.5,2,0,Humid,Good,Night,9.0,7.5,7.33,6.8,1,1,5.1,6,4,18.4,11.1,,0.45,0.47,Away_Win,0,3
ISL00793,2022-23,2022-11-21,East Bengal FC,Punjab FC,Kolkata,5-3-2,4-3-3,53.9,46.1,4,4,1,1,1,0,0,1,7,7,1,0,0,0,6.26,8.27,5.96,7.27,53.9,29.3,56.8,36.2,10,13,6,10,2,1,2,1,3,2,2,1,46.8,24.8,36.4,52.0,0,2,Rainy,Good,Night,1.6,2.4,6.63,7.36,1,4,3.6,7,5,25.3,13.7,,0.43,0.49,Draw,1,1
ISL00794,2022-23,2022-11-25,East Bengal FC,Jamshedpur FC,Kolkata,4-2-3-1,3-4-3,50.5,49.5,8,4,2,0,1,1,0,0,7,4,5,2,0,0,7.77,7.5,7.26,7.1,76.7,35.4,46.4,26.1,9,12,7,15,0,1,4,1,1,1,5,1,50.5,47.3,17.1,47.0,2,1,Overcast,Poor,Night,8.2,7.9,7.87,9.55,3,2,8.0,5,10,17.1,27.6,Away,0.39,0.48,Home_Win,3,0
ISL00795,2022-23,2022-11-26,Odisha FC,FC Goa,Bhubaneswar,3-5-2,4-2-3-1,44.1,55.9,6,4,2,0,0,2,0,0,7,4,2,1,0,0,7.29,6.27,6.53,5.98,34.9,21.1,37.1,18.4,6,8,6,8,1,1,2,0,1,1,2,2,16.5,40.9,38.0,16.8,1,1,Humid,Average,Day,1.0,7.3,6.1,6.21,0,2,2.2,4,8,18.2,10.2,Away,0.37,0.46,Home_Win,3,0
ISL00796,2022-23,2022-11-27,East Bengal FC,NorthEast United FC,Kolkata,4-2-3-1,3-4-3,55.9,44.1,7,6,2,0,1,1,0,0,4,11,1,0,0,0,6.86,6.78,6.79,6.04,54.9,37.5,43.0,21.9,8,20,11,16,1,3,4,0,1,4,7,1,43.7,54.4,38.8,41.7,2,1,Overcast,Average,Day,6.4,0.3,8.82,7.69,0,0,1.4,8,7,7.5,12.3,Away,0.42,0.3,Home_Win,3,0
ISL00797,2022-23,2022-11-28,Mumbai City FC,Punjab FC,Mumbai,4-3-3,3-5-2,56.3,43.7,9,4,2,0,2,0,0,0,4,5,3,4,0,0,6.42,6.87,5.27,7.05,40.6,26.1,38.7,26.0,7,14,12,12,3,1,0,1,3,1,2,2,49.5,25.7,33.1,39.6,0,0,Humid,Average,Night,4.6,5.2,6.06,5.48,1,3,8.8,6,6,5.9,20.3,,0.47,0.31,Home_Win,3,0
ISL00798,2022-23,2022-11-30,East Bengal FC,Chennaiyin FC,Kolkata,3-4-3,3-5-2,49.4,50.6,10,10,2,4,2,0,1,3,5,5,4,1,0,0,6.75,7.18,5.63,7.09,44.9,31.3,62.9,38.3,9,12,7,18,2,1,4,1,3,1,5,1,52.0,18.6,31.3,31.4,1,1,Overcast,Average,Night,4.9,7.4,7.99,7.64,1,4,2.4,11,4,13.2,19.8,,0.45,0.35,Away_Win,0,3
ISL00799,2022-23,2022-12-01,Hyderabad FC,NorthEast United FC,Hyderabad,3-4-3,5-3-2,43.8,56.2,8,2,2,0,2,0,0,0,3,4,3,0,0,0,7.39,8.36,7.46,6.7,33.5,22.9,46.2,22.0,9,13,12,12,3,2,3,0,3,3,3,1,42.2,18.0,22.4,53.8,2,0,Overcast,Good,Night,7.7,4.8,5.07,6.51,0,2,3.4,11,7,6.3,24.1,,0.36,0.49,Home_Win,3,0
ISL00800,2022-23,2022-12-02,Bengaluru FC,ATK Mohun Bagan,Bengaluru,4-3-3,3-4-3,51.4,48.6,8,3,4,0,4,0,0,0,5,3,2,3,0,0,6.76,6.79,5.72,6.62,57.9,32.6,34.4,19.8,7,17,13,14,2,2,2,3,5,2,2,3,49.6,51.0,17.0,42.0,1,0,Humid,Average,Night,9.2,3.5,4.94,7.3,3,0,3.7,2,7,9.5,29.1,,0.48,0.32,Home_Win,3,0
ISL00801,2022-23,2022-12-03,Punjab FC,Mumbai City FC,Mohali,4-3-3,4-3-3,54.5,45.5,3,3,0,0,0,0,0,0,6,1,5,2,0,0,7.03,6.75,7.26,6.88,60.6,30.8,36.0,23.1,9,5,8,14,4,2,1,1,4,2,2,2,46.9,35.8,32.6,48.8,3,1,Overcast,Average,Night,0.2,10.0,6.37,6.92,2,2,8.9,6,6,25.5,16.8,,0.42,0.43,Draw,1,1
ISL00802,2022-23,2022-12-04,Mumbai City FC,Hyderabad FC,Mumbai,5-3-2,4-4-2,53.6,46.4,2,4,3,2,2,1,0,2,4,4,5,7,0,0,7.68,6.68,6.24,6.66,43.0,20.1,56.4,36.7,9,12,14,13,0,1,1,1,1,2,1,2,21.8,24.8,23.0,40.7,1,0,Clear,Good,Day,4.2,8.6,8.21,6.12,3,1,8.6,7,11,22.0,16.3,Home,0.44,0.33,Home_Win,3,0
ISL00803,2022-23,2022-12-05,Jamshedpur FC,Mumbai City FC,Jamshedpur,4-4-2,3-5-2,46.0,54.0,5,0,0,1,0,0,1,0,9,4,1,1,0,0,7.57,7.1,8.39,6.93,81.0,42.0,50.3,33.2,2,11,13,16,1,0,2,0,1,1,2,0,29.8,45.4,34.4,53.1,1,1,Humid,Good,Night,3.9,8.7,8.02,7.18,4,0,1.4,7,7,26.6,24.8,,0.46,0.42,Away_Win,0,3
ISL00804,2022-23,2022-12-06,Odisha FC,Chennaiyin FC,Bhubaneswar,4-3-3,4-3-3,58.1,41.9,2,7,0,3,0,0,2,1,7,5,3,2,0,0,7.59,6.99,6.54,7.58,46.5,28.3,46.5,31.5,11,13,7,10,4,2,0,1,4,3,1,1,18.1,20.7,15.2,42.7,3,0,Rainy,Good,Day,7.6,1.3,3.95,9.21,0,2,7.2,7,6,23.3,9.8,,0.5,0.34,Away_Win,0,3
ISL00805,2022-23,2022-12-06,Bengaluru FC,Punjab FC,Bengaluru,5-3-2,4-3-3,44.2,55.8,6,4,0,0,0,0,0,0,0,3,2,1,0,0,6.6,5.9,6.25,6.4,51.3,34.8,45.4,25.9,11,16,9,7,1,1,0,1,3,1,1,1,39.6,15.6,34.5,37.6,1,1,Clear,Good,Night,9.2,8.9,8.04,8.52,2,2,6.8,5,6,5.4,22.6,,0.34,0.44,Draw,1,1
ISL00806,2022-23,2022-12-07,NorthEast United FC,Punjab FC,Guwahati,4-2-3-1,4-2-3-1,56.9,43.1,1,8,1,2,0,1,1,1,3,6,4,1,0,0,6.91,7.38,5.98,7.87,55.5,25.0,44.8,27.6,8,9,16,14,2,1,1,0,3,2,1,0,16.4,49.6,42.3,17.0,2,0,Rainy,Average,Night,4.4,2.5,7.35,7.18,2,3,4.1,6,6,22.7,11.3,,0.36,0.35,Away_Win,0,3
ISL00807,2022-23,2022-12-08,Bengaluru FC,Jamshedpur FC,Bengaluru,4-3-3,5-3-2,59.8,40.2,6,6,1,2,1,0,2,0,3,4,4,4,0,0,5.56,6.85,5.89,6.32,52.0,34.0,46.7,21.9,12,18,12,9,1,1,1,2,2,1,1,2,50.6,26.2,48.1,20.3,3,2,Overcast,Good,Night,1.1,6.3,8.99,5.22,3,2,9.8,6,6,15.8,22.0,,0.43,0.32,Away_Win,0,3
ISL00808,2022-23,2022-12-10,East Bengal FC,FC Goa,Kolkata,4-2-3-1,5-3-2,49.0,51.0,11,6,1,0,0,1,0,0,4,4,3,2,0,0,7.72,6.87,5.92,6.18,31.9,20.5,53.1,32.7,12,14,6,17,3,3,1,0,3,3,1,2,52.1,44.1,29.0,45.5,0,1,Rainy,Average,Night,9.8,9.9,6.1,7.14,2,2,8.8,10,5,7.1,28.7,Away,0.31,0.34,Home_Win,3,0
ISL00809,2022-23,2022-12-10,Hyderabad FC,Jamshedpur FC,Hyderabad,4-3-3,4-4-2,58.0,42.0,4,3,0,3,0,0,2,1,3,3,0,3,1,0,6.89,6.83,6.48,6.85,46.9,29.2,30.6,17.7,12,19,5,8,0,1,3,2,0,1,4,2,41.9,32.9,38.0,49.1,1,1,Overcast,Average,Night,9.5,5.5,8.35,6.14,0,2,7.4,10,6,19.6,6.3,,0.34,0.34,Away_Win,0,3
ISL00810,2022-23,2022-12-12,Odisha FC,Chennaiyin FC,Bhubaneswar,4-3-3,3-5-2,60.4,39.6,5,3,2,0,1,1,0,0,2,4,2,3,0,0,7.38,7.4,6.75,6.2,39.7,19.1,42.3,21.3,5,9,11,15,0,2,2,0,1,3,2,0,40.2,49.8,33.2,30.4,1,1,Clear,Poor,Night,8.9,5.6,6.64,8.15,0,2,9.0,7,8,6.6,6.7,,0.44,0.45,Home_Win,3,0
ISL00811,2022-23,2022-12-13,Bengaluru FC,NorthEast United FC,Bengaluru,3-5-2,4-2-3-1,51.6,48.4,9,6,4,3,2,2,2,1,8,8,4,6,0,0,6.7,6.94,7.5,6.84,61.2,28.4,47.2,24.2,8,13,7,14,1,1,2,0,2,1,3,1,27.9,51.6,29.0,26.6,0,2,Clear,Good,Day,2.3,8.6,6.56,8.02,0,3,2.6,5,3,16.7,27.0,,0.31,0.36,Home_Win,3,0
ISL00812,2022-23,2022-12-15,Hyderabad FC,Punjab FC,Hyderabad,3-5-2,4-4-2,39.7,60.3,2,6,0,2,0,0,0,2,8,2,0,2,0,0,6.8,7.04,6.76,6.07,40.7,25.8,34.6,21.7,11,20,12,10,3,1,1,1,3,1,1,2,42.6,32.9,36.2,21.2,1,0,Overcast,Good,Night,8.1,3.7,8.3,6.61,3,2,4.2,9,6,7.4,8.9,Home,0.47,0.33,Away_Win,0,3
ISL00813,2022-23,2022-12-20,FC Goa,Kerala Blasters,Goa,4-4-2,5-3-2,43.9,56.1,3,2,0,1,0,0,1,0,3,5,2,3,0,0,7.49,6.97,6.81,7.87,19.5,11.9,14.5,7.3,10,13,8,8,5,2,0,0,6,4,0,1,46.5,33.4,44.6,16.5,2,0,Rainy,Good,Night,8.6,3.6,7.47,4.38,3,1,9.0,5,13,27.5,10.6,,0.45,0.32,Away_Win,0,3
ISL00814,2022-23,2022-12-20,Jamshedpur FC,Odisha FC,Jamshedpur,4-2-3-1,4-3-3,54.8,45.2,5,2,0,1,0,0,1,0,6,4,1,2,0,0,7.67,6.74,6.91,7.03,73.8,40.0,20.7,11.1,8,12,14,13,1,0,0,2,1,2,0,4,51.0,40.7,15.4,30.5,0,1,Humid,Good,Night,4.2,6.1,6.81,5.73,3,1,5.5,9,10,19.8,19.2,Home,0.48,0.45,Away_Win,0,3
ISL00815,2022-23,2022-12-26,East Bengal FC,Odisha FC,Kolkata,4-2-3-1,4-3-3,44.3,55.7,3,5,3,1,1,2,1,0,11,5,4,3,0,0,7.06,7.95,7.51,6.84,60.1,32.2,59.1,32.2,16,15,12,13,2,1,3,1,2,2,3,3,39.3,31.4,24.8,22.6,3,2,Rainy,Average,Night,5.9,8.0,6.77,5.19,2,3,7.0,10,12,5.9,7.7,,0.33,0.39,Home_Win,3,0
ISL00816,2022-23,2022-12-27,East Bengal FC,Kerala Blasters,Kolkata,5-3-2,5-3-2,51.5,48.5,7,7,1,2,1,0,2,0,5,4,1,2,0,0,7.03,7.29,7.14,6.41,67.4,30.9,42.8,27.4,6,16,8,14,2,2,0,0,3,2,1,0,30.5,22.1,17.6,42.2,1,1,Rainy,Good,Night,4.5,3.1,6.89,7.19,1,2,9.8,12,13,15.0,18.1,,0.35,0.48,Away_Win,0,3
ISL00817,2022-23,2022-12-27,Punjab FC,Jamshedpur FC,Mohali,3-5-2,4-2-3-1,42.5,57.5,5,3,1,1,1,0,1,0,6,5,2,7,0,0,7.13,7.65,7.6,7.5,31.7,22.1,50.2,25.0,14,11,7,11,1,0,3,2,2,0,3,2,45.3,24.9,19.6,16.6,5,0,Humid,Good,Night,3.6,0.4,5.39,6.32,2,3,8.8,8,6,17.8,21.2,Away,0.37,0.42,Draw,1,1
ISL00818,2022-23,2022-12-28,Bengaluru FC,Punjab FC,Bengaluru,3-5-2,4-4-2,51.4,48.6,8,2,2,2,2,0,1,1,5,11,1,3,0,0,6.72,7.71,6.45,7.9,37.5,24.7,53.5,25.1,6,14,8,11,1,1,1,2,1,1,2,3,35.4,51.2,44.9,31.0,0,1,Overcast,Good,Night,5.3,8.2,6.1,8.42,1,2,6.9,7,9,6.5,13.1,,0.41,0.33,Draw,1,1
ISL00819,2022-23,2022-12-29,Chennaiyin FC,FC Goa,Chennai,4-2-3-1,4-3-3,63.5,36.5,10,6,2,0,1,1,0,0,5,6,1,2,0,0,7.18,7.05,7.39,6.6,54.6,37.9,44.6,22.1,7,14,7,13,2,0,1,4,2,0,1,4,51.7,15.0,41.7,22.1,5,5,Rainy,Average,Night,9.7,9.6,8.43,9.6,1,1,8.3,8,4,15.8,25.7,,0.32,0.4,Home_Win,3,0
ISL00820,2022-23,2022-12-30,ATK Mohun Bagan,Jamshedpur FC,Kolkata,4-4-2,4-3-3,44.4,55.6,5,1,1,0,1,0,0,0,2,6,4,5,0,0,6.49,7.96,7.11,7.42,57.1,37.4,56.1,35.2,9,12,9,10,3,2,1,0,4,3,2,0,44.9,30.3,45.1,50.9,2,0,Clear,Good,Night,0.9,8.4,8.71,8.06,1,3,4.7,7,7,16.1,16.2,,0.42,0.45,Home_Win,3,0
ISL00821,2022-23,2022-12-30,Bengaluru FC,Hyderabad FC,Bengaluru,3-4-3,4-4-2,49.0,51.0,3,8,1,1,0,1,0,1,9,3,2,2,0,0,6.36,7.89,7.39,7.26,34.0,19.2,25.4,11.8,6,18,14,21,0,0,2,2,0,2,2,2,51.0,35.1,50.5,19.8,0,0,Humid,Average,Night,1.8,8.1,7.96,6.45,1,2,3.0,8,6,22.8,9.0,,0.3,0.37,Draw,1,1
ISL00822,2022-23,2022-12-30,ATK Mohun Bagan,Hyderabad FC,Kolkata,4-3-3,3-5-2,52.8,47.2,4,2,1,0,1,0,0,0,4,7,1,3,0,0,5.09,6.61,7.1,7.61,41.3,27.3,51.7,30.4,17,14,5,14,2,0,5,1,2,0,6,2,27.6,37.6,18.9,54.9,2,2,Overcast,Good,Day,6.1,1.7,6.89,7.22,2,2,2.0,7,4,16.6,22.5,,0.39,0.47,Home_Win,3,0
ISL00823,2022-23,2023-01-01,Hyderabad FC,NorthEast United FC,Hyderabad,4-2-3-1,3-4-3,58.4,41.6,8,6,1,0,0,1,0,0,4,6,2,4,0,0,6.42,8.26,6.76,7.35,45.0,22.5,43.3,24.9,5,14,6,11,2,3,0,1,2,4,1,3,35.1,38.9,23.5,51.8,1,0,Clear,Average,Night,4.0,7.7,7.33,5.25,1,2,5.5,1,3,26.1,15.9,,0.5,0.42,Home_Win,3,0
ISL00824,2022-23,2023-01-05,Bengaluru FC,ATK Mohun Bagan,Bengaluru,3-5-2,4-2-3-1,50.9,49.1,3,7,0,1,0,0,1,0,7,4,2,4,0,0,6.54,7.73,6.12,6.55,58.3,36.0,63.0,34.2,12,8,7,13,1,0,0,1,1,0,0,2,51.7,35.6,47.2,41.8,1,3,Clear,Good,Day,8.7,8.4,7.33,6.56,3,0,9.0,6,9,11.1,10.6,,0.43,0.44,Away_Win,0,3
ISL00825,2022-23,2023-01-06,Bengaluru FC,Kerala Blasters,Bengaluru,3-5-2,4-2-3-1,34.8,65.2,5,6,2,0,1,1,0,0,8,11,2,1,0,0,6.47,6.08,8.18,6.89,42.5,21.6,44.5,23.9,10,10,7,17,0,1,2,1,3,1,2,1,25.8,35.2,32.7,36.1,1,2,Clear,Poor,Day,6.7,6.9,5.64,7.74,0,2,4.6,5,13,11.1,18.6,,0.31,0.37,Home_Win,3,0
ISL00826,2022-23,2023-01-10,Punjab FC,Kerala Blasters,Mohali,4-2-3-1,4-2-3-1,47.3,52.7,6,8,2,1,1,1,0,1,4,1,1,4,0,0,7.4,5.57,6.65,7.12,52.9,29.0,42.5,24.8,8,11,11,10,1,0,4,3,1,2,4,6,33.2,20.4,41.6,38.5,2,1,Humid,Good,Night,8.8,5.4,6.54,6.88,3,0,7.1,9,12,16.8,8.6,Home,0.35,0.31,Home_Win,3,0
ISL00827,2022-23,2023-01-11,ATK Mohun Bagan,Kerala Blasters,Kolkata,4-2-3-1,3-4-3,51.9,48.1,2,12,0,0,0,0,0,0,7,6,0,2,0,0,6.02,6.52,6.75,6.46,29.7,19.8,36.5,17.0,5,11,10,9,1,0,2,0,2,0,3,0,53.0,49.6,50.5,54.9,2,3,Clear,Good,Day,3.7,7.0,8.38,8.47,2,2,2.0,12,9,20.9,11.7,,0.43,0.39,Draw,1,1
ISL00828,2022-23,2023-01-11,Kerala Blasters,Hyderabad FC,Kochi,4-2-3-1,3-4-3,45.9,54.1,3,4,0,1,0,0,1,0,3,4,3,6,0,0,7.26,8.21,6.51,6.7,43.0,23.9,48.3,25.6,12,9,7,10,0,1,4,2,1,2,4,3,49.7,34.8,20.8,19.4,1,2,Rainy,Good,Night,7.1,4.6,5.76,7.03,3,1,9.8,7,4,11.8,22.1,Away,0.33,0.36,Away_Win,0,3
ISL00829,2022-23,2023-01-12,Bengaluru FC,East Bengal FC,Bengaluru,3-4-3,4-4-2,47.4,52.6,12,8,5,0,3,2,0,0,8,7,2,1,0,0,6.7,6.48,6.59,6.68,48.6,32.7,48.1,26.7,9,15,11,14,1,2,1,3,1,3,1,3,37.5,28.9,33.1,24.8,0,1,Clear,Good,Night,10.0,2.9,6.89,7.09,2,0,3.9,8,9,21.4,7.6,,0.4,0.38,Home_Win,3,0
ISL00830,2022-23,2023-01-12,East Bengal FC,Chennaiyin FC,Kolkata,4-3-3,3-5-2,45.2,54.8,3,11,1,2,1,0,2,0,6,5,2,2,0,0,6.99,7.21,7.08,6.02,43.1,25.9,51.6,25.0,4,11,2,19,2,0,2,2,3,0,2,3,34.3,32.1,40.4,34.6,3,2,Clear,Average,Night,9.7,7.6,7.9,8.34,0,5,5.9,6,10,7.9,27.2,Away,0.46,0.46,Away_Win,0,3
ISL00831,2022-23,2023-01-13,Kerala Blasters,Mumbai City FC,Kochi,4-3-3,3-4-3,48.9,51.1,5,4,3,0,2,1,0,0,6,9,0,1,0,0,6.38,7.32,6.99,6.67,57.3,30.0,65.5,38.1,8,13,16,10,3,1,2,1,3,2,3,1,22.5,37.6,27.3,17.8,0,3,Overcast,Good,Night,3.3,5.4,7.06,8.27,3,1,3.3,4,10,5.3,22.3,,0.48,0.46,Home_Win,3,0
ISL00832,2022-23,2023-01-14,Bengaluru FC,Chennaiyin FC,Bengaluru,5-3-2,4-4-2,58.8,41.2,3,6,1,2,1,0,1,1,4,3,1,1,0,0,7.14,7.73,6.72,7.56,33.0,17.0,44.3,23.4,8,14,4,20,3,1,5,2,4,4,5,2,29.2,27.8,23.0,32.4,2,1,Overcast,Good,Night,9.9,9.4,4.8,5.94,1,2,7.3,8,12,26.1,16.1,Home,0.35,0.46,Away_Win,0,3
ISL00833,2022-23,2023-01-22,ATK Mohun Bagan,Punjab FC,Kolkata,5-3-2,3-4-3,49.2,50.8,9,5,0,2,0,0,2,0,6,7,2,1,0,0,5.81,7.31,6.81,7.22,39.0,17.6,45.3,21.1,8,8,8,12,1,1,1,1,2,1,2,1,37.0,46.4,43.9,51.1,0,0,Overcast,Poor,Day,2.4,0.7,4.4,8.14,3,0,6.9,10,11,18.9,5.0,,0.33,0.47,Away_Win,0,3
ISL00834,2022-23,2023-01-25,Bengaluru FC,NorthEast United FC,Bengaluru,4-4-2,4-3-3,51.5,48.5,9,3,2,0,1,1,0,0,5,2,0,0,0,0,7.24,7.22,6.81,7.54,46.6,27.6,42.2,20.3,15,10,10,9,1,1,2,0,1,2,2,2,35.9,42.2,15.1,24.9,0,3,Humid,Good,Night,1.6,1.1,7.56,6.88,1,2,6.8,7,0,27.6,26.7,,0.41,0.4,Home_Win,3,0
ISL00835,2022-23,2023-01-26,East Bengal FC,FC Goa,Kolkata,3-5-2,3-4-3,41.9,58.1,4,4,5,1,5,0,1,0,2,7,2,2,0,0,6.49,7.18,6.92,6.61,31.2,20.6,30.1,16.0,6,9,8,7,2,3,1,1,3,4,1,1,44.7,36.8,49.8,47.4,2,1,Clear,Average,Night,7.8,7.4,8.19,5.87,3,1,8.0,6,3,28.9,22.2,,0.38,0.46,Home_Win,3,0
ISL00836,2022-23,2023-01-26,East Bengal FC,Bengaluru FC,Kolkata,3-4-3,5-3-2,57.2,42.8,10,6,1,1,0,1,1,0,7,1,2,2,0,0,6.5,7.4,5.7,7.19,46.1,23.3,34.2,21.0,8,20,8,14,2,0,3,0,2,1,4,0,19.6,35.1,46.8,47.4,0,0,Clear,Good,Night,7.9,6.9,6.76,7.61,0,2,8.7,6,9,27.1,11.9,,0.33,0.32,Draw,1,1
ISL00837,2022-23,2023-01-30,Kerala Blasters,NorthEast United FC,Kochi,5-3-2,3-4-3,47.9,52.1,8,5,2,1,2,0,1,0,5,4,6,3,0,0,6.58,6.17,7.1,6.84,43.2,24.6,30.4,19.8,11,10,6,19,2,1,2,2,2,2,2,3,47.1,42.7,37.0,28.5,2,2,Rainy,Good,Day,3.1,9.8,5.17,3.8,3,0,2.3,4,0,26.0,8.3,Home,0.32,0.39,Home_Win,3,0
ISL00838,2022-23,2023-02-01,Hyderabad FC,Kerala Blasters,Hyderabad,4-4-2,3-4-3,42.0,58.0,3,4,3,0,2,1,0,0,6,6,0,0,0,0,6.57,7.09,7.33,7.29,51.5,35.8,49.2,28.1,4,12,9,18,3,2,1,0,3,2,2,0,45.9,40.4,44.3,54.4,1,1,Overcast,Good,Night,0.2,5.3,8.02,8.21,2,2,4.1,7,7,23.8,26.1,,0.42,0.38,Home_Win,3,0
ISL00839,2022-23,2023-02-01,Bengaluru FC,Chennaiyin FC,Bengaluru,4-4-2,4-2-3-1,62.8,37.2,1,1,0,0,0,0,0,0,5,0,5,5,0,0,6.94,7.39,7.32,6.08,41.8,22.9,25.3,11.7,11,12,5,10,1,0,3,1,2,0,4,3,31.0,32.6,50.8,28.4,2,0,Overcast,Good,Night,9.4,2.9,6.37,6.25,1,3,9.5,10,12,21.5,11.2,,0.41,0.43,Draw,1,1
ISL00840,2022-23,2023-02-05,Jamshedpur FC,Hyderabad FC,Jamshedpur,4-3-3,5-3-2,38.6,61.4,17,7,4,1,2,2,1,0,1,7,3,3,0,0,6.56,7.18,7.84,7.5,62.2,42.6,50.5,30.4,7,11,11,17,1,0,1,0,1,1,2,1,48.9,22.1,41.7,16.4,1,1,Humid,Good,Night,6.0,1.3,5.67,6.05,3,0,7.2,7,10,28.3,26.7,,0.45,0.34,Home_Win,3,0
ISL00841,2022-23,2023-02-06,NorthEast United FC,Hyderabad FC,Guwahati,3-5-2,5-3-2,53.2,46.8,1,2,0,0,0,0,0,0,0,3,3,0,0,0,6.36,8.38,5.7,6.38,35.8,23.5,47.3,32.0,1,13,9,12,3,1,3,0,5,2,3,1,17.5,46.5,49.9,36.3,3,1,Humid,Average,Night,5.2,8.6,7.05,5.49,2,2,4.4,0,9,29.7,30.0,,0.44,0.48,Draw,1,1
ISL00842,2022-23,2023-02-07,Bengaluru FC,Hyderabad FC,Bengaluru,3-5-2,3-5-2,58.1,41.9,2,3,0,0,0,0,0,0,6,8,2,2,0,0,5.79,7.0,6.92,6.44,36.9,21.2,30.7,14.2,11,9,13,14,2,1,3,2,3,1,4,3,49.6,33.3,48.4,47.3,1,0,Rainy,Good,Night,8.3,7.8,7.33,7.91,1,1,4.3,8,10,24.2,22.3,,0.32,0.47,Draw,1,1
ISL00843,2022-23,2023-02-09,East Bengal FC,Jamshedpur FC,Kolkata,4-2-3-1,3-4-3,54.1,45.9,3,2,1,2,0,1,2,0,4,1,2,3,0,0,6.42,7.79,6.58,7.3,51.0,31.1,63.4,34.0,10,10,11,16,1,0,1,2,2,1,3,2,19.2,39.7,20.4,41.1,0,1,Humid,Good,Night,6.6,7.5,6.14,9.37,3,2,2.9,4,7,19.8,16.5,Away,0.39,0.38,Away_Win,0,3
ISL00844,2022-23,2023-02-10,FC Goa,NorthEast United FC,Goa,5-3-2,4-3-3,35.3,64.7,5,4,1,1,0,1,1,0,5,3,2,4,0,0,8.12,7.99,6.42,7.85,61.7,28.8,22.0,10.0,7,16,5,9,2,1,2,1,3,2,2,1,21.3,31.0,19.8,25.4,1,1,Rainy,Average,Night,9.8,9.9,8.02,6.85,2,2,5.9,0,1,13.0,25.7,Home,0.45,0.45,Draw,1,1
ISL00845,2022-23,2023-02-10,East Bengal FC,Jamshedpur FC,Kolkata,4-2-3-1,4-3-3,45.5,54.5,5,9,0,1,0,0,1,0,6,6,2,1,0,0,7.32,7.39,7.35,6.96,28.2,16.3,51.1,30.4,7,15,6,12,1,3,4,0,2,4,4,0,37.1,35.6,49.5,20.4,1,0,Overcast,Average,Night,5.6,2.0,7.3,8.0,2,3,8.3,4,7,27.4,17.1,Home,0.41,0.45,Away_Win,0,3
ISL00846,2022-23,2023-02-15,Bengaluru FC,FC Goa,Bengaluru,3-5-2,3-5-2,58.1,41.9,6,6,2,1,2,0,1,0,4,4,3,3,0,0,6.89,7.26,6.31,6.48,43.1,27.6,20.7,9.9,14,14,7,11,3,1,0,0,3,1,1,0,23.7,23.8,46.7,41.0,1,2,Overcast,Average,Day,9.2,9.5,7.94,7.66,1,3,4.4,6,1,15.9,16.4,,0.49,0.45,Home_Win,3,0
ISL00847,2022-23,2023-02-15,Mumbai City FC,Punjab FC,Mumbai,5-3-2,3-4-3,51.3,48.7,4,2,1,1,1,0,1,0,8,3,4,3,0,0,6.11,6.32,7.02,8.34,52.9,26.9,30.4,20.8,11,13,6,10,2,1,0,0,2,3,0,1,42.0,24.0,33.1,30.5,0,3,Clear,Good,Night,6.2,1.8,5.65,8.37,2,1,8.7,10,11,11.4,5.7,,0.48,0.48,Draw,1,1
ISL00848,2022-23,2023-02-18,Bengaluru FC,Punjab FC,Bengaluru,4-4-2,4-3-3,48.8,51.2,6,9,0,2,0,0,1,1,4,3,0,0,0,0,6.24,7.36,8.11,7.14,39.9,18.5,36.6,20.2,8,12,8,15,2,0,0,1,2,0,0,2,22.7,51.3,47.1,19.3,1,0,Clear,Average,Night,3.5,3.9,5.58,8.52,0,2,7.5,9,9,23.8,9.8,,0.48,0.38,Away_Win,0,3
ISL00849,2022-23,2023-02-19,Mumbai City FC,ATK Mohun Bagan,Mumbai,5-3-2,3-4-3,44.0,56.0,11,2,5,0,5,0,0,0,3,6,2,2,0,0,7.3,7.21,6.4,6.62,32.6,14.9,59.5,36.0,4,17,4,16,2,1,1,0,4,2,1,2,25.0,40.0,51.8,20.8,0,0,Overcast,Good,Night,5.4,4.6,6.14,7.11,4,1,2.7,8,10,15.3,9.7,,0.48,0.37,Home_Win,3,0
ISL00850,2022-23,2023-02-21,Jamshedpur FC,FC Goa,Jamshedpur,3-4-3,5-3-2,60.9,39.1,5,6,1,1,1,0,0,1,4,11,0,2,0,0,6.59,6.32,7.02,7.14,51.0,25.0,55.0,29.3,8,17,9,9,1,0,1,1,2,0,1,1,31.7,39.7,44.0,50.5,0,1,Rainy,Good,Day,0.6,2.4,7.48,6.32,2,3,1.0,10,1,21.0,16.3,,0.47,0.35,Draw,1,1
ISL00851,2022-23,2023-02-21,Kerala Blasters,FC Goa,Kochi,3-4-3,4-4-2,60.9,39.1,12,5,3,2,1,2,1,1,6,5,3,1,0,0,7.06,7.62,6.28,7.28,69.4,35.4,54.6,29.2,11,14,13,13,1,0,1,0,4,1,1,1,45.2,23.9,30.6,36.8,1,2,Clear,Average,Night,7.2,4.6,6.55,6.52,2,2,2.2,7,2,5.5,18.8,Away,0.33,0.47,Home_Win,3,0
ISL00852,2022-23,2023-02-22,Kerala Blasters,East Bengal FC,Kochi,4-2-3-1,4-4-2,57.4,42.6,3,3,0,2,0,0,1,1,6,9,2,4,0,0,6.77,7.89,6.49,7.54,39.7,25.9,23.0,10.4,11,12,9,13,4,0,4,1,5,1,4,1,47.9,23.7,34.1,32.7,2,0,Overcast,Good,Night,1.7,7.7,5.77,6.42,3,1,3.6,9,4,16.2,23.4,Home,0.31,0.46,Away_Win,0,3
ISL00853,2022-23,2023-02-24,ATK Mohun Bagan,NorthEast United FC,Kolkata,5-3-2,3-4-3,59.6,40.4,4,4,2,1,0,2,0,1,7,4,3,1,0,0,7.2,5.69,6.0,8.4,59.2,33.4,38.0,25.3,19,8,12,9,2,0,1,0,3,2,2,1,27.2,15.7,32.9,33.1,1,1,Overcast,Good,Day,5.5,5.5,5.21,5.11,0,4,6.1,7,2,7.3,14.7,Away,0.34,0.32,Home_Win,3,0
ISL00854,2022-23,2023-02-25,Punjab FC,ATK Mohun Bagan,Mohali,5-3-2,3-5-2,58.5,41.5,4,10,2,4,2,0,3,1,2,4,0,1,0,0,7.24,7.13,6.48,7.92,32.8,19.2,56.7,29.3,16,7,7,11,1,0,1,2,3,1,1,2,41.2,37.8,20.4,43.1,4,1,Clear,Poor,Day,0.4,5.3,5.96,8.28,1,3,1.4,11,7,16.8,10.9,Home,0.31,0.35,Away_Win,0,3
ISL00855,2022-23,2023-02-25,Chennaiyin FC,Mumbai City FC,Chennai,4-3-3,5-3-2,31.6,68.4,4,4,0,2,0,0,1,1,4,5,4,2,0,0,6.71,7.07,7.94,7.12,56.2,29.7,39.9,20.4,8,7,10,14,1,0,2,2,1,0,2,2,36.7,41.4,44.2,28.9,1,2,Clear,Good,Night,1.8,4.6,8.56,8.65,1,2,7.0,10,10,22.9,17.6,,0.41,0.3,Away_Win,0,3
ISL00856,2022-23,2023-02-27,Kerala Blasters,Jamshedpur FC,Kochi,4-2-3-1,4-3-3,39.0,61.0,5,7,1,2,1,0,2,0,6,3,4,1,0,0,6.22,6.06,5.84,6.92,42.7,22.4,47.7,25.8,8,11,4,13,2,0,2,3,3,0,2,3,19.0,28.8,27.5,24.1,2,2,Humid,Average,Night,5.0,3.6,5.92,6.05,1,3,6.3,9,10,16.2,18.2,,0.47,0.38,Away_Win,0,3
ISL00857,2022-23,2023-02-28,Kerala Blasters,FC Goa,Kochi,3-4-3,4-3-3,47.2,52.8,5,8,1,0,0,1,0,0,6,6,2,2,0,0,7.51,7.72,6.66,6.74,38.3,22.5,45.3,22.5,11,8,14,10,1,1,1,1,1,2,1,1,50.7,35.3,38.8,37.0,0,0,Overcast,Good,Night,8.6,6.0,7.39,7.29,3,2,3.5,6,2,18.2,9.3,Home,0.39,0.34,Home_Win,3,0
ISL00858,2022-23,2023-02-28,East Bengal FC,FC Goa,Kolkata,3-5-2,3-4-3,47.7,52.3,5,10,0,3,0,0,2,1,3,9,3,4,0,0,6.91,7.38,6.06,8.23,36.1,23.0,51.2,27.0,6,16,8,16,3,1,0,0,3,2,0,0,38.7,28.0,51.9,28.9,3,0,Overcast,Average,Night,0.1,5.7,5.64,6.67,3,1,6.1,7,2,15.6,17.9,Home,0.48,0.4,Away_Win,0,3
ISL00859,2022-23,2023-03-05,Odisha FC,Mumbai City FC,Bhubaneswar,4-3-3,4-3-3,52.7,47.3,7,2,1,0,0,1,0,0,2,7,0,4,0,0,7.21,6.44,6.6,7.54,63.9,31.6,48.5,25.2,6,15,6,17,2,2,1,2,3,3,2,2,28.1,41.4,44.1,27.7,0,1,Overcast,Average,Night,2.4,5.0,6.39,6.73,2,3,5.5,9,10,16.2,16.5,,0.48,0.4,Home_Win,3,0
ISL00860,2022-23,2023-03-12,East Bengal FC,Bengaluru FC,Kolkata,5-3-2,5-3-2,61.6,38.4,3,8,2,2,2,0,1,1,8,6,2,1,0,0,5.9,6.89,5.53,7.1,50.6,28.3,49.6,34.4,9,13,12,10,1,1,1,1,2,2,1,1,54.7,38.6,28.8,24.8,1,3,Overcast,Poor,Night,7.0,3.4,6.28,6.14,0,2,5.1,4,6,9.6,13.4,Away,0.44,0.35,Draw,1,1
ISL00861,2022-23,2023-03-17,NorthEast United FC,Jamshedpur FC,Guwahati,3-5-2,3-5-2,64.9,35.1,5,4,1,0,1,0,0,0,6,0,2,3,0,0,6.93,6.86,6.36,6.99,55.2,33.7,37.8,25.3,8,10,5,17,0,1,3,0,1,1,4,0,30.9,46.0,44.9,48.8,1,1,Overcast,Average,Night,5.5,7.8,7.72,6.84,0,1,7.7,2,13,27.1,8.1,Home,0.42,0.42,Home_Win,3,0
ISL00862,2022-23,2023-03-21,Odisha FC,NorthEast United FC,Bhubaneswar,5-3-2,4-3-3,45.4,54.6,3,10,0,2,0,0,1,1,1,10,0,0,0,0,6.31,6.79,7.11,7.71,41.7,28.8,28.1,14.6,12,12,12,7,4,2,0,1,4,2,0,1,28.2,45.6,20.6,45.3,2,3,Humid,Average,Night,1.0,7.0,8.17,8.06,2,3,4.2,9,5,23.0,14.2,,0.49,0.33,Away_Win,0,3
ISL00863,2022-23,2023-03-22,Jamshedpur FC,Chennaiyin FC,Jamshedpur,3-5-2,4-2-3-1,54.0,46.0,4,9,2,3,2,0,3,0,4,7,4,4,0,0,5.66,6.71,7.56,6.68,44.3,22.9,31.4,20.7,6,17,11,14,3,1,3,2,3,3,5,2,39.3,21.6,32.1,28.2,1,1,Overcast,Good,Night,6.4,6.8,6.2,7.04,3,2,7.8,10,10,14.6,9.3,Both,0.39,0.38,Away_Win,0,3
ISL00864,2022-23,2023-03-23,ATK Mohun Bagan,Punjab FC,Kolkata,3-5-2,5-3-2,49.3,50.7,2,3,0,4,0,0,1,3,4,4,2,1,0,0,6.65,7.23,7.09,7.9,60.1,32.9,49.0,22.5,9,13,7,12,3,1,1,3,5,1,1,3,46.3,53.1,41.8,23.2,1,1,Clear,Average,Day,0.7,2.0,4.64,7.99,4,1,4.7,7,10,7.2,9.9,,0.41,0.34,Away_Win,0,3
ISL00865,2022-23,2023-03-24,Chennaiyin FC,ATK Mohun Bagan,Chennai,3-5-2,4-3-3,35.8,64.2,6,2,1,3,1,0,3,0,5,1,2,2,0,0,6.08,7.43,7.18,6.22,55.5,32.9,44.8,26.5,8,17,10,11,1,0,2,1,3,1,2,2,38.7,20.5,48.1,43.6,0,1,Humid,Good,Night,2.6,1.9,7.9,6.62,0,3,1.4,10,6,8.4,10.1,Away,0.38,0.42,Away_Win,0,3
ISL00866,2022-23,2023-03-24,ATK Mohun Bagan,Chennaiyin FC,Kolkata,5-3-2,5-3-2,57.9,42.1,3,5,3,1,2,1,1,0,2,1,1,5,0,0,6.67,7.86,7.68,6.93,61.1,29.7,34.5,23.0,8,12,4,19,1,2,1,0,1,3,3,0,25.2,53.5,28.7,52.2,1,2,Humid,Poor,Day,7.9,2.9,5.93,6.21,4,0,2.0,9,7,21.1,7.1,,0.33,0.42,Home_Win,3,0
ISL00867,2022-23,2023-03-27,Hyderabad FC,NorthEast United FC,Hyderabad,4-3-3,4-3-3,57.9,42.1,3,9,1,3,0,1,2,1,5,8,4,2,0,0,6.95,6.95,6.12,7.86,44.8,27.0,67.6,34.1,10,10,13,6,1,0,1,1,2,0,2,4,33.9,45.2,26.6,42.0,0,1,Rainy,Average,Night,1.0,9.5,4.51,7.29,2,1,9.2,8,8,9.5,10.9,,0.39,0.36,Away_Win,0,3
ISL00868,2022-23,2023-03-29,FC Goa,Kerala Blasters,Goa,4-3-3,3-5-2,52.1,47.9,5,7,1,3,1,0,1,2,8,3,3,0,0,0,6.49,7.9,8.4,8.0,40.7,28.2,51.0,25.0,3,17,5,9,1,2,1,0,1,3,2,1,42.4,31.0,53.4,53.1,2,1,Rainy,Poor,Day,6.2,6.8,7.68,5.3,2,3,3.5,4,6,22.7,29.1,,0.49,0.4,Away_Win,0,3
ISL00869,2022-23,2023-03-29,Odisha FC,FC Goa,Bhubaneswar,4-3-3,3-4-3,51.8,48.2,8,10,1,0,1,0,0,0,2,6,2,2,0,0,8.33,6.25,6.66,6.28,43.5,22.5,43.5,28.2,14,10,6,16,2,0,2,5,2,0,2,5,18.5,51.0,16.0,36.1,0,1,Clear,Good,Night,4.4,9.8,6.45,5.89,1,2,6.0,9,4,11.5,10.6,Home,0.48,0.34,Home_Win,3,0
ISL00870,2022-23,2023-03-30,Hyderabad FC,Bengaluru FC,Hyderabad,4-2-3-1,3-4-3,50.9,49.1,5,5,0,1,0,0,1,0,4,2,4,1,0,0,6.51,7.8,6.65,6.94,51.2,29.2,36.8,22.6,7,20,13,18,2,2,1,0,2,3,2,1,28.5,42.6,24.5,23.6,0,0,Clear,Good,Night,6.8,2.6,8.23,8.63,1,1,8.1,5,6,26.4,9.0,,0.42,0.48,Away_Win,0,3
ISL00871,2022-23,2023-04-04,Chennaiyin FC,ATK Mohun Bagan,Chennai,3-4-3,5-3-2,47.1,52.9,11,7,1,1,1,0,1,0,3,0,3,1,0,0,6.27,7.49,6.21,6.63,35.7,17.1,10.0,6.9,7,10,5,14,1,1,0,1,1,2,1,1,24.3,47.9,53.3,45.6,3,2,Overcast,Poor,Day,2.1,0.4,7.68,5.05,0,4,1.9,4,12,23.9,18.8,,0.35,0.45,Draw,1,1
ISL00872,2022-23,2023-04-07,ATK Mohun Bagan,NorthEast United FC,Kolkata,3-5-2,4-2-3-1,39.1,60.9,7,8,2,1,1,1,1,0,7,5,1,1,0,0,6.16,6.21,7.46,6.17,37.0,21.4,60.7,29.7,7,12,10,14,0,1,4,0,0,1,5,1,53.9,50.9,15.0,33.1,2,0,Overcast,Good,Night,9.5,9.1,5.64,6.93,1,3,7.3,10,10,19.0,13.4,Away,0.33,0.37,Home_Win,3,0
ISL00873,2022-23,2023-04-07,Mumbai City FC,Kerala Blasters,Mumbai,3-4-3,3-4-3,57.2,42.8,10,9,5,2,2,3,2,0,8,3,1,3,0,0,7.06,6.74,7.02,7.24,45.7,31.7,51.4,25.0,7,8,12,11,0,2,0,0,0,3,0,1,43.1,54.5,41.5,45.5,1,2,Clear,Good,Night,9.6,7.3,5.47,5.47,1,3,9.4,7,9,11.8,18.4,,0.34,0.5,Home_Win,3,0
ISL00874,2022-23,2023-04-07,East Bengal FC,Odisha FC,Kolkata,4-4-2,3-5-2,45.5,54.5,2,2,2,0,2,0,0,0,3,4,0,2,0,0,7.4,7.08,6.35,6.51,50.9,29.8,47.9,22.2,10,17,7,12,1,1,2,0,1,2,4,1,51.2,28.0,43.7,27.7,0,2,Clear,Good,Night,7.8,6.4,7.46,5.06,2,3,5.7,4,9,19.5,20.8,,0.42,0.42,Home_Win,3,0
ISL00875,2022-23,2023-04-10,FC Goa,Bengaluru FC,Goa,3-5-2,5-3-2,44.9,55.1,6,11,2,4,1,1,1,3,9,6,2,1,0,0,7.38,7.48,6.45,6.56,34.3,17.3,42.0,22.3,6,12,10,10,4,3,3,0,4,3,4,0,31.9,38.3,23.8,42.0,1,2,Humid,Good,Night,1.9,1.2,8.26,7.37,2,2,4.6,3,8,9.7,12.8,,0.41,0.43,Away_Win,0,3
ISL00876,2022-23,2023-04-10,East Bengal FC,Odisha FC,Kolkata,4-2-3-1,5-3-2,65.0,35.0,2,5,2,3,2,0,0,3,4,3,2,1,0,0,7.29,7.59,7.96,6.98,59.3,31.3,51.9,24.0,10,17,8,10,1,1,1,1,1,1,1,3,17.0,49.6,33.7,43.9,0,3,Clear,Good,Night,2.2,4.2,7.74,6.01,3,2,4.6,7,6,25.3,11.1,,0.42,0.41,Away_Win,0,3
ISL00877,2022-23,2023-04-12,Chennaiyin FC,Odisha FC,Chennai,4-3-3,4-3-3,42.9,57.1,7,7,2,0,2,0,0,0,0,8,4,7,0,0,6.75,6.95,6.55,6.91,38.9,23.6,44.6,26.9,10,15,11,15,0,1,1,2,0,1,3,3,44.5,53.4,39.6,47.3,0,2,Rainy,Good,Night,4.8,9.6,6.87,8.43,2,1,8.4,4,9,28.5,12.6,,0.31,0.32,Home_Win,3,0
ISL00878,2022-23,2023-04-16,FC Goa,ATK Mohun Bagan,Goa,5-3-2,4-2-3-1,31.3,68.7,10,8,1,0,1,0,0,0,5,5,5,2,0,0,7.97,5.96,7.37,6.16,62.1,41.3,41.7,19.7,13,20,11,12,2,0,0,0,2,1,2,1,36.0,19.5,54.6,42.4,2,1,Rainy,Good,Night,7.4,5.7,7.46,8.48,2,2,4.5,3,10,28.2,8.8,,0.37,0.39,Home_Win,3,0
ISL00879,2022-23,2023-04-17,Jamshedpur FC,Odisha FC,Jamshedpur,3-4-3,4-3-3,47.3,52.7,6,5,1,1,0,1,1,0,4,4,1,3,0,0,5.82,7.97,8.42,6.9,37.3,21.0,29.3,16.5,9,20,11,16,2,0,0,2,4,0,0,4,47.0,29.1,33.4,44.3,1,1,Humid,Average,Day,2.7,3.2,5.68,7.54,2,2,1.3,7,6,20.1,20.8,,0.45,0.44,Draw,1,1
ISL00880,2022-23,2023-04-18,Kerala Blasters,Hyderabad FC,Kochi,4-2-3-1,3-4-3,57.2,42.8,6,5,2,1,2,0,1,0,3,4,2,2,0,0,7.22,7.39,6.51,7.77,24.2,13.9,50.2,29.1,15,19,12,19,3,1,0,0,4,1,0,0,52.5,18.3,38.9,46.4,0,1,Humid,Good,Night,4.8,2.2,8.01,8.05,2,2,7.1,6,2,25.0,26.2,,0.5,0.33,Home_Win,3,0
ISL00881,2023-24,2023-10-03,NorthEast United FC,Hyderabad FC,Guwahati,5-3-2,5-3-2,46.9,53.1,6,7,2,2,1,1,1,1,2,2,4,4,0,0,5.48,6.98,6.68,6.19,27.6,18.0,66.2,31.2,8,7,13,15,3,3,2,0,3,3,3,0,45.5,17.1,39.2,38.0,1,1,Clear,Good,Night,5.6,1.6,7.41,6.86,1,2,9.3,9,2,10.1,22.4,,0.43,0.38,Draw,1,1
ISL00882,2023-24,2023-10-04,Jamshedpur FC,Hyderabad FC,Jamshedpur,5-3-2,3-4-3,44.6,55.4,7,5,1,2,1,0,0,2,5,4,4,1,0,0,6.74,6.16,6.39,7.04,49.7,23.7,54.0,33.6,12,21,6,11,3,0,4,2,3,0,5,2,48.1,52.2,39.3,49.3,0,1,Clear,Good,Night,9.9,8.1,8.91,6.48,3,0,4.0,5,2,17.9,20.8,,0.45,0.46,Away_Win,0,3
ISL00883,2023-24,2023-10-05,Jamshedpur FC,Chennaiyin FC,Jamshedpur,3-5-2,4-2-3-1,57.3,42.7,2,3,0,0,0,0,0,0,7,4,2,2,0,0,6.72,6.67,7.49,6.36,47.3,32.5,27.2,19.0,10,16,8,13,3,2,2,1,4,2,2,1,44.0,39.3,20.6,43.8,0,2,Overcast,Good,Night,9.1,1.5,5.77,6.0,2,3,3.3,4,7,19.6,20.0,Home,0.31,0.33,Draw,1,1
ISL00884,2023-24,2023-10-05,ATK Mohun Bagan,NorthEast United FC,Kolkata,3-4-3,3-5-2,41.1,58.9,7,2,2,1,1,1,1,0,6,4,2,2,0,0,6.74,6.38,7.19,7.22,60.1,34.0,55.1,30.2,10,7,8,11,2,1,0,1,2,1,1,4,44.4,41.6,23.5,30.9,0,1,Rainy,Poor,Night,9.7,7.9,7.15,6.11,2,3,3.1,10,10,5.7,21.0,,0.37,0.36,Home_Win,3,0
ISL00885,2023-24,2023-10-06,Kerala Blasters,Jamshedpur FC,Kochi,3-5-2,4-4-2,50.9,49.1,2,5,1,1,1,0,0,1,3,3,4,0,0,0,7.49,6.02,6.08,7.1,57.5,30.6,41.1,23.8,7,9,7,24,2,1,2,0,3,1,4,3,53.3,22.2,53.6,40.6,0,3,Rainy,Average,Night,6.1,6.1,6.65,6.93,0,4,8.8,9,2,17.2,15.9,Away,0.41,0.38,Draw,1,1
ISL00886,2023-24,2023-10-07,ATK Mohun Bagan,Jamshedpur FC,Kolkata,3-5-2,4-3-3,56.2,43.8,1,6,0,0,0,0,0,0,5,5,2,3,0,0,7.2,7.02,6.92,7.55,51.5,33.2,41.3,22.5,10,12,5,18,1,0,1,0,3,1,1,0,20.4,51.4,28.4,22.5,2,0,Humid,Good,Night,6.8,7.1,8.4,6.7,2,2,4.8,10,3,23.7,21.7,,0.4,0.43,Draw,1,1
ISL00887,2023-24,2023-10-12,Odisha FC,East Bengal FC,Bhubaneswar,4-3-3,4-4-2,44.0,56.0,10,3,5,0,4,1,0,0,7,2,1,2,0,0,5.89,7.29,5.72,7.27,47.7,24.5,43.4,30.2,8,12,6,15,0,1,1,0,0,3,1,0,53.1,34.1,30.6,17.4,2,1,Overcast,Good,Night,1.6,7.8,9.15,6.49,2,3,7.3,7,7,8.4,29.3,,0.48,0.38,Home_Win,3,0
ISL00888,2023-24,2023-10-12,East Bengal FC,FC Goa,Kolkata,3-4-3,3-4-3,31.9,68.1,6,7,1,2,0,1,0,2,6,6,1,3,0,0,6.78,8.14,6.89,7.4,57.7,28.1,51.8,34.3,13,12,4,12,2,1,1,0,2,3,1,0,36.9,42.7,28.4,20.3,1,3,Humid,Average,Night,5.2,9.3,6.57,6.62,2,2,8.2,4,6,27.3,20.5,,0.41,0.43,Away_Win,0,3
ISL00889,2023-24,2023-10-14,FC Goa,Bengaluru FC,Goa,4-2-3-1,3-5-2,49.2,50.8,7,9,0,3,0,0,2,1,5,5,1,2,0,0,6.53,6.55,7.46,8.33,24.4,12.6,33.9,23.5,8,17,5,9,2,3,2,0,3,4,3,0,23.7,50.3,50.2,40.5,2,1,Rainy,Average,Night,5.2,7.8,5.79,6.08,1,3,5.8,6,10,5.1,18.4,,0.42,0.47,Away_Win,0,3
ISL00890,2023-24,2023-10-14,Bengaluru FC,Kerala Blasters,Bengaluru,3-4-3,4-3-3,42.1,57.9,3,12,2,3,2,0,2,1,6,6,0,2,0,0,6.18,7.29,6.78,7.56,42.1,26.0,42.5,23.2,11,8,3,20,1,1,3,2,3,1,3,4,41.9,52.5,18.8,47.1,0,2,Humid,Good,Night,9.8,8.2,7.92,8.02,1,2,1.4,10,10,18.7,13.9,Away,0.39,0.39,Away_Win,0,3
ISL00891,2023-24,2023-10-16,Chennaiyin FC,Jamshedpur FC,Chennai,4-3-3,4-2-3-1,50.4,49.6,2,5,0,0,0,0,0,0,8,4,3,0,0,0,6.02,6.39,7.48,7.27,40.8,19.4,39.8,21.1,9,14,9,14,2,2,2,2,2,3,2,3,42.8,49.5,23.8,16.0,1,0,Humid,Poor,Night,7.7,3.7,7.84,7.69,3,1,7.5,5,4,16.3,14.2,,0.34,0.45,Draw,1,1
ISL00892,2023-24,2023-10-18,FC Goa,Bengaluru FC,Goa,3-5-2,4-4-2,53.0,47.0,4,2,1,2,0,1,0,2,4,8,2,1,0,0,7.62,6.61,7.09,7.91,59.2,33.3,57.1,25.9,9,14,7,17,5,1,1,0,6,1,2,1,20.7,29.3,27.0,49.5,1,0,Clear,Average,Night,4.5,4.4,8.49,8.12,1,4,4.7,6,10,18.8,8.9,,0.39,0.45,Away_Win,0,3
ISL00893,2023-24,2023-10-19,Bengaluru FC,ATK Mohun Bagan,Bengaluru,3-5-2,4-2-3-1,69.7,30.3,3,2,0,0,0,0,0,0,5,6,2,1,0,0,6.88,6.48,6.65,7.19,58.0,29.5,36.4,17.1,10,15,12,13,1,0,5,1,2,1,5,1,41.5,49.4,21.9,28.4,1,0,Overcast,Good,Night,8.8,1.8,6.85,8.73,3,1,8.6,12,8,25.5,27.4,,0.33,0.49,Draw,1,1
ISL00894,2023-24,2023-10-22,Punjab FC,East Bengal FC,Mohali,3-4-3,3-5-2,64.5,35.5,8,6,1,0,0,1,0,0,1,7,1,1,0,0,7.77,7.15,7.53,6.86,27.9,16.4,51.3,35.3,4,18,5,9,3,2,1,2,3,3,1,4,37.3,36.6,45.4,21.9,0,0,Humid,Good,Night,3.3,6.0,7.43,7.67,4,0,9.8,10,4,22.0,29.3,Home,0.36,0.46,Home_Win,3,0
ISL00895,2023-24,2023-10-23,Mumbai City FC,Bengaluru FC,Mumbai,4-3-3,4-4-2,37.7,62.3,10,6,4,1,1,3,1,0,4,6,3,1,0,0,5.87,7.64,6.92,7.13,47.5,23.0,69.1,41.2,6,12,13,11,3,1,2,2,4,1,2,2,16.3,24.4,38.2,36.4,2,2,Rainy,Good,Day,4.4,4.0,7.07,6.2,4,1,4.9,10,10,22.4,20.1,,0.41,0.39,Home_Win,3,0
ISL00896,2023-24,2023-10-26,FC Goa,Kerala Blasters,Goa,5-3-2,4-3-3,45.7,54.3,4,8,2,1,1,1,1,0,3,5,1,3,0,0,6.73,7.54,6.54,7.44,59.0,38.0,38.9,21.8,10,11,13,7,3,1,5,1,3,1,7,1,25.6,49.9,40.2,24.6,1,2,Humid,Good,Day,3.6,9.8,10.0,7.19,1,4,7.7,6,10,14.8,15.2,,0.31,0.34,Home_Win,3,0
ISL00897,2023-24,2023-10-28,NorthEast United FC,Mumbai City FC,Guwahati,3-4-3,4-2-3-1,37.9,62.1,15,2,3,0,3,0,0,0,3,4,0,6,0,0,6.47,6.95,6.45,7.5,65.1,44.3,44.2,21.6,6,22,8,12,2,2,2,1,2,2,2,2,38.9,17.1,36.2,30.4,1,1,Humid,Good,Night,9.5,5.0,7.61,8.85,1,1,7.8,7,12,17.9,6.6,,0.5,0.38,Home_Win,3,0
ISL00898,2023-24,2023-10-29,FC Goa,Hyderabad FC,Goa,3-4-3,3-4-3,36.7,63.3,5,6,1,2,0,1,1,1,5,4,2,1,0,0,6.38,7.58,6.04,7.02,30.1,15.9,34.3,23.5,9,18,7,16,4,2,0,1,4,3,2,1,34.9,23.1,43.3,39.6,0,4,Rainy,Good,Night,0.1,1.5,7.42,10.0,1,2,2.0,9,4,6.8,25.7,,0.39,0.5,Away_Win,0,3
ISL00899,2023-24,2023-10-29,Odisha FC,Hyderabad FC,Bhubaneswar,4-2-3-1,4-3-3,52.1,47.9,4,3,3,0,2,1,0,0,6,7,6,1,0,0,7.27,7.05,7.13,6.02,33.5,18.0,40.9,18.8,7,17,9,11,2,2,2,1,3,2,3,3,21.8,16.2,41.9,22.8,0,2,Humid,Average,Night,0.9,9.7,5.79,7.1,1,3,8.3,7,7,11.3,26.0,,0.41,0.37,Home_Win,3,0
ISL00900,2023-24,2023-10-29,ATK Mohun Bagan,Odisha FC,Kolkata,4-4-2,3-5-2,40.1,59.9,4,1,1,0,0,1,0,0,3,7,2,1,0,0,7.58,6.73,6.1,7.47,31.7,19.0,50.6,31.0,6,11,11,17,3,1,2,0,3,1,3,1,33.6,36.7,29.0,27.1,1,2,Overcast,Average,Night,7.7,1.0,7.44,7.63,1,2,5.3,8,10,15.7,16.4,,0.37,0.42,Home_Win,3,0
ISL00901,2023-24,2023-11-06,East Bengal FC,Kerala Blasters,Kolkata,4-3-3,4-4-2,46.4,53.6,2,4,0,1,0,0,0,1,4,2,1,3,0,0,6.67,6.84,7.67,7.35,49.8,31.6,40.4,24.2,12,10,9,10,1,0,2,2,1,0,2,2,17.6,29.9,32.8,50.8,3,2,Humid,Average,Night,5.8,0.9,5.33,6.01,1,3,6.1,3,7,26.1,8.3,Away,0.45,0.33,Away_Win,0,3
ISL00902,2023-24,2023-11-07,Hyderabad FC,FC Goa,Hyderabad,4-2-3-1,3-4-3,42.0,58.0,4,6,2,1,1,1,1,0,4,6,5,1,0,0,6.73,7.04,6.64,7.37,37.3,17.3,52.6,33.3,6,18,9,7,0,3,1,1,2,5,1,1,16.1,26.6,23.4,21.3,1,1,Rainy,Good,Day,1.4,9.6,6.56,6.81,3,0,3.8,7,6,9.0,11.5,Away,0.31,0.35,Home_Win,3,0
ISL00903,2023-24,2023-11-07,Kerala Blasters,Odisha FC,Kochi,4-2-3-1,4-4-2,60.6,39.4,8,1,4,0,4,0,0,0,3,6,1,3,0,0,6.85,7.47,7.97,6.16,43.6,27.0,54.6,34.7,7,14,7,11,0,0,2,2,0,0,2,2,39.4,30.7,30.7,53.3,0,1,Overcast,Good,Night,2.7,8.6,5.34,7.89,1,3,2.3,10,7,24.2,14.0,Home,0.5,0.43,Home_Win,3,0
ISL00904,2023-24,2023-11-09,Odisha FC,FC Goa,Bhubaneswar,3-4-3,5-3-2,46.5,53.5,9,5,1,0,1,0,0,0,8,5,3,4,0,0,6.72,6.71,6.41,7.96,46.0,30.1,39.8,24.6,9,17,4,17,2,0,1,2,3,1,1,2,43.3,49.8,45.1,15.3,0,1,Clear,Good,Night,4.3,4.5,5.01,7.8,2,1,2.7,7,3,15.4,26.2,,0.39,0.43,Home_Win,3,0
ISL00905,2023-24,2023-11-13,Hyderabad FC,Punjab FC,Hyderabad,4-4-2,4-3-3,55.6,44.4,9,5,3,1,3,0,0,1,3,4,4,1,0,0,7.33,7.0,7.13,7.67,47.3,30.7,75.5,44.4,7,19,9,12,0,2,2,1,1,2,2,2,27.3,52.3,18.1,25.0,2,1,Overcast,Poor,Day,8.7,8.6,6.84,6.46,2,3,8.1,10,10,14.7,21.6,Both,0.41,0.36,Home_Win,3,0
ISL00906,2023-24,2023-11-13,ATK Mohun Bagan,Jamshedpur FC,Kolkata,4-2-3-1,5-3-2,51.0,49.0,3,11,0,3,0,0,3,0,6,4,4,1,0,0,7.07,7.89,6.56,7.31,40.4,22.6,32.8,18.3,9,16,10,13,5,0,2,1,5,0,2,1,48.9,46.3,30.2,47.8,0,2,Clear,Good,Night,2.7,3.7,6.53,7.89,2,1,9.9,8,4,6.7,27.2,,0.36,0.37,Away_Win,0,3
ISL00907,2023-24,2023-11-18,Hyderabad FC,Odisha FC,Hyderabad,3-5-2,3-5-2,47.0,53.0,4,8,1,4,0,1,4,0,4,7,2,1,0,0,6.82,6.85,6.92,7.68,57.7,37.8,56.7,36.9,12,18,9,11,3,1,2,0,6,1,4,0,39.6,38.3,28.6,42.7,0,1,Overcast,Good,Night,7.9,3.1,6.26,7.68,3,2,9.1,12,9,24.1,12.8,,0.37,0.34,Away_Win,0,3
ISL00908,2023-24,2023-11-21,Chennaiyin FC,FC Goa,Chennai,4-4-2,3-4-3,49.3,50.7,6,2,1,0,1,0,0,0,3,6,3,1,0,0,5.97,7.0,5.81,8.15,46.9,27.5,45.1,21.8,5,15,6,7,2,0,2,1,4,0,2,1,47.9,53.4,48.0,44.6,1,3,Humid,Average,Night,8.9,7.4,7.81,7.47,2,0,3.6,6,3,17.3,12.5,,0.32,0.45,Home_Win,3,0
ISL00909,2023-24,2023-11-21,East Bengal FC,Hyderabad FC,Kolkata,4-4-2,3-4-3,46.7,53.3,7,6,1,4,0,1,2,2,5,5,1,4,0,0,6.79,7.25,6.31,6.88,61.1,30.3,59.4,30.9,7,10,8,13,0,3,3,1,0,4,3,1,17.2,24.7,37.4,38.5,1,1,Clear,Average,Night,8.0,5.9,6.05,6.04,3,2,4.9,0,9,29.1,6.7,,0.33,0.34,Away_Win,0,3
ISL00910,2023-24,2023-11-22,FC Goa,Jamshedpur FC,Goa,4-3-3,4-2-3-1,58.3,41.7,2,2,0,0,0,0,0,0,5,5,5,2,0,0,6.37,8.49,6.16,7.54,26.6,13.9,32.8,21.2,9,13,7,7,3,1,3,4,3,1,3,6,50.7,51.0,19.1,40.2,1,1,Overcast,Good,Day,8.6,4.9,5.82,7.97,2,2,8.6,3,7,16.8,22.8,,0.34,0.49,Draw,1,1
ISL00911,2023-24,2023-11-23,ATK Mohun Bagan,Bengaluru FC,Kolkata,4-2-3-1,5-3-2,58.5,41.5,2,8,1,0,0,1,0,0,6,3,2,1,0,0,7.22,7.1,6.86,7.42,42.3,25.3,48.8,32.8,10,13,9,21,3,1,3,1,6,2,3,1,16.8,21.7,21.4,17.7,0,2,Humid,Good,Night,0.3,8.7,7.43,8.61,1,2,9.7,8,7,24.2,14.9,Away,0.39,0.33,Home_Win,3,0
ISL00912,2023-24,2023-11-24,Mumbai City FC,Chennaiyin FC,Mumbai,3-5-2,3-4-3,48.9,51.1,7,5,1,2,1,0,1,1,4,3,3,2,0,0,7.39,7.19,6.37,7.86,44.7,26.3,10.0,6.2,4,10,7,9,2,0,2,5,2,0,2,5,36.6,52.8,31.6,36.2,3,2,Humid,Good,Night,5.8,1.5,7.34,8.27,3,0,2.7,9,9,13.1,16.2,Home,0.47,0.45,Away_Win,0,3
ISL00913,2023-24,2023-11-29,Mumbai City FC,Punjab FC,Mumbai,4-4-2,3-4-3,39.1,60.9,8,9,4,1,3,1,1,0,4,2,5,3,0,0,7.68,7.81,7.83,7.05,60.1,39.1,14.3,6.6,11,9,12,8,4,3,3,0,4,5,4,0,41.8,35.9,35.6,22.2,2,2,Overcast,Average,Night,0.3,3.6,7.65,8.9,2,1,2.6,6,9,12.2,23.1,,0.32,0.34,Home_Win,3,0
ISL00914,2023-24,2023-11-29,Mumbai City FC,Jamshedpur FC,Mumbai,3-4-3,4-2-3-1,55.6,44.4,2,9,0,4,0,0,2,2,6,8,0,1,0,0,5.83,7.91,7.35,7.64,29.3,18.4,58.1,38.2,8,14,9,15,1,2,4,1,2,2,5,1,39.7,17.6,46.2,45.3,1,4,Humid,Good,Night,4.9,9.3,8.19,4.76,1,3,1.7,9,7,10.3,8.9,,0.41,0.36,Away_Win,0,3
ISL00915,2023-24,2023-12-02,Odisha FC,ATK Mohun Bagan,Bhubaneswar,4-3-3,3-5-2,45.3,54.7,3,4,0,1,0,0,1,0,9,2,2,2,0,0,6.47,6.97,6.11,6.66,67.4,33.9,41.9,29.0,7,12,8,11,2,0,1,1,4,2,2,1,54.4,32.8,53.9,22.1,2,1,Humid,Good,Night,6.2,2.4,5.94,7.05,2,1,2.9,9,8,23.0,28.4,,0.38,0.36,Away_Win,0,3
ISL00916,2023-24,2023-12-02,Bengaluru FC,Punjab FC,Bengaluru,3-4-3,4-4-2,62.8,37.2,9,7,6,0,4,2,0,0,3,7,2,5,0,0,7.29,6.01,6.06,7.34,39.6,21.8,63.2,35.7,5,8,7,9,2,2,1,2,3,2,1,2,47.5,54.7,35.2,21.6,0,1,Overcast,Good,Night,6.3,8.1,5.88,8.53,0,2,5.7,4,6,19.0,6.6,,0.35,0.44,Home_Win,3,0
ISL00917,2023-24,2023-12-03,Punjab FC,Hyderabad FC,Mohali,3-5-2,3-4-3,39.5,60.5,5,2,3,0,3,0,0,0,2,5,3,10,0,0,6.64,7.28,7.06,6.8,46.6,30.0,62.4,34.2,8,16,13,6,4,2,4,1,6,2,4,1,54.5,34.7,34.6,27.9,1,3,Humid,Good,Day,4.8,9.5,8.76,6.32,3,2,6.1,6,9,25.2,19.0,,0.38,0.36,Home_Win,3,0
ISL00918,2023-24,2023-12-05,Bengaluru FC,Kerala Blasters,Bengaluru,4-4-2,5-3-2,51.9,48.1,3,5,0,3,0,0,3,0,2,2,3,1,0,1,6.75,6.76,7.12,6.62,46.8,26.4,46.2,24.9,6,13,9,11,3,2,4,2,3,2,4,2,29.4,52.9,45.0,48.3,2,3,Rainy,Good,Night,7.6,5.8,7.46,7.34,1,3,1.1,7,10,11.4,9.5,,0.39,0.48,Away_Win,0,3
ISL00919,2023-24,2023-12-06,Hyderabad FC,Punjab FC,Hyderabad,5-3-2,4-4-2,58.2,41.8,7,6,2,1,1,1,1,0,5,4,0,4,0,0,7.1,6.39,6.42,7.15,43.1,21.8,38.6,23.2,8,13,7,12,2,1,2,2,2,3,2,3,30.1,27.6,35.3,22.6,0,0,Overcast,Good,Night,8.8,7.8,6.79,7.07,2,3,2.5,9,6,21.4,13.2,,0.31,0.32,Home_Win,3,0
ISL00920,2023-24,2023-12-08,FC Goa,East Bengal FC,Goa,4-2-3-1,4-2-3-1,58.1,41.9,1,9,0,1,0,0,1,0,6,2,3,1,0,0,6.68,7.24,7.38,7.54,48.5,33.2,29.3,14.4,9,9,11,17,1,2,1,2,1,4,2,2,23.3,17.3,46.3,16.9,3,1,Overcast,Average,Night,1.5,4.5,7.72,7.0,2,2,1.5,1,0,28.7,11.2,,0.39,0.31,Away_Win,0,3
ISL00921,2023-24,2023-12-09,FC Goa,Punjab FC,Goa,4-4-2,4-3-3,67.7,32.3,1,2,1,0,0,1,0,0,4,7,2,3,0,0,6.09,8.0,6.45,6.69,57.5,32.3,36.6,17.7,9,7,7,10,1,2,2,0,3,2,2,0,39.9,46.7,18.0,20.3,3,0,Rainy,Average,Day,4.3,9.1,5.93,6.51,2,3,4.0,1,3,24.5,15.7,,0.41,0.38,Home_Win,3,0
ISL00922,2023-24,2023-12-09,Jamshedpur FC,Kerala Blasters,Jamshedpur,4-4-2,4-3-3,33.3,66.7,6,4,3,0,1,2,0,0,7,2,5,0,0,0,6.54,8.1,6.69,7.38,10.0,5.3,55.0,38.4,8,12,5,12,4,1,2,1,4,1,2,2,16.0,40.6,45.1,36.6,2,0,Humid,Good,Day,6.9,1.8,7.59,6.72,3,0,7.3,9,12,19.3,6.4,,0.44,0.46,Home_Win,3,0
ISL00923,2023-24,2023-12-12,NorthEast United FC,ATK Mohun Bagan,Guwahati,4-3-3,4-4-2,58.8,41.2,1,10,0,1,0,0,0,1,1,2,1,2,0,0,7.12,6.99,7.21,7.33,44.3,25.6,56.0,32.2,6,4,6,13,3,0,2,1,4,0,2,2,35.2,47.6,42.4,19.4,0,1,Rainy,Good,Night,3.2,8.8,7.51,7.75,2,3,3.9,7,10,5.9,8.5,,0.34,0.43,Away_Win,0,3
ISL00924,2023-24,2023-12-13,Mumbai City FC,ATK Mohun Bagan,Mumbai,4-4-2,4-2-3-1,56.8,43.2,3,4,0,3,0,0,1,2,0,4,1,3,0,0,6.43,7.66,6.14,6.98,32.8,17.2,66.3,38.4,14,16,11,12,1,1,2,0,1,1,3,0,28.8,24.1,44.3,31.2,2,1,Humid,Good,Night,4.8,5.2,7.19,6.4,4,1,4.1,6,12,21.0,10.5,,0.34,0.38,Away_Win,0,3
ISL00925,2023-24,2023-12-14,Chennaiyin FC,FC Goa,Chennai,3-4-3,3-4-3,47.2,52.8,7,5,3,0,1,2,0,0,2,6,3,2,0,0,7.7,7.73,6.67,7.06,31.0,16.0,36.9,19.4,11,11,14,15,5,0,2,2,6,1,5,3,32.3,38.7,28.0,16.6,1,4,Humid,Average,Night,4.9,5.6,7.17,6.15,3,0,6.9,11,4,8.6,6.7,Both,0.39,0.42,Home_Win,3,0
ISL00926,2023-24,2023-12-18,Punjab FC,FC Goa,Mohali,3-5-2,4-4-2,43.4,56.6,6,6,0,3,0,0,3,0,4,4,0,0,0,0,6.39,6.43,6.75,7.39,63.5,39.1,58.0,26.7,7,5,6,10,1,1,1,0,2,3,1,1,37.4,43.3,51.9,43.1,1,1,Clear,Average,Day,8.0,7.2,7.04,8.57,3,2,4.7,3,4,25.1,5.8,Home,0.33,0.45,Away_Win,0,3
ISL00927,2023-24,2023-12-18,NorthEast United FC,Punjab FC,Guwahati,4-2-3-1,4-4-2,50.0,50.0,8,7,3,2,2,1,1,1,4,7,0,1,0,0,6.81,7.55,6.87,6.73,51.0,33.1,37.2,17.3,12,10,10,18,4,3,1,0,5,4,1,0,22.8,42.8,24.6,15.6,1,1,Overcast,Average,Night,0.8,8.7,7.85,7.11,2,3,7.0,4,3,23.0,16.9,Away,0.35,0.4,Home_Win,3,0
ISL00928,2023-24,2023-12-22,Mumbai City FC,Chennaiyin FC,Mumbai,4-2-3-1,4-3-3,48.9,51.1,4,10,2,3,0,2,2,1,5,5,0,2,0,0,7.09,6.13,6.79,7.83,51.9,28.7,22.3,10.4,8,14,10,10,3,1,0,1,4,1,0,1,30.2,32.5,25.5,48.2,1,2,Clear,Good,Night,9.2,1.3,6.99,8.34,2,1,1.2,3,11,29.3,16.4,,0.48,0.38,Away_Win,0,3
ISL00929,2023-24,2023-12-22,Chennaiyin FC,NorthEast United FC,Chennai,5-3-2,4-2-3-1,49.3,50.7,6,4,1,0,1,0,0,0,5,8,4,1,0,0,7.12,7.38,5.84,7.83,47.5,23.3,51.8,32.4,11,9,11,16,3,0,2,1,3,0,2,2,49.6,17.0,43.0,29.7,1,2,Humid,Good,Night,0.1,5.2,10.0,7.25,1,3,7.6,13,7,18.3,20.8,,0.32,0.32,Home_Win,3,0
ISL00930,2023-24,2023-12-24,FC Goa,ATK Mohun Bagan,Goa,4-4-2,5-3-2,41.4,58.6,5,7,1,0,1,0,0,0,7,7,3,4,0,0,6.75,8.12,6.82,6.68,29.0,16.5,39.2,25.3,11,14,9,14,1,2,4,2,1,2,4,3,16.2,54.6,21.4,39.3,1,0,Clear,Poor,Night,5.4,5.8,5.71,8.38,3,2,1.3,7,12,13.5,8.6,,0.35,0.38,Home_Win,3,0
ISL00931,2023-24,2023-12-27,Punjab FC,FC Goa,Mohali,3-4-3,3-5-2,37.8,62.2,13,5,2,0,1,1,0,0,9,2,3,1,0,0,6.16,7.44,6.76,6.43,45.1,24.8,55.5,38.2,6,18,14,15,1,1,2,1,2,3,2,1,25.2,17.5,43.1,53.3,0,3,Overcast,Good,Day,9.6,5.9,5.26,8.06,2,3,8.8,3,9,5.7,12.1,,0.35,0.3,Home_Win,3,0
ISL00932,2023-24,2023-12-28,NorthEast United FC,Chennaiyin FC,Guwahati,5-3-2,5-3-2,39.7,60.3,3,6,1,1,1,0,0,1,5,5,2,3,1,0,6.64,8.01,6.87,6.02,30.9,17.3,48.4,33.6,10,20,6,10,1,0,0,2,2,1,1,2,25.4,34.7,32.1,42.1,2,1,Rainy,Average,Day,8.4,9.2,5.73,8.14,3,1,1.8,6,15,10.7,12.9,Away,0.45,0.4,Draw,1,1
ISL00933,2023-24,2023-12-29,FC Goa,Punjab FC,Goa,4-2-3-1,5-3-2,52.5,47.5,2,6,1,1,1,0,0,1,7,9,5,2,0,0,6.66,7.63,6.46,7.72,38.3,19.5,41.0,20.0,9,8,8,18,0,0,1,2,0,0,2,2,54.5,43.8,28.0,36.2,1,0,Overcast,Good,Night,7.2,8.5,9.34,7.54,3,2,9.0,9,3,24.5,27.5,,0.33,0.45,Draw,1,1
ISL00934,2023-24,2023-12-29,Bengaluru FC,FC Goa,Bengaluru,4-3-3,3-4-3,50.4,49.6,6,2,1,0,1,0,0,0,5,4,1,2,0,0,5.98,6.89,7.34,6.94,59.2,38.0,39.6,18.0,10,9,13,14,2,2,2,0,3,2,2,1,32.4,35.9,27.5,49.8,1,0,Rainy,Average,Night,4.2,3.3,7.86,7.82,4,1,4.2,4,7,29.8,29.3,Both,0.48,0.42,Home_Win,3,0
ISL00935,2023-24,2024-01-01,ATK Mohun Bagan,Mumbai City FC,Kolkata,4-4-2,4-2-3-1,44.1,55.9,5,9,1,2,1,0,1,1,4,4,1,3,0,0,6.31,6.65,6.91,7.2,38.3,19.2,44.8,27.8,9,15,10,14,3,2,2,0,4,3,2,0,19.3,41.7,22.5,35.6,2,0,Clear,Good,Night,9.1,6.5,7.46,7.18,2,3,8.4,12,3,11.8,14.6,Home,0.34,0.43,Away_Win,0,3
ISL00936,2023-24,2024-01-02,Kerala Blasters,FC Goa,Kochi,4-2-3-1,4-2-3-1,70.0,30.0,9,5,4,1,4,0,1,0,2,4,3,7,0,0,7.0,6.93,7.66,6.8,45.6,21.0,11.8,6.2,6,18,3,10,1,0,1,0,1,0,2,1,25.3,43.0,17.6,38.1,2,0,Clear,Good,Night,5.2,6.9,6.91,7.05,4,1,3.7,9,7,23.9,16.7,,0.47,0.38,Home_Win,3,0
ISL00937,2023-24,2024-01-04,Jamshedpur FC,East Bengal FC,Jamshedpur,4-3-3,4-4-2,38.5,61.5,8,3,3,2,1,2,1,1,5,6,4,2,0,0,6.15,6.32,6.12,8.69,51.4,32.1,22.8,15.5,11,10,6,15,3,0,2,0,4,1,2,1,34.6,27.7,39.4,53.5,1,3,Humid,Good,Day,9.7,0.0,5.11,5.93,3,2,6.4,11,3,18.3,18.2,,0.42,0.5,Home_Win,3,0
ISL00938,2023-24,2024-01-05,Chennaiyin FC,Mumbai City FC,Chennai,3-5-2,3-5-2,57.1,42.9,4,4,1,2,1,0,2,0,4,1,3,2,0,0,6.64,7.92,6.65,7.51,40.4,25.7,45.9,26.3,10,14,8,8,3,2,0,3,3,4,0,5,27.2,23.6,24.5,21.3,3,1,Rainy,Average,Night,9.6,0.4,8.53,8.9,2,2,4.9,13,6,11.5,15.3,Home,0.48,0.41,Away_Win,0,3
ISL00939,2023-24,2024-01-06,Mumbai City FC,East Bengal FC,Mumbai,3-5-2,3-5-2,49.3,50.7,1,3,0,2,0,0,0,2,4,3,2,1,0,0,6.07,7.12,7.59,6.87,29.2,14.9,38.3,21.4,11,18,8,9,1,2,4,0,1,3,4,2,19.4,53.4,23.1,45.8,2,0,Overcast,Good,Night,6.3,0.5,7.47,7.32,1,3,7.6,6,3,13.5,27.4,Home,0.43,0.39,Away_Win,0,3
ISL00940,2023-24,2024-01-07,FC Goa,ATK Mohun Bagan,Goa,4-3-3,4-3-3,52.9,47.1,5,4,1,0,1,0,0,0,4,9,2,0,0,0,6.53,7.89,6.58,6.98,39.4,19.4,36.2,20.1,13,16,5,16,2,1,2,3,2,2,3,3,40.6,51.6,20.7,46.3,3,1,Rainy,Average,Night,4.5,6.1,9.44,7.65,3,2,3.5,4,9,27.6,21.5,Away,0.32,0.38,Home_Win,3,0
ISL00941,2023-24,2024-01-08,East Bengal FC,Hyderabad FC,Kolkata,4-2-3-1,4-4-2,56.2,43.8,5,8,3,0,2,1,0,0,5,6,3,0,0,0,6.59,7.19,5.65,7.66,14.3,8.5,41.4,21.8,5,15,5,15,0,1,3,1,0,3,3,1,36.1,29.6,46.4,46.5,0,1,Humid,Good,Night,2.3,9.1,8.85,5.31,2,3,7.0,6,9,25.1,24.0,,0.42,0.4,Home_Win,3,0
ISL00942,2023-24,2024-01-14,East Bengal FC,Hyderabad FC,Kolkata,5-3-2,3-5-2,36.6,63.4,7,3,2,1,1,1,0,1,9,4,4,1,0,0,6.24,7.63,7.02,6.86,68.6,46.6,60.4,35.7,2,12,9,18,1,2,1,1,2,3,2,2,50.7,49.9,31.1,35.5,1,0,Overcast,Average,Day,6.8,1.2,8.25,5.15,3,2,4.0,9,6,16.8,27.4,Home,0.44,0.33,Home_Win,3,0
ISL00943,2023-24,2024-01-17,Odisha FC,ATK Mohun Bagan,Bhubaneswar,5-3-2,3-5-2,56.1,43.9,6,2,3,0,2,1,0,0,10,6,1,1,0,0,7.26,6.33,6.86,7.46,25.0,12.8,57.7,28.6,5,14,12,8,4,0,2,0,5,2,2,3,47.4,53.7,40.2,22.3,1,2,Rainy,Average,Night,9.8,4.0,6.17,7.73,1,2,2.4,6,6,27.0,22.6,,0.33,0.43,Home_Win,3,0
ISL00944,2023-24,2024-01-19,ATK Mohun Bagan,Kerala Blasters,Kolkata,5-3-2,3-4-3,43.2,56.8,1,0,1,1,1,0,1,0,2,4,2,3,0,0,7.05,7.54,6.32,6.76,27.9,16.3,43.4,30.1,13,9,7,17,1,1,1,1,1,2,1,1,47.4,45.8,29.4,30.7,1,1,Rainy,Good,Night,0.3,3.6,4.66,6.82,1,2,6.3,3,12,12.5,7.7,Home,0.36,0.39,Draw,1,1
ISL00945,2023-24,2024-01-21,NorthEast United FC,Mumbai City FC,Guwahati,4-3-3,3-5-2,30.8,69.2,4,8,1,2,1,0,1,1,6,2,5,3,0,0,6.76,7.09,6.68,8.28,44.2,22.8,12.3,8.0,7,13,11,14,1,0,1,0,2,1,1,0,26.8,33.6,42.4,21.7,0,0,Clear,Good,Night,2.4,3.0,5.54,8.66,2,1,4.1,7,6,24.7,15.4,,0.4,0.33,Away_Win,0,3
ISL00946,2023-24,2024-01-22,Odisha FC,East Bengal FC,Bhubaneswar,5-3-2,4-3-3,47.6,52.4,6,10,0,3,0,0,2,1,8,2,4,0,0,0,6.78,7.12,7.43,6.68,51.4,32.7,54.2,36.0,10,15,5,12,0,0,1,2,3,0,2,4,37.3,20.5,33.7,17.1,0,1,Overcast,Poor,Night,3.8,6.0,7.12,8.94,3,2,5.4,9,12,8.9,28.7,,0.35,0.41,Away_Win,0,3
ISL00947,2023-24,2024-01-24,Mumbai City FC,Chennaiyin FC,Mumbai,3-4-3,3-5-2,48.7,51.3,7,5,3,2,0,3,2,0,3,9,2,4,0,0,6.66,6.5,7.42,6.83,62.6,35.5,47.9,32.9,7,15,6,13,3,1,3,2,4,2,5,3,47.7,40.1,25.0,42.1,0,1,Clear,Average,Night,8.1,6.2,8.69,6.29,2,2,7.2,9,10,6.6,5.9,,0.36,0.45,Home_Win,3,0
ISL00948,2023-24,2024-01-28,Mumbai City FC,Hyderabad FC,Mumbai,4-3-3,3-5-2,50.9,49.1,6,4,1,1,1,0,1,0,1,5,0,2,0,0,7.53,5.95,6.49,7.17,63.8,34.8,27.1,16.8,7,12,18,14,2,0,3,3,3,1,5,4,52.0,25.6,34.3,43.6,1,3,Overcast,Average,Day,1.4,5.7,8.04,7.19,3,1,6.4,12,6,12.7,20.2,Away,0.48,0.38,Draw,1,1
ISL00949,2023-24,2024-01-29,Chennaiyin FC,Kerala Blasters,Chennai,5-3-2,3-5-2,54.4,45.6,6,5,1,1,0,1,1,0,4,7,1,4,0,0,8.17,7.22,7.87,7.36,47.9,29.4,43.0,29.0,10,16,13,13,0,1,3,1,0,1,3,1,41.9,31.6,37.2,40.1,1,0,Humid,Average,Night,9.6,2.2,7.36,7.5,0,3,1.4,7,10,11.7,20.2,,0.45,0.46,Draw,1,1
ISL00950,2023-24,2024-02-01,ATK Mohun Bagan,Kerala Blasters,Kolkata,4-4-2,4-2-3-1,39.9,60.1,6,9,0,2,0,0,0,2,5,5,2,0,0,0,7.41,8.06,6.76,6.78,57.8,33.7,59.1,37.5,13,15,15,17,2,2,2,2,3,3,2,2,24.3,43.1,50.2,32.7,2,1,Clear,Good,Night,0.8,5.7,5.96,7.78,1,1,8.0,1,8,22.7,27.6,Home,0.33,0.35,Away_Win,0,3
ISL00951,2023-24,2024-02-08,Jamshedpur FC,Bengaluru FC,Jamshedpur,4-3-3,3-5-2,50.3,49.7,3,4,0,0,0,0,0,0,2,6,1,4,0,0,7.16,7.79,7.14,7.01,38.5,19.3,54.2,30.8,6,14,5,7,1,0,1,2,1,0,1,2,24.1,38.2,28.6,25.7,1,3,Overcast,Good,Day,0.0,1.7,7.33,5.1,3,2,4.9,13,6,15.0,6.7,Home,0.32,0.31,Draw,1,1
ISL00952,2023-24,2024-02-11,Jamshedpur FC,Chennaiyin FC,Jamshedpur,3-5-2,4-3-3,32.5,67.5,5,3,1,0,1,0,0,0,3,5,1,4,0,0,7.03,6.21,5.98,6.22,53.5,29.6,27.6,12.6,6,11,10,8,1,1,2,1,2,1,2,1,31.2,26.2,29.9,51.0,0,3,Clear,Average,Night,3.7,0.7,8.18,5.25,1,2,8.0,11,5,14.0,21.8,Away,0.41,0.46,Home_Win,3,0
ISL00953,2023-24,2024-02-12,Jamshedpur FC,East Bengal FC,Jamshedpur,4-3-3,4-3-3,51.5,48.5,6,7,1,1,0,1,0,1,3,7,3,1,0,0,6.63,6.57,6.89,7.38,13.1,9.0,57.1,33.1,5,15,7,9,1,2,2,3,2,2,2,4,50.3,50.5,16.7,54.9,0,1,Clear,Good,Night,7.5,6.6,7.85,6.57,3,2,5.6,13,12,26.0,22.8,,0.47,0.34,Draw,1,1
ISL00954,2023-24,2024-02-12,Punjab FC,Jamshedpur FC,Mohali,4-4-2,4-4-2,45.6,54.4,3,8,0,2,0,0,2,0,1,10,6,0,0,0,7.93,7.24,6.32,6.84,50.1,32.6,40.5,23.7,8,19,5,14,0,1,3,0,0,2,4,0,17.1,54.4,16.2,37.8,0,2,Rainy,Poor,Night,7.9,1.7,6.3,5.34,1,3,3.5,4,11,12.7,23.9,Away,0.35,0.46,Away_Win,0,3
ISL00955,2023-24,2024-02-15,East Bengal FC,FC Goa,Kolkata,4-4-2,3-5-2,43.1,56.9,4,6,2,0,2,0,0,0,7,9,3,3,0,0,6.74,6.62,6.95,7.42,72.6,42.0,33.8,21.4,12,7,9,17,0,1,2,1,1,3,2,1,22.2,28.7,38.3,51.7,0,0,Overcast,Poor,Night,6.8,4.8,8.59,4.65,3,2,8.5,13,4,30.0,12.8,Away,0.44,0.33,Home_Win,3,0
ISL00956,2023-24,2024-02-17,Mumbai City FC,Jamshedpur FC,Mumbai,3-4-3,3-4-3,59.7,40.3,3,7,1,2,1,0,2,0,10,6,4,0,0,0,6.11,7.64,7.58,7.16,33.0,20.3,36.4,24.3,8,13,7,9,0,0,1,0,3,0,2,1,50.7,53.3,50.5,16.1,1,2,Rainy,Poor,Night,7.6,3.6,7.76,6.92,1,3,5.2,10,11,27.0,20.9,,0.35,0.32,Away_Win,0,3
ISL00957,2023-24,2024-02-18,Chennaiyin FC,East Bengal FC,Chennai,4-3-3,3-5-2,56.1,43.9,8,5,4,0,3,1,0,0,6,5,3,2,0,0,5.28,8.2,7.04,8.02,48.3,23.5,46.8,28.4,8,14,15,11,0,3,1,3,0,5,3,4,33.0,38.9,50.9,48.9,2,1,Humid,Average,Night,4.1,3.9,6.0,6.41,5,0,6.8,2,13,26.8,20.5,,0.4,0.31,Home_Win,3,0
ISL00958,2023-24,2024-02-25,Chennaiyin FC,Jamshedpur FC,Chennai,3-5-2,4-2-3-1,58.8,41.2,3,5,1,1,1,0,0,1,3,6,1,3,0,0,6.42,7.6,7.14,7.8,38.9,21.5,30.8,14.5,14,10,9,9,1,1,3,1,1,1,3,2,27.1,17.0,21.7,40.7,1,0,Clear,Average,Night,3.6,1.5,6.25,6.35,1,2,4.9,4,11,29.0,14.0,,0.33,0.36,Draw,1,1
ISL00959,2023-24,2024-02-27,Bengaluru FC,Chennaiyin FC,Bengaluru,4-4-2,4-4-2,50.7,49.3,6,6,0,2,0,0,0,2,5,4,2,4,0,0,6.17,7.03,7.17,5.37,55.9,37.7,27.4,13.0,12,13,11,12,2,1,3,1,4,2,3,4,25.7,15.7,18.0,39.9,1,1,Clear,Good,Day,5.7,6.6,6.74,8.09,1,2,7.4,7,5,16.6,13.3,,0.46,0.5,Away_Win,0,3
ISL00960,2023-24,2024-03-01,NorthEast United FC,Jamshedpur FC,Guwahati,3-5-2,3-5-2,58.0,42.0,5,7,1,2,1,0,0,2,8,3,2,2,0,0,8.27,8.28,7.27,6.82,53.5,26.6,21.5,14.4,11,15,5,12,0,0,2,0,0,0,3,0,27.8,34.2,44.0,30.7,1,3,Humid,Average,Day,7.2,3.0,7.79,7.72,1,1,4.0,4,11,5.1,12.6,Both,0.34,0.42,Away_Win,0,3
ISL00961,2023-24,2024-03-06,Chennaiyin FC,FC Goa,Chennai,4-3-3,4-3-3,62.6,37.4,3,2,1,2,0,1,0,2,3,1,5,6,0,0,6.04,6.63,6.86,6.15,34.5,24.0,53.1,35.6,12,18,9,21,3,2,5,1,4,2,5,1,49.1,33.0,47.6,51.0,1,0,Clear,Good,Night,9.2,1.4,6.47,6.38,4,0,5.5,8,4,25.4,11.7,,0.33,0.38,Away_Win,0,3
ISL00962,2023-24,2024-03-07,NorthEast United FC,Jamshedpur FC,Guwahati,4-2-3-1,4-4-2,60.3,39.7,4,3,0,1,0,0,1,0,3,8,2,2,0,0,6.53,7.75,7.26,7.06,40.1,26.5,44.6,24.5,8,13,6,6,1,2,1,0,1,3,3,0,53.3,46.9,26.6,30.0,2,0,Humid,Good,Night,7.2,0.5,8.39,7.75,1,2,6.2,4,11,27.8,12.7,,0.43,0.36,Away_Win,0,3
ISL00963,2023-24,2024-03-07,East Bengal FC,ATK Mohun Bagan,Kolkata,4-4-2,4-2-3-1,47.3,52.7,3,5,2,1,2,0,0,1,6,5,2,7,0,0,7.13,7.56,6.09,7.33,14.3,8.9,48.5,22.7,5,14,11,11,2,3,1,1,4,3,2,1,33.6,41.2,37.0,53.3,0,2,Clear,Good,Night,4.0,6.3,6.97,6.67,2,0,9.5,10,1,12.1,25.4,,0.36,0.31,Home_Win,3,0
ISL00964,2023-24,2024-03-08,Odisha FC,Bengaluru FC,Bhubaneswar,3-4-3,5-3-2,45.4,54.6,2,5,1,2,0,1,2,0,7,5,1,0,0,0,7.03,6.48,7.31,7.45,36.5,19.8,39.4,18.8,5,16,9,10,1,1,1,0,2,2,1,0,27.0,20.0,28.4,52.8,3,1,Overcast,Good,Day,1.5,7.8,6.33,4.99,0,4,6.7,9,7,10.2,17.2,,0.34,0.45,Away_Win,0,3
ISL00965,2023-24,2024-03-08,Chennaiyin FC,NorthEast United FC,Chennai,4-3-3,3-4-3,57.2,42.8,6,0,1,2,1,0,2,0,6,3,6,1,0,0,7.7,7.02,7.16,6.66,43.9,20.8,50.6,24.2,12,10,8,16,1,1,1,1,1,1,1,3,29.2,28.5,36.1,47.5,0,3,Clear,Average,Night,7.1,5.5,5.99,7.35,1,2,2.9,7,1,10.4,15.1,Both,0.3,0.48,Away_Win,0,3
ISL00966,2023-24,2024-03-15,Hyderabad FC,FC Goa,Hyderabad,4-3-3,4-4-2,47.3,52.7,3,2,0,0,0,0,0,0,3,2,4,1,0,0,7.52,6.92,7.06,6.52,69.5,36.4,48.8,33.1,6,9,6,12,1,0,4,2,3,0,4,2,38.8,32.8,51.6,25.5,1,1,Overcast,Good,Day,1.9,2.6,7.41,4.74,4,0,2.2,4,6,17.1,17.8,,0.33,0.33,Draw,1,1
ISL00967,2023-24,2024-03-16,Chennaiyin FC,East Bengal FC,Chennai,3-4-3,3-4-3,48.4,51.6,2,5,0,3,0,0,3,0,6,5,1,2,0,0,6.5,7.68,6.34,7.19,32.4,20.6,53.0,29.2,9,14,10,11,0,2,2,0,1,2,3,0,35.3,52.4,43.3,23.6,1,1,Overcast,Average,Night,0.3,8.2,7.98,7.35,5,0,4.6,7,10,27.4,11.6,,0.37,0.49,Away_Win,0,3
ISL00968,2023-24,2024-03-16,Kerala Blasters,Bengaluru FC,Kochi,5-3-2,3-5-2,54.6,45.4,5,4,1,1,0,1,0,1,6,3,3,1,0,0,7.52,6.65,6.58,7.48,53.6,29.8,38.7,21.9,12,10,15,16,1,0,1,0,3,0,1,0,24.9,43.3,37.5,16.6,5,0,Rainy,Good,Night,3.2,9.7,6.18,6.0,4,1,8.1,8,7,14.3,27.8,,0.31,0.45,Draw,1,1
ISL00969,2023-24,2024-03-17,Punjab FC,East Bengal FC,Mohali,3-5-2,3-5-2,52.2,47.8,6,6,1,1,0,1,1,0,3,9,1,3,0,0,6.32,7.54,6.43,7.26,28.5,18.5,41.9,27.4,15,13,9,12,2,1,2,1,3,2,2,2,30.1,35.8,51.4,28.0,0,1,Overcast,Good,Night,7.3,5.9,7.62,8.57,4,0,3.1,4,10,27.9,13.7,,0.45,0.35,Draw,1,1
ISL00970,2023-24,2024-03-18,Mumbai City FC,Hyderabad FC,Mumbai,4-4-2,3-5-2,47.1,52.9,6,5,0,1,0,0,0,1,5,6,4,3,0,0,6.22,5.83,7.98,8.03,36.3,18.3,44.5,22.7,9,19,9,13,1,0,2,2,1,0,2,2,41.0,32.0,21.4,27.9,0,0,Overcast,Good,Night,4.6,1.7,6.19,7.06,2,1,9.8,7,5,22.1,12.0,,0.38,0.38,Away_Win,0,3
ISL00971,2023-24,2024-03-18,Bengaluru FC,Chennaiyin FC,Bengaluru,3-5-2,5-3-2,41.6,58.4,4,9,1,3,1,0,0,3,2,5,1,2,0,0,5.91,6.84,6.64,7.77,45.8,30.0,30.9,18.0,9,17,13,19,1,0,2,1,2,0,2,1,22.0,23.5,28.8,23.5,0,2,Humid,Average,Night,7.1,1.5,6.12,7.44,1,2,5.4,8,4,23.1,17.8,,0.38,0.41,Away_Win,0,3
ISL00972,2023-24,2024-03-18,Odisha FC,Mumbai City FC,Bhubaneswar,3-5-2,5-3-2,52.8,47.2,6,13,4,2,4,0,2,0,4,7,3,2,0,0,7.49,6.72,7.01,5.93,34.0,22.6,27.5,16.4,13,17,11,17,3,1,0,2,3,2,0,2,28.9,54.3,53.2,52.0,1,0,Clear,Poor,Day,4.2,7.9,7.21,7.16,3,2,4.5,6,7,24.2,17.6,Home,0.37,0.34,Home_Win,3,0
ISL00973,2023-24,2024-03-20,Jamshedpur FC,Hyderabad FC,Jamshedpur,4-2-3-1,5-3-2,35.3,64.7,7,7,3,2,0,3,2,0,2,5,3,2,0,0,7.69,7.03,5.39,6.91,14.1,8.9,59.6,33.0,8,6,11,9,2,1,3,4,3,2,5,5,24.8,27.8,37.9,16.8,0,2,Overcast,Good,Day,2.0,1.0,5.91,6.51,3,1,9.8,13,5,11.2,17.0,,0.39,0.31,Home_Win,3,0
ISL00974,2023-24,2024-03-20,Kerala Blasters,Jamshedpur FC,Kochi,4-3-3,4-2-3-1,43.8,56.2,10,3,1,0,1,0,0,0,9,1,1,1,0,0,7.57,6.63,6.01,6.67,33.1,16.6,57.9,27.8,12,16,9,12,2,0,3,1,2,1,3,4,39.8,46.0,35.6,50.7,1,1,Overcast,Good,Day,3.0,4.5,7.24,5.67,0,3,4.9,9,13,19.2,17.8,,0.41,0.43,Home_Win,3,0
ISL00975,2023-24,2024-03-24,Kerala Blasters,FC Goa,Kochi,4-2-3-1,4-2-3-1,37.5,62.5,6,5,1,0,0,1,0,0,1,2,3,2,0,0,5.77,6.74,5.73,6.34,49.2,24.9,44.5,24.7,8,10,11,9,3,2,4,1,3,2,4,2,22.9,44.7,34.9,20.9,2,1,Rainy,Good,Night,9.8,8.3,4.93,6.16,4,1,1.8,9,7,21.9,12.9,,0.41,0.45,Home_Win,3,0
ISL00976,2023-24,2024-03-24,Kerala Blasters,Bengaluru FC,Kochi,3-4-3,3-4-3,53.8,46.2,3,7,0,2,0,0,1,1,3,7,3,4,0,0,6.13,7.71,7.29,6.71,48.5,22.6,70.3,33.6,12,8,7,12,1,1,2,1,1,2,3,2,20.4,31.1,27.0,24.7,0,2,Clear,Good,Night,2.0,8.8,6.42,9.04,3,1,10.0,11,5,14.3,28.7,Home,0.37,0.44,Away_Win,0,3
ISL00977,2023-24,2024-03-26,Punjab FC,FC Goa,Mohali,4-2-3-1,4-4-2,47.8,52.2,2,2,1,0,1,0,0,0,5,2,4,5,0,0,6.62,7.7,7.98,7.0,62.0,28.7,30.1,15.9,7,14,8,14,2,1,3,1,2,2,3,1,42.1,35.0,34.4,54.3,1,1,Overcast,Good,Night,7.7,6.7,6.89,6.07,2,2,7.0,5,7,22.3,5.1,,0.36,0.32,Home_Win,3,0
ISL00978,2023-24,2024-03-26,Mumbai City FC,Hyderabad FC,Mumbai,4-3-3,3-5-2,53.5,46.5,7,14,0,2,0,0,1,1,6,4,2,3,0,0,5.97,8.42,6.84,7.45,33.8,21.5,31.4,17.3,7,6,14,9,2,4,3,3,2,6,3,3,34.6,26.8,28.2,51.9,2,0,Overcast,Good,Night,0.1,1.7,7.54,5.83,2,1,4.7,4,5,22.9,27.4,,0.38,0.5,Away_Win,0,3
ISL00979,2023-24,2024-03-27,Mumbai City FC,East Bengal FC,Mumbai,5-3-2,4-2-3-1,51.4,48.6,5,4,0,0,0,0,0,0,3,0,3,2,0,0,6.55,6.24,5.83,6.58,30.4,17.4,49.2,24.5,7,10,12,16,1,1,3,3,3,2,3,4,35.5,42.9,30.9,18.1,3,2,Rainy,Good,Day,4.4,1.5,7.52,7.53,1,3,8.9,1,10,6.6,27.6,,0.31,0.36,Draw,1,1
ISL00980,2023-24,2024-03-27,East Bengal FC,ATK Mohun Bagan,Kolkata,4-4-2,4-3-3,34.0,66.0,6,4,4,0,2,2,0,0,9,1,1,2,0,0,6.51,7.53,5.97,6.36,39.1,25.0,54.7,38.3,7,17,4,10,2,2,6,1,3,2,7,1,19.3,49.5,52.1,37.7,2,1,Humid,Good,Night,6.6,1.9,8.12,8.26,3,0,5.9,8,1,16.8,29.8,Away,0.3,0.37,Home_Win,3,0
ISL00981,2023-24,2024-03-30,East Bengal FC,ATK Mohun Bagan,Kolkata,4-3-3,3-4-3,52.2,47.8,2,8,0,3,0,0,3,0,4,1,4,4,0,0,6.4,8.35,6.68,7.93,37.1,19.3,58.2,36.2,4,7,7,11,0,1,2,0,0,3,3,0,39.7,23.3,44.1,36.3,0,2,Humid,Poor,Night,7.6,4.9,8.6,8.86,3,0,7.8,11,1,7.5,20.3,,0.37,0.41,Away_Win,0,3
ISL00982,2023-24,2024-04-04,Chennaiyin FC,Odisha FC,Chennai,5-3-2,5-3-2,60.0,40.0,7,4,0,0,0,0,0,0,4,4,3,2,0,0,7.56,6.98,7.09,7.65,39.6,21.2,29.3,20.0,14,15,8,18,4,0,3,1,4,0,3,2,21.3,19.8,30.0,24.3,3,0,Overcast,Good,Night,5.8,7.9,7.83,6.88,3,1,3.2,6,6,8.0,24.9,,0.41,0.43,Draw,1,1
ISL00983,2023-24,2024-04-04,East Bengal FC,NorthEast United FC,Kolkata,3-5-2,5-3-2,58.7,41.3,14,6,3,2,1,2,2,0,6,9,3,1,0,0,5.89,7.4,6.46,6.62,38.6,26.0,43.6,29.8,2,12,8,20,2,1,3,2,2,1,5,3,38.1,28.3,18.7,21.5,3,2,Rainy,Average,Night,8.8,7.1,7.79,4.81,1,0,2.3,8,4,16.1,24.6,Away,0.45,0.43,Home_Win,3,0
ISL00984,2023-24,2024-04-06,Odisha FC,NorthEast United FC,Bhubaneswar,4-4-2,5-3-2,58.9,41.1,5,1,2,0,1,1,0,0,3,4,1,3,0,0,6.64,7.69,6.35,6.22,41.9,29.3,38.1,19.9,15,13,9,9,3,3,3,3,4,3,3,4,31.2,45.8,27.1,50.4,0,2,Clear,Good,Day,1.6,3.2,6.0,9.17,2,3,3.8,7,3,28.9,24.0,,0.47,0.36,Home_Win,3,0
ISL00985,2023-24,2024-04-07,Jamshedpur FC,Odisha FC,Jamshedpur,4-3-3,3-5-2,48.7,51.3,4,4,3,2,3,0,2,0,4,5,3,4,0,0,7.0,7.97,5.75,6.49,44.0,20.9,31.3,15.2,9,19,11,11,1,1,0,2,1,1,0,3,27.8,32.3,16.8,25.8,1,1,Clear,Good,Night,3.2,7.8,5.21,5.34,2,2,9.2,10,7,16.9,10.9,,0.5,0.35,Home_Win,3,0
ISL00986,2023-24,2024-04-07,Jamshedpur FC,ATK Mohun Bagan,Jamshedpur,4-4-2,3-4-3,42.5,57.5,3,12,0,4,0,0,2,2,5,3,4,2,0,0,7.57,7.16,7.21,7.5,50.5,32.6,31.9,22.3,7,9,10,12,0,0,2,1,2,0,2,2,26.8,20.4,28.9,50.6,0,1,Rainy,Good,Day,3.8,6.3,8.15,5.99,2,1,4.2,12,4,16.5,21.9,,0.46,0.43,Away_Win,0,3
ISL00987,2023-24,2024-04-10,Chennaiyin FC,ATK Mohun Bagan,Chennai,4-3-3,4-2-3-1,40.4,59.6,16,7,2,1,1,1,0,1,5,5,4,0,0,0,7.15,7.27,6.24,6.8,47.1,27.7,51.4,29.7,13,13,10,17,3,2,3,1,4,2,3,1,46.9,15.7,45.6,26.8,2,1,Overcast,Poor,Night,3.3,1.3,8.64,5.82,0,3,9.9,4,6,21.3,27.9,,0.35,0.36,Home_Win,3,0
ISL00988,2023-24,2024-04-11,Punjab FC,Odisha FC,Mohali,4-2-3-1,4-2-3-1,46.4,53.6,8,7,2,4,1,1,0,4,3,5,1,3,0,0,7.04,7.22,6.12,7.39,48.2,21.7,48.5,30.0,10,12,12,14,2,0,2,2,2,2,2,3,36.7,21.1,43.0,53.7,3,1,Overcast,Good,Night,8.7,9.9,8.38,7.7,2,2,2.5,8,7,17.9,21.6,,0.43,0.43,Away_Win,0,3
ISL00989,2023-24,2024-04-15,East Bengal FC,Bengaluru FC,Kolkata,4-2-3-1,4-3-3,33.3,66.7,7,8,4,3,2,2,2,1,4,4,2,2,0,0,7.8,7.4,6.07,6.79,25.1,15.2,35.7,23.8,11,12,15,10,2,0,1,2,2,1,1,2,29.4,50.9,46.8,32.1,1,2,Humid,Good,Night,5.8,4.6,6.86,8.99,0,2,9.2,8,7,27.4,8.1,,0.37,0.45,Home_Win,3,0
ISL00990,2023-24,2024-04-16,NorthEast United FC,Odisha FC,Guwahati,4-3-3,3-5-2,56.5,43.5,5,7,3,2,2,1,1,1,3,3,3,2,0,0,7.15,5.76,6.38,7.96,60.1,31.3,30.0,16.0,11,15,9,14,0,0,1,3,0,0,2,5,54.2,39.7,51.4,44.8,1,1,Humid,Good,Night,9.3,8.3,8.08,5.71,2,3,9.7,3,10,18.3,19.1,,0.37,0.41,Home_Win,3,0
ISL00991,2024-25,2024-10-02,FC Goa,ATK Mohun Bagan,Goa,3-4-3,3-5-2,42.2,57.8,3,8,1,3,1,0,1,2,9,3,1,2,0,0,6.21,7.47,6.77,6.39,33.6,18.1,40.5,24.2,13,14,13,17,4,0,1,0,5,1,4,0,29.6,52.5,47.2,25.0,0,0,Clear,Poor,Day,8.6,0.5,5.63,5.9,4,1,1.1,4,6,24.9,22.6,,0.37,0.32,Away_Win,0,3
ISL00992,2024-25,2024-10-03,Mumbai City FC,Bengaluru FC,Mumbai,5-3-2,4-4-2,51.4,48.6,5,7,0,2,0,0,1,1,4,7,2,1,0,0,6.94,5.97,7.34,6.81,45.3,31.4,36.7,19.3,9,15,16,17,2,2,2,3,2,2,2,3,35.5,50.7,19.3,52.7,1,0,Rainy,Good,Day,4.2,0.7,5.42,6.74,4,1,2.9,1,7,7.0,15.8,,0.39,0.48,Away_Win,0,3
ISL00993,2024-25,2024-10-05,FC Goa,Chennaiyin FC,Goa,3-5-2,3-5-2,39.4,60.6,5,6,2,2,1,1,1,1,4,5,2,2,0,0,7.12,7.35,6.25,6.97,29.3,18.6,37.2,18.7,9,12,11,8,2,3,1,1,3,5,1,2,27.9,46.4,50.8,19.0,2,0,Clear,Good,Night,2.1,5.5,6.2,5.9,1,3,4.0,4,7,23.0,23.4,Home,0.34,0.38,Draw,1,1
ISL00994,2024-25,2024-10-09,FC Goa,Bengaluru FC,Goa,5-3-2,3-4-3,58.1,41.9,6,7,1,1,0,1,0,1,4,4,4,2,0,0,7.19,7.3,8.18,6.68,28.7,13.3,59.1,27.1,11,14,11,19,4,2,3,3,4,2,5,3,26.2,46.9,42.6,37.1,0,2,Humid,Average,Day,8.2,2.1,9.24,7.77,0,5,6.0,2,7,18.9,19.3,,0.33,0.37,Draw,1,1
ISL00995,2024-25,2024-10-10,NorthEast United FC,Bengaluru FC,Guwahati,3-5-2,3-4-3,38.5,61.5,5,9,2,2,0,2,1,1,6,3,2,3,0,0,5.72,7.09,7.6,6.89,42.4,26.3,58.8,29.9,8,10,8,13,3,2,3,2,4,5,3,5,22.2,25.4,21.8,19.3,1,1,Humid,Good,Night,7.7,5.7,6.82,6.86,1,2,4.6,6,7,29.4,8.5,,0.35,0.4,Draw,1,1
ISL00996,2024-25,2024-10-10,Jamshedpur FC,ATK Mohun Bagan,Jamshedpur,3-5-2,4-4-2,49.2,50.8,15,9,5,2,3,2,1,1,4,2,3,5,0,0,6.26,6.96,6.37,5.52,42.2,19.1,19.2,9.8,3,10,9,14,2,0,3,2,3,3,3,4,52.1,24.5,23.8,26.2,3,1,Humid,Good,Night,1.4,9.5,6.13,5.58,2,2,9.5,9,9,29.4,27.0,,0.35,0.36,Home_Win,3,0
ISL00997,2024-25,2024-10-14,Bengaluru FC,Hyderabad FC,Bengaluru,4-2-3-1,4-2-3-1,48.8,51.2,10,4,1,2,1,0,0,2,7,6,2,5,0,0,6.58,6.88,6.71,7.18,51.5,34.6,49.5,31.5,11,8,11,12,1,0,2,2,2,1,2,2,43.5,40.5,50.5,28.5,1,2,Humid,Good,Day,8.7,2.6,6.48,10.0,1,1,3.6,8,8,15.4,17.5,,0.35,0.35,Away_Win,0,3
ISL00998,2024-25,2024-10-16,Punjab FC,East Bengal FC,Mohali,4-3-3,4-3-3,54.1,45.9,6,4,4,1,1,3,0,1,5,3,3,3,0,0,8.1,7.06,7.3,6.4,65.3,39.1,35.3,20.4,14,15,2,12,1,1,2,0,3,3,2,0,32.9,41.5,21.5,42.6,0,1,Rainy,Good,Night,7.9,7.5,6.84,8.12,3,0,7.8,5,10,20.8,5.1,,0.4,0.42,Home_Win,3,0
ISL00999,2024-25,2024-10-19,Chennaiyin FC,Mumbai City FC,Chennai,4-4-2,4-3-3,60.6,39.4,4,8,0,2,0,0,1,1,4,6,2,2,0,0,7.29,6.49,7.53,6.47,34.3,20.8,57.6,37.1,10,16,11,9,2,2,3,0,4,2,5,0,39.1,29.4,30.9,33.2,2,1,Overcast,Good,Night,0.5,0.5,8.23,10.0,2,3,1.0,8,1,20.8,17.2,,0.34,0.3,Away_Win,0,3
ISL01000,2024-25,2024-10-20,Chennaiyin FC,Hyderabad FC,Chennai,3-4-3,5-3-2,54.6,45.4,6,5,1,2,0,1,1,1,4,4,0,0,0,0,6.6,8.59,6.51,6.72,50.3,22.8,47.8,24.9,12,16,7,8,4,3,1,1,4,3,1,1,51.5,25.7,15.1,28.5,0,2,Humid,Average,Day,6.0,8.1,5.11,6.72,0,2,3.0,8,10,14.7,23.8,,0.5,0.41,Away_Win,0,3
ISL01001,2024-25,2024-10-21,Punjab FC,Odisha FC,Mohali,4-2-3-1,3-5-2,59.7,40.3,6,3,2,0,2,0,0,0,7,3,0,1,0,0,7.12,7.15,6.57,6.95,60.7,28.6,31.7,16.0,5,15,8,18,1,1,2,2,2,1,2,3,49.0,15.7,25.1,43.2,1,3,Humid,Good,Night,5.6,6.6,6.13,8.39,2,3,3.7,7,7,23.7,12.7,,0.48,0.33,Home_Win,3,0
ISL01002,2024-25,2024-10-21,Odisha FC,ATK Mohun Bagan,Bhubaneswar,3-5-2,4-2-3-1,52.6,47.4,4,2,3,2,1,2,2,0,6,2,3,1,0,0,6.98,8.13,5.72,6.97,49.5,28.8,69.2,41.1,8,12,12,11,0,1,1,1,0,1,1,1,41.1,52.3,38.8,50.4,1,2,Overcast,Good,Night,5.7,7.7,6.94,7.98,2,2,1.7,6,9,28.0,12.4,,0.45,0.48,Home_Win,3,0
ISL01003,2024-25,2024-10-22,Jamshedpur FC,East Bengal FC,Jamshedpur,4-4-2,4-4-2,57.3,42.7,3,6,1,2,1,0,2,0,3,7,1,6,0,0,6.96,6.27,6.77,6.92,55.0,30.0,34.2,17.7,7,9,12,15,2,1,2,0,2,3,2,0,48.0,24.9,39.2,28.4,0,1,Rainy,Good,Night,8.7,3.9,8.39,7.55,3,1,6.1,9,9,12.4,18.2,Both,0.47,0.36,Away_Win,0,3
ISL01004,2024-25,2024-10-23,Odisha FC,FC Goa,Bhubaneswar,3-4-3,3-5-2,44.7,55.3,2,5,0,2,0,0,1,1,7,3,1,3,0,0,5.8,7.55,6.92,7.17,54.1,35.4,31.2,19.9,9,8,10,11,0,1,2,0,1,2,3,1,25.7,51.2,21.5,53.2,1,2,Rainy,Good,Day,0.9,4.0,5.86,7.26,3,1,5.2,6,2,16.2,12.9,,0.45,0.4,Away_Win,0,3
ISL01005,2024-25,2024-10-29,Mumbai City FC,Chennaiyin FC,Mumbai,3-4-3,5-3-2,44.4,55.6,4,7,2,3,0,2,0,3,0,5,1,0,0,0,5.88,5.79,7.17,7.27,49.6,25.8,65.3,35.6,9,19,6,9,0,2,0,1,0,2,1,1,47.7,46.3,38.8,42.3,0,1,Overcast,Good,Night,9.7,4.7,7.18,7.69,3,2,1.8,4,5,18.6,18.5,,0.44,0.36,Away_Win,0,3
ISL01006,2024-25,2024-11-04,East Bengal FC,Kerala Blasters,Kolkata,3-4-3,3-4-3,69.3,30.7,3,6,2,0,2,0,0,0,6,4,5,5,0,0,6.42,7.43,7.36,7.16,61.6,33.9,68.9,35.8,4,11,10,11,0,1,0,2,0,5,0,3,42.3,41.8,22.5,41.4,2,1,Humid,Poor,Night,6.3,7.5,5.67,5.39,1,4,6.2,9,10,12.4,7.2,,0.47,0.31,Home_Win,3,0
ISL01007,2024-25,2024-11-05,East Bengal FC,Bengaluru FC,Kolkata,3-5-2,5-3-2,43.1,56.9,10,2,2,0,2,0,0,0,3,9,3,1,0,0,7.2,7.16,6.34,7.28,64.4,30.9,47.3,30.2,8,11,7,8,3,2,2,1,3,2,2,2,36.9,27.2,26.2,45.7,0,1,Clear,Average,Night,7.6,1.5,7.51,3.08,1,1,1.9,12,5,17.4,8.7,,0.46,0.49,Home_Win,3,0
ISL01008,2024-25,2024-11-06,Mumbai City FC,ATK Mohun Bagan,Mumbai,4-2-3-1,4-4-2,51.7,48.3,5,1,1,0,0,1,0,0,5,2,3,1,0,0,6.55,6.54,8.22,7.31,58.3,33.6,56.9,28.3,8,15,8,15,2,1,2,0,3,1,2,1,39.9,49.1,54.9,30.4,2,1,Clear,Average,Night,5.3,4.1,6.43,6.8,4,1,6.4,4,6,22.3,5.5,,0.42,0.4,Home_Win,3,0
ISL01009,2024-25,2024-11-06,NorthEast United FC,Kerala Blasters,Guwahati,3-4-3,3-5-2,42.8,57.2,8,10,1,6,1,0,6,0,5,6,3,3,0,1,7.25,7.23,7.3,8.49,25.0,17.2,62.6,39.5,5,14,6,15,0,0,0,2,0,0,1,3,29.2,15.8,23.0,43.2,3,0,Rainy,Average,Night,0.3,6.5,6.37,7.15,0,4,7.5,7,7,15.2,6.1,,0.48,0.31,Away_Win,0,3
ISL01010,2024-25,2024-11-12,ATK Mohun Bagan,FC Goa,Kolkata,4-4-2,4-4-2,61.1,38.9,5,6,1,2,0,1,1,1,12,6,1,3,0,0,6.33,6.83,7.39,7.84,37.3,19.3,25.5,14.0,9,11,5,13,6,1,0,1,6,1,1,1,20.1,26.7,54.6,50.3,2,0,Humid,Good,Night,2.7,6.7,8.51,7.47,2,3,8.3,3,5,23.4,22.2,Both,0.46,0.47,Away_Win,0,3
ISL01011,2024-25,2024-11-13,East Bengal FC,Mumbai City FC,Kolkata,3-4-3,4-4-2,41.6,58.4,8,4,4,1,2,2,0,1,5,5,0,3,0,0,6.22,6.99,5.9,7.09,58.6,38.0,57.6,27.1,13,15,12,12,0,0,3,2,2,0,3,2,22.7,38.8,29.4,52.8,1,0,Clear,Average,Day,5.3,2.5,7.64,5.55,2,1,9.2,12,7,16.0,22.4,Away,0.49,0.4,Home_Win,3,0
ISL01012,2024-25,2024-11-16,Bengaluru FC,Odisha FC,Bengaluru,3-4-3,3-4-3,52.7,47.3,4,7,2,0,1,1,0,0,4,3,1,1,0,0,7.25,6.68,6.85,7.61,64.7,31.8,56.3,34.2,4,13,12,17,2,2,2,1,3,2,4,3,30.2,26.7,19.4,25.4,1,2,Humid,Average,Night,6.3,2.0,8.18,8.38,4,0,3.5,5,6,13.4,27.9,Away,0.43,0.3,Home_Win,3,0
ISL01013,2024-25,2024-11-17,Punjab FC,Bengaluru FC,Mohali,3-5-2,3-5-2,48.2,51.8,3,2,3,1,2,1,1,0,3,4,2,7,0,0,8.1,8.02,5.95,8.22,42.9,28.8,58.6,35.3,5,8,11,21,3,3,0,1,3,3,1,2,16.7,43.6,38.4,28.1,3,2,Overcast,Average,Day,6.7,1.4,9.38,7.82,2,1,3.9,10,5,8.9,8.7,,0.38,0.35,Home_Win,3,0
ISL01014,2024-25,2024-11-27,Mumbai City FC,East Bengal FC,Mumbai,4-2-3-1,3-5-2,50.9,49.1,8,4,4,1,3,1,0,1,5,1,3,3,0,0,7.7,7.57,6.06,6.95,53.7,31.0,63.2,30.0,8,12,10,9,3,3,0,1,3,5,0,1,50.8,19.0,41.9,48.3,0,0,Overcast,Average,Night,8.9,9.3,9.15,6.75,1,3,3.6,6,12,28.6,27.1,,0.46,0.37,Home_Win,3,0
ISL01015,2024-25,2024-11-30,East Bengal FC,NorthEast United FC,Kolkata,3-5-2,4-3-3,49.9,50.1,3,5,1,2,1,0,2,0,2,4,1,1,0,0,6.62,7.44,7.66,8.89,43.2,20.8,63.3,35.8,10,11,5,9,1,2,3,1,2,3,5,1,51.7,36.6,36.4,18.8,1,0,Clear,Average,Night,9.8,1.9,8.2,6.44,2,0,9.3,12,4,21.5,16.4,,0.49,0.48,Away_Win,0,3
ISL01016,2024-25,2024-12-02,ATK Mohun Bagan,Odisha FC,Kolkata,4-2-3-1,3-5-2,58.4,41.6,5,3,4,0,2,2,0,0,5,7,2,4,0,0,6.43,6.87,7.29,7.73,39.5,25.5,43.8,24.8,8,15,10,17,1,0,0,0,1,0,0,0,45.9,49.9,17.1,50.5,0,2,Clear,Average,Night,1.1,8.7,8.77,5.84,2,3,6.8,3,3,27.7,11.5,,0.37,0.46,Home_Win,3,0
ISL01017,2024-25,2024-12-06,Chennaiyin FC,Bengaluru FC,Chennai,4-2-3-1,4-4-2,69.9,30.1,4,5,0,1,0,0,1,0,4,5,3,5,0,0,7.63,7.9,7.29,6.97,22.2,14.9,32.7,20.6,11,10,7,9,2,0,3,1,3,0,3,1,52.6,49.9,43.1,37.3,1,3,Overcast,Poor,Day,2.3,9.8,6.19,8.45,3,1,3.9,7,4,15.9,12.1,Both,0.31,0.31,Away_Win,0,3
ISL01018,2024-25,2024-12-08,Kerala Blasters,FC Goa,Kochi,4-2-3-1,4-3-3,62.9,37.1,10,8,2,3,1,1,2,1,6,3,1,6,0,0,7.8,8.02,7.13,7.33,39.5,19.2,54.2,27.1,15,13,6,8,3,1,1,2,3,1,1,2,28.1,20.5,36.7,25.0,1,2,Overcast,Average,Night,1.2,7.1,5.46,6.52,4,1,2.2,9,8,24.1,6.8,,0.48,0.45,Away_Win,0,3
ISL01019,2024-25,2024-12-11,Jamshedpur FC,Odisha FC,Jamshedpur,4-3-3,5-3-2,54.3,45.7,1,11,0,2,0,0,1,1,3,4,2,1,0,0,7.37,5.64,6.37,6.75,52.9,25.4,65.9,38.9,10,13,10,10,3,5,1,2,3,5,1,2,48.8,26.3,47.8,35.4,2,0,Clear,Good,Day,8.4,7.9,4.76,5.65,2,2,7.1,6,3,12.8,24.4,Away,0.31,0.4,Away_Win,0,3
ISL01020,2024-25,2024-12-14,Punjab FC,Chennaiyin FC,Mohali,4-4-2,4-4-2,42.9,57.1,4,6,1,1,0,1,0,1,4,6,3,0,0,0,5.69,7.67,7.62,7.92,44.6,22.9,48.3,33.7,8,15,13,17,3,3,2,1,4,5,3,1,31.9,39.8,33.8,38.9,0,1,Clear,Good,Night,0.6,0.2,8.28,6.78,1,2,2.7,12,4,5.3,14.8,,0.43,0.49,Draw,1,1
ISL01021,2024-25,2024-12-15,Punjab FC,Chennaiyin FC,Mohali,4-2-3-1,4-4-2,51.1,48.9,2,5,2,0,1,1,0,0,6,6,0,3,0,0,6.72,6.99,6.76,7.12,25.5,14.8,41.6,18.9,12,16,9,10,4,1,0,0,4,1,2,1,54.2,17.1,30.7,43.5,1,1,Overcast,Good,Day,7.3,1.1,9.03,7.61,0,2,5.1,10,4,16.4,17.4,,0.38,0.39,Home_Win,3,0
ISL01022,2024-25,2024-12-17,East Bengal FC,ATK Mohun Bagan,Kolkata,4-4-2,3-4-3,57.6,42.4,7,4,2,0,0,2,0,0,5,2,2,4,0,0,7.47,7.02,5.45,7.16,37.0,25.4,54.5,34.3,6,14,11,20,1,0,1,0,1,1,1,3,46.9,29.2,34.8,51.8,4,0,Overcast,Good,Night,0.2,4.6,4.88,8.36,3,1,5.0,9,3,28.5,25.4,,0.32,0.39,Home_Win,3,0
ISL01023,2024-25,2024-12-19,Punjab FC,NorthEast United FC,Mohali,4-2-3-1,5-3-2,37.0,63.0,8,6,2,1,0,2,0,1,4,6,1,1,0,1,5.95,8.16,6.56,7.81,43.6,29.0,14.5,7.8,13,8,7,10,2,1,0,2,3,1,0,3,32.6,46.1,15.2,52.6,0,3,Clear,Average,Night,3.1,9.9,7.82,7.25,2,3,9.7,13,7,10.6,12.0,,0.42,0.46,Home_Win,3,0
ISL01024,2024-25,2024-12-24,Hyderabad FC,Punjab FC,Hyderabad,4-2-3-1,4-2-3-1,49.4,50.6,7,6,1,0,1,0,0,0,7,11,3,1,0,0,5.36,7.12,6.72,7.31,20.9,11.1,51.1,29.2,12,10,7,12,4,1,3,2,5,1,3,2,16.1,16.1,19.9,53.3,0,1,Clear,Good,Night,4.2,0.6,7.03,5.82,3,2,5.2,12,13,15.9,16.7,,0.38,0.35,Home_Win,3,0
ISL01025,2024-25,2024-12-27,ATK Mohun Bagan,Odisha FC,Kolkata,3-4-3,4-2-3-1,53.6,46.4,3,5,0,1,0,0,0,1,3,9,1,5,0,0,6.99,7.03,6.86,6.9,64.6,29.7,54.5,28.4,13,15,15,15,2,1,0,0,3,2,0,0,34.5,32.4,21.8,27.9,1,3,Clear,Good,Day,7.8,1.6,6.58,6.25,3,2,3.1,3,6,23.3,21.4,,0.35,0.35,Away_Win,0,3
ISL01026,2024-25,2024-12-30,NorthEast United FC,Punjab FC,Guwahati,3-4-3,3-5-2,50.1,49.9,5,2,3,2,2,1,2,0,4,0,1,1,0,0,6.01,6.24,6.11,7.26,42.7,25.6,63.3,35.8,13,7,9,12,3,0,2,0,5,0,3,2,24.7,37.6,48.2,24.3,0,2,Overcast,Good,Day,2.7,10.0,3.99,7.05,2,3,6.1,7,10,27.5,22.7,,0.49,0.4,Home_Win,3,0
ISL01027,2024-25,2024-12-30,East Bengal FC,Mumbai City FC,Kolkata,3-5-2,5-3-2,60.3,39.7,4,3,1,0,0,1,0,0,5,3,4,1,0,0,7.12,7.75,7.31,7.19,36.3,21.6,49.8,28.6,4,10,11,15,1,0,2,1,1,1,2,2,39.8,42.2,40.5,38.9,0,0,Rainy,Good,Day,9.6,7.0,8.87,8.3,3,1,2.2,9,9,5.1,16.0,,0.39,0.46,Home_Win,3,0
ISL01028,2024-25,2025-01-02,Hyderabad FC,Chennaiyin FC,Hyderabad,3-4-3,4-3-3,54.3,45.7,6,6,3,1,3,0,0,1,5,4,4,1,0,1,5.67,6.48,6.87,7.04,39.6,20.2,28.2,19.2,7,15,5,16,4,0,2,1,4,1,3,3,40.9,20.1,16.0,27.1,0,1,Humid,Good,Night,2.1,4.1,6.28,5.77,2,0,2.4,12,4,9.9,8.0,,0.33,0.38,Home_Win,3,0
ISL01029,2024-25,2025-01-03,Odisha FC,East Bengal FC,Bhubaneswar,4-3-3,3-5-2,52.9,47.1,4,7,3,2,1,2,2,0,4,3,3,2,0,0,7.26,7.74,5.53,7.74,30.6,18.4,33.2,22.2,9,12,9,13,2,3,0,3,2,4,0,4,42.3,34.1,32.0,25.2,0,2,Overcast,Good,Night,8.1,8.2,6.75,8.13,2,3,3.1,6,9,28.0,11.7,Away,0.34,0.43,Home_Win,3,0
ISL01030,2024-25,2025-01-07,East Bengal FC,NorthEast United FC,Kolkata,4-2-3-1,4-4-2,57.5,42.5,7,3,1,1,1,0,1,0,2,6,3,4,0,0,7.25,7.37,6.95,6.49,51.1,35.5,46.5,31.7,5,17,6,10,3,0,1,1,4,0,2,1,28.0,23.7,54.1,40.3,1,1,Overcast,Good,Night,0.8,8.5,9.4,4.91,2,1,5.0,6,7,26.6,13.0,Home,0.38,0.45,Draw,1,1
ISL01031,2024-25,2025-01-14,Bengaluru FC,ATK Mohun Bagan,Bengaluru,4-3-3,4-4-2,70.0,30.0,6,2,2,0,2,0,0,0,6,7,4,4,0,0,6.99,7.32,7.29,7.21,31.8,15.5,25.2,17.4,10,9,6,11,1,4,2,4,1,4,2,4,42.1,38.6,24.4,35.0,2,1,Humid,Good,Night,7.6,4.3,6.96,4.3,2,2,7.9,6,3,18.9,25.7,,0.31,0.48,Home_Win,3,0
ISL01032,2024-25,2025-01-15,Mumbai City FC,Jamshedpur FC,Mumbai,3-4-3,3-5-2,43.4,56.6,4,3,1,1,1,0,1,0,7,6,1,0,0,0,7.29,7.88,7.13,7.98,48.9,25.9,41.9,23.0,14,7,13,15,0,1,2,0,0,1,2,0,37.2,32.0,25.8,36.9,1,0,Overcast,Average,Night,9.4,1.9,7.34,6.73,1,3,3.8,6,6,25.2,12.6,,0.33,0.49,Draw,1,1
ISL01033,2024-25,2025-01-16,Hyderabad FC,ATK Mohun Bagan,Hyderabad,4-4-2,3-5-2,53.6,46.4,3,3,0,1,0,0,1,0,9,3,2,2,0,0,6.64,6.64,6.74,7.34,46.5,30.8,71.8,46.3,9,4,6,11,2,2,2,0,4,2,3,0,49.0,15.7,20.6,49.9,2,2,Clear,Average,Night,8.9,5.1,6.21,5.72,2,3,9.3,15,3,21.2,5.5,,0.3,0.44,Away_Win,0,3
ISL01034,2024-25,2025-01-17,Punjab FC,ATK Mohun Bagan,Mohali,4-2-3-1,4-4-2,44.8,55.2,4,8,1,1,1,0,1,0,8,2,2,3,0,0,7.28,7.22,7.04,6.99,64.6,31.6,67.4,45.3,8,10,9,10,0,0,0,2,1,1,0,3,46.4,31.6,41.5,33.5,0,1,Humid,Good,Day,5.6,1.4,4.36,5.78,2,3,2.5,7,6,5.6,8.0,Home,0.35,0.34,Draw,1,1
ISL01035,2024-25,2025-01-17,East Bengal FC,Jamshedpur FC,Kolkata,4-2-3-1,3-4-3,31.0,69.0,5,3,1,2,0,1,1,1,5,3,2,1,0,0,6.96,7.0,6.59,6.71,37.5,18.1,48.9,23.4,10,12,10,15,2,0,2,1,2,0,2,1,42.2,21.6,16.8,30.6,4,1,Humid,Good,Day,0.2,3.3,7.77,6.22,1,3,8.1,7,4,25.4,7.5,Home,0.32,0.34,Away_Win,0,3
ISL01036,2024-25,2025-01-17,Kerala Blasters,Mumbai City FC,Kochi,4-4-2,3-4-3,51.0,49.0,3,8,0,2,0,0,0,2,7,2,8,4,0,0,6.93,6.76,7.08,7.16,24.1,11.9,63.0,39.8,14,17,9,13,2,2,3,3,2,2,4,4,18.7,23.4,24.8,35.1,0,1,Humid,Good,Day,9.9,8.5,6.87,7.71,2,2,3.2,6,7,8.0,16.5,,0.38,0.43,Away_Win,0,3
ISL01037,2024-25,2025-01-20,ATK Mohun Bagan,Hyderabad FC,Kolkata,5-3-2,4-4-2,45.2,54.8,3,4,0,1,0,0,1,0,7,4,1,4,0,0,7.4,6.89,6.44,6.76,32.7,21.0,45.9,27.3,9,15,9,19,2,1,2,1,5,1,2,1,54.8,33.3,45.1,41.2,0,0,Humid,Good,Night,1.8,5.8,6.25,7.71,4,1,2.6,4,12,21.7,25.4,Home,0.41,0.41,Away_Win,0,3
ISL01038,2024-25,2025-01-24,Bengaluru FC,ATK Mohun Bagan,Bengaluru,4-3-3,3-4-3,47.9,52.1,2,6,1,1,1,0,1,0,6,3,6,4,0,0,7.57,6.81,6.98,6.13,23.1,11.1,32.1,16.0,9,16,6,18,4,1,3,2,4,1,3,2,51.0,31.7,16.8,42.9,2,2,Clear,Good,Day,7.1,7.2,8.22,7.08,2,2,7.0,9,4,28.9,5.5,Away,0.49,0.33,Draw,1,1
ISL01039,2024-25,2025-01-25,Mumbai City FC,Hyderabad FC,Mumbai,5-3-2,4-3-3,55.3,44.7,5,5,1,0,1,0,0,0,6,4,3,6,0,0,6.38,7.89,7.58,7.18,49.5,23.4,24.8,15.1,10,14,6,15,2,0,4,0,4,0,4,0,44.1,38.9,23.6,18.4,1,0,Clear,Average,Night,2.6,8.4,6.37,7.92,1,2,9.1,7,12,11.6,19.4,Home,0.31,0.48,Home_Win,3,0
ISL01040,2024-25,2025-01-25,Mumbai City FC,Punjab FC,Mumbai,4-2-3-1,5-3-2,37.5,62.5,5,5,0,2,0,0,0,2,2,5,1,1,0,0,7.45,6.75,6.95,7.78,47.2,28.6,34.7,21.6,12,7,10,18,0,2,2,1,0,4,2,1,35.6,38.2,36.7,50.8,0,1,Humid,Average,Night,0.7,4.3,6.99,6.26,2,1,5.3,10,7,12.0,10.5,,0.4,0.36,Away_Win,0,3
ISL01041,2024-25,2025-01-25,Kerala Blasters,Odisha FC,Kochi,3-5-2,3-4-3,51.1,48.9,8,8,3,2,3,0,2,0,5,8,5,3,0,0,7.17,7.06,5.99,6.42,62.9,40.4,30.4,18.6,9,12,6,8,4,0,2,1,5,1,4,1,47.6,54.2,19.3,31.3,2,1,Overcast,Average,Night,2.5,4.6,7.23,8.83,2,2,6.1,3,9,7.2,8.3,,0.31,0.49,Home_Win,3,0
ISL01042,2024-25,2025-01-28,East Bengal FC,FC Goa,Kolkata,5-3-2,4-3-3,61.2,38.8,4,7,0,1,0,0,0,1,9,4,0,6,0,0,6.48,7.4,6.62,7.65,63.9,40.8,27.2,12.3,10,10,6,18,6,0,2,2,8,2,2,3,28.0,24.4,21.2,44.0,2,2,Rainy,Good,Night,6.2,2.3,7.14,8.48,3,2,4.6,7,11,9.6,6.9,Away,0.4,0.44,Away_Win,0,3
ISL01043,2024-25,2025-01-29,Kerala Blasters,ATK Mohun Bagan,Kochi,5-3-2,4-3-3,40.5,59.5,13,3,2,3,2,0,3,0,6,3,4,3,0,0,6.48,7.35,7.57,7.61,38.2,21.3,46.9,31.9,8,15,11,13,2,1,1,1,3,2,1,1,44.2,43.0,42.2,21.5,1,2,Rainy,Average,Night,0.9,5.7,7.03,8.26,2,0,3.1,6,5,18.9,14.6,,0.48,0.36,Away_Win,0,3
ISL01044,2024-25,2025-01-29,Chennaiyin FC,Bengaluru FC,Chennai,4-2-3-1,4-3-3,51.9,48.1,7,3,1,2,0,1,0,2,5,5,1,2,0,0,5.97,7.29,6.29,6.73,45.2,30.7,40.8,21.9,6,14,7,13,1,0,1,1,1,1,2,3,52.9,50.0,23.6,45.7,0,3,Rainy,Average,Night,0.4,7.0,6.65,7.07,3,1,2.3,4,10,21.8,27.3,,0.49,0.41,Away_Win,0,3
ISL01045,2024-25,2025-01-29,Hyderabad FC,Kerala Blasters,Hyderabad,5-3-2,4-4-2,39.3,60.7,8,6,2,2,1,1,1,1,5,8,2,1,0,0,7.93,6.6,6.29,6.86,39.7,19.4,37.7,24.5,7,21,11,11,0,2,2,1,0,2,2,1,46.7,26.6,50.7,44.0,0,2,Humid,Good,Night,5.6,4.4,6.56,7.93,2,2,6.6,9,6,6.5,19.3,,0.4,0.39,Draw,1,1
ISL01046,2024-25,2025-01-30,East Bengal FC,FC Goa,Kolkata,4-2-3-1,4-3-3,63.5,36.5,3,3,3,0,3,0,0,0,6,7,3,5,1,0,7.14,7.66,6.53,6.09,63.0,35.3,36.2,17.7,11,14,6,18,1,0,1,0,1,1,2,1,23.1,40.9,15.7,52.6,1,2,Clear,Average,Day,8.8,9.7,6.6,6.61,2,3,4.2,4,13,29.8,15.1,Away,0.43,0.36,Home_Win,3,0
ISL01047,2024-25,2025-02-01,Mumbai City FC,ATK Mohun Bagan,Mumbai,4-4-2,4-3-3,66.5,33.5,5,6,0,2,0,0,1,1,6,4,4,1,0,0,6.14,7.59,7.32,6.85,70.9,38.5,64.4,38.7,7,13,7,15,2,0,0,1,2,1,0,2,26.4,45.7,52.3,50.6,1,0,Clear,Good,Day,4.0,6.7,7.64,5.31,4,1,1.3,7,8,26.1,15.5,Home,0.37,0.41,Away_Win,0,3
ISL01048,2024-25,2025-02-01,FC Goa,Chennaiyin FC,Goa,4-2-3-1,3-4-3,54.5,45.5,6,7,2,2,0,2,2,0,4,5,2,2,0,0,7.12,7.23,7.35,7.1,46.4,27.2,48.4,22.5,15,19,8,10,3,2,1,0,3,3,1,1,27.6,40.2,48.8,21.9,0,0,Overcast,Good,Night,2.0,7.9,5.68,6.74,1,3,9.8,12,1,25.2,10.7,,0.42,0.5,Draw,1,1
ISL01049,2024-25,2025-02-02,Kerala Blasters,Bengaluru FC,Kochi,3-4-3,3-5-2,45.2,54.8,5,11,2,1,2,0,1,0,5,6,0,3,0,0,6.56,6.43,6.54,6.68,21.2,10.6,34.9,20.6,9,13,13,22,1,1,2,2,1,1,2,3,25.2,45.4,19.1,18.0,3,1,Overcast,Poor,Night,4.9,1.6,7.9,7.47,2,2,6.8,4,10,12.1,28.7,,0.38,0.38,Home_Win,3,0
ISL01050,2024-25,2025-02-05,Bengaluru FC,FC Goa,Bengaluru,3-4-3,4-4-2,55.2,44.8,4,6,2,1,1,1,0,1,5,7,2,0,0,0,7.37,7.48,6.71,6.05,32.2,15.7,36.6,22.4,9,17,11,15,3,3,2,1,4,4,2,3,27.7,24.5,27.2,28.8,2,1,Humid,Poor,Night,1.7,2.2,6.69,9.34,4,0,3.0,10,10,15.0,19.2,Home,0.45,0.36,Home_Win,3,0
ISL01051,2024-25,2025-02-06,FC Goa,Mumbai City FC,Goa,3-4-3,3-5-2,51.3,48.7,3,3,1,1,0,1,1,0,7,9,1,1,0,0,6.95,6.41,5.15,6.94,68.5,47.7,45.9,25.1,7,10,9,17,1,0,3,1,1,2,4,1,37.6,46.4,48.1,52.6,0,2,Rainy,Good,Night,7.1,0.5,6.84,7.05,2,0,3.2,7,7,28.2,20.7,,0.42,0.39,Draw,1,1
ISL01052,2024-25,2025-02-08,Jamshedpur FC,Kerala Blasters,Jamshedpur,4-3-3,4-4-2,36.1,63.9,11,6,2,2,1,1,1,1,7,5,2,0,0,0,6.74,6.57,6.76,6.44,45.6,24.0,41.4,26.1,6,11,8,11,1,1,2,0,2,1,2,1,41.1,35.1,54.7,27.7,4,2,Clear,Good,Night,8.2,1.7,6.25,6.95,2,1,1.6,7,7,27.2,23.7,,0.37,0.42,Draw,1,1
ISL01053,2024-25,2025-02-09,Jamshedpur FC,Punjab FC,Jamshedpur,4-3-3,4-2-3-1,57.0,43.0,7,6,2,0,2,0,0,0,4,5,0,1,0,0,7.47,6.74,7.09,7.08,37.9,21.8,59.0,33.5,7,12,6,14,2,1,2,1,3,1,2,2,49.9,33.4,33.8,18.8,2,1,Humid,Average,Day,1.3,5.8,6.2,6.91,4,0,2.4,5,7,8.3,23.0,,0.45,0.45,Home_Win,3,0
ISL01054,2024-25,2025-02-10,Kerala Blasters,Mumbai City FC,Kochi,4-3-3,3-4-3,39.6,60.4,5,4,3,1,0,3,1,0,6,6,1,2,0,0,6.98,7.59,7.08,7.49,52.7,35.8,41.8,19.4,12,14,8,17,0,0,1,2,1,0,3,4,34.7,38.3,22.9,40.7,1,1,Overcast,Good,Night,6.5,7.2,6.44,7.19,2,2,5.8,8,7,29.5,15.9,,0.34,0.44,Home_Win,3,0
ISL01055,2024-25,2025-02-11,Bengaluru FC,East Bengal FC,Bengaluru,4-4-2,4-4-2,59.0,41.0,8,9,2,2,2,0,2,0,2,3,2,1,0,0,6.91,6.61,5.77,6.28,25.9,13.6,47.7,21.9,7,12,10,13,0,2,3,1,3,2,4,1,38.8,21.1,45.3,36.9,2,0,Rainy,Average,Night,7.3,5.9,7.28,8.43,1,2,9.2,10,4,20.9,11.9,,0.32,0.39,Draw,1,1
ISL01056,2024-25,2025-02-12,Odisha FC,Chennaiyin FC,Bhubaneswar,3-5-2,5-3-2,43.6,56.4,6,0,3,0,0,3,0,0,6,6,2,4,0,0,7.16,6.59,6.89,7.16,45.0,24.4,37.3,17.3,15,14,11,13,0,1,1,0,0,1,1,0,29.8,22.8,25.9,49.0,2,4,Overcast,Average,Night,7.8,5.2,9.08,5.62,1,2,5.9,9,2,16.4,18.1,,0.35,0.42,Home_Win,3,0
ISL01057,2024-25,2025-02-14,Punjab FC,ATK Mohun Bagan,Mohali,5-3-2,4-3-3,46.3,53.7,2,4,1,0,1,0,0,0,5,4,3,5,0,0,8.38,7.26,6.18,6.63,24.0,14.2,51.5,27.5,6,13,11,14,1,0,0,1,1,0,0,1,33.5,24.5,17.8,28.2,5,3,Humid,Good,Night,7.8,0.2,5.5,7.49,2,2,8.5,4,8,5.6,29.3,Home,0.42,0.46,Home_Win,3,0
ISL01058,2024-25,2025-02-16,Hyderabad FC,Jamshedpur FC,Hyderabad,4-4-2,4-4-2,52.5,47.5,5,7,2,0,2,0,0,0,7,2,2,2,0,0,5.82,8.26,7.3,7.26,28.4,13.3,72.5,49.5,8,17,8,9,0,0,3,1,1,0,4,2,31.0,23.9,48.8,30.6,4,2,Humid,Good,Night,3.6,1.1,7.7,5.62,1,3,2.2,7,8,9.6,22.2,Home,0.33,0.5,Home_Win,3,0
ISL01059,2024-25,2025-02-17,FC Goa,Punjab FC,Goa,3-5-2,4-2-3-1,56.7,43.3,2,3,1,1,1,0,0,1,2,4,2,3,0,0,6.78,6.64,6.84,7.18,62.9,28.7,46.1,24.5,14,11,7,19,4,0,1,4,4,0,1,4,50.2,25.1,44.2,51.1,0,1,Humid,Average,Night,6.3,9.7,9.05,5.15,2,2,1.4,5,7,24.7,27.2,Home,0.42,0.4,Draw,1,1
ISL01060,2024-25,2025-02-19,NorthEast United FC,Kerala Blasters,Guwahati,4-4-2,3-5-2,47.8,52.2,2,9,1,2,1,0,0,2,5,6,3,3,0,0,6.64,7.53,7.01,7.12,22.0,13.4,25.8,16.9,14,20,15,8,2,1,1,0,3,3,5,1,15.7,39.8,16.5,44.2,0,1,Humid,Poor,Night,1.3,7.1,5.46,7.48,0,4,9.4,7,8,26.7,8.1,,0.34,0.32,Away_Win,0,3
ISL01061,2024-25,2025-02-22,Punjab FC,Odisha FC,Mohali,4-3-3,4-2-3-1,47.1,52.9,7,3,2,2,0,2,2,0,2,6,3,2,0,0,7.79,7.68,7.07,7.25,40.6,22.0,53.8,32.9,7,11,9,10,0,2,4,2,1,2,6,2,17.4,47.2,30.7,26.5,1,1,Humid,Good,Night,3.3,3.3,7.68,7.56,3,2,7.9,8,12,22.4,6.2,,0.39,0.34,Draw,1,1
ISL01062,2024-25,2025-02-23,FC Goa,Hyderabad FC,Goa,4-4-2,4-2-3-1,41.7,58.3,5,6,3,0,3,0,0,0,5,4,2,4,0,0,6.75,8.0,6.58,6.88,14.0,6.6,29.3,18.3,16,9,9,16,0,2,0,0,1,2,2,2,46.6,50.1,23.2,26.4,1,1,Humid,Good,Night,8.1,6.8,7.67,6.08,0,3,2.9,3,7,11.8,14.9,,0.45,0.31,Home_Win,3,0
ISL01063,2024-25,2025-02-24,FC Goa,Hyderabad FC,Goa,4-3-3,4-2-3-1,47.7,52.3,6,2,1,1,1,0,0,1,6,7,2,6,0,0,6.77,6.78,7.74,6.85,70.0,36.5,45.8,28.1,8,12,10,11,1,1,3,0,1,1,3,2,20.9,17.8,53.8,27.2,1,1,Rainy,Average,Night,4.2,5.3,6.72,7.01,1,3,7.5,6,7,22.9,28.1,,0.47,0.5,Draw,1,1
ISL01064,2024-25,2025-02-25,Punjab FC,Kerala Blasters,Mohali,3-4-3,3-5-2,44.6,55.4,7,3,2,1,1,1,1,0,6,7,1,5,0,0,6.66,6.74,6.62,6.6,40.6,25.3,62.6,31.3,9,17,15,9,1,4,0,1,1,5,0,1,30.0,41.9,39.2,49.3,0,1,Rainy,Average,Night,8.8,9.2,6.62,8.89,3,0,6.3,8,11,13.5,11.1,,0.45,0.39,Home_Win,3,0
ISL01065,2024-25,2025-02-25,Bengaluru FC,ATK Mohun Bagan,Bengaluru,3-4-3,5-3-2,48.9,51.1,5,6,1,1,1,0,0,1,4,4,2,3,0,0,7.36,7.04,7.09,6.91,35.6,22.8,59.0,39.4,9,10,9,14,3,2,1,1,3,4,1,1,29.2,39.8,48.7,52.1,1,0,Clear,Good,Night,0.2,2.5,5.2,6.05,1,2,5.8,8,7,22.5,18.7,,0.3,0.37,Draw,1,1
ISL01066,2024-25,2025-02-26,Mumbai City FC,Hyderabad FC,Mumbai,4-2-3-1,4-2-3-1,57.9,42.1,8,4,3,0,3,0,0,0,5,6,3,1,0,0,6.62,6.84,7.44,7.54,54.6,31.5,14.8,8.2,8,19,15,11,0,2,0,0,0,3,2,1,21.4,37.4,32.5,25.9,0,0,Humid,Good,Night,3.4,8.1,6.46,5.33,2,2,1.9,4,5,17.4,21.7,Home,0.46,0.46,Home_Win,3,0
ISL01067,2024-25,2025-02-26,Kerala Blasters,Chennaiyin FC,Kochi,5-3-2,4-3-3,50.8,49.2,12,4,2,1,2,0,1,0,5,7,3,0,0,0,6.69,8.22,7.52,7.56,20.9,10.6,36.6,25.0,8,10,10,17,4,2,1,1,4,2,2,2,52.7,24.3,43.9,38.3,3,1,Humid,Good,Night,6.9,3.3,6.74,7.31,3,0,1.9,10,1,22.1,7.8,,0.4,0.34,Home_Win,3,0
ISL01068,2024-25,2025-02-26,Jamshedpur FC,Kerala Blasters,Jamshedpur,4-4-2,4-2-3-1,39.9,60.1,5,3,0,2,0,0,2,0,9,6,4,2,0,0,6.95,7.0,6.13,7.4,51.2,33.8,50.1,22.7,11,8,12,16,1,2,0,0,1,2,0,1,27.5,15.8,29.3,28.1,0,2,Overcast,Poor,Night,4.8,4.8,7.67,8.45,2,1,2.9,8,10,14.2,26.8,Away,0.34,0.34,Away_Win,0,3
ISL01069,2024-25,2025-03-02,Kerala Blasters,FC Goa,Kochi,4-2-3-1,4-2-3-1,37.9,62.1,7,2,2,1,1,1,1,0,8,7,6,1,0,0,7.59,7.13,6.29,6.83,42.6,21.4,50.8,24.3,12,20,4,16,0,0,3,0,1,0,3,2,48.6,17.3,29.9,16.7,0,0,Rainy,Good,Day,9.4,1.1,5.53,5.85,3,2,9.5,12,6,17.0,7.8,,0.45,0.46,Home_Win,3,0
ISL01070,2024-25,2025-03-04,Odisha FC,Kerala Blasters,Bhubaneswar,4-3-3,3-5-2,42.7,57.3,7,12,3,5,1,2,3,2,2,8,7,0,0,0,6.79,6.13,7.58,7.58,33.2,21.2,59.8,28.9,6,11,7,16,4,1,1,0,4,1,4,0,27.1,20.8,32.0,34.4,1,1,Overcast,Good,Night,7.1,5.4,6.68,5.47,2,2,2.0,10,12,10.3,22.8,,0.42,0.37,Away_Win,0,3
ISL01071,2024-25,2025-03-04,FC Goa,Bengaluru FC,Goa,5-3-2,4-4-2,45.8,54.2,4,5,1,2,1,0,1,1,4,5,1,7,0,0,6.64,7.84,6.61,6.59,54.8,26.8,57.3,36.2,9,11,9,8,2,1,3,1,2,1,4,2,17.3,48.8,30.7,32.6,2,1,Overcast,Good,Night,8.1,1.3,7.98,7.35,0,4,9.5,6,8,7.1,23.6,Both,0.34,0.32,Away_Win,0,3
ISL01072,2024-25,2025-03-06,ATK Mohun Bagan,Hyderabad FC,Kolkata,3-4-3,5-3-2,66.4,33.6,4,6,2,4,1,1,3,1,2,6,2,2,0,0,7.05,6.03,5.99,7.64,46.1,31.5,37.4,17.8,8,12,9,6,2,1,2,4,2,1,3,4,22.8,23.3,20.7,23.5,1,2,Clear,Good,Night,7.2,2.8,5.21,5.09,3,2,8.4,8,5,23.8,26.0,,0.43,0.46,Away_Win,0,3
ISL01073,2024-25,2025-03-06,Odisha FC,Hyderabad FC,Bhubaneswar,3-4-3,4-4-2,53.5,46.5,3,2,0,0,0,0,0,0,3,7,0,3,0,0,6.78,7.59,6.18,7.21,36.1,23.2,60.3,33.6,12,12,10,18,1,0,0,1,2,0,1,2,16.9,15.7,42.0,54.1,1,1,Overcast,Good,Night,8.1,7.5,5.77,4.44,3,2,9.2,7,7,20.9,12.1,,0.46,0.43,Draw,1,1
ISL01074,2024-25,2025-03-09,Mumbai City FC,Jamshedpur FC,Mumbai,4-4-2,3-4-3,53.3,46.7,3,6,1,1,1,0,0,1,11,6,3,3,0,0,6.35,7.82,7.92,5.77,51.2,29.5,20.3,11.7,9,15,8,16,0,4,2,1,0,5,2,1,28.9,40.5,37.1,53.9,0,3,Overcast,Average,Night,2.9,5.6,5.37,6.57,1,2,3.7,4,7,26.4,20.3,Both,0.46,0.34,Draw,1,1
ISL01075,2024-25,2025-03-11,Bengaluru FC,NorthEast United FC,Bengaluru,3-5-2,4-3-3,56.4,43.6,6,3,3,0,1,2,0,0,6,2,2,2,0,0,7.2,5.61,6.39,7.44,42.5,23.7,54.7,31.6,7,19,3,11,1,1,1,0,3,1,2,0,46.2,24.5,34.8,33.3,2,2,Clear,Average,Night,4.0,0.8,8.25,7.03,2,1,2.5,8,7,6.8,29.1,,0.49,0.37,Home_Win,3,0
ISL01076,2024-25,2025-03-11,East Bengal FC,Chennaiyin FC,Kolkata,4-3-3,3-4-3,44.7,55.3,3,3,1,2,0,1,2,0,2,7,1,3,0,0,7.25,6.81,5.56,7.18,36.5,21.7,47.2,24.7,8,16,12,9,3,2,1,0,4,3,4,0,44.8,54.5,46.6,47.6,1,1,Overcast,Good,Night,5.3,0.6,7.03,7.38,1,4,7.3,5,1,7.5,24.9,Away,0.48,0.36,Away_Win,0,3
ISL01077,2024-25,2025-03-12,Punjab FC,FC Goa,Mohali,4-4-2,4-2-3-1,48.9,51.1,5,3,1,1,1,0,1,0,4,2,2,1,0,0,6.06,6.57,6.54,7.32,46.3,28.5,30.0,20.1,12,11,9,16,5,1,4,2,5,1,5,2,27.3,35.1,19.2,34.2,1,1,Overcast,Average,Night,3.6,7.4,8.62,7.11,2,1,8.7,8,5,10.0,11.6,Home,0.43,0.45,Draw,1,1
ISL01078,2024-25,2025-03-14,Punjab FC,Odisha FC,Mohali,4-3-3,3-5-2,56.9,43.1,9,8,2,0,2,0,0,0,10,6,2,2,0,0,5.7,6.04,7.34,6.43,20.1,11.8,61.0,34.4,8,15,7,16,1,0,1,1,1,0,2,1,38.6,47.8,27.8,16.4,0,1,Overcast,Good,Night,7.2,8.8,6.23,6.85,2,2,3.3,9,5,20.1,9.6,Home,0.46,0.44,Home_Win,3,0
ISL01079,2024-25,2025-03-15,ATK Mohun Bagan,East Bengal FC,Kolkata,4-4-2,4-2-3-1,50.4,49.6,8,9,3,0,2,1,0,0,6,8,1,2,0,0,6.64,6.55,7.16,6.44,30.0,18.7,37.9,18.7,12,14,7,9,3,0,1,1,3,1,2,1,26.2,29.9,50.7,50.1,0,0,Rainy,Good,Day,7.8,8.9,9.5,6.74,1,4,3.7,7,4,6.8,16.4,,0.34,0.31,Home_Win,3,0
ISL01080,2024-25,2025-03-18,Chennaiyin FC,Odisha FC,Chennai,3-5-2,3-4-3,45.8,54.2,1,8,0,0,0,0,0,0,11,8,2,4,0,0,7.74,7.16,5.85,7.85,23.2,10.9,70.7,41.7,6,13,8,12,1,1,2,2,3,2,3,3,31.2,52.3,52.8,31.0,0,0,Humid,Average,Night,0.8,1.9,7.05,5.09,2,2,4.9,4,5,5.7,20.7,Home,0.48,0.31,Draw,1,1
ISL01081,2024-25,2025-03-19,Mumbai City FC,FC Goa,Mumbai,3-5-2,3-4-3,64.3,35.7,6,7,1,1,1,0,0,1,0,7,1,3,0,0,6.68,6.35,7.2,7.26,59.4,32.9,43.2,20.7,9,16,10,10,4,0,0,1,5,0,2,1,42.6,40.9,41.0,52.3,1,2,Clear,Good,Night,7.2,1.0,7.13,6.26,0,2,7.6,5,5,12.3,19.9,,0.41,0.38,Draw,1,1
ISL01082,2024-25,2025-03-21,East Bengal FC,NorthEast United FC,Kolkata,4-4-2,4-4-2,61.8,38.2,3,7,1,2,1,0,1,1,3,6,4,4,0,0,5.08,7.08,6.42,7.69,30.9,19.7,32.6,20.1,14,12,16,13,2,1,3,1,4,2,3,1,35.1,38.9,44.4,26.7,1,2,Overcast,Good,Night,2.6,6.5,6.31,7.41,2,1,8.9,4,4,5.9,24.0,,0.47,0.36,Away_Win,0,3
ISL01083,2024-25,2025-03-25,FC Goa,ATK Mohun Bagan,Goa,3-5-2,3-5-2,40.5,59.5,7,3,1,0,0,1,0,0,7,3,1,3,0,0,6.85,7.94,6.68,7.22,47.6,26.6,70.4,34.7,9,11,5,19,2,2,0,0,3,2,0,1,27.5,27.4,27.3,17.8,2,0,Humid,Poor,Night,4.4,6.1,7.9,7.91,4,1,2.1,3,7,10.5,27.8,,0.37,0.3,Home_Win,3,0
ISL01084,2024-25,2025-03-26,Punjab FC,Mumbai City FC,Mohali,5-3-2,3-4-3,63.0,37.0,4,1,2,1,2,0,0,1,6,3,5,3,0,0,7.43,7.71,7.98,7.7,30.3,21.0,51.5,34.6,9,20,7,11,2,1,5,0,3,1,5,0,27.9,52.6,18.3,42.3,1,1,Humid,Good,Night,0.7,7.8,8.95,8.36,1,2,9.4,9,6,14.5,15.0,,0.38,0.39,Home_Win,3,0
ISL01085,2024-25,2025-03-27,NorthEast United FC,Kerala Blasters,Guwahati,5-3-2,4-4-2,45.5,54.5,3,6,1,0,1,0,0,0,6,9,3,0,0,0,6.43,6.7,7.66,6.88,43.3,25.3,72.2,33.9,3,12,7,18,0,3,4,0,0,4,5,1,54.0,17.3,40.3,22.5,2,0,Overcast,Average,Night,2.7,1.4,7.93,6.57,0,4,2.4,7,12,21.7,11.0,Home,0.49,0.47,Home_Win,3,0
ISL01086,2024-25,2025-03-28,FC Goa,Kerala Blasters,Goa,3-4-3,4-3-3,48.9,51.1,3,7,2,2,1,1,1,1,8,3,3,1,0,0,7.62,6.4,6.05,6.63,73.7,38.9,50.0,26.4,6,12,12,18,2,0,1,1,2,1,1,1,15.1,33.3,30.7,27.0,1,1,Rainy,Good,Night,7.8,0.4,5.97,8.33,2,3,6.9,5,12,22.5,13.8,,0.43,0.39,Draw,1,1
ISL01087,2024-25,2025-03-30,Chennaiyin FC,Jamshedpur FC,Chennai,3-4-3,4-2-3-1,45.6,54.4,5,4,3,0,0,3,0,0,9,4,1,2,0,0,6.92,5.9,7.13,7.08,51.4,34.6,42.1,21.2,8,8,8,11,2,2,1,0,2,4,1,0,51.2,19.8,41.2,18.3,3,0,Rainy,Good,Night,2.5,6.5,5.99,6.84,1,1,2.7,5,5,20.9,9.9,,0.41,0.32,Home_Win,3,0
ISL01088,2024-25,2025-04-01,NorthEast United FC,Punjab FC,Guwahati,4-2-3-1,4-2-3-1,47.9,52.1,8,6,0,2,0,0,2,0,4,8,2,2,0,0,6.95,6.95,6.3,7.05,48.3,26.8,61.0,36.1,9,14,9,16,2,0,5,1,3,0,5,2,22.8,53.6,37.7,37.3,4,1,Clear,Good,Night,0.6,9.2,6.76,9.1,3,2,6.5,7,11,16.3,16.1,,0.48,0.46,Away_Win,0,3
ISL01089,2024-25,2025-04-03,Jamshedpur FC,East Bengal FC,Jamshedpur,5-3-2,3-5-2,43.9,56.1,5,4,2,0,1,1,0,0,3,5,2,2,0,0,6.68,7.01,6.52,6.5,51.3,30.1,59.9,33.0,11,13,9,14,3,1,2,1,4,3,3,1,36.6,27.9,50.6,32.8,2,2,Overcast,Average,Night,4.5,3.3,7.45,6.24,3,1,2.7,4,4,26.9,9.4,,0.42,0.49,Home_Win,3,0
ISL01090,2024-25,2025-04-05,East Bengal FC,Mumbai City FC,Kolkata,4-3-3,4-2-3-1,53.6,46.4,2,4,1,1,1,0,1,0,3,10,1,2,0,0,7.53,7.64,5.87,8.47,46.3,28.3,63.5,35.8,11,12,11,5,5,0,3,0,7,0,3,1,52.8,46.2,27.4,17.4,0,1,Clear,Good,Night,5.9,1.7,6.83,4.9,3,1,6.1,1,5,16.2,14.9,,0.47,0.42,Draw,1,1
ISL01091,2024-25,2025-04-05,Bengaluru FC,Chennaiyin FC,Bengaluru,4-4-2,4-4-2,44.1,55.9,5,2,3,1,3,0,1,0,4,11,4,3,0,0,6.98,6.77,5.67,6.59,50.9,33.8,41.6,23.4,10,11,8,15,2,1,1,2,2,2,1,2,41.1,25.1,40.3,53.1,1,1,Humid,Average,Night,3.6,6.4,7.44,6.31,2,2,9.3,11,7,23.9,14.6,,0.35,0.43,Home_Win,3,0
ISL01092,2024-25,2025-04-06,Punjab FC,Bengaluru FC,Mohali,4-2-3-1,4-3-3,59.1,40.9,6,7,2,1,0,2,0,1,4,5,2,3,0,0,6.42,6.79,7.39,7.75,61.6,30.9,47.3,28.5,8,16,4,9,0,0,1,0,0,0,1,0,25.3,50.7,16.5,29.0,1,1,Humid,Poor,Night,0.9,2.3,6.92,6.7,2,1,6.3,13,11,28.6,8.7,,0.47,0.38,Home_Win,3,0
ISL01093,2024-25,2025-04-06,East Bengal FC,ATK Mohun Bagan,Kolkata,3-5-2,4-2-3-1,58.3,41.7,5,6,1,1,1,0,1,0,4,8,5,2,0,0,7.32,8.28,5.48,6.59,55.9,37.4,50.2,25.9,13,10,3,16,1,1,4,1,1,1,5,2,51.5,25.3,46.2,39.4,1,0,Humid,Poor,Night,5.2,0.7,7.12,8.37,3,2,8.9,1,4,17.5,22.3,,0.34,0.3,Draw,1,1
ISL01094,2024-25,2025-04-06,Odisha FC,Hyderabad FC,Bhubaneswar,3-4-3,3-4-3,45.1,54.9,3,3,1,0,1,0,0,0,5,11,3,3,0,0,6.48,6.91,7.02,6.62,49.0,29.1,28.4,15.1,10,14,11,16,0,2,1,1,1,3,3,2,36.0,46.4,41.4,44.1,2,4,Clear,Good,Day,8.8,6.1,9.41,6.99,2,2,7.9,3,5,9.6,22.0,,0.33,0.46,Home_Win,3,0
ISL01095,2024-25,2025-04-08,Mumbai City FC,ATK Mohun Bagan,Mumbai,4-3-3,5-3-2,46.5,53.5,0,5,0,1,0,0,0,1,2,8,2,3,0,0,6.99,7.38,6.59,6.84,35.3,19.1,44.1,22.7,12,12,7,9,0,1,3,1,1,2,3,1,36.8,16.2,24.3,18.0,1,0,Rainy,Good,Night,6.5,1.0,6.22,7.55,3,2,8.7,6,5,28.9,17.8,,0.4,0.45,Away_Win,0,3
ISL01096,2024-25,2025-04-10,NorthEast United FC,East Bengal FC,Guwahati,3-4-3,3-5-2,49.8,50.2,4,8,1,0,0,1,0,0,4,2,4,2,0,0,6.9,7.89,5.73,6.27,38.4,20.5,61.8,30.0,8,13,8,17,0,1,5,2,4,2,6,2,38.2,50.7,30.9,54.1,2,2,Overcast,Average,Night,3.6,0.1,7.95,8.3,2,2,8.3,6,2,25.3,13.8,,0.31,0.33,Home_Win,3,0
ISL01097,2024-25,2025-04-11,Punjab FC,Jamshedpur FC,Mohali,5-3-2,4-2-3-1,40.5,59.5,14,9,7,2,3,4,1,1,4,5,7,2,0,0,6.1,8.89,6.25,7.83,63.5,44.2,27.6,16.7,9,9,4,15,3,2,1,0,3,2,1,0,17.0,33.4,31.4,17.9,1,1,Overcast,Good,Day,0.1,0.3,5.91,6.85,0,4,6.9,13,4,28.2,8.2,,0.39,0.41,Home_Win,3,0
ISL01098,2024-25,2025-04-18,Bengaluru FC,Chennaiyin FC,Bengaluru,4-3-3,3-5-2,34.9,65.1,3,1,2,1,2,0,1,0,8,13,1,2,0,0,6.41,6.98,6.03,6.33,40.9,28.1,51.5,35.2,7,15,12,16,1,3,0,1,1,3,1,1,42.0,53.6,50.9,21.0,1,1,Humid,Good,Night,3.6,9.9,8.14,3.79,3,2,1.7,10,7,12.3,15.5,,0.46,0.44,Home_Win,3,0
ISL01099,2024-25,2025-04-18,Chennaiyin FC,ATK Mohun Bagan,Chennai,4-3-3,3-5-2,32.1,67.9,1,6,0,1,0,0,0,1,6,6,2,4,0,0,6.23,6.96,6.34,6.9,48.4,28.4,56.5,38.3,9,13,10,19,5,2,0,1,5,3,0,1,21.3,45.0,24.1,21.7,1,0,Rainy,Good,Night,7.2,1.8,6.12,7.16,1,3,5.9,7,7,28.3,24.3,,0.45,0.47,Away_Win,0,3
ISL01100,2024-25,2025-04-19,Bengaluru FC,FC Goa,Bengaluru,4-3-3,3-4-3,42.9,57.1,6,9,2,1,1,1,1,0,4,4,1,2,0,0,6.7,6.97,6.61,7.84,47.9,25.7,64.9,44.9,9,16,8,12,3,0,2,0,5,3,2,0,26.5,44.6,25.4,41.8,2,1,Rainy,Poor,Night,2.5,2.6,7.27,7.0,4,0,3.9,12,6,18.0,16.3,,0.4,0.36,Home_Win,3,0
